-0.035663710872384125 0.9992565120840734 -0.014646596341230486 0.0 -0.9979790104655827 -0.03638175126304671 -0.052098587746406286 0.0 -0.05259272190091689 0.012758966753062661 0.9985345333890294 0.0
-0.44273156172865963 0.8557540453484239 -0.267719588598051 -0.4744359254837036 0.6411307779189342 0.09339053239159145 -0.7617279921761293 -2.0633134841918945 -0.6268493358490255 -0.5088842916905794 -0.5899971930579103 0.16432690620422363
-0.16441059452540785 0.9314884941345702 -0.32449705962105835 -0.40194272994995117 0.7225743488527125 -0.110205206548601 -0.6824522861194464 -2.8397440910339355 -0.6714577177960503 -0.346675637656428 -0.65495078858463 -0.18404150009155273
0.26813062124464115 0.5762181752725173 -0.7720612569197948 -0.336538165807724 0.731712963584993 -0.6431059084613049 -0.2258559926675103 -3.796196460723877 -0.6266594839884173 -0.504368322744173 -0.5940626954620196 -0.16812586784362793
0.7438047747741034 0.001324074355155136 -0.6683956192632828 -0.7235599756240845 0.5046589428526124 -0.656802824809519 0.5602940305956509 -4.703977108001709 -0.43826225986517364 -0.7540612018591982 -0.4892012831427699 0.004153728485107422
-0.6475014778345614 0.40966502124854 0.6425857192371243 -1.0914618968963623 0.4281183917361501 0.8931246212818968 -0.1379965706723204 -5.967015266418457 -0.6304414951915136 0.18574978122598595 -0.7536846422179417 0.06244325637817383
-0.30945045679197175 0.9464139082036337 0.09241822953272788 -1.5505473613739014 0.7224296144578245 0.2971797342909932 -0.624323359871352 -6.761847019195557 -0.6183331358948501 -0.1264314829678852 -0.7756798393467386 0.08755636215209961
0.0027832317845292165 0.9770039632193952 -0.21320297717064868 -1.503364086151123 -0.27423412781193396 -0.204284424013635 -0.9397145935062651 -6.753708362579346 -0.9616589295400222 0.06108297601633306 0.2673592588202746 0.07930707931518555
-0.09800202574518263 0.975626014981719 -0.19634021962076775 -1.6279127597808838 -0.5834765394705038 -0.21615269511350976 -0.7828365987118204 -7.591971397399902 -0.8061952188132637 0.037840339401977285 0.5904382930303361 0.03535866737365723
0.1992984572478652 0.9470394536096813 -0.2517864139410562 -2.312124252319336 0.5882449545520123 -0.32111716812949453 -0.7421938006859088 -9.288772583007812 -0.7837397516923086 -0.0001940081699395857 -0.6210893365516011 -0.1607961654663086
0.18433419500023884 0.9824647192749949 0.027999641667685954 -2.9837119579315186 0.8591853630563844 -0.14723868139636054 -0.4900217164680861 -10.383846282958984 -0.4773064177897488 0.11438464092947942 -0.8712604303284703 -0.10814857482910156
0.4149220949355741 0.9068320287508681 -0.07413047123726935 -3.5177886486053467 0.7871438067362558 -0.3986314583088264 -0.47063530250432206 -11.161243438720703 -0.456337904026206 0.13692564434087415 -0.8792082149700411 -0.12193965911865234
0.556629897406382 0.7890136311062866 -0.26003970320286285 -4.090135097503662 0.7152774971275578 -0.6143753823220311 -0.3330480321208855 -11.92228889465332 -0.4225414292306695 -0.0006160561098908224 -0.9063434012881498 -0.09791088104248047
0.20993437482847108 0.9241305308057877 -0.31923395856016334 -4.671922206878662 0.9236310784695778 -0.29454260435741636 -0.24525555060686172 -12.964909553527832 -0.32067614371902287 -0.24336683473917226 -0.915390296320937 -0.12718963623046875
0.3380079696493772 0.6563685531689618 -0.6744856817341562 -5.039381980895996 0.5889383140674702 -0.7065196953956068 -0.39240487030803367 -13.443326950073242 -0.7340996353880525 -0.2645944867698166 -0.6253698768681986 -0.12752914428710938
0.6694659239048231 0.44575068814077956 -0.5942404401858589 -5.891237735748291 0.6401789116394414 -0.7519817754274825 0.15714442566337372 -14.35445785522461 -0.3768107453648345 -0.485623036363549 -0.7887863644426449 -0.19673919677734375
-0.5958345490342695 0.6968877147742571 0.3991599969609209 -6.755452632904053 0.6000769406538216 0.7166432020223416 -0.3554295799321088 -15.284734725952148 -0.5337498060633639 0.02774948633541019 -0.845187026956426 -0.1565103530883789
-0.15978831869873997 0.9686041546242997 0.190456516958532 -7.067470550537109 0.5099972591292287 0.2461936868984212 -0.824191400229362 -15.781071662902832 -0.8452044065716318 -0.03456385649645921 -0.5333243393433192 -0.4344978332519531
0.797698368070659 0.38333915023654314 -0.4655409858147105 -7.95689058303833 0.5219644499855116 -0.8255250696862754 0.2146193660199201 -16.39670753479004 -0.3020437493621244 -0.4141973626369379 -0.8586094096012896 -0.1905040740966797
-0.6709307267225301 0.7230713961543707 -0.16437675018975945 -8.744003295898438 0.5535839637691653 0.34093713006856696 -0.7598069941756448 -17.2811279296875 -0.4933525666267449 -0.6007741916926675 -0.6290259260148384 -0.32133007049560547
0.6838900533924662 0.3795209920902083 -0.6231036923608411 -9.513229370117188 0.6330556681997324 -0.733232673407128 0.2482143581834586 -17.71114730834961 -0.36267742669077163 -0.5642106549960749 -0.7417084474089938 -0.39348411560058594
0.18859199506498886 0.6643102344871168 -0.7232737875473432 -10.55158805847168 0.9069031289277136 -0.40037192634142976 -0.13125942000014934 -18.352928161621094 -0.3767754956715339 -0.6311847851091824 -0.6779719705918124 -0.44147491455078125
-0.5886114301568204 0.4092375030126383 -0.6971809309043984 -11.364222526550293 0.6519352186661496 -0.26966694510517847 -0.7087031884931521 -18.866748809814453 -0.47803457505860636 -0.8716675999746815 -0.10806729478855352 -0.40610313415527344
-0.10858663113695985 0.6499132208858234 -0.7522112395172922 -12.019166946411133 0.8950967183164549 -0.2652507644059062 -0.35839070417799046 -19.363601684570312 -0.4324474631645319 -0.7122182511701717 -0.552932504292037 -0.45037841796875
-0.43763886344217695 0.8792744723017285 0.18801230694706197 -13.016380310058594 0.6640800694304947 0.4570507700973351 -0.5916943931951881 -19.717042922973633 -0.6061929450185218 -0.13409323589185831 -0.783931832175363 -0.32889747619628906
-0.03407572579921651 0.985899377425828 -0.16383303239158153 -13.951101303100586 0.7153815474907772 -0.09041107357936845 -0.6928600719365541 -19.97151756286621 -0.6979026339117494 -0.14081283807093165 -0.7022133993405794 -0.3651256561279297
0.3594304972928193 0.11038491139861784 -0.9266201427507154 -14.525153160095215 0.49548864915460666 -0.864014953104852 0.0892701482588871 -20.281925201416016 -0.7907595817786718 -0.49121617659309613 -0.36524779489886083 -0.3588752746582031
0.38523665897811565 0.6588616687263549 -0.6461377701872115 -15.44933795928955 0.3540083391007798 -0.7521224787597839 -0.555868575106873 -20.760154724121094 -0.8522152383209807 -0.014597206149158604 -0.5229876759027431 -0.2639751434326172
0.30155598294137 0.9532966751882903 -0.017012884153359942 -16.316707611083984 0.4247926011748632 -0.15030639839855264 -0.8927257320070647 -20.941387176513672 -0.8535896175208306 0.2619798382994521 -0.4502791680560351 -0.2124500274658203
0.4331302509013808 0.041718223770079575 -0.900365356707807 -17.220062255859375 0.11615093100438242 -0.9931826649449456 0.009856737780394184 -20.978015899658203 -0.8938160588068008 -0.10884752573359592 -0.4350230673892501 -0.06120872497558594
0.3522458091047407 -0.9250067741375507 -0.14242667505698708 -18.077743530273438 -0.2605707237411609 -0.243091486238775 0.9343497349746672 -21.30487823486328 -0.8989025463848426 -0.29200855658330543 -0.3266576418591495 -0.2332000732421875
0.31966294973766674 -0.4705099798611619 -0.8224572678358815 -19.06275749206543 0.036760848022488635 -0.8611883198993517 0.5069549464415936 -21.54135513305664 -0.9468179543173447 -0.19228894019152673 -0.2579936527559119 -0.2565784454345703
0.12949628030308366 0.5680864057101603 -0.8127167704895577 -20.160228729248047 0.12473723152431296 -0.8224398532240113 -0.5550074872472596 -21.671049118041992 -0.9837028700066475 -0.029504634825366582 -0.1773644272804066 -0.18553924560546875
0.12690609800010294 0.7554701947928404 -0.6427749427832855 -21.102602005004883 0.11915830409963768 -0.654932688687655 -0.7462335236723538 -21.805944442749023 -0.9847315069878116 0.018109612586327872 -0.17313549918340426 -0.08835601806640625
0.10185245727236532 -0.024731050854067817 -0.9944920573193307 -21.88021469116211 -0.05652947045984792 -0.9982194741477863 0.019034190333357726 -21.922304153442383 -0.9931920740305525 0.054279430319144104 -0.10306913954777645 -0.025247573852539062
0.14214884098322325 0.3545353152566782 -0.9241744517367778 -23.054420471191406 0.03623907323057324 -0.9348935208669255 -0.353073411930766 -22.02815055847168 -0.989181700487082 0.016697750653636573 -0.14574206168636947 -0.0480194091796875
0.001975020874746769 0.7959307954885306 -0.6053843969624086 -24.207555770874023 -0.030894794303044426 -0.6050480246610208 -0.7955893410163118 -22.105693817138672 -0.9995206906200176 0.02027453197465945 0.0233951357271468 -0.045421600341796875
-0.10404197247137544 0.7223628739490986 -0.6836425574115937 -25.110958099365234 -0.22643037429699903 -0.686525938366411 -0.6909496519615883 -21.997751235961914 -0.9684547245793097 0.08290967549157086 0.23499240870695365 0.048919677734375
0.05265437322184219 0.9954448999230507 -0.07947935705453474 -26.3525333404541 -0.32554903907047317 -0.05813078344291611 -0.943736528474237 -22.145143508911133 -0.9440579114338836 0.07556628370841106 0.32100529065047106 0.020013809204101562
0.22804341093090003 0.8629403733934311 0.4509214063432856 -27.305187225341797 -0.3765191899270881 0.5052530970187986 -0.7765002302443715 -22.051374435424805 -0.8979028356941803 0.007295198456398477 0.4401332499730414 0.09325027465820312
0.038096739772346455 0.9711138714419362 0.23555569853385616 -28.381649017333984 -0.6066076679281115 0.20979867336705454 -0.766819179379495 -21.94182014465332 -0.7940880150396027 -0.11367658222553484 0.5970777663118809 0.23247146606445312
-0.274898874104255 0.8985935351088569 -0.3419945433435749 -29.283262252807617 -0.6567432784016428 -0.43528104879730484 -0.6158073358057536 -21.778120040893555 -0.7022242343372058 0.055317874312789506 0.7098035344312108 0.26724720001220703
-0.4183469168410565 0.8684443897730966 -0.26606427614622763 -30.33578872680664 -0.6005912272253072 -0.48424075509416187 -0.636239788826379 -21.605079650878906 -0.6813780411413194 -0.1063730838956447 0.7241607087331847 0.30253124237060547
-0.6613307947032255 0.6128814129466619 -0.4324557244871474 -31.437469482421875 -0.3440580262950722 -0.7601615749336438 -0.5511610060012789 -21.450176239013672 -0.6665325607343873 -0.21570988308120156 0.7135850277450858 0.19133472442626953
-0.7736940814131452 -0.15015961989969023 -0.6155075604229815 -32.33091735839844 0.084010023041332 -0.9872438023606678 0.13524788622764422 -21.324800491333008 -0.6279647955219022 0.052931684764718066 0.7764395999259082 0.18893146514892578
-0.8415830362753056 -0.45502765976693393 -0.29101172124274477 -33.43174743652344 0.03933239878823849 -0.5889815110572341 0.80718878958909 -21.246381759643555 -0.5386937492297461 0.6678702033178038 0.5135741777591964 0.1839044690132141
-0.8700377008459942 -0.40378599657853836 -0.2828272760426276 -34.65517044067383 -0.10818059870473745 -0.40334365258594296 0.9086313091581836 -21.196033477783203 -0.4809691852608654 0.8211399191889933 0.307242373288244 0.2827756404876709
-0.8972335084490423 -0.3198747091908992 -0.3043882417838439 -35.724891662597656 0.08387066849972094 -0.8002625613037845 0.593755458030422 -21.216552734375 -0.43351786846868495 0.5072080474475379 0.7448504912550061 0.49345332384109497
-0.9127734197254546 -0.34360887124287554 -0.220856577547276 -36.96373748779297 0.19471561941430704 -0.8413379887407734 0.504218421180477 -21.128292083740234 -0.3590689513154844 0.41723294729063176 0.8348569673281592 0.4906207323074341
-0.9177197135586473 -0.3465698775734907 -0.19411297562123583 -38.0427131652832 0.26804665876304673 -0.9009352866635839 0.34127202928217415 -20.971843719482422 -0.2931578347440192 0.26116073442059007 0.919702970923274 0.5647406578063965
-0.9665578093409413 0.0019322702974451794 -0.2564415479861608 -39.2352180480957 -0.13646255767360282 -0.8505177658179246 0.5079345434022624 -20.74155044555664 -0.21712662562481702 0.5259427690914513 0.8223382710814309 0.6559990644454956
-0.8827018362280522 -0.4542970701003253 0.1202149758469598 -40.467716217041016 0.40960188995309654 -0.6183813789746596 0.6706942387438929 -20.582639694213867 -0.2303557250568702 0.6412633173943904 0.7319273172234146 0.6807994842529297
-0.976976850042128 -0.15690871247348565 -0.14455410900999713 -41.72761535644531 0.09812957512929606 -0.9321279673254849 0.34858003243818086 -20.330913543701172 -0.18943817188387604 0.32636958877869177 0.9260648306429321 0.7732360363006592
-0.9420107048470006 -0.27665101351057564 -0.18994748926276608 -42.90992736816406 0.30666866037319906 -0.9395212853270021 -0.15249290856431816 -20.13915252685547 -0.13627239154929674 -0.2019008943543076 0.9698793039138253 0.8472366333007812
-0.9101787240324463 -0.3863593428763003 -0.14933569061299987 -44.21721649169922 0.3989662191532945 -0.9146374560618161 -0.06530145437350493 -19.892148971557617 -0.11135818916089454 -0.11901589028765439 0.9866278789725351 0.9843626022338867
-0.9878798151988958 -0.1077534651998602 -0.11172583165954988 -45.5752067565918 0.12082692509419804 -0.9856676554861151 -0.11772904102550895 -19.56520652770996 -0.09743882642394983 -0.1298016319848384 0.9867407012174961 0.9819889068603516
-0.8193215730292052 0.5490512616039025 -0.1650904966983619 -46.90378952026367 -0.5731490227108931 -0.7916853678050504 0.21150526274523312 -19.28350257873535 -0.014572499253625956 0.2679122814179018 0.9633330949006984 1.0755507946014404
-0.9778772507557949 -0.19648385799244303 0.07176472673043338 -48.27019119262695 0.20916726104047587 -0.9221913714346921 0.3252877670005856 -18.986881256103516 0.002267016346152298 0.3331023386285472 0.9428879533842178 1.1317543983459473
-0.8714269857971566 0.4863203994263371 -0.06408960544651786 -49.7178840637207 -0.48507265287283186 -0.834926623806483 0.2600039505354122 -18.773038864135742 0.07293510718025652 0.25766257384594277 0.9634783174413885 1.2224681377410889
-0.8875624048572099 0.4513398630514185 -0.0923325809495923 -51.226890563964844 -0.45989116764249627 -0.85627075709566 0.2351605929301221 -18.455339431762695 0.027075660813867947 0.2511826398530599 0.9675609489990491 1.0443215370178223
-0.9963557913946426 0.07395162829303753 0.04250051325765346 -52.54959487915039 -0.060436976798905584 -0.9637091022693833 0.26002334133409616 -18.05210304260254 0.06018728096337393 0.2565071595023182 0.9646665581092195 1.1417872905731201
-0.9805445805393637 -0.1481973842074339 0.12872397169508693 -53.81094741821289 0.15479258066989976 -0.9870201923415282 0.04278313779569225 -17.822277069091797 0.12071281019194234 0.06187628967679648 0.9907571560334032 1.315974235534668
-0.8621888031445323 -0.5063861658476297 -0.0142660005024502 -55.318424224853516 0.49249042833067574 -0.8312674227603348 -0.25777441661277906 -17.435367584228516 0.11867453701138533 -0.22927608443866934 0.9660998040418007 1.3138628005981445
-0.9758847822939596 0.18410703749426513 0.11727527630390039 -56.84224319458008 -0.14296018194495438 -0.9450546596491902 0.29399672898455637 -17.125076293945312 0.16495841313899834 0.2701412390221796 0.9485844363651689 1.432607650756836
-0.9669269300726488 -0.15486538276825948 0.2026549410212428 -58.24721908569336 0.2091728516343976 -0.9361407231898458 0.28264335216793396 -16.889877319335938 0.14594187212523071 0.31568538072839697 0.9375733093230363 1.4339470863342285
-0.985872350624724 0.1320300049230308 0.10307175206479151 -59.88626480102539 -0.10512746299431502 -0.96680330515524 0.2328939365146349 -16.494239807128906 0.13039909814895312 0.21876802083697777 0.967024626501834 1.4931049346923828
-0.9069965759373068 -0.4079959410367236 0.10438641355827627 -61.369258880615234 0.41325754748501636 -0.9099766241591564 0.03406967758248903 -16.227901458740234 0.08108890605175645 0.07403955416845548 0.9939530842720221 1.5817859172821045
-0.9502336929513333 -0.3039436439341788 0.06836804876610175 -63.13039779663086 0.27288660626260736 -0.9179228619277364 -0.2880113186540944 -15.779434204101562 0.15029580467380857 -0.2550213341318855 0.9551833804223382 1.721128225326538
-0.96886237683214 0.17193858524384606 0.1781651415499714 -64.73435974121094 -0.23250701646007724 -0.8791738091894523 -0.41592535451946444 -15.407398223876953 0.08512450913814448 -0.44439907306344995 0.8917753538892723 1.7203705310821533
-0.9360318682788581 0.3474070057701593 0.05614903301217974 -66.23689270019531 -0.33027410225425097 -0.9223047693240406 0.2006811646923471 -14.986793518066406 0.12150456348030289 0.16929939404481292 0.9780461933004597 1.8442869186401367
-0.8273547376222966 0.5252707294203541 -0.19893415731882122 -67.98861694335938 -0.5378448867416522 -0.6388112747991225 0.5501300146287048 -14.488574981689453 0.16188581142212452 0.5621483932234698 0.8110377106253884 1.83929443359375
-0.8936313873069153 -0.4414003162320658 0.08117083497260953 -69.41441345214844 0.4366702038092621 -0.8969041385149203 -0.0698720217253391 -14.271656036376953 0.10364399029898357 -0.026994946657496313 0.9942480556329308 1.8525372743606567
-0.9935834760161426 -0.07820275113621557 0.08170805286143017 -71.06106567382812 0.06905596498141252 -0.9916036901617198 -0.10933158444907722 -14.001053810119629 0.08957203742332236 -0.10298762727816828 0.9906414077452285 1.93341064453125
-0.9893877566855366 0.07687467344692347 0.12329700524826216 -72.89942932128906 -0.07696413880275421 -0.9970256592919965 0.004044261577809916 -13.67255687713623 0.12324117923450544 -0.005488104935972301 0.9923615734424122 1.9029808044433594
-0.9265039510532183 0.36159153578663344 0.1041248766157235 -74.55529022216797 -0.35414208856237156 -0.9314575734378545 0.08348754394486306 -13.34678840637207 0.1271762941410749 0.040476538052653235 0.9910539037185692 2.037515163421631
-0.9956252698780143 -0.011627739098491602 0.0927098574251356 -76.31326293945312 0.018638812943456377 -0.9970002504578864 0.07512053806363952 -13.018512725830078 0.09155826905523282 0.07651990767355435 0.992855370684593 1.989516258239746
-0.9941762280877324 -0.061552099753565404 0.08845884083106745 -78.00816345214844 0.08631255149467873 -0.9462838250934302 0.311604020867871 -12.698714256286621 0.06452728848888215 0.3174244183777821 0.9460856027114033 2.067666530609131
-0.9013831433204486 -0.4098519087258862 0.13974921055768127 -79.62080383300781 0.4326987841383039 -0.8649889545469575 0.2540981517386434 -12.393375396728516 0.016738911045248474 0.2895091042186913 0.9570288853694593 2.0918755531311035
-0.8364620234195412 -0.535727416636634 0.11544443876049171 -81.49604797363281 0.5477480641379805 -0.810584263045137 0.2071840021253257 -11.932779312133789 -0.017416704911707027 0.23653601748446348 0.9714666081871305 2.1651134490966797
-0.9325282684052648 -0.3405950348553989 0.11994186448829275 -83.1947250366211 0.36108368996274964 -0.8767001755827478 0.3178291537541262 -11.544631004333496 -0.003097978044340137 0.3396937214094908 0.9405310086153502 2.272888660430908
-0.8128829100385027 -0.5726917066805831 -0.10604519633918912 -84.7998275756836 0.5822390156305425 -0.8036645164408374 -0.12296777501236876 -11.371813774108887 -0.014802136498260648 -0.1617020535218912 0.9867286063765917 2.3092870712280273
-0.9815127439575432 -0.19064559994521868 -0.016940739962065368 -86.8083267211914 0.19132185606622748 -0.9748010816425839 -0.11471180680218733 -11.040773391723633 0.0053554495897559515 -0.11583223407142008 0.9932543544881722 2.4130544662475586
-0.9094741556909314 -0.4156517577940014 -0.009506648885082139 -88.60721588134766 0.41297014636607215 -0.9057788541919265 0.09497539423000789 -10.535943984985352 -0.0480876110932157 0.08245170429722656 0.9954342259124056 2.54325532913208
-0.8389229264890546 -0.531168628013889 0.11860949382272612 -90.3674087524414 0.5372895508583337 -0.7735438628269024 0.3360800958421735 -10.226724624633789 -0.08676555739168842 0.34567293920218495 0.9343350347460125 2.575566291809082
-0.84200405610932 -0.5206320321467252 0.1413204040406919 -92.363037109375 0.5229776501890263 -0.723475407443863 0.4506414453051349 -10.082759857177734 -0.13237653454527876 0.45334933762685475 0.8814481443483075 2.3572301864624023
-0.9857739942536949 0.08440824005863191 -0.14534401007031805 -94.29016876220703 -0.08424390604480804 -0.996418450275812 -0.007296317171201312 -9.831488609313965 -0.145439322562469 0.005051827407342568 0.989354275521371 2.4624691009521484
-0.5863620625013584 -0.7970618927328808 -0.14447100336133573 -96.12228393554688 0.7596624269050332 -0.6029922756659107 0.24354324592565002 -9.079639434814453 -0.2812339396443973 0.03305532695836216 0.9590697662588304 2.5462265014648438
-0.5441000754645522 -0.7686877880957584 -0.33626506257998123 -97.87191009521484 0.7988379968392653 -0.5971602829606988 0.07250828407932368 -8.678155899047852 -0.25654037242761296 -0.2291695461590572 0.938971967860571 2.5290470123291016
-0.848329708788102 -0.49582780464528314 -0.18571885560742832 -99.75933074951172 0.4770339896674543 -0.8679476773932698 0.13822229201391195 -8.333477973937988 -0.2297287049749007 0.02866387008530053 0.9728325162443369 2.4417171478271484
-0.9719936745567213 -0.06931087644318168 -0.22455355492265286 -101.8265151977539 -0.033491400999432104 -0.9049113890551213 0.4242802187439647 -7.825672149658203 -0.23260830312097228 0.4199183020124383 0.8772468278393332 2.600576877593994
-0.9221337176760599 -0.3838193018706837 -0.048498971498680474 -103.63522338867188 0.26401687911557725 -0.7159696204017391 0.6462836762628779 -7.293207168579102 -0.28277993964742176 0.5831554219702417 0.7615545020283905 2.685727596282959
-0.7816978838152008 -0.6236415354327384 0.004433251846417879 -105.38916778564453 0.5508663162424806 -0.6871108191967777 0.47373518316900687 -6.884187698364258 -0.29239480171213117 0.37275991928563057 0.8806561885922871 2.7287940979003906
-0.5027345313401677 -0.8091438254805005 -0.30421088193055046 -107.39405059814453 0.8144347005578071 -0.5613108918050278 0.14705849607676333 -6.601535797119141 -0.2897483555181928 -0.17382851442679279 0.9411851773411422 2.784952163696289
-0.5918510351390429 -0.8016784640806364 -0.08380926222175769 -109.1644058227539 0.7465664787824605 -0.5844056771891943 0.31797562363709114 -6.160783767700195 -0.30389281821589875 0.12562501621234157 0.9443873730299699 2.8460893630981445
-0.7915216310452784 -0.5287246804494217 -0.30650239782272276 -111.29690551757812 0.5397552568649091 -0.8400127044654959 0.055162659682606675 -5.721738815307617 -0.2866317677336511 -0.12177384210174186 0.9502701516440796 2.877756118774414
-0.9282702575239323 -0.30679741235323155 -0.21021340768327265 -113.24348449707031 0.2692622152170142 -0.944308096886304 0.18915622541009114 -5.481073379516602 -0.2565388634356965 0.11898557025256497 0.9591820711516627 2.431605339050293
-0.9630455969963234 -0.10463636988461582 -0.24818220766881033 -115.15843963623047 -0.022590800288723525 -0.8868234471389398 0.4615558788997524 -4.674596786499023 -0.26838933259038006 0.4501059916308355 0.8516875967452575 2.9941954612731934
-0.8925214229849812 -0.4389389228520331 -0.1036249560596343 -117.12351989746094 0.3563716933288554 -0.8271969671245385 0.4344472278354291 -4.2476043701171875 -0.2764140475930782 0.35082445693745745 0.8947164213915767 3.090012550354004
-0.9611701657360017 -0.14535475162926706 -0.23457175592517798 -119.11923217773438 0.14192952314944576 -0.9893750418384621 0.031512490312767 -3.735011100769043 -0.23665993103522642 -0.003003791926112288 0.9715879035251862 3.160146713256836
-0.820305898431391 -0.5612033701740797 -0.11022254898124637 -120.91570281982422 0.5148103592156605 -0.8084961057938066 0.2851391606926213 -3.1645612716674805 -0.2491355595713123 0.1771576253552323 0.9521274330338267 3.158100128173828
-0.6958433591416965 -0.7158365670253465 -0.058138015512805175 -122.92436981201172 0.6641707508303943 -0.6721917076578968 0.3271628369747262 -2.5841217041015625 -0.27327501400565485 0.18904051805189176 0.9431778460369402 3.2642478942871094
-0.7324039929753412 -0.6740484966440282 -0.09614060144237639 -124.85963439941406 0.6294929713940475 -0.7241631682568272 0.28164925830849835 -2.1403141021728516 -0.25946674168237704 0.1457612085301151 0.954688787013114 3.1903152465820312
-0.967441539788616 0.2185996646432093 -0.12755804055138303 -127.13099670410156 -0.20224052987834013 -0.9707122875218404 -0.12967815131564847 -1.5480461120605469 -0.1521697577245888 -0.09965862467439758 0.9833171021405289 3.299165725708008
-0.9786736158195176 -0.10460126840928279 -0.17679515928305442 -129.00497436523438 0.1378469677083732 -0.9725086531306008 -0.18768359832364628 -1.0281734466552734 -0.15230287979010151 -0.20805166241410877 0.9661875276437634 3.205388069152832
-0.8828679159951126 -0.459725753511312 -0.09589825058312318 -130.9501495361328 0.44510154847553945 -0.8842602656389987 0.14130956852501092 -0.3505210876464844 -0.14976266040346678 0.08207322444320149 0.9853096626839565 2.986175060272217
-0.7778755241408019 -0.6256654088217593 0.05875768159631288 -133.0881805419922 0.6066157683298394 -0.7231828605647591 0.3301876130307899 0.3991851806640625 -0.16409441963781518 0.2924881987179534 0.942084749401271 3.208420753479004
-0.7911775852827517 -0.6074549088518781 -0.07096874141416376 -134.99398803710938 0.5872545267471334 -0.7869740813477141 0.18921922762214688 1.0045223236083984 -0.170792708747049 0.1080292969461431 0.9793668983788291 3.4367265701293945
-0.7163104392017166 -0.6977504325790479 0.006609729676446699 -136.8811492919922 0.6656109762463803 -0.6804117102414187 0.30659734647691955 1.5615463256835938 -0.2094310936584743 0.22401838853562744 0.951816357606296 3.579660415649414
-0.6708286448821406 -0.7183293277707413 0.18436894009031402 -139.0186004638672 0.7019648654395058 -0.5348327740232366 0.4703182236731914 2.288341522216797 -0.23923682177726618 0.4449234548717841 0.8630230949464031 3.54373836517334
-0.778268731454086 -0.6132629797543329 -0.13493072038525722 -141.00904846191406 0.5874289244656633 -0.7869858426302142 0.18862805252858297 2.764537811279297 -0.2218671682380291 0.06754110720478615 0.9727348860278374 3.598970413208008
-0.9293922516437372 -0.33251403152994397 -0.16020131528888246 -143.19967651367188 0.31360457601603975 -0.9402892217969907 0.13231911908038715 3.4372658729553223 -0.19463353381774787 0.0727364984592549 0.9781754389195747 3.6219568252563477
-0.8500240715037999 -0.525128155795853 -0.04122496639840008 -145.14060974121094 0.4874946338058156 -0.8139179873405449 0.31604824298522893 4.185949325561523 -0.19951957266052028 0.24855166439588147 0.9478470394802109 3.664421558380127
-0.8356211588725144 -0.5362272299982429 -0.1191538360816275 -147.10350036621094 0.5139577772983142 -0.8397892697994658 0.1749325169436956 4.839948654174805 -0.19386769199413378 0.08493727178389576 0.977343838095261 3.75685977935791
-0.8718935652838474 -0.4033405926081659 -0.2777012372516822 -149.31182861328125 0.43960244347557176 -0.8945358925461026 -0.0809643664648507 5.495502471923828 -0.2157575085760129 -0.1926704525900156 0.9572495986898247 3.7729034423828125
-0.9618219914623559 -0.16828379453343537 -0.21582173485730352 -151.3189697265625 0.16488957308833094 -0.9857336988884257 0.03377134232585971 6.282630920410156 -0.21842592663449015 -0.003104733993588394 0.9758485923547224 3.7361230850219727
-0.9854533613340446 -0.04827078924345055 -0.1629466278916117 -153.3014678955078 0.025961435065363005 -0.9903188740151669 0.13636176758416813 7.045377731323242 -0.16795141120210907 0.1301478339241423 0.9771662421512902 3.8216047286987305
-0.9527148031403422 -0.30114987396515386 -0.04053711001083769 -155.45677185058594 0.260982405927407 -0.8792758228611449 0.3984497598546124 7.786253929138184 -0.15563639572285443 0.36902951202123135 0.9162939111353795 3.8959503173828125
-0.9656690160536587 -0.24909344084969298 -0.07372794015581564 -157.5359344482422 0.20951784247195943 -0.9146056398639004 0.3458305903401848 8.423242568969727 -0.15357612158097433 0.31851056694371394 0.9353958486252437 3.898782730102539
-0.9873002908408645 -0.12628214819871067 -0.09638959877426405 -159.47633361816406 0.09888287375274894 -0.9633672676180512 0.24929036275100586 9.109646797180176 -0.12433950693139588 0.23659316712121897 0.9636199252234298 4.062726974487305
-0.9111350254583402 -0.4119550928019848 -0.011223497562611831 -161.67355346679688 0.38139520684196954 -0.8532357032855434 0.3557056800738434 10.001657485961914 -0.15611105528117192 0.3198153156953748 0.934530632063854 4.062323570251465
-0.9135653770828542 -0.393146932275983 -0.10408550061101574 -163.65708923339844 0.3799262326513489 -0.9163292297743293 0.1264784582628106 10.674941062927246 -0.14510120447058747 0.07600152829494974 0.9864934911888757 4.096525192260742
-0.9146324910608037 -0.36057347954173585 -0.18285013575897216 -165.90139770507812 0.35134702902418763 -0.9326716673945672 0.08172408479337509 11.500356674194336 -0.20000667861795465 0.01050365129864475 0.9797382312728289 4.1519012451171875
-0.9832717975401277 -0.07745387641955806 -0.16485590432189423 -167.98626708984375 0.04946752490670162 -0.9846206443548065 0.16755641047101238 12.327481269836426 -0.17529842024904435 0.1565984793601437 0.9719811624307746 4.0706787109375
-0.897818178106999 0.4161467874709627 -0.14402906074201263 -170.08287048339844 -0.42022634817763205 -0.9074163965906116 -0.0023020633791045464 13.140411376953125 -0.13165232758261633 0.05845797187815583 0.9895707807761769 4.248746871948242
-0.9854113063631819 -0.14253120548469353 -0.09300221908475027 -172.27798461914062 0.15605183252043212 -0.9747765762418229 -0.1595570492873473 13.90632438659668 -0.0679145261238185 -0.17174248709434145 0.9827981152139169 4.241278648376465
-0.8972694650012437 -0.4278944609992965 -0.1086914781503314 -174.2819061279297 0.43824558988575124 -0.8930356545321784 -0.10211817996798689 14.726009368896484 -0.05336956175642024 -0.13926108566432252 0.9888164844386051 4.30121374130249
-0.6932456904319735 -0.7194225123181727 0.04291458338729888 -176.26734924316406 0.713766261763611 -0.677115828741155 0.17903038299735438 15.59842300415039 -0.09974034422186905 0.15474302322879666 0.9829071474440072 4.413544654846191
-0.7429132827878634 -0.5615075999549752 0.3644023455607329 -178.44381713867188 0.6574650360085281 -0.5097963131614903 0.554840017945044 16.566234588623047 -0.12577591456103607 0.6517798203993089 0.7479060669874124 4.496850490570068
-0.8969647359568652 -0.43033220820908513 0.10133337568503197 -180.52586364746094 0.4190263951586902 -0.7544307951973318 0.505223767669569 17.276649475097656 -0.14096504038287083 0.4956292624894278 0.8570183729384344 4.626492500305176
-0.6161570096751205 -0.6844006205519683 0.3898029374136301 -182.52088928222656 0.7739655180876582 -0.43435565116517116 0.4607738546317304 18.240760803222656 -0.14604080333768482 0.5856030728137969 0.7973337600224405 4.621695518493652
-0.7271389604057164 -0.6131412335274502 0.3087503198517063 -184.892822265625 0.6686661061479287 -0.5307631284054946 0.5207457537168974 18.976543426513672 -0.1554174081274715 0.585105400140564 0.7959253105519948 4.657540321350098
-0.9830799022076332 -0.07494939466768609 -0.16714213745904355 -187.1228790283203 0.08137028110575313 -0.9961734932269638 -0.031894337189522004 19.701696395874023 -0.16411210567231505 -0.044955084594911376 0.9854167936162157 4.747951507568359
-0.7932044486439686 -0.5247664964923615 -0.3089446986283311 -189.3115234375 0.5797839348600549 -0.8059413665578982 -0.11962066104557223 20.803956985473633 -0.1862183973983499 -0.2740048135159677 0.9435274615189906 4.864301681518555
-0.8560718165784075 -0.45180791640218565 -0.2510192254319588 -191.37911987304688 0.48231078958340867 -0.872889641036194 -0.07375619854041288 21.712970733642578 -0.1857884471961962 -0.18420988368711272 0.9651680535743017 4.933521270751953
-0.8851546923064202 -0.43512797739922215 -0.16481751718912785 -193.3936767578125 0.4050595253918565 -0.8949117810634071 0.18724231627291021 22.65468978881836 -0.228971508221548 0.098977509558397 0.968388094218618 4.948541641235352
-0.7879204721978394 -0.6156097702408907 0.014350619341745974 -195.53790283203125 0.5975023196756686 -0.758693897469352 0.259566076221373 23.648468017578125 -0.14890368522548064 0.21309195368836034 0.9656187196816085 4.944787502288818
-0.7030092066915832 -0.7066863004060436 0.0798281161326666 -197.6772918701172 0.6754277505966088 -0.6283053538584129 0.3860436970562534 24.637592315673828 -0.22265535931316954 0.32531039812965434 0.9190199866367703 4.99813175201416
-0.8516293521324473 -0.5219449940459849 0.047967382426028694 -199.69235229492188 0.5123061628912148 -0.8095611184630106 0.286623779433248 25.57160186767578 -0.11076931908316559 0.2686712092191047 0.9568416479682498 5.049640655517578
-0.9809498664480686 -0.18450849278159862 -0.060778084923590964 -202.0709991455078 0.17406064389696632 -0.9737403096481166 0.1467402521892463 26.647159576416016 -0.0862568939951465 0.1333657581909723 0.9873060937624448 5.099798679351807
-0.9965815028425653 -0.06751565745475127 -0.04761243735103544 -204.3388214111328 0.06986646010628836 -0.9963239853190913 -0.04957009209290724 27.654094696044922 -0.04409065597459399 -0.05272714932874314 0.9976351345955065 5.226950168609619
-0.9848597526881286 -0.14559119156880687 -0.09409820653260496 -206.65171813964844 0.159774017527435 -0.9729467702818766 -0.16687374125729848 28.6485595703125 -0.06725719930402015 -0.17938168004464639 0.9814778051520775 5.324522972106934
-0.9876590105187354 -0.14291213372267328 -0.0640765243750405 -208.6998291015625 0.13507240219986763 -0.9843247395903735 0.11340305637107195 29.659038543701172 -0.07927878092598045 0.10334858037329822 0.9914806835383705 5.400249481201172
-0.951811155667707 -0.3052194814620349 0.029943147505741938 -210.75189208984375 0.29166694435119966 -0.8706996546366185 0.39599558708211335 30.624940872192383 -0.0947940795584739 0.38564644371719536 0.9177640780336425 5.384166717529297
-0.7781756308068137 -0.6277158912009007 0.020382530566078097 -213.0173797607422 0.6084901890145018 -0.7455114315395883 0.27194189695023085 31.726470947265625 -0.1555068406582613 0.2240211270787941 0.9620977897962522 5.418142318725586
-0.9001160167142269 -0.4335435012697386 0.04279239373171197 -215.08628845214844 0.4178201721002113 -0.8312878585142037 0.3665880522780567 32.726009368896484 -0.12335907036235118 0.347851302705115 0.9293987362621553 5.401548385620117
-0.8966048240304992 -0.43518306840866067 0.08194807194596208 -217.10057067871094 0.4209985431583709 -0.7802873486997891 0.4625060865735533 33.70417022705078 -0.13733177412298625 0.44918520726920297 0.882820838781435 5.454438209533691
-0.47539603244257783 -0.8521597312904741 0.2186833434553325 -219.28382873535156 0.867891615108608 -0.4135456670365589 0.27521650695308897 34.71234893798828 -0.14409287547282681 0.3206302756170025 0.9361802548632063 5.538018703460693
-0.8945883820938517 -0.44375435271295155 0.05285547342531455 -221.4622802734375 0.43768023235158965 -0.8461111694486904 0.30419057043706665 35.79326629638672 -0.09026428325402691 0.2952591461453462 0.9511437303510747 5.624088764190674
-0.9887527904987202 0.11494468924596488 -0.09568509651530198 -223.63104248046875 -0.09505430276638266 -0.976915154996698 -0.19131507902769873 36.821311950683594 -0.11546687320002626 -0.18006803811872424 0.9768535728764486 5.678342819213867
-0.9035199408740393 -0.39071928672514233 -0.17604020967940365 -225.89205932617188 0.41435758940121503 -0.9013217911600386 -0.12620149319906532 37.917945861816406 -0.10935951969804215 -0.18696916259387714 0.9762597132373935 5.757913589477539
-0.7186775929270006 -0.6797947898890574 -0.14622435181714824 -227.98797607421875 0.6798655421737837 -0.7310901957758176 0.05735826187415587 38.82512664794922 -0.14589503757633424 -0.05819080064898068 0.9875871955075314 5.786106109619141
-0.6425351081510473 -0.7501773514528248 0.15614921120693293 -230.19796752929688 0.7532727558055138 -0.5810392245317351 0.3081778300214456 39.99595642089844 -0.14045921171104847 0.3156380219852881 0.9384262618462497 5.825699329376221
-0.575842893292056 -0.817460166192574 -0.012799958337563852 -232.2630615234375 0.7984897109314577 -0.565703530709032 0.2058972969223553 41.04093933105469 -0.17555382018523868 0.10834386014788655 0.9784898896701101 5.931804656982422
-0.6619251433537674 -0.7284066212631772 -0.1768584142642261 -234.3326416015625 0.7315434623200827 -0.6792012113264505 0.05941277025545691 42.020530700683594 -0.16339910444320033 -0.09005281024290374 0.9824414608690513 5.978425979614258
-0.7303434789838203 -0.6728844153569726 -0.11757961675186185 -236.57281494140625 0.6645038514063293 -0.7397471918947893 0.1058712593196498 43.20382308959961 -0.15821831174666434 -0.0008097243225810916 0.9874038232529568 6.089546203613281
-0.7248359661982471 -0.6704027129859236 -0.15866009115895122 -238.62570190429688 0.6616212580365026 -0.741590186787741 0.11091125179312838 44.27910614013672 -0.1920159707411048 -0.024580424757042217 0.9810839259202622 6.065160751342773
-0.7292331541408863 -0.6647718690600061 -0.16216463550417035 -240.68057250976562 0.6614066946961027 -0.7455356078205393 0.08196244068373724 45.262962341308594 -0.17538583498364577 -0.0474870464245246 0.9833538474572437 6.047666549682617
-0.6430964875272145 -0.7398621083304954 -0.1975625682838565 -242.9571990966797 0.7340535404391414 -0.6690761438537844 0.11620031624101347 46.39520263671875 -0.21815661231995925 -0.07029348748286719 0.97337891805739 6.166929244995117
-0.8948394857699608 -0.4349253956197619 -0.10050967591205273 -245.0126190185547 0.41846259835417116 -0.8957073790491829 0.15032413277820428 47.58171463012695 -0.15540704130002564 0.0924564295321704 0.9835143416099915 6.244997978210449
-0.9480470048344698 -0.316246695904006 -0.03456738280793374 -247.0064697265625 0.29291763851188135 -0.9101373940667241 0.293000308822458 48.75717544555664 -0.12412144727247539 0.2676526690530697 0.9554872657841937 6.303685665130615
-0.7856337602707402 -0.61487250295087 -0.06863963751207672 -249.30746459960938 0.5955643963525062 -0.7816472588635299 0.18528521934683456 49.84242630004883 -0.16757877109029026 0.10468699931730774 0.9802846462399613 6.350603103637695
-0.6723017832901634 -0.740235139262895 0.00788991668584127 -251.3249053955078 0.716381931727665 -0.6478776625309473 0.2589429711105824 50.76708984375 -0.1865669855012029 0.17974001500467102 0.9658603868712679 6.3745269775390625
-0.8170859344586189 -0.5565989211819343 -0.15022721673848652 -253.60487365722656 0.5522202574131702 -0.8304628324802134 0.07337759311583421 51.867523193359375 -0.1656000090954627 -0.02300271305841542 0.9859246990412273 6.460174560546875
-0.9101455436900534 -0.36532654690707833 -0.19537554459575368 -255.70770263671875 0.36268310122701874 -0.9305454377227409 0.05045945320497018 53.00534439086914 -0.20023999946436555 -0.024933961946365255 0.9794295483372799 6.457969665527344
-0.983736441743499 -0.06189244996705255 -0.16861772689404725 -257.7643127441406 0.030733797084346367 -0.9829139830928998 0.18148150196984025 54.19493865966797 -0.17696905634211263 0.17334770398689103 0.9688304942660794 6.563154220581055
-0.9550039625937178 0.1960815215305449 -0.2225297021625721 -259.9446105957031 -0.2557079374349463 -0.9244661785762448 0.282799815066064 55.46970748901367 -0.1502693653512324 0.326977555166866 0.933008465263867 6.564896583557129
-0.9762376652535615 0.11555296132059123 -0.18332357750796097 -261.9730529785156 -0.18151190585571014 -0.8981553868968318 0.4004626437270153 56.62009048461914 -0.11837841430304451 0.42422212827508715 0.897787356175644 6.620739936828613
-0.9722606025923378 0.1269063977260606 -0.19647922756103087 -264.1376037597656 -0.19555685557413244 -0.9018908180404829 0.3851629117298635 57.702186584472656 -0.12832317360766266 0.4129015845821661 0.9016903263120849 6.66956901550293
-0.9878887735275168 0.0043061083401564546 -0.15510392828443015 -266.50921630859375 -0.048122161043365 -0.9588280907667361 0.27988024219857394 58.86309814453125 -0.14751280878220463 0.28395448541549545 0.9474227258502966 6.824103355407715
-0.9766463565785369 -0.18566717429580534 -0.10811842845176807 -268.635498046875 0.16047911104656495 -0.9649826062554016 0.2074970470687151 59.94932556152344 -0.1428577932755974 0.18530048573477445 0.9722424496425175 6.915889739990234
-0.9668330488253923 -0.25234861491030874 -0.03942121575808025 -270.892822265625 0.22892614136409117 -0.924639709312235 0.3043587188879815 61.158905029296875 -0.11325492262654438 0.28523952130767904 0.9517414239093628 7.02296257019043
-0.6683768862479909 -0.7419054762517754 0.05337229840531997 -272.8674621582031 0.7270684979268704 -0.6364943140165091 0.2573837359799913 62.3265380859375 -0.15698323876071812 0.2108346568576423 0.9648341879390032 7.146550178527832
-0.8540721891477088 -0.5184214438588661 -0.04242525511684023 -274.8448486328125 0.4915274201464217 -0.8310639197030072 0.26025671290492564 63.66221237182617 -0.1701807596899352 0.20142484433446234 0.9646069360709544 7.316342353820801
-0.6699321283742431 -0.7337236168706309 0.11331635988786622 -277.0084228515625 0.7237948418157305 -0.6114953764355909 0.3196786379457293 64.94223022460938 -0.1652633363238758 0.29618078709493395 0.9407257682358484 7.38935661315918
-0.5717569660569697 -0.8121572649760312 0.11616603940903761 -279.0379333496094 0.8020839274750228 -0.5235741547905901 0.2872829227809438 66.13188934326172 -0.1724973769411344 0.25743092545763024 0.9507754590682578 7.432058334350586
-0.9954187296052217 -0.008919454105175376 -0.09519451711938269 -281.19256591796875 0.017952639802342466 -0.9953665794638662 -0.0944620305230121 67.34741973876953 -0.0939108911429027 -0.09573826729614855 0.9909666637682002 7.499765396118164
-0.9953271903267116 0.09310013571221125 -0.02561540409014794 -283.5223083496094 -0.08571585555677765 -0.9740353794795105 -0.2095420521718139 68.75518798828125 -0.044458703338079386 -0.20636725576644518 0.977464055321178 7.640380859375
-0.9621334810787618 -0.26022882485353654 -0.08111795918667826 -285.5867614746094 0.2672607763324832 -0.9591184621472744 -0.09307767187895409 70.09046936035156 -0.05358023909448891 -0.11123279320234318 0.9923489425071115 7.736583709716797
-0.8580910054353286 -0.5089863892909536 -0.06791672774467641 -287.55828857421875 0.5088786760539745 -0.8606017527733136 0.02017712023689927 71.29002380371094 -0.06871913451536527 -0.01724756910575876 0.9974869432285323 7.819049835205078
-0.7476827638843556 -0.6467600730394178 -0.1505718848666561 -289.8855285644531 0.6579865288060973 -0.7521395991912175 -0.036602612450168576 72.74020385742188 -0.08957796883136834 -0.12644141430133235 0.9879212297797456 7.915565490722656
-0.9610367391113915 -0.23808954197305082 -0.14043416992030927 -291.99298095703125 0.25938332439343126 -0.9523546508660897 -0.16043973946731763 74.04964447021484 -0.09554411078007596 -0.19061476589391393 0.9770042650461938 7.990764617919922
-0.9380237654991943 -0.33546894217769363 -0.08701726376353208 -294.2816162109375 0.3404858155928506 -0.9388767580437967 -0.050792150823150195 75.47627258300781 -0.06465929738857487 -0.07727238859611876 0.9949111283033609 8.063652038574219
-0.7816129316616276 -0.5983803372540537 0.17613119271452404 -296.2555236816406 0.620391985249197 -0.7164330057495341 0.31911993499505503 76.9032974243164 -0.06476889452411583 0.3586986482556254 0.9312036673261714 8.141858100891113
-0.6698646841920358 -0.7335673939598459 0.11471784251486082 -298.3572998046875 0.7212149789323858 -0.6061477445314855 0.33531159533030097 78.20558166503906 -0.17643769165306628 0.3073496222843839 0.9350967600445337 8.260754585266113
-0.4829031621652037 -0.8753852872268698 -0.022475205840607998 -300.80657958984375 0.8502401459953245 -0.47486386706952166 0.22714753331178567 79.61003112792969 -0.2095142718496671 0.09058093981909371 0.9736009774198018 8.346498489379883
-0.1495870755444374 -0.9313220289014235 -0.3320587076301397 -302.834716796875 0.9472326655838486 -0.2312773121527406 0.22194837718334484 80.9188003540039 -0.2835030583273826 -0.2813362460941349 0.9167747447179599 8.486434936523438
-0.21021303896857846 -0.8819720818041613 -0.4218242823328559 -304.92999267578125 0.9265534456552832 -0.31739611661956835 0.20188714049968587 82.29533386230469 -0.31194421070428197 -0.34840343292345927 0.8839150735988336 8.583526611328125
-0.5410199446156352 -0.763981625124366 -0.35160986334348965 -307.29766845703125 0.7934827439009383 -0.6022486625608521 0.0876452142167653 83.82816314697266 -0.27871590313351813 -0.23157855020704626 0.9320347742570926 8.687675476074219
-0.8808842605682281 -0.43167540081187933 -0.1941629929133492 -309.47314453125 0.4134387486443735 -0.9014308025166105 0.12841693577419663 85.34992980957031 -0.23045893474226703 0.032845952690749365 0.9725275434604906 8.735240936279297
-0.972154158892867 0.1500859249144906 -0.1799736272065001 -311.6755065917969 -0.14397559044468042 -0.988482358015967 -0.04662249722290311 86.68319702148438 -0.18489813601929048 -0.019412445331689756 0.9825659449944498 8.811695098876953
-0.9772633683723542 0.016596358814971936 -0.21137849869749067 -314.0859069824219 0.0022029572538488458 -0.9960833065220256 -0.08839227029263433 88.31732940673828 -0.21201758374450472 -0.08684818560127272 0.9733991662421478 8.89303207397461
-0.9333943586417932 -0.2972839392285046 -0.20099062349387883 -316.1054382324219 0.3195588437285062 -0.943412742961306 -0.08862585296133922 89.89470672607422 -0.16327007273403019 -0.14695120242790655 0.9755758440297796 9.048816680908203
-0.8545608316530747 -0.44608301544619033 -0.2659618926365945 -318.2696838378906 0.4811475292195251 -0.8727871183953987 -0.08209568252352205 91.6766586303711 -0.19550662426207382 -0.19812266224107378 0.9604814264607922 9.16201400756836
-0.547594779588838 -0.7847726763819046 -0.29029606227338667 -320.2478332519531 0.7947354144116759 -0.5963450904362476 0.1129962574268949 93.4066390991211 -0.26179300687175233 -0.16883240067287353 0.950242096539656 9.157249450683594
-0.5410974678771728 -0.8214296739033167 -0.18018551853021575 -322.3602294921875 0.8066659882944733 -0.567540907921623 0.1648857215297928 94.92412567138672 -0.23770467724849786 -0.0561302829726571 0.969714327906728 9.12247085571289
-0.7462007730586655 -0.6098260771263851 -0.2670141605669894 -324.6307678222656 0.6210091144989859 -0.7821517893883101 0.05085526586155853 96.59880828857422 -0.23985847076106195 -0.12786998871239721 0.9623498220454223 9.306182861328125
-0.963189855900693 -0.09071254948497345 -0.2530544108604683 -326.76336669921875 0.18766265778514304 -0.9009067195669752 -0.3913435952102549 98.15130615234375 -0.19247864391412037 -0.42442704438455353 0.8847675715304972 9.336341857910156
-0.9055106940489972 -0.3830390297664768 -0.18256912290543376 -328.7860107421875 0.3830001605200411 -0.9230106377725988 0.03690853018264115 99.80526733398438 -0.182650650161794 -0.03650293459677249 0.9825000131100751 9.368705749511719
-0.6763821033286386 -0.7302259380964292 -0.09631889548742235 -331.1733093261719 0.7162291984109667 -0.6825784875751089 0.14526645739213617 101.39689636230469 -0.1718225411298273 0.029269226687206926 0.9846930114146346 9.408157348632812
-0.6813887823290052 -0.6509580366223001 -0.3346086697517495 -333.4248962402344 0.7069696946087592 -0.7037069900750117 -0.07064221842754398 102.79261779785156 -0.1894813400337696 -0.2846930042632014 0.9397056534376068 9.474174499511719
-0.8645956644621852 -0.41642523527445574 -0.28118385519052597 -335.4747009277344 0.48893796438721626 -0.8262358384526737 -0.2797749206724804 104.4656753540039 -0.11581884118776957 -0.37937364521408384 0.91796603060402 9.509147644042969
-0.35757636084467814 -0.9265331350682968 0.11694227544215988 -337.6607971191406 0.9235185236015646 -0.33221916088935 0.19168715581061405 106.31239318847656 -0.1387540368056477 0.17654115315837712 0.9744642315198888 9.591059684753418
0.3979335124865822 -0.7471947955839924 0.5323052292550643 -339.5948791503906 0.8911493566471136 0.4526640792487139 -0.030790509988455145 107.79318237304688 -0.21794894766326867 0.48661603838150413 0.8459923684066918 9.639315605163574
0.03469902974495176 -0.9060927876653206 0.4216536937768327 -341.995361328125 0.9756459843392722 0.12214755058530402 0.18219464626783896 109.43255615234375 -0.21658922082460919 0.4050627556649693 0.8882641912154794 9.712315559387207
-0.8488573406840471 -0.4468173217807529 -0.2824809659490047 -344.2362365722656 0.51698420219496 -0.8132111822017262 -0.26723567842432977 111.1442642211914 -0.11031115015105408 -0.3728831641395816 0.9212977781659986 9.788421630859375
-0.9186419849555306 -0.29961719873923676 -0.25753919642768036 -346.2815246582031 0.37857521086781776 -0.854028810933169 -0.35681311608805105 112.80540466308594 -0.11303854737809575 -0.42528146481563284 0.8979743662771894 9.828479766845703
-0.7165515602088786 -0.6966458190369187 -0.035191822638256764 -348.3369140625 0.6837608108553259 -0.7114846065392115 0.16205186884516534 114.67908477783203 -0.13793119698128137 0.09205573027315653 0.9861545149839284 9.848499298095703
-0.7926984062307296 -0.6084096950094406 -0.03829986655042859 -350.6726379394531 0.6041904875084112 -0.7757321332300062 -0.18219086771507614 116.0771484375 0.08113625307844628 -0.16756282551014506 0.9825169759059875 10.0352783203125
-0.5719112353724822 -0.7820254645563642 -0.24769681394827026 -352.7600402832031 0.8067365420989658 -0.5909041320006063 0.002908337465558186 117.67980194091797 -0.1486394648030081 -0.198162760300751 0.9688332312287096 9.91495132446289
-0.039540641851790514 -0.9451351488973188 -0.3242777944306264 -354.84466552734375 0.9805271319043607 -0.09917726128010496 0.16950048508599147 119.61701965332031 -0.1923618497554987 -0.311261017738844 0.9306521893784068 9.961585998535156
-0.7127083629125411 -0.7011255563904111 0.02167356940519665 -356.80206298828125 0.6909542848058259 -0.6963709356399804 0.19403529654258192 121.2484359741211 -0.12095026144244131 0.1532660241936701 0.9807550968946682 10.025175094604492
-0.6595204952303011 -0.7468348216965155 -0.08526702453300491 -358.8482971191406 0.7438278147458219 -0.6647728179922803 0.0692624174358469 122.98064422607422 -0.10841078535659293 -0.017744000680125833 0.9939478115365163 10.106515884399414
-0.7662970743159923 -0.6211837848918178 -0.16407162851092447 -361.0325927734375 0.6308531858854369 -0.7758501076192565 -0.0089926839921683 124.977294921875 -0.12170888115887621 -0.11039617699297538 0.986407437295761 10.162275314331055
-0.6439063321615898 -0.6167220134468313 -0.45281187432784353 -363.0666198730469 0.7518746332750624 -0.6196366208117451 -0.22524429845501534 126.72872924804688 -0.14166570241134147 -0.4854939920113204 0.862685581472887 10.164691925048828
0.028744387859579 -0.9728403874618868 0.22968530795326078 -365.04144287109375 0.9856098412021111 0.0658754001222075 0.1556716820243444 128.76132202148438 -0.1665743110210203 0.2219054126914105 0.9607346078528282 10.314623832702637
0.7897644780121769 0.40047663407602796 -0.46464022084758155 -366.77838134765625 -0.5936299811184242 0.30818066868414973 -0.743389615858824 130.20803833007812 -0.15451703720785454 0.862927077457027 0.48112508166170365 10.292236328125
0.8093741861950101 -0.3432351101146157 -0.4765533400426153 -368.7156066894531 -0.56579192863923 -0.6732621922227546 -0.47602259821368875 131.87881469726562 -0.15745767751324602 0.6549104364018168 -0.7391206938546075 10.406585693359375
0.9406202726295549 0.14819492378586385 -0.30540426860540615 -371.5357360839844 -0.30221013246480855 -0.04417322035490168 -0.9522172874082258 133.91197204589844 -0.15460445838947823 0.9879711489550587 0.0032357809747851074 10.163299560546875
0.5476606682073019 0.22443420026879618 0.8060378913230055 -374.16363525390625 -0.832057506531956 0.2474352339203525 0.49644346187517097 135.20098876953125 -0.08802328284354904 -0.9425524360821982 0.32225270660299843 10.333877563476562
-0.6776686195969304 0.4347229234186609 0.593111475076923 -376.25848388671875 0.7293397558632979 0.5003867003261209 0.46655832502914507 136.27630615234375 -0.09396149493731606 0.7487517145162804 -0.6561570753090107 10.328937530517578
0.8385425328990391 0.30873725912221006 -0.4489183949772714 -377.8979797363281 0.5091769901186577 -0.7372562358008327 0.4440630985642599 138.26800537109375 -0.19386906213464908 -0.6009447126004959 -0.7754226197013724 10.56072998046875
0.9149249865489445 -0.3657733480841785 -0.17065206362568328 -379.4252014160156 0.35081321224920914 0.5115536459463687 0.7843742457719841 140.22689819335938 -0.19960550869103097 -0.7775105948797533 0.5963513358331035 10.537872314453125
-0.285966390055188 -0.957799658629844 -0.029035111285445926 -381.3873291015625 0.9472269257849627 -0.2871306881048402 0.14253813179780828 142.5853729248047 -0.1448598454602672 0.01325827579269262 0.9893633525132373 10.56296157836914
-0.5684013857562733 0.6838950223901301 -0.457392023345786 -383.52239990234375 -0.8078475169935044 -0.5692486369890946 0.15276903669751848 144.72625732421875 -0.1558918020865048 0.4563371425120486 0.8760446098265546 10.561551094055176
-0.5156611253575458 -0.025363087029082076 -0.8564171399565426 -385.344970703125 -0.8456307373602523 -0.14575277025604466 0.5134829948442736 146.6584014892578 -0.13784868452961385 0.9889958765227707 0.05371123154807697 10.560323715209961
-0.946749638437391 -0.24407645694125152 0.20998048786893278 -387.6398620605469 0.2880840334484753 -0.35093041575048534 0.8909856525069579 148.37168884277344 -0.14378008134205308 0.904032370254626 0.40255777441390406 10.613590240478516
-0.578202122908449 -0.7569580704451674 -0.3044614666129228 -389.7734375 0.8011181840770726 -0.5974169534219756 -0.03609208923100328 149.642333984375 -0.15457024359564386 -0.26477813986795423 0.9518406255476016 10.619056701660156
-0.8619623289687911 -0.40538806199884064 -0.30443630307097314 -391.56353759765625 0.48263360833450136 -0.8399842199836037 -0.24797441457649588 151.2478485107422 -0.1551958232193006 -0.3606757953721886 0.9196886576923314 10.648826599121094
-0.8495092225633467 -0.47897576841596406 -0.22117028292732988 -393.66729736328125 0.5195443774803907 -0.8323794440958701 -0.1929199338460488 153.30938720703125 -0.09169362359690895 -0.27879503997917066 0.9559631818614571 10.65811538696289
-0.8590786283075285 -0.5103600524504764 -0.03894261480695104 -395.5658264160156 0.5055880863830416 -0.8579783560425871 0.09085057770864172 155.4385528564453 -0.07977842623660603 0.05835886757988815 0.9951028315113989 10.705473899841309
-0.7778967900535891 -0.6264096659124592 -0.04987498847882936 -397.5025634765625 0.6235217171275 -0.779295223250996 0.06260689489628082 157.13941955566406 -0.07808490439704589 0.017603564117005317 0.9967912831860453 10.736287117004395
-0.8329350573020864 -0.5533647325929855 0.0025812863970657105 -399.6075744628906 0.5533707514348244 -0.8329256378963239 0.003961463297758356 159.08441162109375 -4.2114459571918495e-05 0.004728050052131212 0.9999888218220625 10.806620597839355
-0.969151165507513 -0.21292629042256855 -0.12413062975073247 -401.5111389160156 0.2439227619197296 -0.9007998546736581 -0.3592510376287975 160.83926391601562 -0.035322862467251005 -0.37844684787536653 0.9249487978911693 10.808151245117188
-0.9617248412852947 -0.24975531022758918 -0.1127280562588388 -403.5787353515625 0.27174900519729733 -0.9221381525564732 -0.2753428876401465 162.89915466308594 -0.035182493218282755 -0.29543783206091895 0.9547139255075785 10.826946258544922
-0.9598390732879398 -0.23331738231440693 -0.15579458430799709 -405.48651123046875 0.2789673233083587 -0.8526573003816229 -0.44176097680996285 164.59844970703125 -0.029768874952178004 -0.4674810447663902 0.8835017186560568 10.862995147705078
-0.48556435481008403 -0.76055960543174 0.43101780000759027 -407.0989074707031 0.873885854145937 -0.4090553546310595 0.262673239541611 166.5109405517578 -0.023468516388840593 0.5042051203956326 0.8632649797746534 10.828624725341797
0.5543460078888626 -0.2142668755239595 0.8042326837370395 -409.12628173828125 0.8242277737310914 0.27547219693187086 -0.49473593535119054 168.3064422607422 -0.11553822115633361 0.9371258051994559 0.32931162245098716 10.838264465332031
0.3778983830814539 -0.6887880845500925 0.6186790659511905 -411.1669921875 0.9213617041434446 0.345473985668507 -0.17815817512593735 170.02378845214844 -0.09102429457189254 0.6373528848354976 0.7651770239556064 10.871849060058594
-0.3991484164097548 -0.8992012395676927 -0.17921404084923226 -413.0367736816406 0.915771921040951 -0.40060772402375605 -0.029584456822338595 171.7546844482422 -0.045192148771127635 -0.17592777555699207 0.9833651852069085 10.892080307006836
-0.13815772178218666 -0.9899707234737646 0.02950272151492151 -415.08258056640625 0.9903688317088709 -0.13836302962633928 -0.005024859423581093 173.727783203125 0.009056549649943261 0.028524352708727274 0.9995520697847542 10.963698387145996
0.21823393340717845 -0.7783869609671595 0.5886320491664897 -416.9911804199219 0.9758355735651171 0.18079421906306503 -0.12271260619111327 175.525634765625 -0.01090337903908667 0.6011881480449245 0.7990331200744083 10.951934814453125
-0.24481373845829735 -0.9673744148647639 -0.06521483671012235 -419.03839111328125 0.9694822581726884 -0.24514272077859323 -0.0030327442446787395 177.1436767578125 -0.013053143317120496 -0.06396708461642024 0.9978666381512203 10.960851669311523
-0.7382485031447307 -0.5358817804909621 -0.4096582294332689 -421.19976806640625 0.6744913592624269 -0.580069771247471 -0.45670610546086454 179.20750427246094 0.007110125518460908 -0.6134735347370275 0.7896832708702702 10.997573852539062
-0.9775431282961753 -0.1898308214706484 -0.09150787693256751 -422.9181213378906 0.20295445339731066 -0.7311524472942394 -0.6513260233261396 181.2507781982422 0.05673554588726499 -0.65527120952734 0.7532600611989533 11.024158477783203
-0.6839128927894145 -0.7094065301923125 -0.1703100995153211 -424.890380859375 0.7188684506374399 -0.6154428456098757 -0.3232000223789372 183.22959899902344 0.12446407415210925 -0.3434712196212695 0.9308792701190289 11.16748046875
-0.9910199581294615 -0.095613549269982 0.09347455153718143 -426.9129333496094 0.003170769915246903 -0.7156705632604822 -0.6984308062367873 185.08145141601562 0.1336764332529299 -0.6918624820572518 0.7095469802024064 11.21231460571289
0.605498085433501 -0.7444493690344354 0.28136667443141883 -428.3645935058594 0.7825195227380672 0.4924790293090695 -0.38095616837713 186.8280792236328 0.14503539247422437 0.4508431463769056 0.8807412743222722 11.119224548339844
0.1913776115652869 -0.9564962718385819 0.22020329641142944 -429.80499267578125 0.1226647748694043 -0.19928347066799468 -0.972234257432208 189.00941467285156 0.9738213197490618 0.21307505784913494 0.07919000520762248 10.896240234375
0.8301543162481391 -0.4310395590347048 0.35362226988942846 -432.1666259765625 0.5332734890471181 0.42881779703736067 -0.7292014007279046 190.53993225097656 0.16267512745990934 0.7939270718971561 0.5858469146583518 11.455368041992188
-0.11396565689226817 -0.9644791673177959 0.23831022818814251 -434.3547668457031 0.9652976611101511 -0.16423262966905522 -0.2030469620734538 191.86964416503906 0.23497288035938407 0.20689992547595976 0.9497263639247131 11.052902221679688
-0.9563154994051053 -0.23115486996261408 0.17896393963626017 -436.9104919433594 0.15370487853829196 -0.9183176150278889 -0.3647842763100119 193.64244079589844 0.24866740017761257 -0.32134122677001337 0.913730999839039 11.10793685913086
-0.5684659252854287 -0.4850150544803742 0.6645350921635217 -438.4748840332031 0.8201538347172463 -0.39767550880435226 0.4113415577057523 195.7328338623047 0.06476248287377817 0.7788546633516414 0.6238519329034931 11.129196166992188
0.009975129897606072 -0.33975236539893894 0.9404620284675782 -440.26953125 0.9734256084197945 -0.21188671602415743 -0.08687119456442893 197.55145263671875 0.22878610459570897 0.9163363737069068 0.32861005548460837 11.142822265625
0.9799943596574354 0.13912760538819352 -0.1423185316765192 -442.2961730957031 -0.10895617396867023 0.9734404281339358 0.2013511485652091 199.09442138671875 0.16655211554862387 -0.18181650720813872 0.9691249406102966 11.164974212646484
0.4315350265808181 0.7859376042352807 0.4428087658152218 -444.0229187011719 -0.8916847467736234 0.29726724148299666 0.3413656390329127 200.72821044921875 0.13665955219139175 -0.5421570523289327 0.8290898005673759 10.93954849243164
0.7814073896626099 -0.6167196525025778 -0.09518067869985941 -446.0234375 0.41830641266120955 0.6308636418003863 -0.6534759449137081 202.74586486816406 0.46305748725960144 0.47081624406073075 0.7509392970283087 11.090301513671875
0.13383246648288788 -0.9702361748915668 0.20181832386304324 -448.1807556152344 0.9844841807518333 0.10684390652126347 -0.13919510583590025 204.4988250732422 0.11348906892074959 0.21731577156538137 0.9694813493123242 11.154083251953125
-0.9636392041705882 -0.261353822449092 0.055620712659258026 -450.2820739746094 0.21233108048823024 -0.8753352501288977 -0.43440040531804375 206.3704833984375 0.16221897683124478 -0.40679525485559503 0.8990009033270187 11.237849235534668
-0.9795675316995468 -0.19682850946483998 0.04130361608753916 -452.4710388183594 0.10287562250066268 -0.6668625493993489 -0.738045355316123 208.3063201904297 0.172812201927869 -0.7187161317727957 0.6734857569350603 11.255572319030762
-0.6679111935200924 -0.7030750313885328 -0.24409042957186877 -454.2921447753906 0.7196923679703588 -0.526614316855652 -0.45246022672481667 210.16885375976562 0.18957197328662084 -0.47787326930962426 0.857729331096674 11.328105926513672
-0.06291410474607118 -0.9431946505401554 0.326229469264251 -455.9657287597656 0.9853189335219781 -0.11068258820055943 -0.1299844756589697 211.93666076660156 0.1587085841002694 0.31326221582192115 0.9363110431214768 11.264457702636719
-0.5510148622316583 -0.6264861214383658 0.5512692275512391 -458.0652160644531 0.8229642311309194 -0.517390420421208 0.23459971682732358 213.89425659179688 0.1382479507223213 0.5829427866450351 0.8006654804720882 11.274642944335938
-0.7783736257554154 -0.5056571481789693 0.37208244680968305 -459.9875183105469 0.6123285785255639 -0.7422540937730359 0.27223624335865315 215.68641662597656 0.1385215169178827 0.4397382275543954 0.8873793329676366 11.243812561035156
-0.8599535124281138 -0.47490309416001 0.18694118759598893 -461.955078125 0.4981306593517293 -0.8607388203225704 0.10485480152821554 217.4353485107422 0.11111166759778852 0.18329139190632698 0.9767591632417277 11.280548095703125
-0.9570404441776061 -0.2813994470465959 0.06991379985525494 -464.1030578613281 0.23108980043283636 -0.8858794419787548 -0.4022624993897914 219.32386779785156 0.1751316428982565 -0.36882511503594784 0.9128509966990657 11.32978630065918
-0.8653824335973452 -0.4999331598402165 -0.03435228250514458 -466.0187683105469 0.4753971079344906 -0.7973655737570198 -0.3717603146580622 221.02955627441406 0.15846398136062032 -0.33804582156760293 0.9276929390331834 11.33680534362793
-0.7443679435748248 -0.6654137981963354 -0.05604321322081047 -468.10333251953125 0.6628196098841693 -0.7260434315336527 -0.18311499195815656 222.91387939453125 0.08115743546455895 -0.1734514707252865 0.9814927702087526 11.372472763061523
-0.608992661278835 -0.764474074116584 -0.21144107574479004 -470.0353088378906 0.7828992868691426 -0.5365786493422153 -0.31488420044497667 224.57815551757812 0.12726604075050985 -0.35729923463908486 0.9252786671041401 11.36109733581543
-0.5937136228846442 -0.7797438948342212 -0.19875510677703231 -471.9569396972656 0.7964228850944419 -0.534130486909526 -0.28357575892808295 226.30081176757812 0.11495530478858249 -0.32665590676207257 0.9381264288348413 11.354870796203613
-0.6129556997840881 -0.7243813919240376 0.3155264000624872 -473.9971618652344 0.7804898663898823 -0.6172618809447956 0.09911275798400966 228.25572204589844 0.12296698160442371 0.3070168877548708 0.9437265239826687 11.397926330566406
-0.7497764921839389 -0.5720171062437098 0.3326133520063801 -475.9286804199219 0.6520340172223329 -0.7242720569295598 0.2242356526869249 229.97776794433594 0.11263592745325228 0.3850018411846845 0.9160167739354714 11.391517639160156
-0.8129002666323782 -0.5723508152714599 -0.10773904012521977 -478.0117492675781 0.5724932689084287 -0.7512967442873483 -0.3283361982446845 231.58279418945312 0.10697950066975527 -0.3285844583685088 0.9383963129483853 11.361871719360352
-0.6074885164499317 -0.7421068423225863 -0.28325807483540794 -480.0926513671875 0.7889336526403372 -0.5222054420505615 -0.32385979686332483 233.49822998046875 0.09241966302166098 -0.42021293515404573 0.9027068710363209 11.386564254760742
-0.39689610295268274 -0.9061290169664848 -0.1462999934119128 -481.8522644042969 0.9157090078293404 -0.37998745074550655 -0.13071553180910245 235.35191345214844 0.0628529747997561 -0.18584870698308187 0.9805660414635712 11.413166046142578
-0.565235174744575 -0.8245427339127385 -0.02526810604649278 -483.64013671875 0.8229273975778275 -0.561465630490237 -0.08687257388833834 237.17762756347656 0.05744297648323862 -0.0698972512328468 0.9958989299737391 11.43199348449707
-0.7483363918194446 -0.6631903944211363 -0.013082256158347239 -485.79852294921875 0.6632048373433946 -0.7476950419776132 -0.033338685133292405 239.05384826660156 0.012328357675552938 -0.0336247669082339 0.9993584875545864 11.423593521118164
-0.8178664355806645 -0.5749539500230115 0.02285714119294944 -487.717041015625 0.57309413214438 -0.8174933867356698 -0.05716361032268652 240.7563934326172 0.051552005317524456 -0.0336529047242628 0.9981031373316893 11.435506820678711
-0.7357679703731255 -0.6757404420885625 -0.044948289166167 -489.7822265625 0.6709755524210347 -0.71835960100773 -0.1837152462189849 242.6085205078125 0.09185478662703819 -0.16533099699079087 0.9819513020551133 11.489133834838867
-0.4119540515037957 -0.8313931189508326 -0.3729334273175505 -491.7066955566406 0.9098064649439717 -0.3526308327512072 -0.2188691210274848 244.3498992919922 0.050458456137318225 -0.42946126432356724 0.9016745347684172 11.465840339660645
-0.5288547152131933 -0.8431023135357142 -0.09742268271557096 -493.6410827636719 0.8484471748338572 -0.522325425574133 -0.08551924529161409 246.03726196289062 0.021215129347203723 -0.1278852560287052 0.9915620402058835 11.498114585876465
-0.5578623829838493 -0.8214784567364298 0.11816389791097417 -495.7550048828125 0.8286053444822322 -0.5593470426907926 0.023325285176100857 247.89097595214844 0.04693340757991967 0.11092353650600353 0.992720113779276 11.52313232421875
-0.7302800977739523 -0.6700120089397595 0.13332249124500403 -497.70074462890625 0.6798676089277155 -0.7319007783093765 0.04583977575250542 249.59451293945312 0.06686563486707925 0.12411751925750289 0.9900120344153327 11.524364471435547
-0.8856257437148708 -0.4567566694015802 0.08390701416840644 -499.64208984375 0.4573901578168704 -0.889176271140146 -0.012641296356137307 251.34579467773438 0.08038212240131466 0.027182784965505625 0.9963934015236044 11.533557891845703
-0.7533372869728927 -0.6571021291612134 -0.026452294949991188 -501.7932434082031 0.6558532187120214 -0.7477305584677367 -0.1037090518643758 253.17245483398438 0.04836824951766186 -0.09547671855131136 0.9942558567357149 11.528032302856445
-0.7039763530487853 -0.7101978981184212 0.006019954842750634 -503.7084045410156 0.7086206624474638 -0.7029315889609387 -0.06118772747346854 254.8690185546875 0.04768701186538793 -0.03880884884954157 0.9981081214729814 11.527725219726562
-0.6766073221651114 -0.7151106552102474 0.1755542149802368 -505.80316162109375 0.7347288537409736 -0.6714377195006387 0.09666902457486672 256.6986999511719 0.048744672252786614 0.19439171699573982 0.9797121093925583 11.538318634033203
-0.7522662232059072 -0.6583448206357128 -0.026031261315029558 -507.783935546875 0.6575038913568643 -0.7475995782484788 -0.09372034706122945 258.3094482421875 0.042239345095549816 -0.08761830713285726 0.9952581926219302 11.56311321258545
-0.7626150772197717 -0.6275819094116626 -0.15671372299927458 -509.7394714355469 0.6460570791335758 -0.7269742738972138 -0.23263416686508326 259.9972839355469 0.032070149648453526 -0.2786563332688324 0.9598552773364822 11.576335906982422
-0.7380178764006808 -0.6266116554379964 -0.25037461409312833 -511.8505859375 0.6721198248752334 -0.6497095557857455 -0.3551512834418238 261.88714599609375 0.059871154345936456 -0.43038973778418865 0.900655382755992 11.568634033203125
-0.8540812403724191 -0.4837541040902136 0.19112090837944756 -513.7151489257812 0.5149927671228742 -0.8380382242574723 0.18020650513926417 263.6593017578125 0.07299099023191408 0.25233688089389045 0.9648825907257875 11.556167602539062
-0.8852833390202254 -0.4395239697055797 0.1519608163555636 -515.7249755859375 0.45648385039975103 -0.8837074321393777 0.10336183389358301 265.2913513183594 0.08885889925842233 0.16087216799644222 0.9829670602755243 11.498947143554688
-0.824093313695218 -0.5664098971615541 -0.007073805218761171 -517.8609008789062 0.5593479148581206 -0.8117197881612224 -0.16805027715351464 267.12744140625 0.08944339252682632 -0.14244582796606622 0.9857530449500799 11.528146743774414
-0.5995694990596596 -0.7894940470878735 -0.13120809963626373 -519.7235107421875 0.7969583788294414 -0.5739542799522246 -0.1882387498313575 268.84930419921875 0.0733059220724887 -0.21742960731541214 0.9733193759767491 11.574872016906738
-0.5499712680171034 -0.8301952323415736 0.09114538141332373 -521.6262817382812 0.83486954073074 -0.5494733034976274 0.03274047500338799 270.6254577636719 0.022900967571319063 0.09410082327336529 0.9952992418079963 11.573532104492188
-0.7481235081159394 -0.6633000927099998 -0.018552725277051235 -523.7315063476562 0.6635549406601574 -0.7477221901013094 -0.02462452345927797 272.4524230957031 0.002461164316973968 -0.030732937396336212 0.9995246016127857 11.554791450500488
-0.663732509179157 -0.6872841468027561 -0.29512651153759123 -525.7076416015625 0.7466154560598687 -0.5850410590698925 -0.3166896271981341 274.08258056640625 0.044994633360597225 -0.4305432158982261 0.9014477368171485 11.532332420349121
-0.5744382874640498 -0.7638769857933763 -0.2941302508593701 -527.59716796875 0.8156378571777323 -0.5038929717348196 -0.2843004730470382 275.8268737792969 0.06896042222816655 -0.4032168444044454 0.912502403588415 11.544252395629883
-0.44132148382827824 -0.856994624699016 -0.2660743526696984 -529.696533203125 0.8969083144208351 -0.41197568820036207 -0.16072183378313593 277.7188415527344 0.02812158307035134 -0.3095742973323696 0.9504593263242707 11.556414604187012
-0.6932659393619586 -0.5359365774548189 0.481823953604007 -531.563232421875 0.7205724507846062 -0.5271194507658975 0.45046689977680393 279.4873046875 0.012557089266534177 0.6594824255204028 0.7516150942729122 11.55142593383789
-0.63789487650954 -0.46658583229886014 0.6126889811485587 -533.7411499023438 0.7689572219601972 -0.4296552545559101 0.47339323297629915 281.26458740234375 0.042366464546090554 0.7731067347594875 0.6328594309571351 11.53955078125
-0.7691336642126839 -0.6381996543465048 0.03368393930009212 -535.7582397460938 0.6381276953040537 -0.7697987641007032 -0.014244552466349508 282.8338623046875 0.035020723303598934 0.010538689720816206 0.9993310187111482 11.521154403686523
-0.8346224826219221 -0.35161670630673125 -0.4239941076807854 -537.7504272460938 0.5468138442650426 -0.43620714532407756 -0.7146453288788117 284.4900207519531 0.06633197737219354 -0.8283049065496504 0.5563371734511993 11.47518539428711
-0.8771051222875282 -0.40003894695396713 -0.26581092034929954 -539.868896484375 0.4748978998869794 -0.6395644552059035 -0.604507479126696 286.4684753417969 0.07182331891466112 -0.6564496542440534 0.750942915475568 11.527754783630371
-0.7502475458227708 -0.6600578193778213 -0.03810898929524386 -541.6814575195312 0.6608534896152738 -0.7469099404689844 -0.07347248527124589 288.2635498046875 0.0200321054865639 -0.08030701032172491 0.9965688630711685 11.554317474365234
-0.8338179260649258 -0.5486890269832925 0.06072905269237263 -543.6363525390625 0.5501425361505274 -0.8350213617988315 0.009083790920649183 289.97381591796875 0.04572587987836733 0.04098386277246401 0.9981129529775657 11.487411499023438
-0.8614726253125313 -0.5059398970518701 0.043471098540039596 -545.8004760742188 0.5041067155477882 -0.8623723927502138 -0.04680037993320206 291.8147888183594 0.06116645466884693 -0.018403173460405885 0.9979579089469806 11.47119140625
-0.9318115284461801 -0.35896976670153374 -0.053553543758001865 -547.7310180664062 0.3610064901134668 -0.9014755327800217 -0.23878060619516694 293.5317687988281 0.03743780910722694 -0.24183169848723812 0.9695957095903572 11.504511833190918
-0.9076477048343983 -0.39655278498307 -0.13755556197776994 -549.8338623046875 0.416613845865207 -0.8112722488373703 -0.41020755929133934 295.42095947265625 0.05107393995229475 -0.42963150139221307 0.9015587754934351 11.507999420166016
-0.5182823350096502 -0.7973293421761443 -0.309272277001839 -551.70703125 0.8526684191003779 -0.4539120356709978 -0.25868983540501406 297.1339416503906 0.06587858746062539 -0.3977810754397049 0.9151121394322254 11.486349105834961
-0.7931689961241039 -0.6026315563222383 -0.08785300741646845 -553.6915893554688 0.6087000160973496 -0.7799446053932054 -0.14550155642165252 298.8736877441406 0.019163350191644578 -0.1688834504700617 0.9854497177262564 11.4435453414917
-0.9192926104818153 -0.3906378100516912 0.04799164168423656 -555.8212890625 0.3907192940160409 -0.9204745884531629 -0.008060105184610016 300.81488037109375 0.04732366846659164 0.011341665221617551 0.9988152166606519 11.429540634155273
-0.8222215307588528 -0.4805975115386138 -0.3049225906020422 -557.8272705078125 0.5661072601245606 -0.6350588367861042 -0.5255690666830986 302.4095153808594 0.05894339989203043 -0.604753094843484 0.7942287893840138 11.44288444519043
-0.30021596995572963 -0.9407971937306818 -0.1573880924721255 -559.564208984375 0.9504347439296064 -0.28104106916717475 -0.13300268784064018 304.19451904296875 0.08089603769656384 -0.18951664230311077 0.9785393570905315 11.428571701049805
-0.25655133775974925 -0.9073010685248978 -0.3331458871834707 -561.686767578125 0.9648000024875202 -0.21978128785324724 -0.14442001492053996 306.0135498046875 0.05781320172559176 -0.3584703008104672 0.9317492565830622 11.374123573303223
-0.6986754988301862 -0.7144070470664159 -0.03840727061682683 -563.7867431640625 0.7148621486887965 -0.6992605586715195 0.0026037393171340247 307.84552001953125 -0.02871681922545501 -0.02563673513219452 0.9992587763464149 11.370455741882324
-0.8661842408890669 -0.4961218395786551 0.059899759002204976 -565.91845703125 0.49930860138624367 -0.8641139740088085 0.06322942751929089 309.750732421875 0.020390718897189415 0.08467679856841129 0.9961998084556433 11.3255615234375
-0.9752713634996062 -0.20008317835927802 0.09387485965512019 -567.8190307617188 0.20468967531949084 -0.9779159260828925 0.042220591315615466 311.454833984375 0.08335409021290194 0.06039174820360925 0.994688359434095 11.32330322265625
-0.8248080260005406 -0.5542053603725005 -0.1120184751702953 -569.7427368164062 0.5586451099009407 -0.7682203520353039 -0.31265497261761144 313.10675048828125 0.08722018934201543 -0.32045890415643064 0.9432384265486656 11.333425521850586
-0.6608474247892335 -0.6201610426994262 -0.42270670951310807 -571.8218383789062 0.7465402669381938 -0.4852415496629585 -0.4552123332254316 314.95318603515625 0.07719009644565167 -0.6163934779008061 0.7836458188570011 11.327795028686523
-0.786869670016334 -0.5580555170150839 0.2634580845930017 -573.586181640625 0.6127137235560512 -0.7574002958944674 0.22566941473104465 316.9530944824219 0.07360716931430455 0.3389968019141195 0.9379035946820625 11.325061798095703
-0.5251522939793248 -0.8404226242521755 0.1338091206657453 -575.6985473632812 0.848697702386376 -0.5287906679769746 0.009624937638854837 318.6766357421875 0.06266799894954114 0.11861805134781192 0.9909603825593174 11.212196350097656
-0.5355552318483964 -0.8444858991766038 -0.004915254997796933 -577.657958984375 0.8418221051367205 -0.5333846653405295 -0.08268217512107262 320.3558349609375 0.06720220936093313 -0.048418641776224965 0.9965638455139515 11.25485610961914
-0.6059105270967832 -0.7955151501406645 -0.005298966878025432 -579.6070556640625 0.7896490799129012 -0.600607290218874 -0.12540021343143634 321.9664611816406 0.09657517147801004 -0.0801656337380124 0.9920920861600377 11.242164611816406
-0.5606541077339018 -0.8223258292481902 -0.09719671821815269 -581.5924682617188 0.8251576246190028 -0.5450309334284564 -0.14851321873567475 323.5589904785156 0.06915103769450916 -0.16346715926259292 0.9841222595939951 11.217418670654297
-0.3765758760199498 -0.9248596817431443 -0.053152409971489754 -583.6788940429688 0.9240349423127334 -0.3709165382119597 -0.09263016283025471 325.4555969238281 0.06595479501075718 -0.08399696879546203 0.9942808829743551 11.195716857910156
-0.36112572579817465 -0.9322121186505783 0.023849025299602453 -585.640869140625 0.9314490013041441 -0.36181783496417236 -0.038608448186257624 327.103271484375 0.04462026598143025 0.008271646924188466 0.9989697751788627 11.17042350769043
-0.4806009095893251 -0.8355325378539449 0.2662858311838233 -587.7744750976562 0.876930316367232 -0.4592878257702604 0.1415906541241107 329.0506896972656 0.003998241861126489 0.30156271534553664 0.9534379595838667 11.185359954833984
-0.8375296199672062 -0.4961176332902155 -0.2289354267388567 -589.9312744140625 0.5456395707082187 -0.7374399322483693 -0.3980701008652515 330.5361633300781 0.02866347074131191 -0.45831172826367417 0.8883291986538696 11.150259017944336
-0.913228103292618 -0.3438268349431721 -0.2186264826811429 -591.8587646484375 0.40743593714411375 -0.7663616884707823 -0.4966746616928524 332.261474609375 0.003223116514375318 -0.5426535451069792 0.8399504399086666 11.120969772338867
-0.42625593289569336 -0.895205143165205 -0.1300524175930129 -593.7957763671875 0.9032421811799045 -0.4133116671718228 -0.1154427473556368 334.1485290527344 0.04959275963879316 -0.16667698530455152 0.9847635963830079 11.109382629394531
-0.5132929345813408 -0.7857216252451474 0.34521281976629936 -595.6575317382812 0.8567362607476653 -0.4927178926525373 0.15242066060790882 335.9685974121094 0.050332323898106074 0.3739927885429971 0.9260648202414608 11.157844543457031
-0.8892666752081654 -0.3632204472671994 0.2779850482512165 -597.7039184570312 0.45738324495290883 -0.7092455130927177 0.5364432583174061 337.61468505859375 0.0023124879595158854 0.6041868161792869 0.7968393461385889 11.099933624267578
-0.8769199240065099 -0.4444123214137629 0.18305500664021016 -599.90771484375 0.480041154897663 -0.8287752244649197 0.28756237048271815 339.364501953125 0.023915193600198198 0.3400431088682029 0.9401057108784696 11.065555572509766
-0.8253723176999196 -0.5634490555691624 0.03585664447325857 -601.8241577148438 0.562907031034502 -0.8261507837261736 -0.024709450834674563 341.0084533691406 0.04354551166980338 -0.00021053942120589225 0.9990514221433083 11.03915786743164
-0.8475114531841736 -0.5243640067191526 -0.08226010685068583 -603.943359375 0.5263857349119612 -0.8104496413097042 -0.2570786591340598 342.8276672363281 0.06813512165428665 -0.26117765478388066 0.9628830862772216 11.069780349731445
-0.9063160606180573 -0.39142997167830224 -0.15929147980256053 -605.8544311523438 0.4194044796684742 -0.7868488646417348 -0.4527347420355869 344.494873046875 0.05187562722302667 -0.4771283281088396 0.8773012469022718 11.023782730102539
-0.821342385622875 -0.5625729435678906 -0.09438415515691212 -607.7301635742188 0.568382871541115 -0.7930827008122978 -0.21899940869999646 346.22308349609375 0.04834870130625368 -0.2335198339277219 0.9711492625978606 11.018712043762207
-0.6397320568273931 -0.7582912840475899 0.12544809287051656 -609.8528442382812 0.7667002203514652 -0.6410576467420298 0.03486926535768958 348.07330322265625 0.05397839920197041 0.11848806729383107 0.9914872214650902 10.994895935058594
-0.6934341018069187 -0.7144851672492523 0.0930596165478868 -611.8522338867188 0.7187090014484989 -0.695049360879893 0.019072419284230542 349.6984558105469 0.05105406632319532 0.0801082500199573 0.9954778503766955 10.969436645507812
-0.8028876826857048 -0.5881413002021098 -0.09726859713263643 -613.829345703125 0.5941151260052141 -0.7760449999442554 -0.21161610315221585 351.400390625 0.04897536159527337 -0.22769270752066834 0.9725006143435179 10.954289436340332
-0.7494311956072525 -0.6610822375100525 -0.036375242946092186 -615.8794555664062 0.6614542877224965 -0.7451972798176442 -0.08461228874051904 353.3197937011719 0.02882894906529509 -0.0874716491275134 0.995749768915215 10.947186470031738
-0.6030695445218983 -0.780439544630445 -0.1649886106589606 -617.9002075195312 0.7942473787383418 -0.5682920708741475 -0.21497726286481145 354.9241943359375 0.07401503791408376 -0.2606880115360065 0.9625817029239543 10.918231964111328
-0.5900952314662324 -0.8052555006337044 -0.05788951977668775 -619.821044921875 0.8036307380378541 -0.5790169660966751 -0.13753904846601062 356.7068786621094 0.0772350612192895 -0.12768293414299242 0.9888032229149988 10.90627670288086
-0.7533582651421914 -0.6568568116055176 -0.03147146945061992 -621.9579467773438 0.6575848166799989 -0.7520444557818776 -0.04484802559390725 358.4911193847656 0.005790786982769119 -0.05448179122581465 0.9984979725622617 10.909016609191895
-0.7529007597097126 -0.6554077720439386 -0.05984227914224592 -623.9453735351562 0.6547237486573285 -0.7366521415134153 -0.16935299037157492 360.1457824707031 0.06691232302523346 -0.16668615643807988 0.9837369903989923 10.870267868041992
-0.8132020081428242 -0.5665354028093461 -0.13319208428480356 -626.1500244140625 0.5788170687643879 -0.7634813243458025 -0.28647350363023394 362.0420227050781 0.0606077128712197 -0.31005468024016614 0.9487849073429069 10.844472885131836
-0.7728342606272834 -0.6340908782701303 -0.025611788209623353 -628.06298828125 0.6343529029521894 -0.7707502832763787 -0.059501221378321124 363.76348876953125 0.017988888704143283 -0.06223149463090636 0.9978996146703301 10.824281692504883
-0.7926782097251215 -0.5850093053797639 0.1715382419347434 -629.9918823242188 0.608342840891077 -0.7773807079209454 0.159994446431442 365.4901123046875 0.0397522799792675 0.23117817278327996 0.9720989706120637 10.813335418701172
-0.8398488655927584 -0.4871407494615689 0.23947395093533264 -632.0591430664062 0.5345659440150197 -0.8188838055156976 0.20897024803416417 367.3179016113281 0.09430341702127197 0.3035180444028827 0.9481474897187473 10.770240783691406
-0.8786558470880651 -0.47313266473858656 0.0641044767182385 -634.0032348632812 0.4662848298602457 -0.8792018519330383 -0.09789055623356858 368.8905334472656 0.10267599437140439 -0.05612116458948414 0.9931304320505758 10.748050689697266
-0.9000530268059568 -0.38046855930122686 -0.2124811152095283 -636.0438842773438 0.42949096476773746 -0.6919312549067904 -0.5803177144168467 370.54022216796875 0.07377032005023518 -0.6135754345362626 0.7861826289185756 10.746711730957031
-0.7679263590415749 -0.6209371598301582 -0.15724551068697173 -638.1229248046875 0.636573695420905 -0.7125492153201692 -0.2950382111604934 372.51422119140625 0.07115502362674629 -0.3266659751009701 0.9424575870159938 10.707115173339844
-0.7315179215985202 -0.6768373443698092 -0.08229665635130948 -640.0331420898438 0.6798585064612357 -0.7149241869779152 -0.16332733410628256 374.1790771484375 0.051710168946536066 -0.17542695385940973 0.9831334814190439 10.7088623046875
-0.586110627648216 -0.803604498375266 -0.1034124864262129 -642.161376953125 0.8068586632404536 -0.5672645408586345 -0.16489402123264219 375.9750061035156 0.07384734058612244 -0.18008539884032781 0.9808750274183137 10.664424896240234
-0.6910782369258285 -0.7063602759307711 0.15318626255148668 -644.0794067382812 0.7192024773206328 -0.6930967418031321 0.04862821318686188 377.7043762207031 0.07182386137874244 0.14377783935254795 0.9870001346746412 10.64352035522461
-0.7639928110781993 -0.5860090127046748 0.2700155951972464 -646.0280151367188 0.64457633034214 -0.7119365343096704 0.2786892991806394 379.409912109375 0.02891952599008621 0.38696228258581983 0.9216419331131157 10.607269287109375
-0.691114330904455 -0.7062743776780902 0.15341931121574726 -648.304443359375 0.7221444180178269 -0.683457641852687 0.10673842475350058 381.128173828125 0.029468986141059847 0.1845593542159027 0.9823794702798037 10.59967041015625
-0.6380579819064918 -0.7699133986176779 0.010741059276985869 -650.2259521484375 0.7673825626982044 -0.6369834850918366 -0.07332149880488557 382.7708740234375 0.06329308170844392 -0.038540865963737805 0.9972505138923788 10.597240447998047
-0.5799180295139281 -0.8129939902040164 -0.05230536240993356 -652.1559448242188 0.810578049869668 -0.5693805882278371 -0.13699989349925903 384.3996887207031 0.08159843205704972 -0.1218462869416785 0.9891891519039002 10.58639907836914
-0.6174435223329015 -0.7848265918445292 0.05301620000377637 -654.2732543945312 0.7857551094936239 -0.6185168905902559 -0.005075821039401695 386.2575988769531 0.036775054504413277 0.038523717217603545 0.9985807521567474 10.573579788208008
-0.5653616008314292 -0.8183307222908376 -0.10344606933218933 -656.2330322265625 0.8241082812764908 -0.5551053081998681 -0.11271041451364601 387.9013977050781 0.03481093271994173 -0.14897290278196812 0.9882283507367527 10.560516357421875
-0.5008726076009988 -0.8632075126193306 0.0632409765304414 -658.1204223632812 0.8648163237461179 -0.5020749551373456 -0.003669551209895896 389.5600891113281 0.034919294626686775 0.05285385114994491 0.997991539684277 10.550931930541992
-0.6673022863352664 -0.742725485271734 0.05537609754753298 -660.3154296875 0.7446761397256827 -0.6666389529044767 0.032402984332909175 391.3797607421875 0.012849341422111187 0.06285984408420581 0.9979396446813444 10.532663345336914
-0.8511951243320505 -0.5071705279157392 -0.1350737425520424 -662.3276977539062 0.5248165902489104 -0.8195961623716773 -0.22984707356224174 393.0546569824219 0.005865740605615996 -0.2665336493564924 0.9638077644675094 10.522483825683594
-0.8572464606837634 -0.49746673503538735 -0.132873447981123 -664.451904296875 0.5148304222531197 -0.8236597634505943 -0.23776927975494436 394.9546813964844 0.00883979455841119 -0.2722341668596032 0.9621904262807973 10.51106071472168
-0.9792747229389842 -0.19005784698020137 -0.06999308404425608 -666.477294921875 0.20243662563304024 -0.929336224365898 -0.3087937737125634 396.59912109375 -0.006358428664712638 -0.31656310094922285 0.9485501428508291 10.497268676757812
-0.7663526538583136 -0.6424033897457181 -0.0046362449817145155 -668.3099365234375 0.6423698343345982 -0.7663630074139174 0.006981175004025666 398.22955322265625 -0.008037777134288583 0.0023718580705458276 0.9999648835974354 10.477283477783203
-0.6474115591104403 -0.7449597669917597 0.16091369952173817 -670.3497924804688 0.7607958380798557 -0.6442372217336385 0.07840978824925462 400.1737976074219 0.04525445713472816 0.17318587614614026 0.983848914423823 10.42608642578125
-0.7962473763959005 -0.604707315620391 0.017865553946804322 -672.36376953125 0.6037749601546727 -0.7961825384546571 -0.03935940739037992 401.8364562988281 0.03802516367971131 -0.020553050748714493 0.9990653927706895 10.426767349243164
-0.9087502307077838 -0.4104330324966254 0.07561576571174586 -674.3198852539062 0.4146032431774011 -0.9085651826151276 0.051122007847116326 403.5399475097656 0.04771969127446684 0.07780767812474446 0.9958256856947936 10.397085189819336
-0.9483977684983697 -0.31181927896508854 0.05753616230689091 -676.4811401367188 0.31425393147275305 -0.9485175907065536 0.039482232385631574 405.4378967285156 0.04226274081541368 0.055525826296661945 0.9975624007313237 10.397150039672852
-0.9429740409569835 -0.3303010922818809 -0.04124495749365892 -678.44775390625 0.33195337169350886 -0.9239703595855059 -0.18996245320784363 407.1271667480469 0.02463568758059151 -0.19282106483687775 0.9809246249598408 10.366820335388184
-0.8302481020002492 -0.5573874876078319 -0.002697736683413013 -680.5706787109375 0.5559196332715312 -0.8276904903191225 -0.07669298258991687 408.9610290527344 0.040514817884698955 -0.06517392801972276 0.9970511063321928 10.357406616210938
-0.6864804824915224 -0.709813430264286 0.1578272516856775 -682.593994140625 0.7254100043910505 -0.6835120669487124 0.08118854515801377 410.5608825683594 0.05024811128373543 0.17022381899119282 0.9841234570725723 10.352863311767578
-0.49780741444944326 -0.8487256106147282 0.17847301198169072 -684.5435791015625 0.8656525922193922 -0.49886462736126574 0.04218617251602791 412.1625671386719 0.053229387588124816 0.17549621492887524 0.9830400352186226 10.340007781982422
-0.6630167791198183 -0.7281480564615622 0.17380782052839913 -686.67529296875 0.7467714262956634 -0.6595579646187693 0.08553203011905755 414.0272521972656 0.05235635084613171 0.1865038851584501 0.9810581600225753 10.332496643066406
-0.6621856187730628 -0.7482247255654577 -0.04086522167603618 -688.6771240234375 0.7470062184492712 -0.6548404644070847 -0.1147417786738274 415.7215881347656 0.05909243511868299 -0.1065069304205572 0.9925544609159414 10.310251235961914
-0.9234840678809536 -0.3464867974279342 -0.1646938844589562 -690.6573486328125 0.37808460233038343 -0.7492139941625938 -0.5438110190421014 417.4384460449219 0.06503237540427176 -0.5644690338353971 0.8228885100608776 10.3023681640625
-0.9331567209962507 -0.3228034000139471 -0.1581660488188324 -692.7388916015625 0.35748739936559487 -0.7872066576136171 -0.5025021766158044 419.28839111328125 0.03770004448736532 -0.525455652884459 0.849985331342499 10.259132385253906
-0.9094559381921137 -0.4136352192144462 0.04237690305484461 -694.6574096679688 0.41327124710253177 -0.9104411784824349 -0.017428047562299723 420.8966064453125 0.04579053183160024 0.0016631142271906433 0.9989496790357595 10.226911544799805
-0.923973328326563 -0.3420530923092018 0.1710934556984766 -696.7112426757812 0.3770485980011724 -0.889642703056337 0.25762417519317715 422.3372802734375 0.06409089862440856 0.30254841420891165 0.9509767682615538 10.21099853515625
-0.8108143985817344 -0.5347281598237932 0.23800379438992247 -698.9240112304688 0.5816867900159868 -0.7813100014957584 0.22626347447963302 424.0220642089844 0.06496529360695454 0.3219013461515161 0.9445417057877351 10.171699523925781
-0.8188189198562716 -0.4903983456299098 0.29840415394035 -700.9312133789062 0.568466779802958 -0.765026453632571 0.3026219514556514 425.67950439453125 0.07988176729306747 0.41742542788601056 0.9051933027858287 10.118133544921875
-0.7514830227674416 -0.6535826849766048 0.09001633402378219 -703.25 0.6518672722303863 -0.7565893635045629 -0.051396443716234017 427.2209777832031 0.10169722654637266 0.02005514723288999 0.9946132239128147 10.101066589355469
-0.8846317812695389 -0.4504107314915725 0.1206515003019396 -705.240478515625 0.4556213625676283 -0.8899873622739299 0.018211780931863042 428.796875 0.09917552893683078 0.07108212116924296 0.9925278567930377 10.059040069580078
-0.8544080276794589 -0.4873880852915806 0.18011045653349558 -707.2257690429688 0.5086497530518111 -0.8553385800398062 0.0983429825448649 430.4135437011719 0.10612422417727632 0.17563817299008494 0.9787179783939174 10.057727813720703
-0.37568228195368386 -0.9073920757706857 0.1884209220193955 -709.5633544921875 0.9210353586636437 -0.38810881319185137 -0.032640729375216684 431.95477294921875 0.10274575960790902 0.1612797877955543 0.9815457905422522 10.068191528320312
-0.12209589530756926 -0.9840607430777332 0.12929441705790048 -711.4402465820312 0.9862620671968138 -0.1348959597139352 -0.09534261828544165 433.6081237792969 0.11126422227162767 0.11587723670400314 0.9870120256897248 10.058708190917969
-0.7217816615578418 -0.6385017388874548 0.2671081475292312 -713.215576171875 0.684519849400286 -0.7155906211012939 0.13914969913324957 435.5674133300781 0.10229276032941263 0.2832765299659694 0.9535673016387614 10.009109497070312
-0.971462378803219 -0.18710232444054908 0.14578603074003701 -715.4255981445312 0.22027099233865816 -0.9396271251436451 0.2618808042381723 437.5244445800781 0.0879860017510416 0.286519782708337 0.9540256168534644 9.985698699951172
-0.9902384353854141 -0.06842601042619599 0.12143196524227591 -717.2559814453125 0.10617484234261755 -0.9347383474576607 0.33910341290768814 439.37353515625 0.09030362085192097 0.34868625279651594 0.932878959550357 9.943519592285156
-0.763030671354006 -0.6428966361561543 0.0668439211309202 -719.1544189453125 0.6412492888096304 -0.7659179058256704 -0.04657371723153498 441.0926818847656 0.08113904223121242 0.00732644215981984 0.9966758645974532 9.960128784179688
-0.5703730921037071 -0.7445049155445035 -0.34696825003756177 -721.202880859375 0.8193471760593721 -0.4859612480637192 -0.3041576408112821 442.89923095703125 0.057833734857680896 -0.45777078992703796 0.8871872198143904 9.96390438079834
-0.18556740666887495 -0.9498993526549226 -0.2515073704843409 -723.056396484375 0.9812109552728601 -0.16536866756766255 -0.09938946141023987 444.6095275878906 0.052818546313866316 -0.26522523185521973 0.9627386860164263 9.928705215454102
-0.4320786500835624 -0.8594140000199447 0.2733415751613446 -725.192138671875 0.9017484418442828 -0.4159356343352151 0.11767453302040516 446.3624267578125 0.012561360331375254 0.29732999286967465 0.9546921428223575 9.901741027832031
-0.6603285763552456 -0.5050659269208304 0.5557648609909203 -727.095947265625 0.7509234010168122 -0.45289544889534333 0.4806243420544044 448.0821533203125 0.008956397378318881 0.7347068271313991 0.6783256305879306 9.889095306396484
-0.955598099527326 -0.28445569867701 -0.07692351831486466 -729.1275634765625 0.2925408418297643 -0.8844411920853162 -0.3635706720903626 449.87518310546875 0.03538542131013864 -0.36993071409776085 0.9283852318546569 9.914240837097168
-0.9944958761670062 0.007827693603658842 0.1044829148696862 -731.5665283203125 -0.06277445377100234 -0.8429271808775671 -0.53435300662722 451.4573059082031 0.08388873726890364 -0.5379707194175578 0.838778984482077 9.895465850830078
-0.9880834059886862 0.10041475715984124 0.11665358697583014 -733.5250244140625 -0.12306156483008729 -0.9705967686588083 -0.20687620436060386 453.08758544921875 0.09245017074818024 -0.21876651757892526 0.9713877581661314 9.907855987548828
-0.9772430571038263 -0.19269898942088137 0.08867416094070868 -735.3554077148438 0.20871173971815216 -0.9481481067650487 0.2396968446635791 454.8702392578125 0.03788689808086649 0.25274941565515974 0.9667896957662434 9.854927062988281
-0.7886946188472734 -0.49505737230242697 0.3645257142237986 -737.3474731445312 0.6101683494436252 -0.7028581844300337 0.3656295364394939 456.8420104980469 0.07520228413151003 0.5107921012591456 0.8564088076104022 9.905464172363281
-0.7888470995533072 -0.4313380728102343 0.4377987214128058 -739.10546875 0.6094139969049217 -0.6412264267044896 0.46630810637620257 458.58929443359375 0.07959166980722682 0.6346464658691048 0.7686930658313191 9.908172607421875
-0.883772247058183 -0.46034717975967804 0.08382773656159594 -741.1861572265625 0.45786683410024204 -0.8877302342261881 -0.0478852114095603 460.50128173828125 0.0964602382370638 -0.003937680539036217 0.9953290496671044 9.891399383544922
-0.8014346331326525 -0.5327356471009924 -0.27183682444330004 -743.2514038085938 0.5899506036028438 -0.6294682125261446 -0.5056956147009591 461.9989929199219 0.09828944055274219 -0.5656522781064596 0.8187653425425393 9.898422241210938
-0.6457634895536757 -0.7343679731166687 -0.20902917408815427 -745.2196044921875 0.7601532469065354 -0.5925934384501823 -0.2664583605804897 463.6536560058594 0.07180916917018362 -0.33096328613051046 0.9409074058890079 9.91796588897705
-0.6163304909697309 -0.7800407521604994 0.10804235683237004 -747.4129638671875 0.7833652093730611 -0.6213263177773862 -0.017104256227474003 465.38690185546875 0.08047157662747162 0.07409474884279738 0.9939991416238809 9.943187713623047
-0.5651790588957099 -0.8249627647037819 -0.0030113515325455587 -749.4163208007812 0.8234209369091429 -0.563891777588685 -0.06327735635709303 467.0137023925781 0.05050338647486236 -0.03824264661560175 0.9979914368041466 9.958066940307617
-0.6783821862927236 -0.7337022833742286 -0.038452161085527854 -751.3463134765625 0.7296709997167046 -0.6666882634571577 -0.15200984027655645 468.716796875 0.08589436240597578 -0.13117819460536295 0.9876307203438682 9.94295883178711
-0.7159081461985533 -0.6610574320504891 0.2246744260866464 -753.5301513671875 0.6908715702837253 -0.7172036590164095 0.09118873212833677 470.4444885253906 0.10085633138405642 0.22050392972527016 0.9701577281017053 9.955322265625
-0.4604003568739765 -0.833942192632907 0.30425635693759073 -755.597412109375 0.8824210845458148 -0.46729887084944566 0.05444992976874545 471.9967041015625 0.09677055822564666 0.2935509915661207 0.9510327409775355 9.961273193359375
-0.9151677759907059 -0.39934718992825036 0.054678731556568924 -757.7926635742188 0.3980037265034395 -0.9167515621500825 -0.03405300258066543 473.524169921875 0.06372578346007776 -0.009401871717557696 0.9979231580290167 9.984382629394531
-0.9812174455650606 -0.1929031388846002 -0.0008387653102986409 -760.0279541015625 0.19168880707965574 -0.9745347429818147 -0.116350487587061 475.42193603515625 0.021626968330203833 -0.11432591014217623 0.9932078636977293 9.905360221862793
-0.5116247523981946 -0.830088592471791 -0.2217950436364323 -761.8759155273438 0.8567571907521766 -0.47338690388083704 -0.20462637984520346 476.9224853515625 0.06486315462513717 -0.29471641943114735 0.9533808280481413 9.961007118225098
-0.3896941870417734 -0.9016971497773925 -0.18729840007105825 -764.0038452148438 0.9205189577318464 -0.3751930218745796 -0.10897267911222855 478.6659851074219 0.02798730144416857 -0.21487774761465686 0.9762398601460224 9.944514274597168
-0.5152812642726031 -0.8330538569536463 0.2012622421227626 -765.969970703125 0.8568286914483323 -0.5057349176001872 0.10038319894718811 480.2940673828125 0.018160732379684005 0.22417284522123943 0.9743801738874042 9.928243637084961
-0.568459589203777 -0.7771112532029971 0.27009590072331807 -767.9830322265625 0.8220773914675619 -0.5494223094466911 0.1494118078337639 481.87750244140625 0.03228711631846798 0.306974308416082 0.9511699722406642 9.946407318115234
-0.8167570835218991 -0.5765458699198507 0.022421560943981473 -770.2537231445312 0.576671965992017 -0.8144289502751334 0.06445873558057719 483.633056640625 -0.018902649436100743 0.0655770145104771 0.9976684544537775 9.953004837036133
-0.9221437566093039 -0.3855297123016569 -0.031901929080897326 -772.2869262695312 0.3865552016828754 -0.9215132014008339 -0.03726252401405237 485.231689453125 -0.015032238635428866 -0.0466932605050017 0.9987961609983389 9.957558631896973
-0.8868788392320894 -0.46173986513966664 -0.015563465653394042 -774.2742919921875 0.4618819110028191 -0.8853766232473941 -0.05266246571730102 486.8304443359375 0.010536831152000072 -0.053893709724276005 0.998491083205769 9.960443496704102
-0.7973294677356921 -0.5936736764872008 -0.10870733980043919 -776.4772338867188 0.601744426234178 -0.7680509674858211 -0.21909211953010574 488.5884704589844 0.046576446584273914 -0.24010263886568298 0.9696294949274789 9.96220588684082
-0.8300572034715428 -0.48469217364385436 -0.2758233778587263 -778.4686889648438 0.5564825194083317 -0.6875057595764038 -0.46654371300257375 490.1931457519531 0.03649992545139896 -0.5407488579346866 0.8403918300914012 9.952656745910645
-0.6110702821043142 -0.7857453993745139 -0.09590243839829793 -780.2745361328125 0.7896782782783595 -0.5967295834909624 -0.14255532610894725 491.8284606933594 0.054784369525254804 -0.16284339577793125 0.9851297890670205 9.941228866577148
-0.6904022068201149 -0.5609126363430141 0.4568608182024858 -782.3766479492188 0.7165319529655818 -0.6171825399055083 0.3250656438553831 493.60400390625 0.09963309288205666 0.5517814121792388 0.8280160143235398 9.921195983886719
-0.6515980601412453 -0.4902797572264751 0.5788313464854115 -784.2994995117188 0.7570569223169866 -0.4683905022045717 0.4554944059112922 495.2159729003906 0.04779941832384449 0.73500754900783 0.6763720267052772 9.876937866210938
-0.8119394506327036 -0.49434276601911975 0.31045057286278155 -786.5272827148438 0.5784170274095108 -0.7529891590711861 0.3137531971534524 496.9546813964844 0.07866429246493403 0.4343184960438984 0.8973178773908149 9.926338195800781
-0.8273551287029701 -0.5613760926831206 -0.01844921604633592 -788.6129150390625 0.5543635803330045 -0.8108545774568341 -0.1876056369560136 498.50360107421875 0.09035768815803338 -0.16544405937092918 0.9820711539443587 9.939159393310547
-0.7534603966987716 -0.6565693435103326 -0.034844336253402754 -790.5762939453125 0.6519611002620764 -0.7392105259878374 -0.16886243517682403 500.12847900390625 0.08511259807802854 -0.14994830919752067 0.9850235277480495 9.94744873046875
-0.867721348159315 -0.4949117948404736 0.04606492457784152 -792.8029174804688 0.48761443352279094 -0.865557027375634 -0.11420681494947693 501.87615966796875 0.09639411895353873 -0.07663776933364724 0.9923884451880394 9.984188079833984
-0.9295888567584566 -0.3679637418289916 0.021615783347192656 -794.8203125 0.35856646868926434 -0.9163215892040214 -0.17828301290455953 503.4701843261719 0.08540869348149754 -0.1579792070426476 0.9837417980445681 9.999134063720703
-0.9288546882625996 -0.36049792226130717 0.08526556243800483 -796.7274169921875 0.3539890048618506 -0.9316018855275874 -0.08252097502066222 505.1607971191406 0.10918219877574149 -0.04646692293152766 0.9929350797226221 9.994026184082031
-0.8364498830607663 -0.5420316591503539 0.08095229216238638 -798.8894653320312 0.5364715326595294 -0.8400005094798433 -0.08122461892516729 506.86566162109375 0.11202628161982937 -0.024511722752954074 0.9934028828597774 9.98983383178711
-0.8187671791962896 -0.574055775046292 -0.008959542786998995 -800.9395751953125 0.5668487431346936 -0.805814241028272 -0.17130648371456375 508.4192810058594 0.09111974910835297 -0.14533883201688036 0.9851770476571203 10.005359649658203
-0.8589983704593289 -0.509157315438899 0.053671479234985206 -802.8993530273438 0.503403172107208 -0.8590634239052048 -0.09271073303920842 510.0933532714844 0.09331155266427928 -0.05261997570619219 0.9942454889493145 10.026416778564453
-0.774934580156768 -0.6295329670224894 0.056255132291328856 -805.0948486328125 0.6196730748734276 -0.7742763690225036 -0.12845771541732773 511.7976379394531 0.12442538629301161 -0.06468653496044524 0.9901181623627787 10.01034927368164
-0.6088080962287928 -0.7519721721868136 -0.2527658090464737 -807.1249389648438 0.7870683983327469 -0.5326199375069393 -0.3111901966901091 513.3197021484375 0.0993782587500793 -0.38839909169145787 0.9161168633209701 10.015090942382812
-0.6113017374943382 -0.7737406240844386 -0.1662396835229997 -809.2421264648438 0.7870057485121639 -0.5722468426260298 -0.23055477204636007 515.1054077148438 0.08325945919360908 -0.27177011930299455 0.9587538081847833 9.993999481201172
-0.36399786539346074 -0.8783529206082578 0.3098414124160098 -811.1350708007812 0.9268073897900689 -0.3745681474224484 0.026958582437402123 516.7410888671875 0.092377574224069 0.2969761771513983 0.9504059837695773 10.005256652832031
-0.7122746954252301 -0.701355595520758 0.02766020405958869 -813.2860717773438 0.6990063984285824 -0.7123616073382728 -0.06269765024571478 518.2897338867188 0.06367741524902872 -0.02532329011315136 0.9976491957421945 10.038383483886719
-0.9304133677471835 -0.36519620626975746 0.031027343481525915 -815.5203857421875 0.3590165593339121 -0.9251473591608901 -0.12332669606241045 519.994873046875 0.0737433064174873 -0.10360547651455174 0.9918809555560631 10.025154113769531
-0.8037097571139818 -0.5941327988838879 -0.0325091311815989 -817.5113525390625 0.5903763857017404 -0.7894308540573761 -0.1680911950935918 521.5858154296875 0.07420478101534043 -0.15428915695096565 0.9852352544046655 10.01177978515625
-0.7777579749205186 -0.6267771009963342 -0.047360301035415164 -819.511474609375 0.6273776326575752 -0.7694566410105341 -0.11972378061923461 523.205078125 0.038598425984886706 -0.1228289187097932 0.9916769727285555 10.015872955322266
-0.3400235383045301 -0.6300608671742457 -0.698145613074024 -821.6746215820312 0.9394751942802905 -0.1943659040132269 -0.2821493481990188 524.8543090820312 0.04207555978092076 -0.7518279051835987 0.658015538005269 10.039901733398438
-0.2897833735504331 -0.7487486806713591 -0.5961551891970995 -823.5428466796875 0.9570866899347908 -0.22882617249760412 -0.1778303987786188 526.4911499023438 -0.00326563368980487 -0.6221044895939879 0.7829274165997817 10.020206451416016
-0.5857951091810547 -0.7939767157833351 0.16261938646257826 -825.7890014648438 0.8102854945147215 -0.5779125786838297 0.09723409267350516 528.2357177734375 0.01677818341148879 0.18872738591130758 0.981886177908873 10.007381439208984
-0.6254171920041494 -0.5707860945039359 0.5320306102721808 -827.6964721679688 0.7778743334746309 -0.509695335952693 0.36758969766503263 529.9203491210938 0.06135843272968894 0.6437498728768927 0.7627720786079817 9.96429443359375
-0.6899596984256783 -0.723405574593487 -0.02529800773606951 -829.825439453125 0.7206134335740905 -0.6831569606372042 -0.11837586952372417 531.3870239257812 0.06835125383566361 -0.09990466345473911 0.9926465455130987 9.971504211425781
-0.6629712494231678 -0.7423049375669227 0.09722397904864116 -831.9873657226562 0.7427054346843084 -0.6684678205181341 -0.03923531855519985 533.2848510742188 0.09411567206728186 0.04619688945700229 0.9944888574920391 9.97031021118164
-0.7096144240881181 -0.5729443405773926 0.4101001727949224 -833.9342041015625 0.7010068431066527 -0.6327215672919588 0.3290179694199877 534.9251098632812 0.07097024055005893 0.5209589243730679 0.8506262540459957 10.005546569824219
-0.8143489796481542 -0.5044105964939294 0.2870639118570085 -836.0895385742188 0.5759381777586692 -0.7633945041429242 0.292444946005915 536.4191284179688 0.0716306829929306 0.4034833096783771 0.9121788553046761 10.005451202392578
-0.9827604649046027 -0.18443813186707375 0.01282357726505233 -838.515869140625 0.17154222662358531 -0.9355184541992745 -0.3088340757390968 538.052978515625 0.06895747316652011 -0.3013101348544115 0.9510294787904867 9.963436126708984
-0.9187814769696422 -0.3211981100246063 -0.22950462238069208 -840.5067138671875 0.3936871595935205 -0.7025525180330786 -0.5928156372571214 539.77392578125 0.029172211926233857 -0.6350210496684356 0.7719438117695675 9.974649429321289
-0.8774391785248907 -0.41800049729628425 -0.23532121079414747 -842.4054565429688 0.4793786231172575 -0.7464948164199083 -0.46145598355250467 541.4727172851562 0.017222766553805294 -0.5177075171544896 0.8553843013487953 10.006789207458496
-0.653077728766083 -0.7567652665720311 -0.028210131157036585 -844.4500122070312 0.7553333392503264 -0.6482607502493135 -0.09607052775512542 543.3395385742188 0.05441531775783113 -0.08404957463521037 0.9949746942495343 9.989776611328125
-0.6179746376387529 -0.7293683017377308 -0.293477814588208 -846.49609375 0.7815622267689193 -0.5294468086288346 -0.32991902418737606 544.82763671875 0.0852515860454242 -0.43325276369916055 0.8972314137522042 9.996160507202148
-0.887936459884186 -0.4298481078767448 0.16370536754523873 -848.6898193359375 0.4430763727874822 -0.8948859203662959 0.053502499078600864 546.8033447265625 0.12349968050900983 0.12004080008459575 0.9850573766178409 9.989372253417969
-0.9511025786254609 -0.27780559904670094 0.13501086648971236 -850.6991577148438 0.3084442469882684 -0.8773199316107968 0.36765729164300187 548.51123046875 0.0163104700066971 0.3913231231817651 0.9201087880416261 9.900333404541016
-0.9890700208807545 -0.10895832361030405 0.09934071426648736 -852.7464599609375 0.11854187662078322 -0.9882686299452382 0.09629609832898042 550.0823974609375 0.08768305014178415 0.1070196186789783 0.9903829986099516 9.899009704589844
-0.8775941939032277 -0.4755747338888743 -0.06047398873788671 -855.03759765625 0.46788979288114685 -0.8221932384873483 -0.3241564750291497 551.7271728515625 0.10443932470569289 -0.31277300246698503 0.9440685761017608 9.848567962646484
-0.7618432831439256 -0.5584096550896271 -0.32828869769026203 -857.0657348632812 0.6419466481435192 -0.5831054563725496 -0.49788806742666747 553.284423828125 0.08659857311633619 -0.5900565090321812 0.802704181677765 9.800107955932617
-0.7927931734446005 -0.6075984404999815 -0.04799082455668153 -858.9152221679688 0.5970515691693485 -0.7583750145112946 -0.2615277444505886 555.0152587890625 0.12250880740607298 -0.23599040757408823 0.9640021367408671 9.832145690917969
-0.7678581387487887 -0.634364612192778 -0.0893051933246462 -861.1083374023438 0.6254909784078817 -0.7122863851638787 -0.3184480199978105 556.6858520507812 0.13840128137989546 -0.3003824966732938 0.9437242399158358 9.822509765625
-0.5195524562294376 -0.8525785381240062 -0.05634786203833303 -863.094482421875 0.8420043670936187 -0.49966743442682443 -0.20337428738311486 558.2837524414062 0.14523736096897705 -0.15310875645647398 0.9774782952450245 9.848365783691406
-0.6144119103706245 -0.7832438916609745 0.09501058136066445 -865.2124633789062 0.786218154392561 -0.6178784034291855 -0.00934303373405486 560.04541015625 0.06602286042178698 0.06895857271994804 0.9954324171686157 9.69491195678711
-0.6028800339970972 -0.7942053299995697 0.07598393519641714 -867.2548828125 0.7904908860473037 -0.6075074538090466 -0.07783863207044239 561.5732421875 0.10798066347178775 0.013137251109860838 0.9940661894207392 9.732414245605469
-0.7412729081189593 -0.6701374440757588 0.03781906577997497 -869.2906494140625 0.6667727431032398 -0.7416731302269359 -0.07304161111284183 563.1288452148438 0.0769973034816278 -0.028927045251594584 0.9966115799596 9.692302703857422
-0.8472402550204694 -0.5258604376531475 0.07519807433764678 -871.5234375 0.5229465687726813 -0.8505332408916682 -0.05585778680895834 564.8745727539062 0.09333186209290634 -0.00800039058771548 0.9956029114404572 9.642532348632812
-0.8674998331131508 -0.49085591365778475 0.08065055223516063 -873.5380249023438 0.49577509758873645 -0.8664051875840973 0.0595743530241291 566.435302734375 0.04063363335383509 0.09166527671122819 0.9949604941332694 9.59619140625
-0.7191127816823516 -0.625089500279936 -0.30354558778023905 -875.6170043945312 0.6924907708784559 -0.6083460395842398 -0.38777780799103606 567.8391723632812 0.05773508005738702 -0.48905849625781045 0.8703381226677461 9.55079460144043
-0.9455634602285674 -0.3097289908889596 -0.09988841215819205 -877.9661254882812 0.32382295436456715 -0.8649173260861629 -0.38347974296247417 569.473388671875 0.032379575463268716 -0.3949505934150101 0.9181315765476914 9.533468246459961
-0.6808367123189096 -0.73180301929819 -0.03042551733053729 -879.9083862304688 0.7289233222935635 -0.6729243231611417 -0.1258715437048129 571.005126953125 0.07163910507042678 -0.10787583716556642 0.9915798719117568 9.49700927734375
-0.6342261815300531 -0.7730770414739695 0.010442155316914815 -881.9014282226562 0.770242966726537 -0.6329554857872083 -0.07805847308384833 572.4423828125 0.06695463292492024 -0.041463730629715805 0.9968940947624053 9.486003875732422
-0.6554926573771686 -0.7143634782910171 0.24497795208666737 -884.0802612304688 0.7502842720586231 -0.6529666029382243 0.10348007802846569 574.1629028320312 0.08604003269455365 0.2516335357842332 0.963990496033361 9.41937255859375
-0.5308919819534653 -0.8122766422757781 0.24157888962140087 -886.0341796875 0.8441213280083002 -0.5320731658413923 0.06601007342081797 575.7025146484375 0.07491920380666742 0.2389661118332593 0.9681334155457446 9.365135192871094
-0.7208415595660129 -0.6795283258479624 0.13648699708288592 -888.3631591796875 0.6885024198355681 -0.7246827909742537 0.028271369728634574 577.300048828125 0.07969858143659275 0.11435080601391341 0.9902383699296666 9.366554260253906
-0.9160245368687393 -0.3392787966756071 0.21398351801193372 -890.4113159179688 0.387396580092888 -0.8866398957054179 0.2525739200230699 578.8744506835938 0.10403334843571116 0.3142603911883226 0.9436193453630634 9.3121337890625
-0.9567979158821585 -0.18476757456253248 0.22449652904630196 -892.42919921875 0.2777548928024866 -0.8091271723029703 0.5178469258046039 580.427001953125 0.08596492126348558 0.5578298687156136 0.8254912900090976 9.3013916015625
-0.9120165274844478 -0.40437951863396315 -0.06857884881341898 -894.7410278320312 0.4041047098551819 -0.8573074415836879 -0.3189409570407836 581.9904174804688 0.07018003325782084 -0.31859245991485097 0.9452902239086869 9.324932098388672
-0.9238723913635571 -0.27254821761935527 -0.2686582839755639 -896.5740966796875 0.3741684644746703 -0.4958773266968682 -0.7836476485389559 583.2022705078125 0.08036021819812068 -0.8245138846256501 0.560106319720346 9.253585815429688
-0.5917681217497006 -0.7980158441535707 -0.11393508046557022 -898.6279296875 0.8054650255921536 -0.5797148966181738 -0.12311267679167696 584.3688354492188 0.03219600330263445 -0.1646248800116332 0.9858306478561583 9.233192443847656
-0.5413973971440247 0.32078231440109944 0.7771663690183392 -900.6287231445312 0.8320449494718105 0.07162149667283413 0.5500650536734684 586.4694213867188 0.1207893224756546 0.9444411405597586 -0.30568099645554503 9.596588134765625
-0.6169466209442217 -0.004243424444147548 0.7869935579498053 -902.5369873046875 0.7867760503671606 -0.027444366733925862 0.616628132104938 588.0428466796875 0.018981924932888472 0.9996143256694356 0.020270334044647453 9.14373779296875
-0.6980543797047903 -0.2227593467505805 -0.6805133036247084 -905.0213623046875 0.7126299684344157 -0.12342169732517302 -0.6905980109430787 588.8851928710938 0.06984705479920811 -0.9670291402355089 0.24490004261177337 9.164754867553711
-0.8817348389567423 0.22139265557247156 -0.4165680806644896 -907.49169921875 0.463734121170174 0.5688213635495607 -0.6792590972759547 590.1871948242188 0.086569848287115 -0.7921032435410094 -0.6042169419499577 9.09478759765625
-0.8990852352789849 -0.3643015369602228 -0.24275528804075902 -909.2800903320312 0.42851320679575 -0.618910998446321 -0.6582747204654003 592.080322265625 0.08956657470817596 -0.6958689288728139 0.7125617604983074 9.067218780517578
-0.9771318367615941 -0.18121298182559348 0.11124400570273353 -911.2157592773438 0.19469704520584175 -0.9728025644212553 0.12549195688785356 593.751708984375 0.0854776823213352 0.1442810655398192 0.9858379886937135 8.983882904052734
-0.9729309716412677 -0.1994788704492881 0.1166769243057692 -913.4720458984375 0.21252031521720685 -0.9706397844618146 0.11266554238053664 595.504150390625 0.09077686952719347 0.13441201235082223 0.9867588210371593 9.0025634765625
-0.8119381767140709 -0.5630616397634376 -0.15400645123221035 -915.4382934570312 0.577725023167492 -0.7373102642444717 -0.35015335475455395 596.9662475585938 0.08360738484339346 -0.37327625703579964 0.923945150500284 8.950878143310547
-0.6151308739367155 -0.7674989152083533 -0.1804422984886123 -917.62158203125 0.784980625854846 -0.5748187988159578 -0.23106009079958764 598.6583862304688 0.07361674376381253 -0.283775903983725 0.9560605688740818 8.903816223144531
-0.7024878826246727 -0.7099116343258838 0.05036115779305799 -919.5632934570312 0.7077296717258212 -0.7042820328786751 -0.05572728167731195 600.189453125 0.075029904200698 -0.0035056544373103585 0.9971751219633394 8.895416259765625
-0.8904965039016106 -0.24113163621893685 0.3858387105428729 -921.5776977539062 0.4492410981826912 -0.6003551902356774 0.6616313786850597 601.7919311523438 0.0721000155521355 0.7625150356363221 0.6429404390656415 8.843013763427734
-0.8663926595517236 -0.36788357071321537 0.33767652846205654 -923.88916015625 0.4962685436895032 -0.5591520706806602 0.664128371926565 603.3455200195312 -0.05550938676648329 0.7429741854552047 0.6670142934960123 8.79389762878418
-0.8202114838973213 -0.5554234600955036 0.13695948911445568 -925.8920288085938 0.5710851196454046 -0.7810257410892176 0.2527065054082151 604.8696899414062 -0.033390235137655516 0.285488304018881 0.9578003552232977 8.823673248291016
-0.8212898125163433 -0.5651161776316987 -0.07827355642749534 -928.0208740234375 0.5703969740615399 -0.8106149100777909 -0.13247927966672518 606.3379516601562 0.011416472235717526 -0.15345088249506345 0.9880903252350858 8.739225387573242
-0.8414327935667651 -0.5253161280373106 0.12662471928623473 -930.2362670898438 0.5394064914424308 -0.8304858773625745 0.1390461955289755 607.92333984375 0.032116832038618114 0.18530022429884707 0.9821569813296653 8.668521881103516
-0.724591471542131 -0.6771390090806927 0.12825740426823895 -932.2443237304688 0.6871222161929867 -0.7241747425008432 0.05860036124355799 609.3682250976562 0.05320018216554502 0.13058983385032236 0.9900080989125785 8.58914566040039
-0.6411877027862147 -0.7115506318020849 -0.2873569699481651 -934.4357299804688 0.7650388891466772 -0.5634658180243486 -0.3118040570797147 610.9539184570312 0.05994854367668333 -0.4197641841560633 0.9056512583830707 8.594131469726562
-0.8999411540377846 -0.4308826197875839 0.06667898645096862 -936.3062744140625 0.43194073631042795 -0.9019005365999937 0.0016193814401089142 612.767578125 0.05944005034272279 0.030258718506103423 0.9977731657895109 8.542675018310547
-0.8497723042483103 -0.39494022999357664 -0.3491550453095843 -938.4423217773438 0.5225396749663969 -0.5436745733827608 -0.6567878244479607 614.1890258789062 0.06956521414133168 -0.740567466872326 0.6683715343966833 8.556400299072266
-0.6944909453650611 -0.15651918765013478 -0.7022706534544111 -940.730712890625 0.7164827080309004 -0.0611287349075941 -0.6949214393449843 615.7035522460938 0.06583962255854181 -0.9857814269227936 0.15459664432131046 8.492958068847656
-0.247253944781393 -0.6694107595301734 -0.7005388795886183 -942.6170043945312 0.9650671812926538 -0.10546810317690708 -0.23983705886313253 617.2699584960938 0.08666500090516521 -0.7353677408191782 0.6721037593858601 8.452812194824219
-0.4393840324437253 -0.8497914520773846 -0.2911978022061668 -944.7123413085938 0.8966766213123254 -0.39543082547976255 -0.199011303830477 618.6509399414062 0.053969517557637445 -0.3485526505947188 0.9357341187206929 8.358718872070312
-0.9372126821127901 -0.2526734703978622 0.2403923997218942 -946.8558349609375 0.3487559041141178 -0.6764177448473035 0.648712843869483 620.7023315429688 -0.0013068406538536276 0.6918201730311054 0.7220686534912845 8.318092346191406
-0.9991281225992856 -0.022262601494730652 -0.03531814273024108 -948.9611206054688 0.0012928645278172113 -0.8620531458001557 0.506816241173631 622.232666015625 -0.04172916405272908 0.5063286979727124 0.8613303236718874 8.230293273925781
-0.9660629506767715 -0.25689031479406 0.02701372789339882 -951.128173828125 0.25814696825927164 -0.9638490239195838 0.06599395326704062 623.5791015625 0.009083947833207139 0.07072782517704405 0.9974542879939357 8.289299011230469
-0.8924814126914236 -0.4358934238352639 0.11607691871122323 -953.2888793945312 0.44838604231867313 -0.8291644301745169 0.3338207674593745 625.1823120117188 -0.04926342511557706 0.34997610031334947 0.935462369181862 8.15649127960205
-0.8097304330528745 -0.5752989952144607 0.11561873504426767 -955.2285766601562 0.584838050590933 -0.7750935051421377 0.2391537431600696 626.5912475585938 -0.047969577536203685 0.26126829963029813 0.9640735424433611 8.130735397338867
-0.22973467769979228 -0.7724978533704212 0.592004260457865 -957.5105590820312 0.9732255222521649 -0.1869368157915453 0.13374120434151465 628.0104370117188 0.007352598124026943 0.6068786480341921 0.7947604959112007 8.006881713867188
-0.9664793761080946 -0.24326439482224285 0.0820978061185336 -959.6928100585938 0.2563920908474911 -0.9312227248237835 0.2590122246586447 629.4261474609375 0.013442890632607514 0.2713792014571793 0.9623786249225945 8.028160095214844
-0.991953740745276 0.10200740771867624 0.07498176439621626 -961.8578491210938 -0.1232747218409173 -0.9131281239478833 -0.3885876634820816 630.9991455078125 0.028829137630154694 -0.3947043425476021 0.9183557931420516 7.9686279296875
-0.997773445941936 -0.05522988507301017 0.03738730222919 -963.9618530273438 0.0608715307178966 -0.9831982934963962 0.17209233688294978 632.77197265625 0.027254491762182545 0.17398498630800474 0.9843710769918976 7.944572448730469
-0.920040401432692 -0.3649942424728051 0.14249513217395893 -965.9408569335938 0.39147583874177483 -0.8715988585278591 0.2950628704096074 634.2589721679688 0.01650234568159288 0.3272531631239582 0.9447925908962078 7.850250244140625
-0.8125914537760445 -0.582266087755963 -0.02571638192864293 -968.052001953125 0.5825057540763178 -0.8128232541724064 -0.002324638586959139 635.6187744140625 -0.019549315029304765 -0.016868921896339758 0.9996665762922856 7.793051719665527
-0.7820473073332693 -0.6205971090999166 -0.057107243582661796 -970.2760009765625 0.6226998473562254 -0.7743686764747547 -0.11224104862870146 637.2275390625 0.025434409671088024 -0.12333848171419678 0.9920386634265422 7.721523284912109
-0.6939132446038835 -0.7033888228143383 0.15404081570535402 -972.2134399414062 0.7193694608662997 -0.6865573360772775 0.10557747416661328 638.7432250976562 0.03149583680807338 0.1840738662014028 0.982407666931314 7.669193267822266
-0.6497018321987393 -0.6619700197323273 0.373742186825602 -974.4016723632812 0.7596148179554367 -0.5844379834083553 0.28533764541697554 640.4276733398438 0.02954416321593248 0.46928449423047974 0.8825526646578734 7.581817626953125
-0.7072472093148787 -0.6889966064732712 0.1583826416771525 -976.4560546875 0.706540525610421 -0.6966295166748913 0.12453032629628058 641.8865356445312 0.02453305090010073 0.19997748064625792 0.9794933060761106 7.5590972900390625
-0.8145652611133851 -0.5796449202710368 -0.022253129920666193 -978.494140625 0.5795379706973367 -0.8148620327986267 0.011645085800577385 643.3673095703125 -0.024883245513711058 -0.0034108514000519763 0.9996845453368933 7.622348308563232
-0.6748887552516187 -0.7356759003390703 0.0574990234283942 -980.7609252929688 0.7352704048764673 -0.6770179609295857 -0.032001754507241145 645.023193359375 0.062470791156478446 0.020679705970937025 0.997832526034925 7.562877655029297
-0.660778883580692 -0.6623113079168712 -0.35315010748872544 -982.8023071289062 0.7488712320179416 -0.5500065527761377 -0.3697088986746739 646.377685546875 0.05062751099733287 -0.5087597893984483 0.8594186010446025 7.397609710693359
-0.3002732415172125 -0.9415215013130208 -0.1528831023822487 -984.7348022460938 0.952719450503961 -0.28822646682303305 -0.09618291144554561 647.8624267578125 0.04649332274828786 -0.17453585989127376 0.9835525428526111 7.347526550292969
-0.2810406615385974 -0.9567535927747368 0.07509133954445205 -987.0384521484375 0.9593157584089802 -0.2822700415159922 -0.006074481933678329 649.467041015625 0.02700781794499592 0.07032912892388707 0.9971581576633953 7.256038665771484
-0.6391912770375316 -0.6855179306168206 0.34856803950156046 -989.0692749023438 0.7690474341195512 -0.5693262315140566 0.2905747514567251 650.8646240234375 -0.0007452739524450303 0.45379820285324485 0.8911041665562457 7.166103363037109
-0.9229443551170066 -0.3845991642755947 -0.01603746227329227 -991.2887573242188 0.3839304608181692 -0.9167348090366297 -0.11042957555167167 652.2772827148438 0.027769022553942823 -0.10807762367432146 0.9937545515102361 7.142402648925781
-0.9658327922847415 -0.25544095300750264 -0.04378283766589009 -993.6222534179688 0.25792641683538603 -0.930894215574685 -0.2586695245057875 653.9412231445312 0.025317599529133393 -0.2611242595704396 0.9649731292724537 7.071613311767578
-0.9164279252695297 -0.3711750454982149 0.1496293533554938 -995.5368041992188 0.39942886964815716 -0.8715218424696279 0.28444025065018547 655.5689697265625 0.024828126747312697 0.3204352722434641 0.9469449827864744 7.017597198486328
-0.9347575184524223 -0.35473168273258193 0.019844771663591776 -997.6973266601562 0.3549351763274 -0.9348585467752363 0.007779339736160943 657.1018676757812 0.015792476123354986 0.014315403836566062 0.9997728076472621 6.93339729309082
-0.9846247384558257 -0.1712612459986013 -0.03440508741165485 -999.8150024414062 0.17147906676275007 -0.9100837280054833 -0.37728310018051125 658.6604614257812 0.033302463617176106 -0.3773820261202804 0.9254586712967676 6.871150970458984
-0.9839785762248595 -0.1772055429891443 0.019605026509064157 -1001.7575073242188 0.17425106627945305 -0.9326089287512814 0.31603346644597785 660.335205078125 -0.037719059253542214 0.3143863571265615 0.9485454607037652 6.834371566772461
-0.896940838418985 -0.44193459791643264 -0.01381823218392588 -1004.021484375 0.44115518076841176 -0.892388570685241 -0.09499865994603406 661.705810546875 0.029651962117840068 -0.09130416241767557 0.9953814902175792 6.704380035400391
-0.5884188673980963 -0.7828264014320179 -0.20235133236759004 -1006.0413818359375 0.8081350899748998 -0.5613208061582005 -0.1784282178501172 663.0050048828125 0.026094306681773788 -0.2685177420486499 0.9629212373625853 6.7099456787109375
-0.22264812119388078 -0.959457818951336 0.1728250785678409 -1007.8636474609375 0.9689726963573736 -0.23730649891024436 -0.06911974601286588 664.3656616210938 0.10732999507479683 0.15207340079089296 0.9825242759999044 6.578117370605469
-0.5577338672981389 -0.8259528915192587 -0.0820655485550289 -1010.040771484375 0.8293103990820656 -0.5504396644140068 -0.09623116862088238 665.66259765625 0.03431027897011367 -0.12172919465260368 0.9919701648367361 6.500087738037109
-0.25186812357181854 -0.8240139396918008 0.5075071186909682 -1012.2440795898438 0.9636053059555437 -0.2620855484105913 0.05268756635718333 667.2557373046875 0.08959499239764568 0.5023068708547763 0.8600351997618173 6.535545349121094
-0.7572820371923094 -0.5703388327798056 0.31817845931054933 -1014.2258911132812 0.6529148195403824 -0.6723740621271223 0.34873393726912044 668.5614624023438 0.015038436435207247 0.4718333777956388 0.8815594756041946 6.491485595703125
-0.9666898737021115 -0.21698717223094177 0.13574702637264363 -1016.576416015625 0.23998406636785674 -0.9527963395507375 0.18597522208150125 669.999755859375 0.08898503228826593 0.21235748733194032 0.9731320370857806 6.426055908203125
-0.962310942529656 -0.2596582554702628 0.0808408328372763 -1018.7380981445312 0.26596461181248476 -0.9606140739748145 0.0805197251916801 671.4566650390625 0.05674923040111634 0.09898581336559875 0.993469342054012 6.324474334716797
-0.9751910507517493 -0.22136338336268715 -0.0008167251207219263 -1021.0458374023438 0.21700957743810959 -0.9552695762884856 -0.2009151062457726 673.0330810546875 0.04369505502722179 -0.1961078507450453 0.9796083161357538 6.149326324462891
-0.9782490587976516 -0.20597929112979532 0.024521635083642548 -1023.0429077148438 0.1909863752780475 -0.940501039797079 -0.2810373615709579 674.4817504882812 0.08095049981106425 -0.270241236243249 0.9593834951749268 6.213554382324219
-0.7851656892684337 -0.4955403229909173 0.37142243966363 -1024.790771484375 0.619171447510556 -0.6396809496019443 0.4554503280315404 676.052490234375 0.011897856248432898 0.5875781403408505 0.8090799527922314 6.150779724121094
-0.7216766460147265 -0.42679204933903603 0.5450058396181833 -1026.9287109375 0.69012586381486 -0.5049395054782796 0.5184229816483291 677.5130004882812 0.0539361723774362 0.750256384463562 0.658943280473316 6.112800598144531
-0.9668922483927085 -0.22701910218574817 0.11654058194839138 -1029.0908203125 0.24924443537806357 -0.9381149989420903 0.24045261527575887 678.7809448242188 0.054741131073107865 0.2615388613622432 0.9636393685223626 6.0845184326171875
-0.994515523444324 -0.09413792541813434 0.045573288516762456 -1031.366943359375 0.02461739451915467 -0.6341855510652025 -0.7727888914232748 680.0642700195312 0.10165066411662341 -0.7674286532428245 0.6330248057276697 6.024200439453125
-0.9033197644047344 -0.25159668920735234 -0.3474370579193786 -1033.70361328125 0.4156945476304026 -0.31349767421168684 -0.8537665086744839 681.5484619140625 0.10588411734594408 -0.9156518520943218 0.38777601711569054 5.965858459472656
-0.5796188060853237 -0.7714839245758982 -0.26240158870173397 -1035.49658203125 0.8142708230058886 -0.5358031969468541 -0.22333374340400053 683.0413208007812 0.03170278274122236 -0.34311439530060633 0.9387584595112645 5.956775665283203
-0.5631235623812095 -0.8233401959717934 0.07073029894058774 -1037.631103515625 0.8252756576708711 -0.5559034009200917 0.09945600887521575 684.625732421875 -0.04256691610872507 0.11437801599347955 0.9925249251834374 5.978452205657959
-0.45423343539889705 -0.8672560010662361 0.20381122339144367 -1039.4520263671875 0.8900066970843291 -0.45189492642390783 0.06065521096636506 685.91650390625 0.039497662092324415 0.20894497861143196 0.9771294339043876 5.836799621582031
-0.6549232536461671 -0.7175516790309047 0.23705509856033052 -1041.4251708984375 0.7556922592608815 -0.6227672782573521 0.20270699648782414 687.4337768554688 0.0021774128462955095 0.31189822867701505 0.9501130216039761 5.826873779296875
-0.8339407907475078 -0.4563775363293575 0.31026166676108646 -1043.7745361328125 0.5510991135051931 -0.7181125080976187 0.4249755202450346 688.9157104492188 0.02885350275463547 0.525389350908156 0.8503725685433972 5.7274627685546875
-0.9737431824544265 -0.20880139957028954 0.09069834706881061 -1045.88720703125 0.22728090461771994 -0.9143354121287826 0.33516286268535306 690.29296875 0.012946235733873816 0.3469765549209027 0.9377844450168414 5.646781921386719
-0.9638261662153065 -0.26612376143751304 0.014739908990703937 -1047.983642578125 0.2658541856920539 -0.9559645473030427 0.12431144858661927 691.6982421875 -0.018991399862030793 0.12373329340981101 0.9921337605551191 5.6044769287109375
-0.9987335794930705 -0.027625785458925148 0.042048224347002665 -1050.322509765625 0.026084536042615042 -0.9989831949927432 -0.03677190641688518 693.3199462890625 0.04302132229952892 -0.035628529297012594 0.9984386679850354 5.646209716796875
-0.9488907850429142 -0.3142121954328976 -0.02961375190482423 -1052.3292236328125 0.3137495173123196 -0.9289927109350948 -0.19630023794114407 694.704833984375 0.03416896906446507 -0.19555878725002843 0.980096547429063 5.61004638671875
-0.7379872776316352 -0.4782195646543884 -0.47611009864905696 -1054.2569580078125 0.6732827065720798 -0.4742872713172175 -0.567223043693962 695.8710327148438 0.0454441974824312 -0.7391600856703742 0.6719949350009586 5.498096466064453
-0.7176223676871256 -0.6964262505010775 -0.002935133409966782 -1056.3612060546875 0.696432435624409 -0.7176160083978191 -0.0030211093053052395 697.508544921875 -2.318895927798381e-06 -0.004212137722300496 0.9999911289058674 5.390056610107422
-0.9662175214038135 -0.09505290975668605 0.2395592738322985 -1058.2818603515625 0.25731923261694883 -0.4081140617314293 0.8759165058054901 699.0122680664062 0.014509095688409995 0.9079690837048704 0.41878589897278307 5.333620071411133
-0.9548860897060186 -0.29694123887473434 -0.004296084436709077 -1060.619140625 0.23438496719341897 -0.7624469582718673 0.6031072234484658 700.3899536132812 -0.18236294261633657 0.5748917606624013 0.7976485571244989 5.2394866943359375
-0.998204405772614 -0.05098494502787031 0.031440414702232085 -1062.6986083984375 0.059572011988085025 -0.8998190635548899 0.4321768483513354 701.8682861328125 0.006256171659628785 0.4332738028587775 0.9012406293950906 5.19189453125
-0.9564467451432808 -0.24831567030651447 -0.15345667657371853 -1064.8785400390625 0.27863809032891795 -0.6199387342837432 -0.733509904740573 703.0364990234375 0.08700826582962215 -0.7443220362282023 0.6621285887668836 5.203948974609375
-0.8858512073722272 -0.31316909539593407 0.3423342753597124 -1066.9859619140625 0.4616469452626347 -0.6686702859002708 0.5828911962654161 704.4932250976562 0.04636524912954679 0.6743924424568696 0.736915936338883 5.158042907714844
-0.6924759531587322 -0.378971911257865 -0.6138870781947328 -1069.125 0.7181165756119235 -0.4436741931169189 -0.5361546364561771 705.3211669921875 -0.06917830677538778 -0.8121166793260755 0.5793797209361736 5.0010833740234375
-0.5417488238551332 -0.3673900686432545 -0.7559978500722636 -1071.1282958984375 0.8389614848345561 -0.29145026815284936 -0.45956541227319225 706.7969970703125 -0.05149600776542518 -0.8832221004118597 0.46611895748648363 5.0789947509765625
-0.8326667008022441 -0.5529879218329643 -0.0295046383127387 -1073.24755859375 0.5529221138412428 -0.8331591729308518 0.011087316470216206 708.8515625 -0.030713212147834557 -0.007081727757995492 0.9995031504360172 5.016158103942871
-0.9197406147908984 -0.25441737325459224 0.2989130336574395 -1075.29150390625 0.3910953800493193 -0.6589309897291629 0.6425374343013984 710.3307495117188 0.03349037485813619 0.707871281350486 0.7055470528824297 4.97343635559082
-0.8330031612618994 -0.2445688121141973 0.4962779760061209 -1077.2459716796875 0.5513159526578191 -0.44221221745084505 0.7074595925437773 711.68798828125 0.04643763207445839 0.8629220421789309 0.5031988627263184 4.9100799560546875
-0.6661982017681767 -0.7445510264576091 0.04270509292542275 -1079.400390625 0.7456076012620293 -0.6661682588817825 0.017004581697228894 713.073974609375 0.015787998642359552 0.04316966364631043 0.99894300099632 4.871562957763672
-0.7984164866089843 -0.5627300562343851 -0.2141634836320403 -1081.5343017578125 0.601284822172738 -0.7266202525421773 -0.3323846735639914 714.458251953125 0.031427321484087015 -0.39415465544122164 0.9185066309278054 4.775196075439453
-0.8135584288128814 -0.5773021270260105 -0.06960558195116198 -1083.7606201171875 0.5809427185847534 -0.8017981667433915 -0.14009017642323282 715.7542724609375 0.025064728821032785 -0.15440839983038654 0.9876891238800534 4.741645812988281
-0.7466132461057471 -0.6162798627997461 -0.2505350104216274 -1085.70068359375 0.6598811543323762 -0.6382691873428954 -0.39644584326943133 717.2025756835938 0.08441281239485893 -0.46131504982621785 0.8832116971074513 4.7016754150390625
-0.8016952323424159 -0.5427050453957675 -0.2505114531142586 -1087.7939453125 0.5943969051519286 -0.679610151548618 -0.42990971268148054 718.6641235351562 0.06306404352123841 -0.4935597994306687 0.8674224177416151 4.6720733642578125
-0.8305014037693045 -0.5508029657039484 -0.08296692900758845 -1090.0888671875 0.5568682001682348 -0.824455619366606 -0.10085008347154223 720.0869750976562 -0.012854025774280374 -0.12995778032330882 0.9914362053883411 4.512502670288086
-0.8390124172778275 -0.543180058727601 -0.03183688826340717 -1092.095947265625 0.5433879540616962 -0.8394780817513148 0.0024660980874321543 721.5010986328125 -0.02806590519225542 -0.01523069465956297 0.9994900354210274 4.509734630584717
-0.7348820016365816 -0.6769481421154453 -0.041105432208628695 -1094.3232421875 0.6776568596334804 -0.7353629125794898 -0.0047505151614232 722.6403198242188 -0.02701155793915928 -0.03134644619500786 0.9991435212463937 4.475708961486816
-0.662901871491992 -0.7219587758180654 -0.198334653532092 -1096.64990234375 0.7470715024091459 -0.6203279488724119 -0.23890878204010824 724.1260375976562 0.049449762997978444 -0.30654324632427754 0.9505713855741805 4.467674255371094
-0.7955599271861649 -0.6056877272591144 -0.015059193312798959 -1098.64453125 0.6025575838041328 -0.7883621830001586 -0.12413471156509562 725.5499267578125 0.0633147728075289 -0.10783063323060257 0.9921510943810009 4.467166900634766
-0.9309103787485379 -0.25219946138721905 0.26419935354623875 -1100.608154296875 0.34897287757106554 -0.827658166527378 0.43954509450147355 726.9841918945312 0.10781371646513249 0.5013754990588748 0.8584863490384924 4.417388916015625
-0.7940016487903041 -0.5445195834981421 0.2702957730066976 -1102.8529052734375 0.6079052465017493 -0.713783144809915 0.3477999905993601 728.4541015625 0.0035486608637263217 0.44046798450316166 0.8977613054892689 4.347633361816406
-0.7181066463036245 -0.6857135172101372 0.11882683556277977 -1104.902099609375 0.6944154122468911 -0.7172885879074595 0.05730895996005311 729.6661376953125 0.04593560458447525 0.1236691310433837 0.9912597370308314 4.303768157958984
-0.8671571682584833 -0.49271057444899646 0.07262737337993211 -1107.2254638671875 0.4974840055164679 -0.8637939525462222 0.0798102236550292 731.2537231445312 0.023411744770929502 0.10533896416196008 0.9941607479859914 4.243370056152344
-0.8713062926124711 -0.4487642452903953 0.19858498584448145 -1109.2308349609375 0.48670288183913785 -0.8420219737253347 0.2326355531151028 732.61279296875 0.06281440331157515 0.2993487062150653 0.9520738956740581 4.220676422119141
-0.8657474147520345 -0.4985292306306255 0.04415903143192059 -1111.3355712890625 0.4973482946622705 -0.8668296395710868 -0.03537018175795968 733.8968505859375 0.05591142679900104 -0.00865922443965986 0.9983981821825416 4.189563751220703
-0.851916572307057 -0.5184590249627816 -0.07374546266202898 -1113.659423828125 0.5228619201292044 -0.8342570797946929 -0.17501582011701974 735.3389282226562 0.029215857122398773 -0.18765757178188494 0.9817999131419448 4.1272430419921875
-0.8212026130485243 -0.5475410809512026 -0.16070168945305038 -1115.7861328125 0.5663512535680443 -0.8164972170279384 -0.112154144673911 736.6793212890625 -0.06980348060219285 -0.18311487994267556 0.9806102257469065 4.096403121948242
-0.698454018623558 -0.7123204538773116 0.06900402058303351 -1117.7978515625 0.7156532688467727 -0.6949900981544131 0.0694921740647693 737.9137573242188 -0.001543585932685991 0.09792004113224383 0.9951930882432456 4.127809524536133
-0.5707811449352467 -0.8183862042885144 0.0667300922871152 -1120.088623046875 0.8208938755420552 -0.5705794823400772 0.023922780567367626 739.4120483398438 0.018496747929132737 0.06843299615512576 0.9974842331351803 4.010585784912109
-0.5911044441258281 -0.7976582794030793 0.11973639978892929 -1122.1351318359375 0.8061792891737232 -0.579488423106801 0.11944924107144027 740.6971435546875 -0.025893818606876548 0.16713598291484552 0.9855937669106081 3.9442548751831055
-0.8405519103540122 -0.5413364132856134 -0.020673017469360164 -1124.4713134765625 0.5411658307701145 -0.8408060607608516 0.013590871742145981 742.0510864257812 -0.024739232144771084 0.00023630253290578707 0.9996939104315883 3.911113977432251
-0.8813334613209732 -0.4700802391616252 0.04770638013664504 -1126.527587890625 0.4703424209455679 -0.8824616980983336 -0.00627363120273991 743.4345703125 0.0450481632817042 0.01690917322505715 0.9988417005941383 3.901012420654297
-0.845889909216006 -0.5324734111252128 -0.030697360329783846 -1128.7115478515625 0.5329439871900127 -0.8460989626565393 -0.009340873060877108 744.62353515625 -0.02099923818971127 -0.0242613238758271 0.999485077507035 3.908658027648926
-0.9201937562904128 -0.3743671599660324 -0.11442325123464836 -1131.0079345703125 0.3895460695131463 -0.8468044259075016 -0.36218244572359604 745.9880981445312 0.038695098022868114 -0.37785115297221694 0.9250574012387378 3.7976112365722656
-0.9859095906056496 -0.16684466996980946 0.012047209405727777 -1132.935546875 0.16725031040437616 -0.9845153836644256 0.05250517115226553 747.3494873046875 0.003100455037557657 0.05378025130802417 0.9985479816953244 3.7427310943603516
-0.911106356847674 -0.3226914039069202 0.2564282830663182 -1135.0189208984375 0.4025536677956504 -0.5630525295943731 0.7217495365164059 748.8898315429688 -0.08851977776761553 0.7608167366468475 0.642901347161455 3.6316070556640625
-0.857588925768764 -0.5074256722636862 -0.08402631448852313 -1137.327880859375 0.5135297125011037 -0.8538838382224448 -0.08467363935157259 750.0323486328125 -0.028783133556161713 -0.11576518453426544 0.9928594831457452 3.646361827850342
-0.6224908252046402 -0.7094763561993549 -0.33037625902920503 -1139.5255126953125 0.7826259365105328 -0.5635800182090647 -0.26433729698338465 751.4658203125 0.0013476041918364379 -0.4231085712551291 0.9060779883064073 3.600926399230957
-0.8775630792306262 -0.47880247818759614 0.025124268201848727 -1141.63623046875 0.4792822844403235 -0.8745989925167306 0.07324680273148279 752.9703979492188 -0.01309709101009492 0.0763203064075117 0.9969973305064247 3.5630064010620117
-0.9115318629468063 -0.36879560232202485 0.1819325879018368 -1143.927490234375 0.4085839218119353 -0.7621118282544284 0.5022397237091776 754.2839965820312 -0.04657082423044516 0.532142241268843 0.8453731681262835 3.5212669372558594
-0.9300880881193052 -0.3426897498252142 0.1322871259923211 -1145.9793701171875 0.3661373781942679 -0.8939256240796112 0.25853510187768663 755.7767944335938 0.02965752227688309 0.2888956800968305 0.9569011011561156 3.6313018798828125
-0.919229626246121 -0.3842316053448157 -0.0859241973227711 -1148.4007568359375 0.3893513105584532 -0.8546876866757718 -0.3433868302821656 757.1895141601562 0.05850171961431246 -0.3491060464944193 0.9352553218791138 3.6823959350585938
-0.8280971614175323 -0.46003810350306723 -0.3203436195361582 -1150.47802734375 0.5592005059070944 -0.6377603963834007 -0.5296758168900462 758.49658203125 0.03936858449926123 -0.6177593545468891 0.7853811141250696 3.2617530822753906
-0.836212231300405 -0.5373705809456525 0.1094621530837469 -1152.5186767578125 0.4760835180628566 -0.8103986352417842 -0.3414652776303135 759.686279296875 0.2722013740826658 -0.23342431478401154 0.9334985276984228 3.116973876953125
-0.7982511308705164 -0.5799296199466656 -0.16271683370953838 -1154.9898681640625 0.5998759471337721 -0.7411110823024379 -0.3015015949192783 761.4554443359375 0.054258456615548796 -0.3382839038396961 0.9394785895850281 3.3193435668945312
-0.6354849081446203 -0.745648703445755 0.20041692186561522 -1156.9925537109375 0.7717068941561712 -0.6218009509257989 0.13353668761658088 762.9107055664062 0.025047974613916765 0.23952366997321373 0.9705673652510183 3.3543472290039062
-0.7708386753559123 -0.5564098781771897 0.31018669223934636 -1159.098388671875 0.6368134027642945 -0.6603459954918817 0.39800986959822476 764.2171630859375 -0.016626082981342327 0.5043324436368142 0.8633495002952264 3.2637062072753906
-0.8171750823625077 -0.5384552389345771 0.20564736912913817 -1161.51904296875 0.5763839962232433 -0.7649492378140954 0.28746156693610087 765.658203125 0.002524611564722043 0.35343828206851285 0.9354544388183239 3.195455551147461
-0.8778022928344176 -0.4790054871058503 0.004108286397837557 -1163.706787109375 0.47586107585856313 -0.8729596527199031 -0.10722724096924777 766.9990844726562 0.054948805058621084 -0.09216934439190419 0.9942260511458129 3.1562728881835938
-0.8564826506195923 -0.5017925169949093 0.12100305399266036 -1165.795166015625 0.5154774758511944 -0.8436801210128816 0.14995607789539747 768.5350341796875 0.026841033469639744 0.19080912791479046 0.9812601263817248 3.1100311279296875
-0.8957229655194996 -0.3646293642403777 0.2544126486136479 -1168.1973876953125 0.4392026990043009 -0.8146413086582809 0.3787618346862062 769.9390258789062 0.0691473660256911 0.4510043957226821 0.8898391297366774 3.047710418701172
-0.8549115798792252 -0.4152597195499367 0.31094301070729136 -1170.4012451171875 0.5135438455061646 -0.7623212741014685 0.3938768764411715 771.2971801757812 0.07347727084716299 0.49641277216810326 0.8649713580791165 3.0146141052246094
-0.8644783281774326 -0.5000064308924927 0.051679678575838585 -1172.685546875 0.49477870425113535 -0.8645437435997281 -0.08808035661902795 772.760986328125 0.08872008752880428 -0.05057355503342077 0.9947718640975743 2.9853515625
-0.9121044204860489 -0.3834652879320144 -0.14498240955724917 -1174.8414306640625 0.4076727439510276 -0.8111170358685296 -0.41939490693532533 774.06005859375 0.04322568645202178 -0.4416373252738809 0.8961517800884422 2.9008750915527344
-0.8540255141734882 -0.5050579324696197 0.12472732655766361 -1176.9207763671875 0.5139701049235731 -0.8562229450335314 0.0521248466948116 775.4791870117188 0.0804683315693843 0.10862206611742986 0.9908209194232933 2.9555206298828125
-0.8502353529903821 -0.5249269866567952 0.03938912546296077 -1179.23828125 0.526289436247368 -0.8461168206222027 0.08429564137369436 777.0556640625 -0.010921255410785827 0.09240121503309218 0.9956619615314529 2.908535957336426
-0.8494822159007644 -0.5271135379246851 -0.023049577107793724 -1181.3526611328125 0.526969589183807 -0.8497933712187953 0.012420881935040559 778.4906616210938 -0.02613459285652364 -0.0015951078697345102 0.9996571605741177 2.8709821701049805
-0.8169519463789954 -0.5746471857129956 0.04868397333522776 -1183.4920654296875 0.5761205188628837 -0.8170118426384145 0.024016592883758542 779.8424682617188 0.025974315250507272 0.04766823827997668 0.9985254498542091 2.780364990234375
-0.9502084535951243 -0.310761539863846 0.02304690994067632 -1185.90087890625 0.3076348378998226 -0.9472857098119378 -0.0895019021945514 781.41015625 0.04964575738884751 -0.07795543167441499 0.9957199653746747 2.746204376220703
-0.9086140811888171 -0.4057709572565034 0.09884524122355337 -1188.10498046875 0.4154276284390433 -0.9024403829510951 0.11411065133716985 782.8121948242188 0.04289914911643036 0.144745588762566 0.9885385058453031 2.6813507080078125
-0.8356518546893437 -0.4314221303110037 0.339942529307787 -1190.30810546875 0.5463402693573886 -0.7166086912289016 0.4335715554942425 784.3264770507812 0.05655340690671412 0.5480391675173557 0.8345386647927868 2.629405975341797
-0.8078788225714525 -0.49947667136334517 0.31281761907596667 -1192.685791015625 0.5838222542933149 -0.7507803358779247 0.3089991305018551 785.6608276367188 0.08051945996115246 0.4322637412770396 0.8981451300011267 2.5960426330566406
-0.8577483059981096 -0.4849719478449216 0.17049942334470358 -1194.9599609375 0.5049272093646973 -0.8570789085953935 0.10229495434335242 786.9307861328125 0.09652127641381957 0.17383312182789576 0.9800335141999049 2.514556884765625
-0.8652779642846795 -0.4805041535385897 0.1428628816576376 -1197.3662109375 0.4920947688287128 -0.8685197411820624 0.059297535095980625 788.3615112304688 0.09558652109359603 0.12161092717846839 0.9879645739478803 2.4876556396484375
-0.8297206429529743 -0.5572726991670717 -0.031792977538275285 -1199.563720703125 0.5515737631202949 -0.809834721909456 -0.1998351996700047 789.6853637695312 0.08561564398531148 -0.18334356261641785 0.9793135859121429 2.50567626953125
-0.6782877574133059 -0.7191458890765046 -0.15084730149257553 -1201.7796630859375 0.734180299063456 -0.6548794225281922 -0.17919885718451348 791.0230712890625 0.030083327780056533 -0.23229750789344536 0.9721794387952114 2.4611892700195312
-0.7643257285461756 -0.6139352609142923 0.19720465534174814 -1204.1427001953125 0.6447728966009183 -0.7317229219379989 0.2210191786234365 792.3349609375 0.008607699531197888 0.29608286157192015 0.9551234719093462 2.4562835693359375
-0.6081055506919342 -0.6102206655533262 0.507777883084046 -1206.39111328125 0.7903699758382949 -0.5252643926175902 0.3152976675166613 793.5736694335938 0.07431648882335878 0.5930666549214596 0.8017162854209947 2.401519775390625
-0.8959692260123515 -0.4415322380291731 0.04783752522630287 -1208.607421875 0.44345666257592076 -0.8953015354225418 0.04220603140624638 794.9483032226562 0.024193686280794005 0.05902917457485527 0.9979630364362989 2.3771705627441406
-0.8276339114546694 -0.5459856473303097 0.13008374809924053 -1211.0704345703125 0.5571354781614044 -0.771096169697316 0.30823814827498375 796.4545288085938 -0.06798652501861811 0.3275826155146673 0.9423733137289394 2.34539794921875
-0.9266679265259441 -0.3685251839267431 -0.07399826187058751 -1213.2545166015625 0.3757224159862262 -0.9024313039154728 -0.21083265363527834 797.6536254882812 0.010918794511351387 -0.22317466371696446 0.9747173176881793 2.2898807525634766
-0.8960899098551481 -0.4332437519645102 -0.09655425852600566 -1215.4664306640625 0.4438427787203804 -0.8720527590799986 -0.20622214517052645 799.0618896484375 0.005144048363322058 -0.2276484938774606 0.9737297890081004 2.2605323791503906
-0.7806161318397742 -0.6157896946965061 -0.10696497846067404 -1217.784423828125 0.6247392292347559 -0.7637210316386083 -0.16257638600984914 800.58056640625 0.01842145940667883 -0.19373496777413213 0.9808809367578128 2.259920120239258
-0.8030425138371537 -0.5942072638467596 -0.04517132455277424 -1220.0814208984375 0.5957400168420718 -0.7986161356683115 -0.08547572862059165 802.0225830078125 0.01471575017159424 -0.09555100963339068 0.9953157545497444 2.2176284790039062
-0.8601610959245355 -0.5097563188923854 -0.016473749032517908 -1222.3895263671875 0.5096263052034901 -0.8603173411175161 0.011623322120899865 803.2945556640625 -0.020097713863543414 0.0016024736415054521 0.9997967363297837 2.29937481880188
-0.8108628385746635 -0.559400468949192 -0.17196677690200352 -1224.767822265625 0.5829925948517869 -0.7463898437123702 -0.3209701474452164 804.666259765625 0.051196595263938924 -0.36051812234955377 0.9313461183099077 2.1799240112304688
-0.8601698232122703 -0.5097030673741225 -0.01762550267037183 -1227.001220703125 0.5094908638648472 -0.8603402868532071 0.015285629054573261 806.1246948242188 -0.022955062039218654 0.004168204259980709 0.9997278085559207 2.100008487701416
-0.8090062701613201 -0.5506298234185703 0.20570768678322104 -1229.2169189453125 0.5877593128337282 -0.7619136039942553 0.27207838985430133 807.6156616210938 0.006917009244842565 0.34101973199584756 0.9400306895908173 2.018434524536133
-0.7342346343075159 -0.33475535725349737 0.5906253910672924 -1231.5394287109375 0.6784796595222793 -0.3922764175999049 0.621115580073079 809.0811157226562 0.02376664464834355 0.8567718850342072 0.5151476328365402 2.0427284240722656
-0.8282643606292112 -0.08795200795872671 0.5533918983934549 -1233.773193359375 0.5602846561291935 -0.14356136805170652 0.8157642047242044 810.3717651367188 0.007697598175747722 0.9857254069461487 0.1681849252554289 2.0095291137695312
-0.890257904633905 -0.0007969724087132091 0.45545606601716115 -1236.255859375 0.4532571796280628 0.09661005440675438 0.8861288994853616 811.7352294921875 -0.04470785560125748 0.9953219892188174 -0.08564663113651003 1.7474899291992188
-0.8917080108167258 -0.4192528851589678 0.17053985379130374 -1238.6787109375 0.450905991541857 -0.8555512885557571 0.25439296264291245 812.7960815429688 0.03925060810908179 0.3037416845552562 0.9519455755591295 2.0410385131835938
-0.8846691319394233 -0.3834843020515545 -0.265142069603409 -1241.0552978515625 0.46407720357906335 -0.6698775393055147 -0.5795657266024493 814.0593872070312 0.04464164100683918 -0.6357702984679455 0.7705863037156809 1.9954299926757812
-0.8009733261607862 -0.5685706535725913 -0.18753437731510267 -1243.5177001953125 0.5986530709661527 -0.7566816391523875 -0.2627687150184564 815.5787963867188 0.007498760012259548 -0.32273876257074013 0.9464583771791479 1.9586238861083984
-0.7421524017866554 -0.39382659071621723 -0.5423194897540933 -1245.868408203125 0.6700994640664726 -0.4199617038954366 -0.6120448312983844 816.7401733398438 0.013286112302892228 -0.817638540986225 0.5755785745784776 1.9504776000976562
-0.8246203711389628 -0.5169058105117238 -0.22980345202336938 -1248.1900634765625 0.565289298158082 -0.7377607091069811 -0.3689947770442112 818.4247436523438 0.02119558658263765 -0.4341860421031312 0.9005738325935502 2.0095291137695312
-0.895149925032599 -0.44083744033620464 -0.06609813092633587 -1250.3704833984375 0.4438863197001799 -0.8679231803900819 -0.2228772938739941 819.9326782226562 0.040884555729046146 -0.22884864897872628 0.9726030788371225 1.9611587524414062
-0.8493362381793941 -0.5255657467192604 -0.04907749372881057 -1252.6153564453125 0.5277109618265746 -0.8432801883187799 -0.10197874659513337 821.3189086914062 0.012210457949920397 -0.1125129764270286 0.9935752285822066 1.9222278594970703
-0.8150025736761934 -0.5647226554055306 0.129842702424539 -1255.1005859375 0.5791695441090289 -0.7868225418431907 0.21324382013076057 822.8533325195312 -0.01826045119159765 0.24899520099621766 0.968332559507906 1.965667724609375
-0.7732974482617875 -0.5960520484568305 0.21617819511279246 -1257.3829345703125 0.6333243518104587 -0.7423710551452997 0.21859890641610463 824.1882934570312 0.03018810884554808 0.3059528918197551 0.9515679198414891 1.9064483642578125
-0.8562432168556009 -0.43129950262850764 0.28430317026226465 -1259.635498046875 0.515703364206356 -0.7456149751219205 0.42202884856391537 825.5423583984375 0.029959868741683104 0.5079754402590144 0.8608503693201516 1.8563494682312012
-0.9270057480308036 -0.3555911315065211 0.11922789233968048 -1262.14697265625 0.3721576522820861 -0.9115302455914547 0.17496083338812785 826.9496459960938 0.04646530927193216 0.20656127073073105 0.977329737841006 1.8297290802001953
-0.831940099315246 -0.5336524183098298 -0.1519564660796267 -1264.4503173828125 0.5535967345862186 -0.7797955342256394 -0.2923176016890278 828.223876953125 0.03750102141027652 -0.3273133380017072 0.9441714103696245 1.7926063537597656
-0.866537104431376 -0.49897718743160213 -0.01162811534747208 -1266.5057373046875 0.49895884514348265 -0.8666132820240867 0.004635760188217146 829.6979370117188 -0.012390217785351421 -0.0017848927946339395 0.999921645260739 1.878014326095581
-0.8060074783168243 -0.5859542911419922 0.08372283792156071 -1269.2054443359375 0.5918297541859856 -0.800062489539709 0.09817104915238149 831.0872192382812 0.009459754622104057 0.12867626635789836 0.99164153378057 1.7892494201660156
-0.8628534693627764 -0.5039174937856055 0.03938337041765984 -1271.5496826171875 0.5053927451222862 -0.858911368911431 0.08276130455987037 832.4262084960938 -0.007878044578458906 0.09131494845602246 0.9957909000398095 1.807101845741272
-0.8866754750727005 -0.4437194929394839 0.1300754146260098 -1273.98193359375 0.46042690066629854 -0.8731615132439835 0.15998762743507197 833.8968505859375 0.04258721694860411 0.20174732557088407 0.9785112904701552 1.713541030883789
-0.8474080237351596 -0.47064735988227596 0.24574520126569058 -1276.228515625 0.5282751437813198 -0.7937354138958232 0.30151196525254553 835.2107543945312 0.053150858620508196 0.3853247401393658 0.9212490601701762 1.6893749237060547
-0.8476762380661965 -0.4602923177943046 0.26377258689539373 -1278.5155029296875 0.5269992219979727 -0.7877384120606631 0.31896710516552734 836.537353515625 0.06096569060933045 0.40938878385184424 0.9103208270850642 1.691314697265625
-0.8236187035619 -0.5600084857881995 0.0896812521557469 -1281.005126953125 0.5662386081069175 -0.8208893567697673 0.07425969722035128 837.9518432617188 0.03203232480097928 0.11194266294548058 0.9931982533112504 1.6838912963867188
-0.7842184913751061 -0.6114547080899455 -0.10547273458099007 -1283.25048828125 0.6190697429663377 -0.759569707998203 -0.19951569370632782 839.221923828125 0.041880916047111076 -0.22175887501104447 0.9742017194733803 1.6466522216796875
-0.8142149154205887 -0.47805526717104974 -0.32941953954897696 -1285.5919189453125 0.5778115859138954 -0.6120913266744143 -0.5398870057647476 840.5028686523438 0.05646098378803646 -0.6299264793132384 0.7745997598564793 1.633758544921875
-0.9692292403605236 -0.24581103729985146 0.013100136324991185 -1288.127685546875 0.2450916542965719 -0.968608220219465 -0.0415715854574972 842.0478515625 0.022907654273888883 -0.037081662110149904 0.9990496432664477 1.652587890625
-0.9102558124897866 -0.412350020990926 0.037440833555644565 -1290.413818359375 0.41387616344169975 -0.9035618547868836 0.11082642243105267 843.2379760742188 -0.011869168603488602 0.11637626374338358 0.993134274946642 1.6413202285766602
-0.7703739592711845 -0.6372582050690019 -0.020638385331066905 -1292.617919921875 0.6370417939142876 -0.7679606044411749 -0.06643991897054125 844.0755615234375 0.026489916634561024 -0.06433109744578971 0.9975769615513956 1.545938491821289
-0.7434130533294936 -0.6681802003265621 0.029533913233334173 -1295.6435546875 0.6683025532419867 -0.7438569788989688 -0.00696363938898013 845.1312866210938 0.026621973434742922 0.014560729200617288 0.999539521827719 1.5636768341064453
-0.6835402299043469 -0.6745542945678944 0.27883553895140933 -1297.1319580078125 0.7285592118726403 -0.6537816036531696 0.2043797678837297 847.268310546875 0.04443229566238892 0.34284999402756333 0.93833877288401 1.5321083068847656
-0.7210788676916097 -0.40939698826943005 0.5589627649177593 -1299.592529296875 0.6900835315181583 -0.4964329921504587 0.5266298546721118 849.2880249023438 0.061886881453286524 0.7654726581011646 0.6404854593224768 1.5448074340820312
-0.8122259602670105 -0.43050809717753225 0.3936391338941202 -1302.011474609375 0.5806647730940516 -0.6612594958416065 0.47493610143569626 850.46435546875 0.055833777912355526 0.614327809417647 0.7870730155583718 1.5902576446533203
-0.8857047854347665 -0.46356392885792075 0.025209460917738402 -1304.3489990234375 0.45854627705816253 -0.8820194632012234 -0.10852178735316062 851.6954956054688 0.0725420212983708 -0.08455856193215627 0.9937743731601819 1.6072158813476562
-0.932696073639921 -0.3513622403883796 -0.08137942151388043 -1306.9046630859375 0.3569001599169571 -0.8666521067352184 -0.34862071330123 853.069091796875 0.05196450777141728 -0.35420149903785914 0.9337242569470969 1.6241073608398438
-0.8706374223086545 -0.46217214651903077 -0.16848556572517798 -1309.1129150390625 0.4919247552407345 -0.8174785695169903 -0.2995643896757405 854.4783935546875 0.0007169777438210123 -0.34369418872370683 0.9390813546122977 1.6224327087402344
-0.7247658922847146 -0.6125473434124094 0.315436449160749 -1311.3917236328125 0.688824397581044 -0.6543831475740584 0.31193532257213225 855.7323608398438 0.015341143303342825 0.4433604044673682 0.8962121406635141 1.6109647750854492
-0.8221922678107773 -0.534066982289833 0.1969069150131658 -1313.8858642578125 0.5691916392135832 -0.7741741503390692 0.2769029844478642 857.1473999023438 0.004555502335085587 0.33974526247559544 0.9405064614471629 1.6316509246826172
-0.8130564897716834 -0.5662413007270035 0.13531420395191177 -1316.41357421875 0.5811850537021144 -0.8030477085750012 0.13167502081150495 858.162353515625 0.03410392636367127 0.1857018231020663 0.982014131824563 1.647592544555664
-0.8824752716614275 -0.4352178762065384 0.17838944794006206 -1318.6810302734375 0.4675235567450817 -0.8532023101990349 0.23123049487353134 859.4976196289062 0.05156664420454625 0.2874564629666553 0.9564045499181724 1.6583633422851562
-0.8730624936518392 -0.4875926972961854 0.0039043209220761994 -1321.1641845703125 0.48760644680754706 -0.8730533820598818 0.00421249397868942 860.965087890625 0.0013546992842526685 0.005581542549537885 0.9999835054502733 1.6742159128189087
-0.9215697592356561 -0.37944983311688896 -0.08201830899195564 -1323.4837646484375 0.38649541199730486 -0.8769320573665252 -0.2856772011693388 862.2588500976562 0.03647568186296649 -0.29497116962591186 0.9548096845561177 1.6687469482421875
-0.8483559611455846 -0.5215881084074445 -0.09076347479407909 -1325.763427734375 0.5284133019362456 -0.8235969328346031 -0.2060763804084997 863.6216430664062 0.03273446999090796 -0.2227867531820024 0.9743174621657132 1.7036476135253906
-0.787953446280905 -0.6119030928171111 0.06858550499120362 -1328.306396484375 0.6142403205419477 -0.7889054527672683 0.018357974141942665 865.044189453125 0.04287417771304599 0.05659321156220774 0.9974763221703585 1.7035369873046875
-0.8114856232128047 -0.5832674404875541 0.03591902262065767 -1330.5965576171875 0.5835311957848813 -0.8120821661989424 -0.0037281211755762194 866.1810913085938 0.03134368939343829 0.01793455348568125 0.999347749748043 1.676168441772461
-0.8999999334329438 -0.40474171165951345 0.16181553282557354 -1333.1214599609375 0.43324807222762773 -0.8714322491895439 0.2300042238383838 867.667724609375 0.04791897047872866 0.2771100537970074 0.9596425325885044 1.7193870544433594
-0.8147554036331405 -0.5792766073340613 0.024743573835207564 -1335.4581298828125 0.5770303653226806 -0.8142878421624761 -0.06301799427110003 868.8489990234375 0.0566532412680192 -0.037066457908982484 0.9977056118675035 1.7104721069335938
-0.847666710318086 -0.5243110603924476 0.08098802484726599 -1337.7210693359375 0.5272746766185815 -0.8494754698674639 0.019309103817164025 870.156005859375 0.058673363763163976 0.05907061912320563 0.9965280218544368 1.7104263305664062
-0.846124801385484 -0.5159215846474403 0.13378243148952543 -1340.2371826171875 0.5301591454964032 -0.8405066341379727 0.1117133761757278 871.4351196289062 0.05480967913515786 0.16544943778970744 0.9846940553330109 1.7197265625
-0.8613206481618296 -0.503972824660488 0.06432832233017084 -1342.5791015625 0.5078040359993143 -0.8579876059897313 0.07741013493604161 872.6561279296875 0.01618029891233265 0.09934112930573165 0.9949218753024627 1.707442283630371
-0.8803692478102182 -0.4713192531290362 0.052991972410528124 -1344.8590087890625 0.4742042223381877 -0.8768122623716287 0.07956514357041584 873.9256591796875 0.00896342717409716 0.0951757226641002 0.9954201317979565 1.689091444015503
-0.8969610868192631 -0.42167951689849514 0.13284274071343888 -1347.292236328125 0.43081154185498927 -0.9011440473029179 0.04838203607789894 875.2457885742188 0.09930873142142643 0.1006269896139602 0.9899555468932425 1.7216033935546875
-0.8723818937025192 -0.4710105234825747 0.13076283229066732 -1349.5599365234375 0.4714190414276244 -0.8814063670188259 -0.029780926079192624 876.5000610351562 0.1292823225327655 0.0356637483636468 0.99096628506382 1.7799530029296875
-0.8382810915970019 -0.4956960819709738 0.22709074351361114 -1351.773681640625 0.5379954865225703 -0.8196497799348089 0.19681233379583274 877.7920532226562 0.08857577520000574 0.2871578530555016 0.9537791670382998 1.8016090393066406
-0.7946245712829548 -0.5109293207514367 0.3279070293693855 -1354.2161865234375 0.600231850958749 -0.7422011501865405 0.29809256575166354 879.2620239257812 0.09106874221165921 0.433691920443823 0.8964473226764272 1.8385772705078125
-0.6744593142014168 -0.7382783696859234 0.0070485701280391735 -1356.61279296875 0.7321123426954599 -0.6699999407075845 -0.12292923624914925 880.3588256835938 0.0954785376926171 -0.07775042318681313 0.9923904073167733 1.8414077758789062
-0.7459748650752577 -0.6654204139593375 -0.027150936671410445 -1359.029296875 0.662066479495612 -0.7365713483160948 -0.13831350464830408 881.7277221679688 0.07203802748713556 -0.12115412302515369 0.990016263032971 1.8632888793945312
-0.7788067078659311 -0.6232059219961602 -0.0712354586701466 -1361.2969970703125 0.621467575055172 -0.7512148535637435 -0.2223832209053718 883.0684814453125 0.0850774055673677 -0.21746407191561365 0.9723534401069431 1.8913955688476562
-0.8619811883403683 -0.5063928358028742 0.023552638808635534 -1363.6146240234375 0.5008604380441084 -0.8578975909143631 -0.11467582616051329 884.3157348632812 0.0782767689010643 -0.08705181991696488 0.9931237224533275 1.943756103515625
-0.8747925350908196 -0.4822115829779258 -0.047010741233257616 -1366.091552734375 0.47444860847749953 -0.8329465421334056 -0.2847781168941306 885.6908569335938 0.09816587219162125 -0.2714259515778211 0.9574400317236231 1.9573287963867188
-0.8880539445439495 -0.4482760429036115 0.10202343328182428 -1368.4564208984375 0.4434739392686842 -0.8937819686981034 -0.06696758633590918 886.977783203125 0.12120666965743587 -0.014226095346985254 0.9925253454908501 1.99285888671875
-0.9640408450285578 -0.2458555258333503 0.100897519958772 -1370.77734375 0.2568077685068692 -0.9595153722907788 0.11567203798762463 888.2468872070312 0.06837411170279467 0.13742383619625462 0.9881496192854392 2.0376434326171875
-0.9230605444465096 -0.3727076408428345 0.0951222673377902 -1373.24072265625 0.3720832012563813 -0.9278656845261892 -0.02488700105576342 889.6521606445312 0.0975362631482086 0.012421188997636454 0.995154456069493 2.08856201171875
-0.9495003630633829 -0.3031826130885214 0.08080447799051571 -1375.586181640625 0.29821268084868463 -0.9520709637853537 -0.06804466840148543 890.9060668945312 0.097561557611307 -0.040511517345607706 0.9944046256121358 2.0885848999023438
-0.8930798164730858 -0.3537290789791826 0.2780003239079744 -1377.9677734375 0.43868609324162655 -0.8217694204252908 0.36366128643324236 892.3806762695312 0.09981459314548369 0.4467334309612624 0.8890817108999491 2.0778350830078125
-0.869661793870111 -0.4701431363331199 0.15051177907884045 -1380.2874755859375 0.4873938515895039 -0.8661395833924674 0.11067725833915204 893.4557495117188 0.07833005627068608 0.16961029874267725 0.9823933778507726 2.0681495666503906
-0.8312186725638733 -0.5114769734515372 0.2178688229417141 -1382.630615234375 0.5492969009222062 -0.8160125874263466 0.179989921381779 894.686279296875 0.08572300168806828 0.26928565277529065 0.9592376161259384 2.1008224487304688
-0.928004971142877 -0.3478217297698017 0.1335171068966487 -1385.1427001953125 0.3710372471263716 -0.8952580308715712 0.24666661591070824 896.0829467773438 0.033736253185436965 0.2784476655673379 0.9598587202089213 2.171253204345703
-0.9115161434540806 -0.40023307531440816 0.09461398230162237 -1387.4066162109375 0.40494263298301675 -0.9136132297680017 0.03650110115685405 897.273681640625 0.07183163798342775 0.07158457806855037 0.9948446431314619 2.1929244995117188
-0.8682424107146575 -0.4926552945288778 0.0587015929005751 -1389.7222900390625 0.49583476391380854 -0.8657641394411585 0.06782581921545794 898.2513427734375 0.01740698511913778 0.08799554324154688 0.9959687651923063 2.194535970687866
-0.8063361524082232 -0.5683955925268173 0.16354956348333985 -1392.229248046875 0.5885532093564337 -0.7984601874882659 0.12675349601665878 899.7184448242188 0.05854168664929724 0.19846354675932718 0.9783583655961469 2.265665054321289
-0.8400286326563403 -0.5113168385255509 0.1814028306222248 -1394.4759521484375 0.5377591020869499 -0.8290020932556502 0.15352744868715865 900.7530517578125 0.07188215661871282 0.22651847610732892 0.9713507788342257 2.3185882568359375
-0.8229196865561534 -0.44178003962464896 0.3572584303659829 -1396.9989013671875 0.5610270464335119 -0.7311533475968948 0.3881538811707861 902.1117553710938 0.08973206031520936 0.5198511122303175 0.8495310344328155 2.345104217529297
-0.8534197395128891 -0.43215180531893993 0.29140961783944896 -1399.2672119140625 0.5160777561000551 -0.7789641106991176 0.3562003142916424 903.3302001953125 0.07306502493316905 0.45437840111774 0.8878072824263167 2.374544143676758
-0.8888518627551235 -0.4330182872635262 0.1497916184975292 -1401.5435791015625 0.44978864271741936 -0.8869348917798702 0.10505557874692538 904.59814453125 0.08736442616516553 0.16075341563647133 0.9831204384011346 2.425739288330078
-0.8602675905570273 -0.5021593464014923 0.08817972249237707 -1403.9725341796875 0.49966933800219093 -0.8647744305518438 -0.04995735105253642 905.986572265625 0.10134212005705659 0.0010840135424058893 0.9948510439342066 2.4869766235351562
-0.8194426355573535 -0.5413118368441772 -0.18840186390585753 -1406.268798828125 0.5683829080884064 -0.72510009211335 -0.3888067980503656 907.125 0.07385551315768232 -0.42568926661309475 0.9018503265324136 2.5499191284179688
-0.7853940062048971 -0.5950649060926476 0.17045237620628997 -1408.558837890625 0.61262732302154 -0.7866610999306728 0.07649886890226351 908.35693359375 0.08856646151271771 0.16450553605521184 0.9823919332437048 2.584789276123047
-0.8641863387090908 -0.433583397977863 0.2553182503984914 -1411.0887451171875 0.4859426273257365 -0.8508166453278464 0.19992698412377996 909.5763549804688 0.13054399617116472 0.2968441898219331 0.9459607772168057 2.6308822631835938
-0.8519284882026231 -0.5230572572124979 -0.025079008475855393 -1413.4478759765625 0.5168589255230192 -0.8322095854158741 -0.20070888632327474 910.640380859375 0.08411124833209428 -0.18395192746823288 0.9793298659209465 2.61297607421875
-0.8873563078377817 -0.46103081959457254 0.007026117310195453 -1415.498779296875 0.4608695176353154 -0.8873049902644241 -0.01700417497092497 912.0916748046875 0.014073757674894735 -0.011850638624428684 0.999830731528643 2.6791698932647705
-0.8305351573750046 -0.5348242337267202 0.15548116086106128 -1418.1190185546875 0.5544273659285748 -0.8205061014933046 0.139212188122167 913.3035888671875 0.053119189315904786 0.2018236270382779 0.9779803552707669 2.733551025390625
-0.7979566876502231 -0.6020840543942758 0.02756657538460445 -1420.37109375 0.6013826489644558 -0.7983990395108866 -0.029964699774699968 914.3895263671875 0.04005039523873124 -0.007332472450981191 0.9991707565221157 2.6532840728759766
-0.8576363259947845 -0.5138457678740378 -0.020553811619945205 -1422.8160400390625 0.5125584698925021 -0.8508757197951365 -0.11530101649406777 915.712646484375 0.04175820010039683 -0.10942137040381417 0.9931179267455232 2.6859207153320312
-0.9186619519794499 -0.3949768706150174 0.007313662863099479 -1424.9935302734375 0.375075799286151 -0.8778874144431117 -0.297710987960209 916.98876953125 0.12400952695322345 -0.2707525793811696 0.9546280312159714 2.8876419067382812
-0.8971452726432065 -0.44126588481905943 0.020366115702292575 -1427.213134765625 0.42680670262230297 -0.8777883642032609 -0.2175399417717138 918.3392333984375 0.1138700942768717 -0.18647253568345165 0.9758389186055044 2.9404449462890625
-0.8889248747777858 -0.45796444655914653 0.009007368598680142 -1429.6505126953125 0.45087809736896717 -0.8782984978122463 -0.15906190635627332 919.70703125 0.08075585622255546 -0.1373328599735923 0.9872275205124884 3.0112075805664062
-0.8527581545479628 -0.508767349942975 0.11814953865316334 -1431.740234375 0.5122866818950131 -0.8588142389883064 -0.0006770996484180593 921.2742309570312 0.10181299231900894 0.059949032877425576 0.9929955830979869 3.0014266967773438
-0.832198007616926 -0.554095847876225 0.020597754361728286 -1433.926513671875 0.5506594639807627 -0.830248108592186 -0.08638421677318525 922.6256713867188 0.06496638243613306 -0.06054642471215669 0.9960489443836267 3.004749298095703
-0.8497902514979819 -0.5110726235467301 0.12907866562704562 -1436.3934326171875 0.522282203748181 -0.8494582845252973 0.07511273193861667 923.8560791015625 0.07125888089873356 0.13124555730538554 0.9887855053451474 3.087902069091797
-0.9110569975460904 -0.4044145220342173 0.08015011908998385 -1438.688232421875 0.40497484821885715 -0.9142745955302497 -0.009865914965764059 925.0572509765625 0.07726913699800603 0.023470371446435486 0.9967339776147643 3.1009902954101562
-0.8925878809082542 -0.44570457783958384 0.06807572363589168 -1440.82421875 0.4400174445083006 -0.894042935807403 -0.08409445559169978 926.38525390625 0.0983439036447942 -0.045107185965410246 0.994129678859949 3.170562744140625
-0.8712076143552825 -0.49031553579202536 0.02424805250646965 -1443.28076171875 0.48411999465558775 -0.8662901160164238 -0.1231635728083782 927.611572265625 0.08139486141060201 -0.0955620753920198 0.9920900998814164 3.2047042846679688
-0.8662649736866455 -0.4992967704364284 0.016962617587744838 -1445.744873046875 0.49641655870517243 -0.8640928090497011 -0.08315177443633386 928.1994018554688 0.05617468831235016 -0.0636109454445485 0.9963925190469172 3.2633514404296875
-0.8309669184619617 -0.5556393956599853 -0.027547094446379282 -1448.2603759765625 0.5553205634363564 -0.8254843506826763 -0.10096860206384846 929.3442993164062 0.03336243765912655 -0.09919903612740609 0.9945081693906965 3.274211883544922
-0.8247678028754912 -0.5299848431472975 -0.19716525397257142 -1450.662841796875 0.5646353526642915 -0.7529106818504903 -0.3381012033061999 930.1249389648438 0.030740687396435123 -0.3901814593103619 0.9202246676485207 3.340667724609375
-0.8685080628561205 -0.4849569899256337 -0.10252054758036627 -1452.7745361328125 0.4950532754101528 -0.8383059582783429 -0.22839740545967036 931.516845703125 0.024819332375966868 -0.24911812105364495 0.9681550302008005 3.3340835571289062
-0.8746410204644903 -0.4820106711869061 -0.05166041214298728 -1455.1300048828125 0.48362346910759524 -0.8602728510076545 -0.16136592560852692 932.7728881835938 0.033338048070784304 -0.16612144557855868 0.9855415972295233 3.3649940490722656
-0.850150935534812 -0.5259390428160361 -0.025129863728957536 -1457.3184814453125 0.5263767593526975 -0.8501053078787835 -0.015763017784407352 933.8355102539062 -0.01307264405683396 -0.02662872054888935 0.9995599117708216 3.373350143432617
-0.8307821308795078 -0.5401910566486492 0.13414422584710892 -1459.548583984375 0.5563368825735382 -0.813293352554715 0.17042064363999176 934.947021484375 0.017038899602422018 0.2162118058921108 0.9761977929155601 3.380311965942383
-0.8098894261302862 -0.5777457173632552 0.10143472536943804 -1462.03076171875 0.5865091682008077 -0.8003242931470036 0.12445087952740941 936.0079345703125 0.00927971221280472 0.16028384780496946 0.9870273426172554 3.2635841369628906
-0.8080430425392924 -0.5323241444815747 -0.252383530773708 -1464.510009765625 0.5882333032001437 -0.7054922946808215 -0.3953001431219535 936.6015625 0.03237317423564694 -0.4678799283448143 0.8831989301635051 3.4215316772460938
-0.9689960835478496 -0.2348420652826448 0.07678407675234909 -1466.6663818359375 0.24397173718809553 -0.9585526153316332 0.14715527545524393 938.2486572265625 0.039043328781643113 0.16132603018319108 0.9861285567627481 3.4864754676818848
-0.876211062213183 -0.35325129001231514 0.3278226663302605 -1468.801513671875 0.47364761886574636 -0.7567765796091478 0.45049655015092915 939.5631103515625 0.0889500286568521 0.550002486048668 0.8304126430529768 3.4777774810791016
-0.9036701424466173 -0.4281244883803401 -0.009470802478276454 -1471.0494384765625 0.412672971225613 -0.8647226680018566 -0.2862791055309054 940.5293579101562 0.11437347800226647 -0.2626102242732047 0.958099461244417 3.4788360595703125
-0.921388030386382 -0.3506162744651319 -0.16766730611808328 -1473.4755859375 0.3793775943695096 -0.7177689971142744 -0.5838495591091705 941.7366943359375 0.08436076310173846 -0.6015612145590506 0.7943597212769115 3.4414215087890625
-0.9241200162614241 -0.35035499196256514 -0.1524912297540278 -1475.6748046875 0.3741224523564155 -0.7485074708077936 -0.5475116042493907 943.00048828125 0.07768259900264893 -0.5630168254606879 0.822786404883043 3.56256103515625
-0.8919999517623157 -0.39631770804630573 0.21741287989663816 -1477.8349609375 0.4456179090862036 -0.8517064195872469 0.27571879503492824 944.19677734375 0.07589970459538592 0.3428242248190695 0.9363283535809098 3.6082496643066406
-0.913667517427268 -0.3835064542200024 0.13466427577458928 -1480.1943359375 0.4054446814308139 -0.8833376697786245 0.2352215369593867 945.156494140625 0.028745049969678124 0.2695131921106488 0.9625675879545132 3.323960304260254
-0.887065777382304 -0.4517237486270896 0.09518383015732655 -1482.287109375 0.45254696254499843 -0.8916307822164947 -0.013992672914698464 946.3676147460938 0.09118965559987939 0.030662731944363846 0.9953613633154964 3.5541152954101562
-0.8366952976498164 -0.5411522707068153 -0.08423300303053893 -1484.45458984375 0.5364761982517006 -0.7789089594566251 -0.32479858618473034 947.5230712890625 0.11015565169380623 -0.31694645097721996 0.9420247765387371 3.6787872314453125
-0.8361761059628495 -0.5030138262711359 -0.2186014876364686 -1486.961669921875 0.5381348521550204 -0.6754714200318249 -0.5041321668137079 948.6607666015625 0.10592639290044695 -0.5391803513670185 0.8355023327237565 3.7267913818359375
-0.875310389739133 -0.48128359287445016 -0.0468809646294463 -1489.2830810546875 0.4741386140418727 -0.835164937436125 -0.27873302989018983 949.5908203125 0.09499629618663538 -0.26620599262070327 0.959223682570258 3.7380142211914062
-0.8589000969824917 -0.5024753165767677 -0.09904130266986172 -1491.573974609375 0.5095912235778173 -0.8192060552853363 -0.2630935647945448 950.9141235351562 0.051062787388950814 -0.2764416669297798 0.959673171725226 3.722015380859375
-0.8540560720816888 -0.518396126491094 0.04305440487832701 -1493.6651611328125 0.5172906078035723 -0.8551095270705873 -0.034613924818307995 952.0916137695312 0.05475995634227661 -0.0072905934015241435 0.9984729312451318 3.828754425048828
-0.9015664998833738 -0.2774232682331059 0.3319852052891884 -1495.822021484375 0.4317149072787094 -0.6270456793773406 0.6484103290413752 953.2606201171875 0.0282857759550231 0.7279079929613848 0.6850911389454332 3.8061141967773438
-0.9042523199809419 -0.3559403819923221 0.2358690023641174 -1498.24462890625 0.42676752786738764 -0.7715325047184386 0.47181253832518144 954.3551025390625 0.01404346705919464 0.5272988134161238 0.849563854223392 3.807842254638672
-0.8510222017074187 -0.5177635492375269 -0.08764769981018875 -1500.4130859375 0.5166243750925462 -0.7955760818949762 -0.31647741305956517 955.3140869140625 0.09413005503713426 -0.31461024299535717 0.9445421789105602 3.8539581298828125
-0.8955067640448596 -0.44503922360384784 0.0027793891393796907 -1502.506103515625 0.44498433095733403 -0.8954669400001515 -0.011309490228064567 956.5166625976562 0.007522017838163147 -0.008890940380474112 0.9999321829138179 3.981673240661621
-0.886460812652607 -0.3811601754662073 -0.26249599667394885 -1504.9766845703125 0.4603448577904813 -0.6678124905757132 -0.5849009226671853 957.571044921875 0.047642833009186994 -0.6393304294882522 0.7674547298656942 3.9450836181640625
-0.8797487087286044 -0.4177908262356641 -0.22692076811890527 -1507.170654296875 0.4754008472466602 -0.7669713507008744 -0.43098605736291956 958.6268310546875 0.006020292975468772 -0.48703775286665124 0.8733601681752449 3.9805679321289062
-0.8287638419321312 -0.5117724375286743 0.22636136263031548 -1509.140625 0.5577631382315058 -0.7881823807272709 0.2601323054548089 959.8695678710938 0.0452854936600699 0.34184427287443464 0.938664858811127 3.9455957412719727
-0.8713125876436113 -0.4040988745301735 0.27842139683803263 -1511.475830078125 0.48908245875771933 -0.761521147165439 0.42530446853441095 961.0869140625 0.040158724448093486 0.5067441583514122 0.8611606324184943 3.935457229614258
-0.8889446852632857 -0.44626372968562444 0.10308263728307121 -1513.66015625 0.4489384505269639 -0.89355731618446 0.003096826064398421 962.1309204101562 0.09072824356619119 0.049030666529226836 0.9946679745317494 3.962860107421875
-0.8917262450773785 -0.44675828349315255 -0.07232800267151782 -1515.8177490234375 0.4463952840198869 -0.8419247943572946 -0.3031400518757492 963.172119140625 0.07453559045854347 -0.3026048194868669 0.9501972263579372 3.9400711059570312
-0.7712422572198206 -0.6049651988813227 -0.19799618385453277 -1518.0648193359375 0.6347360876402306 -0.7074924262314551 -0.31074839641147445 964.3510131835938 0.04791116493730713 -0.36533761778334706 0.9296412992690997 3.9972572326660156
-0.811680435003864 -0.5490879022562701 -0.1991917343359065 -1520.2105712890625 0.5839891167950405 -0.7561800497147113 -0.295209152768685 965.3990478515625 0.011470958847722645 -0.35594129854410683 0.9344379107751615 3.993593215942383
-0.8041503104947603 -0.5845887339218527 -0.10769535878033733 -1522.5404052734375 0.5943453399422443 -0.7877502547443211 -0.16187388003997094 966.637451171875 0.009792600273592675 -0.19417916551963582 0.9809172017341623 3.9923839569091797
-0.8418281204840861 -0.45773590005386955 -0.28601269441076327 -1524.7274169921875 0.5397439212870913 -0.7152757058544992 -0.4439112118971337 967.5050048828125 -0.0013838337562673275 -0.5280705543923289 0.8491993726963727 4.037105560302734
-0.9285169307097462 -0.3654619901706474 -0.0655274227012021 -1526.8731689453125 0.3712581494388204 -0.9161774589944512 -0.15095115138922555 968.6543579101562 -0.004867839419585605 -0.16448828946456961 0.9863670243719653 4.057859420776367
-0.9488678597981315 -0.30664387605879007 0.07496210988062539 -1529.156494140625 0.31484568292874215 -0.9364954901335216 0.1544292488510805 969.7835083007812 0.022846894389556408 0.1701344475267027 0.9851559720072431 4.06821346282959
-0.8540182178612397 -0.5080837504018452 0.11182032972008095 -1531.245361328125 0.519767985145102 -0.8424799093104263 0.14166454752864907 970.7362670898438 0.022228926634299304 0.17910473189140322 0.983578857964523 4.024702072143555
-0.7951723501739675 -0.604425255393479 0.04869336876143062 -1533.402587890625 0.606025781496278 -0.7948946925023214 0.029583441203912243 971.6883544921875 0.02082512138342691 0.053033371325680735 0.9983755685338046 4.064321517944336
-0.7962496339025454 -0.6031624323293832 0.046707608979316695 -1535.6954345703125 0.6049554705999178 -0.7943570189009378 0.05500731873166609 972.8224487304688 0.003924168866691325 0.07205558097272924 0.997392898585802 4.0799384117126465
-0.8989365577385562 -0.4125589650596638 -0.14733691156684073 -1537.866455078125 0.4378373871296167 -0.8349385071698026 -0.33343081992607115 973.8416748046875 0.014542612993067805 -0.36424276189645965 0.9311904868572128 4.064426422119141
-0.9403786750336733 -0.3381931448863186 0.03624009235383307 -1540.121337890625 0.3395426325596643 -0.9396681682338368 0.04164774042512477 975.094482421875 0.01996868088696939 0.05146970332115103 0.998474897743387 4.146758079528809
-0.8946025279523271 -0.44685115351709986 -0.003219251736453673 -1542.1688232421875 0.44685393679102553 -0.8945164262756824 -0.012724869246609823 976.0560913085938 0.0028064489426275437 -0.012822235507835643 0.9999138533498342 4.148758888244629
-0.8947539277437604 -0.44565824198095655 0.02835736485565491 -1544.273681640625 0.4464411211874229 -0.8941735290230011 0.03382344316400688 977.0645141601562 0.01028270878855967 0.0429235523808924 0.9990254423942236 4.1557159423828125
-0.9532531022169405 -0.3015398358565644 -0.019551227720413067 -1546.607177734375 0.3021237734710055 -0.9522685789749322 -0.0436552287899599 978.23681640625 -0.0054542293149277814 -0.04752137296690168 0.9988553301123846 4.214849472045898
-0.9207469867535925 -0.3639684310992809 -0.14054169327038835 -1548.7366943359375 0.3901454318033817 -0.8557692003637425 -0.33977289143154676 979.2725830078125 0.0033953537566397685 -0.36767656557350625 0.9299475333054755 4.109165191650391
-0.7594848044925313 -0.5838186111644383 -0.2869471397365163 -1550.72900390625 0.6461020259688324 -0.7283210661026256 -0.22825555132374087 980.3110961914062 -0.07572980776359903 -0.35875375110117114 0.9303551699683983 4.209499359130859
-0.7864001115918252 -0.5706371898500224 -0.23653342691559281 -1553.00244140625 0.6150939176488885 -0.75863178309489 -0.21479592675283649 981.4332275390625 -0.05687123138905115 -0.3144058129843292 0.9475835835439299 4.2369384765625
-0.7275735266441009 -0.6444015075617705 -0.23533690823749517 -1554.9892578125 0.6811228797150045 -0.719491846672836 -0.13565804546746113 982.5176391601562 -0.08190473768595599 -0.25899455520035497 0.9623998307985955 4.242637634277344
-0.8627807443263003 -0.47957815904028983 -0.16004429571616072 -1557.12841796875 0.5023607338427204 -0.8488593319540949 -0.16453427499293602 983.5853271484375 -0.056948049244542755 -0.22235697408890534 0.9733007221621008 4.3028106689453125
-0.9189923245780125 -0.38458828135813783 -0.08686173615980028 -1559.2822265625 0.3909402600585642 -0.9174249067142926 -0.07414346637171505 984.7776489257812 -0.051174411887613486 -0.10209502623666482 0.9934574903767607 4.2965240478515625
-0.8538095322056127 -0.5124307932731389 -0.09178215959702823 -1561.283935546875 0.5147436138039994 -0.8573422905171992 -0.0017913510883035555 985.8602905273438 -0.07777078347832123 -0.04877375314843021 0.995777498360444 4.2706146240234375
-0.8162036270505144 -0.5767688455754115 0.033901887310183364 -1563.4908447265625 0.5756292814798963 -0.8067464588872533 0.13345816339143873 987.0460205078125 -0.04962428329480963 0.1284439560527657 0.9904744220124981 4.280231475830078
-0.7652319977710244 -0.6435741094069493 0.015243204663694304 -1565.4962158203125 0.6358213707631503 -0.7518839430265861 0.17436089211650058 988.1174926757812 -0.1007530350323783 0.14311848909154112 0.9845638242449897 4.237297058105469
-0.7246083143303496 -0.6882200018355518 -0.036000276065634565 -1567.5489501953125 0.6782657303821853 -0.7214309937599789 0.13961704849913448 989.091796875 -0.122058960312013 0.0767499206251186 0.9895509385027069 4.3239593505859375
-0.8638518033338386 -0.4282203105732061 -0.2653062899545764 -1569.8131103515625 0.48095822694939505 -0.8577303677588125 -0.1815979079010166 990.3305053710938 -0.1497973491306472 -0.2844749230370207 0.9469080062796554 4.32318115234375
-0.9212727542405686 -0.3725060541945912 -0.11178439910100857 -1571.8958740234375 0.3888511315071201 -0.8875421340585036 -0.24711082088105746 991.3383178710938 -0.007163087297367518 -0.27112395663101024 0.9625177870154489 4.2995195388793945
-0.9181898567049771 -0.32196047685911744 -0.2308004297759071 -1573.8714599609375 0.3923987590761213 -0.8190934899278044 -0.41846035491239786 992.3497924804688 -0.054319434087753735 -0.47479185555202985 0.8784202257358642 4.323070526123047
-0.877293808077917 -0.47973612772391877 -0.014450676960166732 -1576.0135498046875 0.47988881608743533 -0.8772726316980447 -0.009972656004630993 993.6648559570312 -0.007892940031879408 -0.01568366762103022 0.9998458501527155 4.315360069274902
-0.825010712812805 -0.5624992537400054 -0.05433151282675683 -1578.0384521484375 0.5625098321339727 -0.8266249106172852 0.016551311113475298 994.6793823242188 -0.05422188208386826 -0.016907001180049 0.9983857675339632 4.355899810791016
-0.81827439378454 -0.5674345263041871 -0.0918970882807829 -1580.2108154296875 0.5705893041579309 -0.8211722438337714 -0.010197643726726224 995.8668823242188 -0.06967684304782691 -0.060779966394789484 0.9957162915348611 4.336261749267578
-0.8708503646693583 -0.44188990708637743 -0.21529735802010683 -1582.262939453125 0.4903164442396104 -0.8118997365004031 -0.31687316449772257 996.9202880859375 -0.03477681502769267 -0.3815129458953765 0.9237090695942964 4.344672203063965
-0.9743213079894151 -0.22493672186592173 -0.010072733194533431 -1584.20458984375 0.21736539729670107 -0.9513119449072651 0.21853573514371494 998.156005859375 -0.058739023279610114 0.2107345596549593 0.9757769583830045 4.369636535644531
-0.9950515674257779 -0.08272602698167902 -0.055034376741539104 -1586.5611572265625 0.0906654775489899 -0.9825638649010798 -0.16232073980692235 999.260498046875 -0.04064664001263518 -0.1665072246194726 0.985202108607774 4.335084915161133
-0.9269297166356099 -0.3727875008922319 0.04278761031363744 -1588.385009765625 0.3741451695852688 -0.9095247515795524 0.1810528053915855 1000.4944458007812 -0.02857783221026298 0.1838320033146489 0.9825421629953008 4.338695526123047
-0.8512772278589554 -0.44010440484539554 0.28571873261032804 -1590.245361328125 0.5223882946855806 -0.6596039965890695 0.5404008116752025 1001.6187744140625 -0.04937155967014756 0.6092870263836304 0.7914112512318296 4.334564208984375
-0.8627391446206998 -0.47431333738227477 0.17523705749764124 -1592.3597412109375 0.5025953899737265 -0.7663554142617244 0.40012154779379067 1002.6591186523438 -0.05548911890002375 0.43327385913880073 0.8995525113469862 4.160041809082031
-0.8029275378323266 -0.5933032453951529 0.057433683445316505 -1594.3463134765625 0.5960712862930596 -0.7987758871624819 0.08158494802797574 1003.69873046875 -0.00252797299335104 0.0997413710120791 0.9950101850037394 4.326604843139648
-0.8305328070035182 -0.5510725124000435 0.08083528046565104 -1596.30322265625 0.5568177798006015 -0.8181252874159887 0.1436139762990862 1004.7330932617188 -0.013008327670584907 0.16428664025905956 0.9863268643018931 4.349433898925781
-0.9223732931055758 -0.36519765325359793 0.12592927468877219 -1598.427001953125 0.3862604833638697 -0.8672500640815396 0.31413399265611963 1006.0802001953125 -0.005508825381618378 0.3383903077935745 0.9409897196219971 4.279163360595703
-0.8715908388152257 -0.4902276259298788 -0.002506884226757284 -1600.312744140625 0.4902336965825369 -0.8715728259813712 -0.005633093809617974 1007.1563110351562 0.0005765660350063454 -0.006138712080037462 0.9999809917121455 4.340127944946289
-0.8713866514593288 -0.4905896283445558 -0.0026683738959999612 -1602.41015625 0.4905962411412298 -0.8713814309619091 -0.0031192872378104017 1008.2382202148438 -0.0007948814971405297 -0.0040271994644323844 0.9999915748784483 4.369844436645508
-0.8590605067961496 -0.4672648550678274 0.2089942604034491 -1604.3619384765625 0.5097771630284526 -0.8179007565630847 0.26676880714992884 1009.3046875 0.046284875691794666 0.3357110478253222 0.9408271906414158 4.315073013305664
-0.6888489245185211 -0.719260678949365 -0.09028418968443443 -1606.2152099609375 0.7205944777678517 -0.665859364020278 -0.19332590606793362 1010.2461547851562 0.07893514933255942 -0.19823063099281343 0.9769717801124232 4.3064422607421875
-0.7587387857231878 -0.6226515069876049 -0.19136498082294875 -1608.4642333984375 0.6495319786097373 -0.7009814391734852 -0.2945050605636338 1011.367919921875 0.04923072011074536 -0.34775008667192964 0.9362938712909763 4.3172149658203125
-0.9116239855710444 -0.3929062229771468 -0.12069137863740197 -1610.3895263671875 0.403039194213941 -0.7969044268410594 -0.45000304711023836 1012.5746459960938 0.0806295036505947 -0.4588769273203381 0.8848337972264076 4.320960998535156
-0.8868890806196214 -0.4319639594138922 -0.1638136027476229 -1612.241455078125 0.4577770734894905 -0.7739775859355155 -0.43749153986886335 1013.5628662109375 0.0621925209738302 -0.46299658123673537 0.884175466803968 4.273872375488281
-0.8764372483881976 -0.440924366036805 -0.1935031086901855 -1614.335205078125 0.47766648513561166 -0.7454237956726587 -0.4649495605150696 1014.6856079101562 0.060765768454901045 -0.49992906324798464 0.8639319724978798 4.299964904785156
-0.7726386370064642 -0.6347315205162559 -0.012059579922824373 -1616.188720703125 0.6324659441714232 -0.7679596330031198 -0.10111790910152221 1015.8116455078125 0.05492145362372976 -0.08575487706734353 0.9948013545381919 4.316261291503906
-0.7173111246975492 -0.4107312330285621 0.5628184472811579 -1617.9073486328125 0.6912819005593887 -0.5205592958539402 0.5011460400512501 1017.0762329101562 0.08714404365265654 0.7485438355332884 0.6573340413678398 4.3256378173828125
-0.9172428852434211 -0.3702306073856473 0.14695164791583284 -1620.1405029296875 0.3780192938919752 -0.6927777369358499 0.6141338784430109 1018.2898559570312 -0.12556632874993476 0.618860488770205 0.7753997630405662 4.5077972412109375
-0.9471622253050842 -0.2683942192412554 0.17563673315396686 -1622.1434326171875 0.31950778809958913 -0.741224342118197 0.5903399427407519 1019.001953125 -0.028257606034993138 0.6152649979718683 0.7878137406594581 4.3422393798828125
-0.9497711996181886 -0.247794072885993 -0.19113546457525205 -1624.311279296875 0.2688781398473761 -0.3336383051052139 -0.9035430411877092 1019.8030395507812 0.1601224977573143 -0.9095513063093752 0.38350646266114924 4.26824951171875
-0.9003522529743733 -0.30505838594220414 -0.3103307940413063 -1626.146484375 0.4216348886713337 -0.43512197557848564 -0.7955456536389274 1020.8919067382812 0.10765612485633365 -0.8471176113946712 0.5203863096257477 4.3396148681640625
-0.8477460276968718 -0.43916477496306755 -0.2974238943928558 -1627.9256591796875 0.5191247874908158 -0.5719768113098711 -0.6350999782210728 1021.9376831054688 0.10879396829231708 -0.6928035996986665 0.7128723901988209 4.3426513671875
-0.8284646825636729 -0.508891905193549 -0.23382749747014916 -1629.9830322265625 0.5582807306093196 -0.7173531252717936 -0.4168058534775089 1023.027099609375 0.04437223878729882 -0.47585031521610893 0.8784062738469784 4.262214660644531
-0.8797051199310894 -0.46294348016837367 0.10863809707750742 -1631.85205078125 0.46389979930194175 -0.8857080919502921 -0.017836817580233574 1024.19091796875 0.1044790800813515 0.03470605168219223 0.9939213307913193 4.312538146972656
-0.9671268973332263 -0.23171231052141145 0.1047614891428919 -1633.7283935546875 0.24972351741806725 -0.9431619463566976 0.21927997581401332 1025.2509765625 0.04799718015629173 0.2382329702150292 0.9700213000751942 4.3701171875
-0.8881593871658996 -0.4595051455265636 -0.005284337584381164 -1635.76416015625 0.4594848153274322 -0.8881734884052505 0.004643164606658174 1026.38671875 -0.0068269665745170445 0.0016957973524727307 0.9999752580932841 4.3718414306640625
-0.759691350515332 -0.6494789598423644 -0.032343974311633876 -1637.661865234375 0.646888318606584 -0.7497129982987343 -0.13952033340079434 1027.2247314453125 0.06636682305593553 -0.1269153296651062 0.9896908324792444 4.361053466796875
-0.7204384254027173 -0.693515659139297 -0.002122670921220246 -1639.6611328125 0.6916970764099026 -0.7183208058850769 -0.07463494033364781 1028.2744140625 0.05023574115355212 -0.05523812416438734 0.997208664196994 4.358692169189453
-0.7182257963367127 -0.6950752657730797 0.031969991976504145 -1641.4677734375 0.6945887608371002 -0.7189290563774573 -0.02621955787194897 1029.197265625 0.041208722320360575 0.0033744342787549817 0.999144861568142 4.346954345703125
-0.7507208770324251 -0.6604397470247088 -0.015411208181214189 -1643.3450927734375 0.6595628911500404 -0.7479972375769416 -0.07400625105397557 1030.244140625 0.03734912857706335 -0.06572269872123918 0.9971386911896112 4.333721160888672
-0.7600371357020389 -0.6402041946556492 -0.11172350468523587 -1645.4832763671875 0.6471001020285239 -0.7296363850582922 -0.2211158147979048 1031.336669921875 0.06004173805374163 -0.2403525218182225 0.968826947884454 4.2825927734375
-0.8536157948112434 -0.507574607655006 -0.11708156350440158 -1647.406005859375 0.519194900859609 -0.8108583299627149 -0.27008410477378514 1032.34521484375 0.042151272461804924 -0.29133620851851366 0.9556916259107365 4.254547119140625
-0.9583819142580327 -0.2848967181796513 0.018383862313820977 -1649.3216552734375 0.2841297707836256 -0.9581153282820575 -0.0358509562691154 1033.367431640625 0.027827680060571895 -0.02913550551183214 0.999188041632313 4.256504058837891
-0.9039282698108232 -0.4273916006778203 0.015814635843488356 -1651.3751220703125 0.42768375895445326 -0.9032631851123122 0.03467305506225036 1034.410888671875 -0.0005341941600647496 0.038105617575514304 0.9992735744258365 4.2426886558532715
-0.868067908672508 -0.4925098871344697 0.062386833608783054 -1653.2442626953125 0.4957138239708156 -0.8667371969332378 0.05508571662912905 1035.33251953125 0.02694272920788322 0.07874415868561531 0.9965307054053704 4.223508834838867
-0.8677683588230712 -0.49169903115182295 0.07218128697849513 -1655.0904541015625 0.496507083087072 -0.8640287253023663 0.08327711748574858 1036.280517578125 0.02141942739385434 0.10810376781928761 0.9939088406455557 4.234479904174805
-0.9300712029507975 -0.36626722349864305 -0.028563585773709807 -1657.128662109375 0.36516715150844525 -0.9131529718549135 -0.18112040595070455 1037.3271484375 0.04025554497041581 -0.1788853570953613 0.9830460417071014 4.231544494628906
-0.9321541232269851 -0.3426305871093379 -0.11701697025662941 -1659.0670166015625 0.35929319913582647 -0.835490362730328 -0.4157694683830069 1038.26611328125 0.04468878612889163 -0.4296046258617977 0.9019106262997852 4.244392395019531
-0.9097861521424873 -0.3971880879407051 -0.12054368572336596 -1661.09912109375 0.4126507052417833 -0.8341297275894315 -0.3659876951688941 1039.31103515625 0.0448168811189014 -0.38271297384539665 0.9227796198536176 4.218574523925781
-0.8895945974511996 -0.4565505539238334 -0.013529371658679106 -1662.8646240234375 0.4567305165460826 -0.8894447668598335 -0.016889107768163242 1040.365234375 -0.004322897313879632 -0.021203735932541552 0.9997658296527824 4.254024505615234
-0.9462824236677817 -0.3214036067005639 -0.035345385233403026 -1664.75 0.31743860188139494 -0.9026489979556224 -0.290615760971933 1041.263671875 0.06150047717712154 -0.2862245763200283 0.9561867930574058 4.177162170410156
-0.7720411648187686 -0.6321806218320749 -0.06557515692157773 -1666.730712890625 0.6294727857936833 -0.746291084419693 -0.21636457487495034 1042.294189453125 0.08784333651688286 -0.20832013511825784 0.9741079352586612 4.178131103515625
-0.9122915949097241 -0.4078659285269658 -0.037005813109673644 -1668.6253662109375 0.40698689515817854 -0.8928164954272759 -0.19297764809029816 1043.206298828125 0.04566960725228393 -0.19111276733853544 0.9805050724670573 4.1964263916015625
-0.9247643965978117 -0.3708196351185037 -0.08546115489311625 -1670.49560546875 0.37581570503789385 -0.8546762059085141 -0.358177524281882 1044.10498046875 0.059777643245248 -0.3633474662969417 0.929733968457449 4.127899169921875
-0.9813876687361472 -0.09290909886034603 0.16806588886977736 -1672.537353515625 0.1598717542525342 -0.8801382847376923 0.4469872726725112 1045.3140869140625 0.10639203844671469 0.46553678596642717 0.878610400044981 4.114582061767578
-0.9363996428341054 -0.3074431010772663 0.16921716372801437 -1674.3209228515625 0.3502713449406973 -0.7891455907205752 0.504538622465822 1046.341064453125 -0.021579940073940193 0.531721709399069 0.8466441578019286 4.1103363037109375
-0.8747101209315407 -0.4461998190875038 0.18917696949208232 -1676.2020263671875 0.47847107019543517 -0.8571726865756579 0.19057917088366066 1047.0792236328125 0.07712093960763364 0.2572172366598854 0.9632713292936149 4.1304168701171875
-0.8940370716893788 -0.44785961922937073 -0.010930503593310069 -1678.2471923828125 0.44786601247130303 -0.8940984647048378 0.0019925575290399137 1048.0496826171875 -0.010665332537477677 -0.003113980760203561 0.9999382749978571 4.134138584136963
-0.8265950132221656 -0.5589493019971373 0.06569902520708341 -1679.9461669921875 0.5576691485909041 -0.8291861290742732 -0.03815080681609427 1048.913330078125 0.07580108723589811 0.00510305278590082 0.9971099006760088 4.097686767578125
-0.6487361770347655 -0.7303586219748562 -0.21381687471597458 -1682.0211181640625 0.7520399892450395 -0.5722434891105557 -0.3270676439926432 1049.9541015625 0.11652135934084587 -0.37297945315736447 0.92049394367361 4.036285400390625
-0.7479332172746324 -0.5972098766007385 -0.28971756209755106 -1683.8101806640625 0.6501374470926762 -0.571087296352533 -0.5011792092980034 1050.7789306640625 0.13385515449557878 -0.5632048146414277 0.8154036634573577 3.99859619140625
-0.8709168421388584 -0.4882178950916465 -0.05609938494458654 -1685.6673583984375 0.48607382416429934 -0.8389838122709108 -0.24461888767971895 1051.8226318359375 0.07236084259578975 -0.24031115175882123 0.9679950716812438 4.028388977050781
-0.7992349997346666 -0.5098099314202996 0.3183037056403162 -1687.5928955078125 0.5949457650375157 -0.7461923749922519 0.29872474984063135 1052.9224853515625 0.08522295385078373 0.42812471702606947 0.8996923223015161 3.992786407470703
-0.879481828101912 -0.4714307837887532 -0.06530490130794615 -1689.5821533203125 0.4708538268162093 -0.841875052193095 -0.2637102012956732 1053.699951171875 0.06934253969281702 -0.26267739261534323 0.9623887985620753 3.9777450561523438
-0.8975617649347459 -0.4408817665014706 -0.002479131655759026 -1691.2667236328125 0.44052490605485106 -0.8970352920944836 0.03557375271641916 1054.9862060546875 -0.017907687527665847 0.03083752103375054 0.9993639787504373 3.882617473602295
-0.8204912989387614 -0.28415640433239725 0.4960334325856146 -1693.361572265625 0.5712387257680285 -0.4408114676909536 0.6923666428526627 1055.9766845703125 0.0219168097291407 0.8514343121045984 0.5240031160425156 3.8092498779296875
-0.923162799461918 -0.37232711634676763 0.09561884815523895 -1695.2066650390625 0.3827158528331489 -0.9135306035829676 0.13780570491650274 1056.6082763671875 0.03604194334146853 0.16381194935119736 0.9858329592633485 3.8061141967773438
-0.9899743767886218 -0.14019566706652162 0.017201983541229926 -1697.2022705078125 0.1401851903195739 -0.9901236298556368 -0.00181934509164046 1057.5830078125 0.017287154683306237 0.0006103583133412934 0.9998503796797221 3.743541717529297
-0.9952272332138931 -0.09453661008411782 0.024198835162515323 -1699.0244140625 0.09387335777011538 -0.9952120190613384 -0.02721818908043086 1058.51806640625 0.026656086929311873 -0.024816657100778954 0.9993365732124284 3.7432289123535156
-0.953364233101584 -0.29215419983286867 -0.07577969756237178 -1700.8753662109375 0.30027710657548773 -0.8927294331096637 -0.3359580606658386 1059.4000244140625 0.0305007919451525 -0.34304530718217724 0.9388235291634973 3.6985626220703125
-0.9831471611090593 -0.1750238834845258 -0.05280435411206827 -1702.6925048828125 0.18082790837041124 -0.8885273035728535 -0.42168767869115714 1060.4149169921875 0.026887304765999098 -0.42412954508681605 0.9052022988409114 3.6647491455078125
-0.8203796308511089 -0.5689454152633221 -0.057257102052442485 -1704.3929443359375 0.5717283560082843 -0.8179121599563317 -0.06439243380733538 1061.1107177734375 -0.010195500020222934 -0.08556174990270778 0.9962807027805585 3.640512466430664
-0.7535454337805408 -0.6424968779509371 0.13916551674820687 -1706.202392578125 0.6573926530672806 -0.7358055450443614 0.16255798834610605 1061.1766357421875 -0.0020442410960633817 0.21398121811334134 0.9768356358021917 3.6252832412719727
-0.8181294378840767 -0.5624532965347969 0.11962655259023511 -1708.0643310546875 0.5749965527059807 -0.7978003522129724 0.18136582474406598 1061.753662109375 -0.006571700215538927 0.21716557560073058 0.9761126602653405 3.5726704597473145
-0.7937256584611909 -0.6044539986802684 0.06808041259997748 -1709.5628662109375 0.6077949240733531 -0.7836648014576353 0.12827630033264942 1062.9407958984375 -0.02418489964866574 0.1431951201535835 0.9893989327835283 3.471891403198242
-0.8312234030548572 -0.5550973150218597 -0.030571638317639933 -1711.440673828125 0.5558910154794774 -0.8306136764401707 -0.03265117792268282 1064.3270263671875 -0.0072686397006318446 -0.04413492229590621 0.9989991368919376 3.412799835205078
-0.83989478245318 -0.5244025247866898 -0.13992407371596335 -1713.100341796875 0.5427342236377163 -0.8095623435712526 -0.2237149399655427 1065.475341796875 0.0040394183109013215 -0.26383859435034573 0.9645583855998262 3.3915328979492188
-0.7794324827532076 -0.6177771354289212 -0.10409810646888293 -1714.5684814453125 0.6264794371771398 -0.7678146978957018 -0.13410482649608976 1066.2418212890625 0.0029188393900268852 -0.16974098101686716 0.9854843883796672 3.3808212280273438
-0.8236136373428867 -0.536194300401398 -0.1848140919948342 -1716.5595703125 0.5671151018578282 -0.7822891077952064 -0.25769014934561457 1066.9755859375 -0.006406061785916489 -0.3170479838163857 0.9483878628126574 3.352508544921875
-0.8069819853371535 -0.5300603304552222 -0.26041528645416856 -1718.428955078125 0.5897350920615533 -0.7467834586958323 -0.3074524142195686 1067.76611328125 -0.031505500035029554 -0.4016845925548933 0.9152359758944968 3.3130483627319336
-0.8735322197667915 -0.4586227403204554 -0.16311542873148976 -1720.223876953125 0.483913930724504 -0.8544280335904882 -0.18915613409416868 1068.644775390625 -0.05261909045262506 -0.24416780597705198 0.968304349801389 3.2830324172973633
-0.9595773699877748 -0.2788082709092589 -0.03843460784156455 -1722.1292724609375 0.28029683561461366 -0.959032317180454 -0.041118104867853916 1069.666259765625 -0.025395963296945757 -0.050229101884055924 0.9984147847323485 3.2025957107543945
-0.9801721617527585 -0.19383890649285357 -0.04109758696783918 -1723.763916015625 0.19735433626064713 -0.973560564275446 -0.11502649106529587 1070.632568359375 -0.01771438071296178 -0.12085655140425754 0.9925119116154859 3.161163330078125
-0.9934160186520083 -0.11449101974257694 -0.004052194948116664 -1725.54443359375 0.10815678240466173 -0.9256189613857465 -0.36267292253908734 1071.79833984375 0.0377720042553124 -0.36072336314893305 0.931907683718221 3.0437164306640625
-0.9942912615338371 -0.10493409201397703 -0.01933193137410781 -1727.159423828125 0.10395538901699301 -0.9935125195068408 0.046110201447130975 1072.53759765625 -0.024045047967859452 0.04383731192000202 0.9987492807265754 2.883613109588623
-0.9634866887422869 -0.26773691246497844 0.003216569623686029 -1728.913330078125 0.2612097410016102 -0.9372219741275071 0.23105073559374426 1073.397216796875 -0.058846170838001595 0.223454507487003 0.9729363860301689 2.8936538696289062
-0.9987184652890203 0.04897593781773293 -0.012758707051155943 -1730.6724853515625 -0.048985194217712406 -0.9987994190547814 0.0004138155192695892 1073.919921875 -0.01272312218744494 0.0010382729431854738 0.9999185187559527 2.824734687805176
-0.9932943413269876 -0.10912279141237186 -0.03819120163280796 -1732.2596435546875 0.10989832168199426 -0.9937645119367805 -0.01882694097651489 1075.1065673828125 -0.03589861249779331 -0.022897842898933665 0.9990930779518539 2.7269668579101562
-0.9857414689002499 -0.15803414100857005 -0.0577837932820342 -1734.1243896484375 0.1532586233072754 -0.9849901619280448 0.07941143045508292 1075.760498046875 -0.06946618509991836 0.06942327549638674 0.9951657439577672 2.6897010803222656
-0.9845306273928149 -0.1696365520218544 -0.04385070060611338 -1735.8782958984375 0.16033249246461878 -0.9731783127214446 0.1649771605669258 1076.655029296875 -0.07066070750843978 0.15539437527394268 0.9853221059874926 2.6006546020507812
-0.942780862887473 -0.3309288251006899 -0.04062458972874239 -1737.452880859375 0.32979947264763476 -0.9435048781913205 0.03210689443909994 1077.388427734375 -0.04895459543795268 0.01687179737486589 0.9986584952018621 2.5028629302978516
-0.98954552432116 -0.12038811087010445 -0.07941258122670568 -1738.976806640625 0.12894005856785945 -0.9851705327832038 -0.11319665468632764 1078.1378173828125 -0.06460740354230053 -0.12225270588737969 0.990393941475177 2.475522994995117
-0.989905143173505 -0.1272263131751099 -0.0624601693442441 -1740.7568359375 0.13642688550663568 -0.9747762308437565 -0.17663239989593857 1079.0447998046875 -0.03841239942521309 -0.18337056747992111 0.9822930940164903 2.3770370483398438
-0.9955165707146526 -0.05386879355348193 -0.07774902258954913 -1742.246826171875 0.05269907240863932 -0.9984653780273386 0.01702047731388586 1079.9267578125 -0.0785465798097337 0.012846865836298613 0.9968276645631264 2.373821258544922
-0.9487659101636707 -0.31321807655854705 -0.041685539798183735 -1743.8822021484375 0.3128632828360638 -0.9496805448551593 0.014947540822804292 1080.76611328125 -0.04426978613391967 0.0011398423454033876 0.9990189621799404 2.241732597351074
-0.9614568299289541 -0.2628631159512401 -0.08064580866586686 -1745.327392578125 0.246435487235657 -0.9539094607967968 0.1712492079785745 1081.531005859375 -0.12194390027340875 0.1447747314788379 0.9819215662726529 2.1578292846679688
-0.9237860974848706 -0.3083334589293915 -0.2270456434250841 -1746.898681640625 0.3205390730580098 -0.9470632978388327 -0.018050277830172004 1082.197265625 -0.20946109122408635 -0.08945159580058815 0.973716829099684 2.100494384765625
-0.8954968530472998 -0.42565221875822423 -0.13002143995735327 -1748.460205078125 0.4301057027339801 -0.9027520040942612 -0.006921241182345668 1082.9193115234375 -0.1144310738308961 -0.062120912501313345 0.9914870254178378 2.0802383422851562
-0.8945304604444628 -0.4330562131691099 -0.11080420376794237 -1749.9344482421875 0.4261502217006329 -0.9010114609332949 0.08108227803503626 1083.4932861328125 -0.13494904179548195 0.025311331503496206 0.9905291982652513 2.0362930297851562
-0.8665713132657219 -0.4900684630025576 -0.09427120766826155 -1751.4705810546875 0.47199771198732865 -0.8661883762938284 0.1641214691994548 1084.3580322265625 -0.16208738045772822 0.09772716277356956 0.9819251920348003 1.8042449951171875
-0.7788448068091429 -0.6264191480984561 -0.031619895667655315 -1752.9237060546875 0.5627120375479014 -0.7201258306288947 0.40592357761003944 1085.42724609375 -0.2770486053116277 0.29835857446476893 0.9133598586199378 1.789794921875
-0.8146363214862556 -0.5763777797269777 0.06446951800922329 -1754.343505859375 0.5545400488737963 -0.7415304810429199 0.3776478252013425 1086.2012939453125 -0.16986170230628705 0.3433965648070109 0.9237022254863062 1.65771484375
-0.8013347712813235 -0.5956406577014736 -0.05545080007055575 -1755.9530029296875 0.4973767720977233 -0.7148907218433138 0.49147492550484695 1087.090087890625 -0.3323837103607187 0.3662560070706029 0.869124620737176 1.707672119140625
-0.8468686078193305 -0.427891652335909 -0.31578837051321984 -1757.405517578125 0.3354958553232892 -0.8906004293963764 0.30703974697078673 1087.97607421875 -0.4126210030415849 0.15407663359586918 0.8977774216523384 1.681488037109375
-0.8818676415705888 -0.4255095047388168 -0.20310372750802516 -1758.9327392578125 0.4346177009109055 -0.9006150013224128 -0.00027101282068246746 1088.526123046875 -0.18280294528712057 -0.08851147253298357 0.9791571898446116 1.5178680419921875
-0.8851297638304101 -0.31011973370684476 -0.34694531549960117 -1760.2413330078125 0.35603905986006656 -0.9313918882421004 -0.07579801033519555 1089.3682861328125 -0.2996355937392653 -0.1906171589401388 0.9348174205063293 1.262908935546875
-0.8687235325647706 -0.17796385364871345 -0.4622210410211605 -1761.505859375 0.27023713038554303 -0.9523815590138929 -0.14121352417971245 1090.589111328125 -0.41507989270641993 -0.2475847993006972 0.8754487134184735 1.54815673828125
-0.8508367258597114 -0.1300039351395902 -0.5090931572674574 -1763.1146240234375 0.19985429336676425 -0.9761545810631453 -0.08473780320675815 1091.220947265625 -0.48593736978256596 -0.17384248824052528 0.8565300122769459 1.336181640625
-0.7814555745343967 -0.5172833231503204 -0.3489199745209169 -1764.2728271484375 0.4515330338587067 -0.8547606615837386 0.25593384055900376 1092.338134765625 -0.43063337581226585 0.04245203174749873 0.9015279921538994 1.29644775390625
-0.7925605806458655 -0.6016190734531726 -0.09950988123616133 -1765.423828125 0.5374374059827516 -0.7662564011343012 0.3521536062164352 1093.13232421875 -0.2881124097584478 0.2256227341782191 0.9306372124330323 1.2577667236328125
-0.7429719298508346 -0.5778837868193605 -0.33770259161730193 -1766.792724609375 0.36188046002637225 -0.7712632606546259 0.52363681632931 1094.20947265625 -0.5630588282806935 0.2668394867625672 0.7821518038075871 1.30517578125
-0.8289738025350786 -0.3176401677667505 -0.460333746896361 -1767.9605712890625 0.4685550724716836 -0.8438416011339127 -0.2615100308913787 1094.942626953125 -0.3053826759519729 -0.4324766768472782 0.8483544926571364 1.3387451171875
-0.7015321641170121 -0.2766065444474687 -0.6567658960985505 -1769.311767578125 0.29242563165803015 -0.9521692484613061 0.0886621240103875 1096.093017578125 -0.6498768134490593 -0.1298558502858528 0.7488641969595252 1.12457275390625
-0.6446912146364463 -0.49799227300933324 -0.5799801149984208 -1770.2955322265625 0.38345029664924724 -0.8670099924339767 0.3182130465886654 1097.038818359375 -0.661316193488552 -0.017244391628398192 0.7499090099386584 1.1705322265625
-0.661698417719438 -0.7240409983211462 -0.1947301639133246 -1771.1947021484375 0.5433226103397226 -0.6420234597383365 0.540931066069649 1097.90625 -0.5166776026510365 0.25213192954430586 0.8182137526484403 1.176361083984375
-0.4582129240456907 -0.8594142050494364 -0.22682182522134664 -1772.1456298828125 0.2519095874599239 -0.37028860182962764 0.8941073263880743 1099.0404052734375 -0.8523980736623405 0.3525529400165379 0.38616570083634616 0.9381103515625
-0.6099204000216356 -0.7924381918412728 0.00623038913570273 -1773.3167724609375 0.493645746845893 -0.3737733008038943 0.7852435267018265 1100.091552734375 -0.6199282073421153 0.4820116510184123 0.6191557041844125 1.09722900390625
-0.6679239707715756 -0.7339341200557263 -0.12336237954400087 -1774.8521728515625 0.6505255713862685 -0.6562697243801436 0.38226499948933235 1101.4261474609375 -0.36151632085052593 0.17507357390547829 0.9157811930142825 0.930816650390625
-0.6930329299551675 -0.6779045405038499 -0.24525658393205338 -1775.4700927734375 0.6659384793631343 -0.7322996520302231 0.14234873143070356 1102.483154296875 -0.2761001624434009 -0.06467343813868681 0.9589504923081531 1.076904296875
-0.6994246355998646 -0.6565052826203317 -0.2824995451458195 -1776.3946533203125 0.680857406298861 -0.7322418158301149 0.01597233351153017 1103.407470703125 -0.21734390123484973 -0.18117046404260917 0.9591344491543411 0.9780120849609375
-0.653543560406352 -0.7293241683478129 -0.2024032413652508 -1777.091552734375 0.6926747106913602 -0.6841075677491211 0.22847008757608053 1104.6435546875 -0.305094345768697 0.009115547825154058 0.9522785028382286 1.0989990234375
-0.6016924958815948 -0.7240390418127559 -0.33724413461266123 -1778.3983154296875 0.5605269573281161 -0.6835616523326091 0.4674965214510126 1106.3275146484375 -0.5690128913374993 0.09225472015663483 0.8171373177750234 0.6998291015625
-0.53168253102384 -0.8235457475437502 0.19770201796311798 -1778.762939453125 0.6578300841182376 -0.25452706269439784 0.7088551014030685 1106.8150634765625 -0.5334540904642835 0.5069402095501675 0.6770807612893431 0.86529541015625
-0.5377418170930928 -0.8399316018994416 0.07313441242026278 -1780.36669921875 0.6897496819645674 -0.38838551759497836 0.6110663351488603 1108.6229248046875 -0.4848495791265549 0.3790403591349066 0.7881936892462944 0.644378662109375
-0.5018595855898303 -0.8635798980093433 -0.04864890652189552 -1780.6234130859375 0.5665226423777366 -0.3706879328681244 0.7359636893891601 1109.239013671875 -0.6535970104161668 0.34178972509443484 0.6752708580968972 0.84259033203125
-0.49855804383083946 -0.8661923306829452 0.033922311206843914 -1781.259033203125 0.8149320693163143 -0.4549954764282269 0.3589774907005736 1110.4100341796875 -0.2955090511835406 0.2066154948107667 0.9327295631493114 0.821197509765625
-0.46385502275442514 -0.8858480523920502 0.010570995161435282 -1781.9656982421875 0.5093428125412867 -0.2569052694542017 0.8213218503359057 1111.771240234375 -0.7248506171467495 0.3863585259831539 0.5703671380979984 0.866668701171875
-0.4636124124425793 -0.8858988037153654 -0.015711161792046763 -1782.7841796875 0.7288219385869903 -0.3913740326772008 0.5618228799010294 1113.11181640625 -0.5038671579528408 0.24901742132162039 0.8271083429725863 0.71795654296875
-0.4222086096678718 -0.902560052680308 0.08441114398017752 -1784.2247314453125 0.713144635019996 -0.2732246935659301 0.6455795817465111 1115.87060546875 -0.5596111323629287 0.33276661210452463 0.7590136773497284 0.350128173828125
-0.4098599531807635 -0.9109054947092442 0.04760250505140845 -1783.921875 0.724362962128246 -0.2933210892661374 0.6239078759628858 1115.395751953125 -0.5543582937734903 0.29019634439502096 0.7800467702800331 0.695953369140625
-0.4116326118562328 -0.9085971181086108 -0.07078043388637256 -1784.4832763671875 0.5481543911304212 -0.3088852789893468 0.7772494116486101 1116.735595703125 -0.7280696095435195 0.281142599739706 0.625198754214007 0.59771728515625
-0.3646872513103443 -0.9307611337941345 0.026209169196348525 -1785.1571044921875 0.8766416954953945 -0.33372264417282915 0.3465956354099904 1118.399169921875 -0.31385115333652264 0.1493750601156443 0.9376484122339152 0.7039794921875
-0.32512702243508484 -0.9244962581396039 -0.19899519584242908 -1785.6373291015625 0.2601886850251318 -0.2897576840461416 0.921055010692146 1119.6556396484375 -0.9091722980092324 0.24768357479269248 0.3347515187576065 0.51043701171875
-0.286682256366502 -0.948873960548507 0.13210409107064544 -1786.45068359375 0.8596845953998 -0.19394252330772865 0.47257665418989253 1122.76123046875 -0.42279508076241057 0.24904719361201672 0.8713322070468217 0.2152252197265625
-0.25364222043914103 -0.9525957502230644 0.16800881127982353 -1786.5255126953125 0.8641617014596854 -0.1451141370592261 0.4818365292875351 1122.4425048828125 -0.43461497643431907 0.26740086739297114 0.8600038362568407 0.476287841796875
-0.2780489727350213 -0.9605589600170515 0.0039055207027756667 -1787.3310546875 0.9144609332352421 -0.2634562622305903 0.30716770578629565 1125.255126953125 -0.29402375813449033 0.0889791111578826 0.9516473860784906 0.376190185546875
-0.3071638184566536 -0.9486718625665219 -0.07531325119588192 -1787.7874755859375 0.8491647313753471 -0.30894966107624094 0.4283332416578365 1126.980712890625 -0.42961569759421336 0.06761511735878248 0.900476844946718 0.227935791015625
-0.26680314589665843 -0.9624337704203427 0.05037180654026269 -1787.543701171875 0.3784625185133996 -0.05656196173795275 0.9238868256257631 1126.6724853515625 -0.8863307528344828 0.2655597522947286 0.3793360179854021 0.328887939453125
-0.24213002038327197 -0.9658744537392923 0.09197604494117151 -1787.6845703125 0.6322322288035622 -0.08515916776674032 0.770084621978232 1128.13916015625 -0.7359724601445876 0.24461082510612697 0.6312765496591992 0.3521728515625
-0.22826123531072917 -0.9588110950201879 0.16905056202393448 -1787.8702392578125 0.6359894229437791 -0.015374961480131621 0.7715445965484583 1129.651611328125 -0.7371663735942238 0.28362809209539297 0.6133032227342919 0.131317138671875
-0.15984923842519855 -0.9719571319404174 0.17247479423104578 -1788.204833984375 0.8090846165437426 -0.028902641700012555 0.5869810223295344 1131.0714111328125 -0.5655354137869253 0.23337517214330714 0.7910156286571921 0.277679443359375
-0.09558813493850787 -0.9880373364270123 0.12101706609066722 -1788.464111328125 0.930587717573016 -0.04554150647056776 0.3632250969999681 1132.703125 -0.3533686578648743 0.1473370049057824 0.923808637448347 0.47333526611328125
-0.10893436733553163 -0.9771358716162365 0.18258913443571945 -1788.5496826171875 0.8034125828545241 0.021621126775718924 0.5950300400719031 1134.1810302734375 -0.5853729796670066 0.2115136290590421 0.782687970648613 0.4212493896484375
-0.10901175122051876 -0.9796608809543303 0.16846660328866703 -1788.553955078125 0.7477760284952715 0.030843782502654737 0.6632342514442149 1135.3934326171875 -0.6549407983197221 0.1982756147606516 0.7292045880873289 0.1245574951171875
-0.09789879738694418 -0.9890112206461399 0.11078190694433065 -1788.8382568359375 0.776197651189197 -0.006213642599584068 0.6304590366820179 1138.949951171875 -0.6228427022600196 0.14770983745735047 0.7682764946031861 -0.1208038330078125
-0.06764339768135513 -0.9929314609847509 0.09752684008420634 -1788.6663818359375 0.804542336350703 0.003522635884550762 0.5938848542064172 1138.1964111328125 -0.5900305074904811 0.11863686114826705 0.7986171143967631 0.111724853515625
0.0130615655536927 -0.9907169894529679 0.13531164885010616 -1788.6541748046875 0.8984347566334394 0.07102815143931757 0.4333243470844052 1140.337158203125 -0.43891272888616395 0.1159087939388605 0.8910223161679731 0.068939208984375
-0.03459255138399758 -0.9576260953440605 0.2859293914672535 -1788.416748046875 0.6144654318334106 0.2052556440309204 0.7617757896357908 1142.2911376953125 -0.788184996349541 0.20204549514785158 0.5813278157975358 -0.4478759765625
-0.05006838865133534 -0.8879129064391911 0.45727871920368995 -1788.72314453125 0.42387883874172094 0.39568046388654454 0.8147169450585271 1142.5791015625 -0.9043339463521365 0.23462233712338054 0.3565564084376185 -0.1162567138671875
0.11278986303165367 -0.9646030980773292 0.23836801374538263 -1787.9896240234375 0.8521067839314413 0.21729408927276334 0.476127406841001 1145.5767822265625 -0.5110699321769151 0.14941265658149067 0.8464534142396407 -0.17342376708984375
0.1499602343502603 -0.9527981853126186 0.2639839884890672 -1787.81396484375 0.8459633774841564 0.26184726765663535 0.4645233819479414 1147.8736572265625 -0.5117205214462419 0.15366075128586124 0.8452990485296024 -0.31314849853515625
0.16313236223329963 -0.9556120717698703 0.24534343414870505 -1788.1328125 0.8426601233777934 0.2642920400170712 0.46912006357918323 1146.830078125 -0.5131391125816717 0.13021246434697145 0.8483707711063502 -0.194732666015625
0.08419650884375457 -0.9731397437018264 0.2142661595457085 -1787.5025634765625 0.6674870660613174 0.21473675304246082 0.7129860752733084 1151.1793212890625 -0.7398459059421618 0.0829889517991681 0.6676382773178132 -0.1964874267578125
0.09579379852319225 -0.9835241982044822 0.1533091638185033 -1787.402099609375 0.6912999635653745 0.17654975289654995 0.7006672142513015 1150.042724609375 -0.716189855093613 0.03886304540817381 0.696822613842714 -0.2047119140625
0.1364028092093213 -0.9579768499142891 0.2523383218381653 -1787.3453369140625 0.6493698740516676 0.27882571407416784 0.707513242169468 1151.1572265625 -0.748139719780956 0.06735411048574824 0.6601139170527666 -0.2975921630859375
0.18674985536231858 -0.9039711697330884 0.3846564906686812 -1785.851806640625 0.5941513094190235 0.4157470743852517 0.6885772227250652 1155.3270263671875 -0.7823737681171405 0.09995246085763043 0.6147363601827136 -0.484710693359375
0.0664908898302563 -0.8264272821269718 0.5591036656343862 -1785.881103515625 0.2822571597968608 0.5530349723509091 0.7838897978033894 1156.120849609375 -0.9570317953511212 0.10568948250916849 0.27003680485066117 0.3733367919921875
0.21486140811618515 -0.9410715820323483 0.261187390188469 -1785.573486328125 0.6581631306985667 0.3371068915002182 0.6731866287235075 1157.5806884765625 -0.7215648749013437 0.02726208345291048 0.6918098800352703 -0.61773681640625
0.08670806687653365 -0.9612244686451621 0.2617808855061047 -1784.509033203125 0.29368573810347404 0.2757560033144095 0.9152635215448505 1159.561279296875 -0.9519613428985193 -0.002479418054521232 0.30620818753416557 -0.48858642578125
0.25844766486696924 -0.9120896420343004 0.3182723510117599 -1784.9947509765625 0.6021740367833924 0.40973201732944614 0.6852051542415136 1158.2940673828125 -0.7553748962924335 0.014565674336761647 0.6551309847521418 -0.383392333984375
0.13865018859277856 -0.9042554594882359 0.40385416822029496 -1783.881103515625 0.288853978428438 0.42698645564569127 0.8568815238066425 1160.272705078125 -0.9472800559228778 -0.002151901682118651 0.3203995395906494 -0.41094970703125
0.4125066501643711 -0.8708343571938408 0.2673682589631 -1781.2664794921875 0.7482116067214017 0.4913119457737085 0.44586092395211196 1163.6748046875 -0.5196322306569787 0.016127438446407766 0.8542378185210544 -0.6984024047851562
0.3179377739041695 -0.8639103630569767 0.3906078039768587 -1782.05419921875 0.514956091589468 0.5032686850289327 0.6939314479140922 1162.56982421875 -0.7960752449735896 -0.019481151711635447 0.6048840294372364 -0.6217041015625
0.47587196077805133 -0.8401974519114461 0.2600271500185424 -1781.603759765625 0.7440048873327894 0.5422264935990526 0.39044481974307166 1163.4449462890625 -0.4690443524552619 0.007659728506243607 0.883141395241461 -0.5841140747070312
0.4840947192262671 -0.8296492263246327 0.2780907479154604 -1780.3345947265625 0.7043771318604177 0.5580416356365079 0.4386825606383537 1164.6322021484375 -0.5191388628578422 -0.016483147608073345 0.8545309514087813 -0.6709632873535156
0.05118409671178553 -0.9504780609156417 0.3065479472478009 -1779.919677734375 -0.08569822510531566 0.3016379731903019 0.9495632403075877 1165.8758544921875 -0.9950055288578036 -0.07487315171467446 -0.06601521563029322 -0.5616455078125
0.3398364346306741 -0.8587888752017188 0.383396486065376 -1778.98095703125 0.36384227644222134 0.4959674860299388 0.7884383620007873 1167.66455078125 -0.8672542854150989 -0.12844423159842155 0.48101152148180115 -0.8412322998046875
0.42298635075949204 -0.8261126384607335 0.3723176810824509 -1778.3922119140625 0.46558490704244615 0.5506415295408172 0.6928380765223763 1168.5438232421875 -0.7773758688082908 -0.11971555671839357 0.6175394271414258 -0.7285537719726562
0.1740046547043524 -0.8788276243883211 0.4442796267590929 -1777.68994140625 0.02167772770600368 0.45447131671737917 0.8904975566517158 1169.7308349609375 -0.9845061991997426 -0.14531974708604267 0.09813111048044404 -0.7608413696289062
0.4936053466925642 -0.7614606515081334 0.420156444579067 -1774.47265625 0.4544233298618573 0.6377370295023594 0.6219251711249261 1173.1363525390625 -0.7415208688862204 -0.11605669910141286 0.6608158923633033 -0.7250823974609375
0.3934101643352681 -0.738015789571985 0.5482345637955863 -1775.8868408203125 0.2407584104869106 0.6582119412535649 0.7132968723967811 1172.1966552734375 -0.8872788909793321 -0.14862615763604026 0.43663077638759423 -0.7405853271484375
0.6428103877911353 -0.715585986367782 0.2733706302108164 -1774.9249267578125 0.5927320926626358 0.6907022167771861 0.41424523421139525 1173.481689453125 -0.4852457848097015 -0.10424559392669583 0.8681413389945716 -0.8915519714355469
0.6499809714164204 -0.7001517665282938 0.29548644744535485 -1773.792236328125 0.5546791475753582 0.7028696168832818 0.4453148828721348 1174.6441650390625 -0.5194764480143839 -0.12554602936635934 0.8452114613921777 -0.9541778564453125
0.5576043359780368 -0.7046142538751105 0.4388577875969777 -1772.7471923828125 0.37211470886253684 0.6847530743758967 0.6266130150107856 1175.7886962890625 -0.7420296813110929 -0.18609669628657838 0.6440186112874215 -0.9400424957275391
0.4279123091488696 -0.6727718446332751 0.6035470990300775 -1769.3485107421875 0.1554852085424996 0.7126137141837958 0.6841096726999776 1178.6597900390625 -0.890345666358509 -0.19889630319821255 0.40954225053186766 -0.9755325317382812
0.42741424003519723 -0.6762505987373071 0.6000018292660185 -1770.64453125 0.11085630411468278 0.697873043711592 0.7075903438422202 1177.995849609375 -0.8972334965064377 -0.2359202038150867 0.3732475186503993 -1.1299934387207031
0.27437521065244075 -0.6408476354342967 0.7169606348591948 -1769.5548095703125 -0.05461268073971387 0.7339859346935746 0.6769653630536956 1178.9013671875 -0.9600706738995057 -0.22489765634677156 0.16638913813070433 -1.178741455078125
0.7536178644303064 -0.5878163329202811 0.29416334435761626 -1766.3408203125 0.4735313295555366 0.7958911605584057 0.3772603086389554 1181.1749267578125 -0.45588177671504937 -0.1450145485706426 0.8781472464011845 -1.008824348449707
0.5441782066863593 -0.6991866827658588 0.46368961818277976 -1767.0911865234375 0.19496487326248058 0.6429484446535316 0.7406794149369544 1180.75390625 -0.8160017019353346 -0.3126584081077599 0.48619537459560275 -0.9222888946533203
0.6630681639017806 -0.6397788927005809 0.3886175220891873 -1763.6580810546875 0.32491404421875625 0.7136821267751237 0.6205551432315651 1182.974609375 -0.674367462063031 -0.2852030686660907 0.6810930448434425 -0.9046573638916016
0.7132538354395936 -0.5577762579206089 0.4244462419798194 -1764.9102783203125 0.3270257511548602 0.800443374943898 0.5023390902468391 1182.3040771484375 -0.619938000377706 -0.2194904317014861 0.7533265069537821 -1.2045516967773438
0.8242053907104117 -0.49819333270226396 0.2692375849968003 -1762.4130859375 0.4207948682066649 0.8569664197944561 0.29755711088059705 1183.6929931640625 -0.37896853802767516 -0.13195438073699445 0.9159535406282805 -1.1529541015625
0.7152853135751915 -0.5580222195741099 0.4206876782664595 -1759.899658203125 0.27451067901970927 0.7779568392459443 0.5651787711641322 1185.2322998046875 -0.6426591688350665 -0.28878081434202685 0.7096441601113742 -1.1076278686523438
0.7425244782436077 -0.5314685278017288 0.4076746290429676 -1760.625244140625 0.2813230009599851 0.7997955280106954 0.5302683118054116 1184.9180908203125 -0.6078772642071149 -0.27904895149481557 0.74338207829468 -1.1376266479492188
0.7549248805300173 -0.5256767546620787 0.3921127062015255 -1759.2467041015625 0.28529211667911447 0.8016070317542685 0.5253899264383186 1185.6226806640625 -0.590505573993582 -0.2847632635191133 0.7551245267056649 -1.2139739990234375
0.7767194611263449 -0.4685439696589182 0.42091973962248785 -1756.0830078125 0.2651213126124071 0.8494150404783454 0.456294618210477 1186.6859130859375 -0.5713296494199076 -0.24281811609810644 0.7839781847655533 -1.2287216186523438
0.6764743546455514 -0.41415379537837915 0.6089820040695525 -1756.3748779296875 0.1431623441880935 0.8850733128920154 0.4428879926267165 1186.9942626953125 -0.7224174629073238 -0.2124190777214616 0.6580206263533911 -1.295379638671875
0.827196314614523 -0.3904586414757884 0.40408947819144314 -1754.814208984375 0.251983485402651 0.9005309045109321 0.35432811503612666 1187.669921875 -0.5022455377327737 -0.1912750357929764 0.8433049747925792 -1.3014678955078125
0.7592599222488059 -0.39056623954297687 0.5205596824534106 -1753.364990234375 0.22319198252258665 0.907652959317278 0.3554594834579962 1188.0750732421875 -0.611318010044179 -0.153701392224814 0.7763157686301234 -1.406524658203125
0.8713389019615952 -0.3187108983634846 0.37308428162105955 -1751.8275146484375 0.2569653446102043 0.9441258919717938 0.20638583230886737 1188.63671875 -0.41801594419079335 -0.08396227350903235 0.9045512738532151 -1.2969207763671875
0.8290779658620248 -0.2984041690661209 0.4728474155645195 -1749.1334228515625 0.18724055707468273 0.9450250892181913 0.26808311124446493 1189.5048828125 -0.5268497891320162 -0.1337255870508992 0.8393728415069447 -1.3193359375
0.6883305412292289 -0.49091817296475343 0.5340415840213432 -1748.6328125 0.16075688792249826 0.8211342133817486 0.5476274523792706 1189.671630859375 -0.7073600843958826 -0.2910978376197346 0.6441302352293086 -1.4249267578125
0.8789075599599154 -0.3611390507908987 0.31160886867859866 -1747.2337646484375 0.2500687925856183 0.9051670615657953 0.3437123646759228 1190.0201416015625 -0.4061860411438069 -0.22416774221594035 0.8858677798236761 -1.414459228515625
0.8955171461110172 -0.3268591641231392 0.30201345640534305 -1744.944580078125 0.22657402196693335 0.9189680527055129 0.32274127513592915 1190.4007568359375 -0.3830316613426452 -0.2205919421360642 0.8970094433581692 -1.3878135681152344
0.9122788346906212 -0.28979720057863034 0.2894216825193153 -1744.1229248046875 0.24809363937329565 0.9532569461824906 0.17248403015162117 1190.734619140625 -0.3258786183198208 -0.08554985149970344 0.941532978195848 -1.417877197265625
0.7483531609209606 -0.3940062849579821 0.5335977829350644 -1742.4593505859375 0.3618293291131403 0.9167157765077244 0.16944533541934564 1191.1673583984375 -0.5559200330381533 0.06626637545127366 0.8285901787683759 -1.467376708984375
0.8793264975805722 -0.3049301979964156 0.36579021993835575 -1740.5643310546875 0.2783617490826203 0.9523422570391857 0.12473556872509853 1191.4854736328125 -0.38639312532749365 -0.007861285351404596 0.9223006846426363 -1.4707489013671875
0.8340734959940296 -0.40693932538284594 0.37245374039906226 -1739.1431884765625 0.290880937508847 0.898099857855639 0.32985591629324384 1191.84033203125 -0.46873199536011195 -0.16678438409106391 0.8674521806699736 -1.6009063720703125
0.8875963405770988 -0.34996511289178384 0.299494834601173 -1737.695556640625 0.25865467424599314 0.9166864871922138 0.3046040769423457 1192.03271484375 -0.381143668037188 -0.19289972513676706 0.9041676837607711 -1.57562255859375
0.9591745679303578 -0.17720075714289296 0.22041787564441492 -1735.81494140625 0.15289246034575993 0.9805616951668099 0.12297421494367124 1192.302734375 -0.23792444978402602 -0.08425350817371045 0.9676225000253925 -1.5569686889648438
0.9618447104952137 0.007902806511302075 0.27348180660077515 -1734.46875 0.01862884576430167 0.9953712669711072 -0.0942815305021241 1192.45703125 -0.27296102102290853 0.09577884180536961 0.9572453679514744 -1.5742034912109375
0.8297607908358293 -0.2416269081781956 0.5031038334536373 -1732.71337890625 0.16748556612202464 0.9676821899940081 0.18851993080092483 1192.7923583984375 -0.5323961073601913 -0.07216381650554794 0.8434137587537149 -1.601043701171875
0.8809868855229741 -0.4160218693042927 0.22536173543237564 -1731.1207275390625 0.23581882729344877 0.7990181059231407 0.5531361017877421 1193.010986328125 -0.4101848220381547 -0.4341611114178224 0.8020302619614603 -1.6625633239746094
0.903849859330394 -0.41294488366530996 0.11194621406314138 -1729.5177001953125 0.30597159669628354 0.8067475112386334 0.5055094807472931 1193.1517333984375 -0.29905988330692884 -0.42265231120261804 0.8555280299508201 -1.6722564697265625
0.955772110104748 -0.255940538545971 0.14489345835722037 -1727.787353515625 0.24863814928284197 0.9662934067977018 0.06675419612649225 1193.2236328125 -0.15709469840551724 -0.027775757561033884 0.9871928702258693 -1.7046356201171875
0.9651838138865719 -0.1744396832758238 0.1949128069419786 -1726.068115234375 0.14529552787223102 0.9771650379671714 0.15504095637909898 1193.4176025390625 -0.21750727572129736 -0.12132306241290737 0.9684891840051972 -1.7563247680664062
0.9751559549666814 -0.06515513966413858 0.21172073887167153 -1724.4764404296875 0.037089187797766945 0.9902968591837811 0.1339273043081231 1193.4111328125 -0.21839243494572314 -0.12274745808400772 0.9681104306288582 -1.7665557861328125
0.989497247762917 0.003941091102780058 0.1444979739322749 -1722.8787841796875 -0.009407537902618187 0.9992647902532178 0.03716688298477331 1193.53271484375 -0.1442452595416002 -0.03813589858797898 0.9888068357058745 -1.8232345581054688
0.9847189662778864 -0.003067669563191667 0.17412394107664222 -1721.1043701171875 -0.002432095935850664 0.9995050951265235 0.03136319061380766 1193.60888671875 -0.174133978194865 -0.03130741476983179 0.9842241631957935 -1.8787002563476562
0.9882818911550275 -0.011157400497444878 0.1522314554524855 -1719.4769287109375 0.0157369897546682 0.9994580915952614 -0.028911421587664004 1193.6832275390625 -0.15182638363770617 0.030968299257430863 0.9879219167892767 -1.913330078125
0.9864668520568594 -0.045879374587959126 0.15741103131752926 -1717.8638916015625 0.050582657358026195 0.9983813350358609 -0.026002011972397595 1193.7916259765625 -0.1559632795488443 0.033612391159063934 0.9871907934097336 -1.9907913208007812
0.9805137349762999 -0.11453101403389535 0.15961034536393284 -1715.9940185546875 0.14320738951063564 0.9728814695049711 -0.18164055131879822 1193.8814697265625 -0.1344784708136412 0.20095843629520896 0.9703253308913506 -2.0421600341796875
0.9975807323847105 0.00866806130953293 0.06897497435968199 -1714.3857421875 0.011450777192038531 0.9581543896006821 -0.2860228057177303 1193.975830078125 -0.06856793767120971 0.28612065706984247 0.9557371016767313 -2.08380126953125
0.9973448491405473 -0.056754955470125025 0.045630328975400945 -1712.5970458984375 0.05828038317896345 0.9977604695408425 -0.032824417102986225 1194.09912109375 -0.043665190132786365 0.03539661638097272 0.998418965524717 -2.164797306060791
0.9974142742837842 -0.055767552448363324 0.04532930121755198 -1710.9530029296875 0.05732030993050149 0.9977866135192682 -0.0337083958565515 1194.195068359375 -0.0433491352211756 0.03621952478525596 0.998403224403801 -2.1853394508361816
0.9976872707298461 -0.05277593336374936 0.04283469016131722 -1709.344482421875 0.05441104991085147 0.9977972311610231 -0.03794895433335079 1194.2757568359375 -0.04073754375548175 0.040191869140175605 0.9983611902431851 -2.222836494445801
0.9914000181800185 -0.10031926488982774 0.08403599850435216 -1707.525390625 0.09851085617901699 0.9948115879766349 0.025406999867812505 1194.4161376953125 -0.08614879666911159 -0.01691004196832672 0.9961387630812755 -2.2694597244262695
0.9891821718740388 -0.11685706348071571 0.08867388319693358 -1705.8765869140625 0.08154433806778251 0.9405228847222612 0.32979876325238566 1194.5570068359375 -0.12193913143715039 -0.319000203806173 0.9398775016968824 -2.316650390625
0.9938710920894495 -0.07198074791356733 0.08389889295293657 -1704.25 0.05824683821788819 0.9860420216842822 0.15597575872677297 1194.6041259765625 -0.093955085793926 -0.1501329524207687 0.9841913119159704 -2.3512496948242188
0.9973829351676209 -0.06075783130983209 0.03918885773976145 -1702.40087890625 0.0471720937366589 0.9576255429570854 0.28412693122730803 1194.71923828125 -0.05479118732899608 -0.2815347321569286 0.957985448939808 -2.3976593017578125
0.9961878206025322 -0.028422302593491513 0.08247423111772993 -1700.77783203125 0.019911087063200692 0.994560048916157 0.10224410844568374 1194.7618408203125 -0.08493158832341692 -0.100212183965699 0.9913345265296101 -2.4434242248535156
0.999458924563594 0.012133891717846523 0.03057166632625571 -1698.96484375 -0.00824009839340777 0.992196109236224 -0.12441455539833769 1194.816162109375 -0.03184272112510645 0.12409532419990148 0.9917592407550686 -2.4953994750976562
0.9996386156829923 0.00140957952344683 0.026844945910874378 -1697.32958984375 0.003191373543412869 0.985339156849767 -0.17057714123966408 1194.88720703125 -0.026691818414958095 0.1706011695861344 0.9849785722367496 -2.5570144653320312
0.999959981407553 0.008887963574639892 -0.0010196503822624157 -1695.7061767578125 -0.00871831069409369 0.9936956091520986 0.11177221215705198 1194.92236328125 0.0020066494580332213 -0.11175884956161485 0.9937333308803811 -2.6625518798828125
0.9930722410855007 0.002964371802388137 0.11746802324564097 -1693.8809814453125 -0.02983169201790506 0.9732894621659514 0.22763499947956625 1194.969482421875 -0.11365559439275351 -0.2295622689740857 0.9666351796446784 -2.6955490112304688
0.9979778033095912 -0.042328211762759416 0.04741968568358704 -1692.2469482421875 0.043800104054377675 0.9985763859116651 -0.03044260804240368 1195.007568359375 -0.04606359719115391 0.03245803426833991 0.9984110481285986 -2.7718660831451416
0.9992359464301235 -0.022529908888929383 0.0319362891919465 -1690.6470947265625 0.029036399632770972 0.9748988455726175 -0.22074675172591662 1195.0318603515625 -0.026161247261189888 0.22150540423798692 0.9748081580675783 -2.8529891967773438
0.9986103500357435 0.03454111968993279 -0.03980301310272223 -1688.87646484375 -0.05006213029107265 0.8577265521190277 -0.511662921170495 1195.1910400390625 0.016466690991495708 0.512944512438305 0.8582638144808507 -2.88995361328125
0.9990554199289704 0.03542558352516927 0.025165371891744344 -1687.2802734375 -0.021930737613371006 0.9110108713292463 -0.4117987798277952 1195.2618408203125 -0.03751413944477489 0.41085790773919484 0.9109272577927885 -2.9940643310546875
0.999237055222431 -0.029180321558423178 0.025957971880552197 -1685.588134765625 0.03616147987078405 0.9423410751053698 -0.3326945228626566 1195.293701171875 -0.014753129971616026 0.33337937399155765 0.9426773245140873 -3.054046630859375
0.990039432316952 -0.08051183891289908 0.11549790583551917 -1683.844482421875 0.0907562422652776 0.9921213315777463 -0.08636300086429123 1195.4071044921875 -0.10763469211835605 0.09598493227201195 0.9895461918623727 -3.1229019165039062
0.9850128160515355 -0.08214203095913385 0.15166554969449164 -1682.196533203125 0.04014576203953968 0.9643517999564702 0.261560554577674 1195.63427734375 -0.16774406101107803 -0.25155176936492507 0.9531965365678198 -3.222503662109375
0.9747903308525273 0.06516754191639366 0.21339400731275276 -1680.4549560546875 -0.10846768193751712 0.9741859765458599 0.19798092099111628 1195.4898681640625 -0.19498351943567366 -0.21613624078799018 0.9566956425982684 -3.320281982421875
0.9723275718935398 0.1423866567091863 0.1852164488559096 -1678.76611328125 -0.1123778269305228 0.9801176595326508 -0.16352552548948543 1195.3958740234375 -0.2048177652206637 0.13818615510759105 0.9689965271282421 -3.36279296875
0.8857349707151809 0.22774630497625387 0.4044813743818629 -1677.2054443359375 -0.12913612330937357 0.9578651935050562 -0.25655044869995375 1195.5189208984375 -0.4458670466728886 0.17500254752769892 0.8778249740409597 -3.356201171875
0.9426293702550682 0.15839911312230667 0.2938700244914422 -1675.536865234375 -0.11514324301498001 0.9805137182486875 -0.15916934979488742 1195.517333984375 -0.3133558742397012 0.1162005563162271 0.9424996163348145 -3.529144287109375
0.9550979381956192 0.06186425172776027 0.2897598019267709 -1673.903076171875 -0.04619474128528691 0.9970916965201663 -0.06061513514067192 1195.579345703125 -0.2926670024653661 0.044508011511421405 0.9551780266417547 -3.6504669189453125
0.9304096370212893 0.09987160215626294 0.35265219469138964 -1672.5584716796875 -0.11202694374321788 0.9936040921222491 0.014172931717715703 1195.5972900390625 -0.3489811903433573 -0.05269317983062201 0.9356471330506343 -3.695220947265625
0.7963304869246858 0.16610781536078384 0.5816063525017248 -1670.68701171875 -0.20897719608195114 0.9778965871287267 0.006840789407238604 1195.5479736328125 -0.5676145585800443 -0.1269899939288769 0.8134416108916025 -3.71337890625
0.9613893094304089 0.058002654369066334 0.2690098284432451 -1668.6724853515625 -0.07786505883621071 0.994923346799059 0.06375395365459884 1195.4442138671875 -0.2639462602981049 -0.08223883559670529 0.9610250494104423 -3.790618896484375
0.7580841730477174 0.2123825732282632 0.616605245812505 -1667.4837646484375 -0.11286576606275073 0.9739454629463659 -0.19670168798781892 1195.373046875 -0.6423158922412139 0.07952281304839673 0.7623033626970582 -3.9666748046875
0.879734351868699 0.10831855331948172 0.46296280752230456 -1665.5931396484375 -0.09384034424230751 0.9941069370666251 -0.054271424050765425 1195.4237060546875 -0.46611314070153076 0.004299846833013224 0.884714672299814 -3.945037841796875
0.9593522039324103 0.12889209393803658 0.2510581146473758 -1663.69580078125 -0.10287711525386194 0.9881192395001832 -0.11417822772587877 1195.196533203125 -0.26279202416943737 0.0837089998139231 0.9612144169658932 -4.0016021728515625
0.820466131712512 0.18032064741145543 0.5425124798839386 -1662.6900634765625 -0.10163336002327743 0.9798442380415818 -0.17197653708308913 1195.1904296875 -0.5625886479863295 0.08596355794071014 0.8222556049447692 -4.24200439453125
0.8396508159171371 0.026746994762242633 0.5424676078816821 -1661.5286865234375 -0.10972441990308329 0.986545947008302 0.12119259927249874 1195.1405029296875 -0.5319276821209982 -0.16128140845330302 0.8312889078297033 -4.29278564453125
0.8206434219145715 -0.08033467319039542 0.5657656001841533 -1659.1292724609375 -0.13721991487886467 0.9333969420331714 0.33157328535900155 1194.7435302734375 -0.5547207126374316 -0.3497377430111269 0.7549625434976911 -4.125640869140625
0.9142199791717163 0.07171468876638619 0.3988218061972129 -1658.4163818359375 -0.16445520675839642 0.9651799940256991 0.20342581965572815 1194.68310546875 -0.37034620917908684 -0.2515642712065688 0.8941806880038218 -4.405181884765625
0.6095429289244707 0.34585069222345904 0.7133335240171542 -1655.41455078125 -0.21257501426460118 0.938171254524655 -0.27321522741977566 1194.150634765625 -0.7637206826507857 0.014899525904850636 0.6453748701485273 -4.2652587890625
0.7442342778567232 0.3494959255359645 0.5691818142710123 -1654.1522216796875 -0.2721900699059722 0.9369006932658359 -0.2193847232661792 1193.51318359375 -0.6099409032911824 0.008347993277166968 0.7924029312796493 -4.31854248046875
0.7718529053064337 0.12525029764236073 0.6233421656766993 -1654.1207275390625 -0.24361782650890784 0.9638403009313385 0.1079918001871549 1193.4547119140625 -0.5872762954326467 -0.2352110482972404 0.7744561418065067 -4.573516845703125
0.8464496850925212 0.03877992980229633 0.5310546559924894 -1652.078369140625 -0.2611034641664579 0.899432909243578 0.3504931137268025 1191.865234375 -0.4640559358601585 -0.4353349960825147 0.7714502768025882 -4.41314697265625
0.8847174590585956 0.25620469428958226 0.389402326984424 -1651.736328125 -0.30288143998280626 0.9509797908705531 0.062452147038681516 1192.0811767578125 -0.35431321024038076 -0.173195242370514 0.9189480709318535 -4.598052978515625
0.8837841771106824 0.12558591631122631 0.4507257546591541 -1650.6497802734375 -0.302708470580491 0.8880121317868191 0.34612430662732907 1191.1806640625 -0.35678160004071724 -0.4423376893547496 0.8228269918085375 -4.6206207275390625
0.8669207441887444 0.1839779496338836 0.4632499728480793 -1648.13330078125 -0.33434416629889063 0.9039287582557223 0.2666960413282658 1190.265869140625 -0.3696787818595135 -0.386089256580367 0.8451465459883784 -4.42205810546875
0.5973664213134744 -0.12453835046104382 0.7922395836813348 -1648.0667724609375 -0.30028324149432456 0.8812709108781241 0.36495418413508085 1189.103271484375 -0.7436284916305947 -0.45590764514809745 0.4890448706721324 -4.5172119140625
0.8382210328544416 0.33818755421658375 0.4278021484909096 -1645.68798828125 -0.40452703156773573 0.9116952538484197 0.07190024228931118 1188.8583984375 -0.36570942127791717 -0.23332582858155837 0.901008144749702 -4.476531982421875
0.7060561066674291 0.5796063148665106 0.4068676615368878 -1645.3414306640625 -0.428281976266123 0.8070592489664672 -0.4064848305450846 1188.433837890625 -0.5639674840300779 0.11274701071223775 0.818064049162557 -4.66754150390625
0.7614092150755003 0.60931891278143 0.22132887232570136 -1643.567626953125 -0.5346959756528971 0.7833194226886806 -0.3170345338591185 1188.5015869140625 -0.36654634197971064 0.12304935824915214 0.9222269973362115 -4.649139404296875
0.7995613282225622 0.49299236274066355 0.3430163446402372 -1642.16552734375 -0.4945808746544545 0.8644980770156926 -0.08962607467809855 1187.77197265625 -0.34072194064516415 -0.0979877804399473 0.9350438246667616 -4.315093994140625
0.798074187241178 0.4707639751510073 0.37611018513110567 -1640.7777099609375 -0.4999881844004008 0.8657352586737906 -0.02267768394292219 1187.2900390625 -0.3362876850545134 -0.16995217441694027 0.9262973881489842 -4.652069091796875
0.7670459198405941 0.5273274931811798 0.3654671966006655 -1639.53369140625 -0.5460419055137837 0.8356294117661334 -0.05968017773316135 1186.4146728515625 -0.3368661370318672 -0.15378296760902516 0.9289090400004666 -4.679595947265625
0.7187660443123173 0.6496906484960105 0.24754279387705302 -1638.6400146484375 -0.5826208585229589 0.7571387193834602 -0.2954554024287663 1185.328125 -0.37937884595427074 0.06813971578460766 0.9227289257280269 -4.354156494140625
0.4875847887213495 0.7805705580660252 0.3911146605383782 -1637.5679931640625 -0.37058384404362843 0.5906477105976158 -0.7168004579376626 1184.6087646484375 -0.7905243123025405 0.2045602254747707 0.5772576771358753 -4.49176025390625
0.687912002077435 0.7042262051818629 0.1756204126318121 -1636.37939453125 -0.6187940885178651 0.695522866026806 -0.36515999075638356 1184.22314453125 -0.3793032473011004 0.14252506716016794 0.9142295400050415 -4.505615234375
0.6302238639553162 0.758667180287989 0.1650514794090095 -1634.8707275390625 -0.6605314435698173 0.6356340074327838 -0.3995843098152284 1182.9549560546875 -0.4080638349042999 0.14280587575030446 0.9017152480103595 -4.691162109375
0.5861107987342433 0.8101593012743327 0.010772101270981993 -1633.9761962890625 -0.6756014510794526 0.49601736827476683 -0.5454626015311335 1182.02392578125 -0.4472547494509646 0.31242387381322073 0.8380659354520354 -4.6680908203125
0.5544969493219455 0.7721625067532789 0.31031950689112087 -1633.593994140625 -0.6501009640147124 0.6347217037200619 -0.4177284948550238 1181.4827880859375 -0.519520807841031 0.02989016545947082 0.8539348383975255 -4.35260009765625
0.5759509277692366 0.7888526157975773 0.2144576399923201 -1631.7376708984375 -0.7108791128839231 0.6128360767652803 -0.3450838012429823 1179.82421875 -0.4036476380051322 0.046297878615110255 0.9137423546977662 -4.79071044921875
0.5447729919486703 0.8230176900899348 0.16082372039696707 -1630.6851806640625 -0.72914894508926 0.5596143034004233 -0.393920864267023 1178.568115234375 -0.4142030940474892 0.09733300174497353 0.904965238919595 -4.836456298828125
0.4353343390409269 0.8703157214411925 0.23029233218693118 -1630.8453369140625 -0.5517495234030385 0.46005901596947996 -0.6956422681592268 1178.2950439453125 -0.7113764662092212 0.17577328249051472 0.6804757721522424 -4.45703125
0.5215160010360543 0.8407390834699662 0.1455295646576449 -1628.700439453125 -0.7438528207410589 0.5315461086452321 -0.4051440675360822 1176.1207275390625 -0.4179761258001856 0.10303653677309127 0.9025959396933243 -4.912445068359375
0.4504358523886079 0.8882876825000315 -0.08973592369654163 -1629.237060546875 -0.7235417713059348 0.30430467367586794 -0.619585321609941 1176.2396240234375 -0.5230629484664525 0.34401113164801345 0.7797829782983433 -4.5902099609375
0.5040873793260761 0.8560529881724175 0.1143205818968912 -1628.5216064453125 -0.7392339839843711 0.4961161488589252 -0.4554139696627493 1175.22412109375 -0.4465747764112562 0.14505877526872987 0.8829093502680628 -4.5257568359375
0.3079144210897032 0.5966891391624012 0.741047083855423 -1628.30859375 -0.24693884687053408 0.8023195292035836 -0.5434193398884434 1173.462646484375 -0.9188089655588066 -0.015666660913331354 0.3943914813286195 -3.148193359375
0.5254488753197488 0.811352354659333 0.2561461223871381 -1627.11669921875 -0.7935664783599735 0.5759255607303564 -0.19637207775234744 1172.7723388671875 -0.3068480468384317 -0.1000854888891507 0.9464814689497407 -4.468841552734375
0.44536605886194575 0.889747604958924 0.09999136504536882 -1625.5977783203125 -0.7839889065823381 0.44147380910588047 -0.4364198325344236 1170.0328369140625 -0.4324470695583537 0.11597445987545252 0.894169702398258 -4.73846435546875
0.3947674937200969 0.9187003891883879 -0.012174596792415032 -1624.94921875 -0.7718215495319755 0.3244064174653181 -0.5468564455004423 1168.628662109375 -0.4984477119819226 0.2252777645761392 0.8371378663085096 -4.830413818359375
0.3544584538642972 0.9282985533118837 -0.11234322588921691 -1625.4154052734375 -0.7605620443827723 0.21632568229271798 -0.6121671142955067 1169.1070556640625 -0.5439711215941796 0.30243180239461226 0.7827071123810723 -4.429901123046875
0.40057599105548347 0.910565257271322 0.10202836684142402 -1624.54638671875 -0.8288435235972117 0.40757134707241816 -0.38328058969445933 1167.657958984375 -0.39058582767539746 0.06896745098947338 0.9179794125813167 -4.308563232421875
0.3259355165701019 0.9450354817455577 -0.025961072399311058 -1624.4271240234375 -0.9036191203802151 0.30334367449635624 -0.30241544343226734 1167.0284423828125 -0.27791819717583627 0.12202685517946506 0.9528226079882565 -4.359588623046875
0.3637601370228417 0.9313943399122665 -0.013533155305280098 -1623.9033203125 -0.7612356883254526 0.2888680769933766 -0.580582001885886 1165.716796875 -0.5368414938627581 0.22149450935303575 0.8140893027141802 -4.456573486328125
0.4353625303029081 0.8252400839242553 -0.3597753063968373 -1623.0675048828125 -0.32928641153937677 -0.2259708133401982 -0.9167920433194706 1161.84521484375 -0.8378722613762614 0.5176060233450323 0.17336112082347727 -4.595458984375
0.09322641910063556 0.8215126378344495 -0.5625173958731917 -1622.9072265625 -0.8178296540058096 -0.2590469521752964 -0.5138573085959051 1163.1861572265625 -0.5678586900016678 0.507948484048308 0.6477073766313115 -4.559528350830078
0.35275099059559323 0.9169801679047657 0.18631723029064137 -1623.4083251953125 -0.8828842250606995 0.3921296948061711 -0.25835972517052175 1158.546875 -0.30997126281769444 -0.07335989449670198 0.9479114632214535 -4.633056640625
0.14692536330818104 0.8291544910139567 -0.5393660794378393 -1621.877197265625 -0.6704703946510789 -0.31742317405367104 -0.6706056803145344 1157.749267578125 -0.7272430044443091 0.4601579713588362 0.5092860236465704 -4.7239990234375
0.3117569501782257 0.8684668033565005 0.3854517031786383 -1621.99609375 -0.6216731042455955 0.4932268705682351 -0.6084815573270159 1157.177490234375 -0.7185611703071747 -0.04992660229984819 0.6936693584911882 -4.04351806640625
-0.18473015626004113 0.8887075158337047 -0.4196113924440404 -1621.2845458984375 -0.9778607449804825 -0.20891400974547197 -0.011970796058931893 1154.4810791015625 -0.09830123495845061 0.4081101417911034 0.9076249111680932 -4.42376708984375
0.1654015298483859 0.9775538538344036 0.1305020949154411 -1622.15576171875 -0.8747487322492348 0.2065276493444687 -0.43836170622512693 1152.899658203125 -0.45547446619121235 -0.04165084524656673 0.8892739835045647 -4.496124267578125
0.1407604651937599 0.9163328231781596 0.3748608389853219 -1622.787353515625 -0.3465367817410034 0.40028005554766877 -0.8483443499141978 1152.7271728515625 -0.9274150906358081 -0.010489723404285556 0.37388663437448133 -4.20526123046875
-0.05059373875954276 0.8563379810654047 -0.5139314504709336 -1622.40234375 -0.6539248159172927 -0.4173491694641842 -0.6310324919329358 1150.0106201171875 -0.7548659541440892 0.3041462360976742 0.5810959114825638 -4.7512359619140625
-0.10166230099391244 0.9387539613848705 -0.32925032504287144 -1621.72802734375 -0.8600238754328919 -0.24928654313118082 -0.44521360390165043 1151.89599609375 -0.500023709679864 0.23790170112447548 0.8326938635297296 -4.3412017822265625
-0.04565052098481681 0.8814408155039154 -0.4700830976514758 -1622.618408203125 -0.582352488818973 -0.405823208989182 -0.7043955577742311 1146.9600830078125 -0.8116536260623508 0.24159803767728502 0.5318352935734167 -4.548919677734375
-0.13430666694096483 0.9249604803416317 -0.355541599565208 -1622.611083984375 -0.8418259308822883 -0.29578132121295575 -0.45148921594616975 1145.697021484375 -0.5227722461162007 0.23866612626783945 0.8183811207884297 -4.554298400878906
-0.002675511009143816 0.8040192418444986 -0.5945972589784093 -1622.7286376953125 -0.46645484947702054 -0.5269528242116963 -0.7104509796282128 1145.3175048828125 -0.884540962895563 0.27545195551877066 0.3764485425136816 -4.5406646728515625
-0.010082977113704455 0.8467654428611936 -0.5318708662340991 -1623.1883544921875 -0.4297325864882148 -0.4839443762407456 -0.7623173517735933 1143.6314697265625 -0.9028999045756253 0.22087581461319383 0.3687623039795209 -4.436553955078125
-0.10546864198398714 0.8391084893850524 -0.533641554416435 -1623.44580078125 -0.523439487439542 -0.5031200944828554 -0.687663633993097 1141.8154296875 -0.8455101824029578 0.20680211210115373 0.4922859107098423 -4.346626281738281
-0.24961442194450317 0.9115104514622545 -0.3268659315872306 -1622.732177734375 -0.8073799471950056 -0.382270997192475 -0.4494513383814317 1143.690185546875 -0.5346309579744715 0.15171546256248022 0.8313556141596394 -4.281864166259766
0.11192881514453597 0.7512917126098737 -0.6504096423824473 -1624.042236328125 -0.01709414670550019 -0.6529699594178936 -0.7571908757018965 1139.373291015625 -0.9935691875701214 0.09586967540112434 -0.06024346312864097 -4.2790374755859375
-0.16767266882959236 0.9356518207718172 -0.31055039271259244 -1623.6826171875 -0.6051291646613197 -0.3463644861729812 -0.716833548876181 1140.4622802734375 -0.7782702423990367 0.06772970548075846 0.6242660625019067 -4.2303924560546875
-0.19099768097635383 0.9551408516199958 -0.22633126038681434 -1624.86328125 -0.6495653714079267 -0.2958555476839111 -0.7003815554198549 1136.2135009765625 -0.7359243943023883 0.013245696330581314 0.676934145541042 -4.1494903564453125
-0.2393861242893356 0.9407883866558046 -0.24002394678718814 -1624.615478515625 -0.6962459749312372 -0.3386349468486898 -0.6329043491435621 1136.8388671875 -0.6767095580009062 0.01560718765034741 0.7360846349461894 -4.0079193115234375
-0.25503573206347446 0.919683062977095 -0.2985629565835589 -1625.157470703125 -0.6643832001528857 -0.3910154884823572 -0.6369472906932834 1135.8463134765625 -0.7025323755710181 0.03591589397428391 0.7107448978603854 -3.9524993896484375
-0.18800227423787708 0.7979980439020293 -0.5725855978016917 -1626.744873046875 -0.469472565295584 -0.5850818493008543 -0.6612675253280444 1132.8013916015625 -0.8626996321525641 0.14449343080994043 0.4846349070554073 -3.785371780395508
-0.24464018014720856 0.9291866278546347 -0.27706207404419997 -1627.0850830078125 -0.7303466632501768 -0.364537558546539 -0.5776730216032779 1131.7095947265625 -0.6377655789840604 0.061029329220146755 0.7678088871835652 -3.8662643432617188
-0.2873180484188401 0.9484197718850046 -0.13397117357993507 -1627.606689453125 -0.8217925499947859 -0.31593753781797884 -0.4741734671727009 1130.339111328125 -0.4920420142892845 -0.026142082838006425 0.8701788595909661 -3.8275604248046875
-0.23264359063757212 0.9690064264637736 0.08308733481804004 -1628.357421875 -0.8137147495253606 -0.14714336298587205 -0.5623318745492625 1128.727783203125 -0.5326774503769964 -0.19843229626528835 0.8227267819019553 -3.642303466796875
-0.4093197971980424 0.8978658288821236 -0.16215503984634827 -1629.07080078125 -0.6922978315175664 -0.4213987886968415 -0.5857873106861484 1127.8563232421875 -0.5942903466301879 -0.1275147607559694 0.7940774330577083 -3.773406982421875
-0.3268463314867541 0.8864836699180463 -0.3275945337796152 -1629.404541015625 -0.696355235531025 -0.46025002884444677 -0.5506898372924787 1127.1177978515625 -0.6389529415709593 0.04813121562269612 0.7677385782546686 -3.7402496337890625
-0.13113114985143137 0.9108926242992001 -0.391253432618754 -1630.1929931640625 -0.7178062631465063 -0.3594526271982088 -0.5962784394793712 1125.742919921875 -0.6837827068055247 0.20265348701076413 0.7009798670975423 -3.5152664184570312
-0.21091696313391706 0.9272649820412213 -0.3093439634815248 -1631.163330078125 -0.7955652497488261 -0.3467154773808555 -0.4968544164407246 1124.067626953125 -0.567970041511393 0.14130828293011885 0.8108279725816614 -3.6894760131835938
-0.34222151424160346 0.9211083073783082 -0.18559073594566186 -1632.003662109375 -0.8563671867753093 -0.38703877336048703 -0.341813149732646 1122.6302490234375 -0.38667774257736476 0.041958002744147654 0.9212599249945672 -3.612367630004883
-0.5732446491374149 0.8175929577906778 -0.05415097050296541 -1632.892333984375 -0.7366594024977826 -0.5431807364090965 -0.402849366768376 1121.45556640625 -0.35878056935532615 -0.1910404223329779 0.9136629904335106 -3.5096282958984375
-0.6458271619005161 0.7467739438669848 -0.1588582818517007 -1633.7113037109375 -0.7257530603462764 -0.6650758714021253 -0.1759448228187404 1120.185791015625 -0.23704381947129288 0.0016619386431068334 0.9714975376244698 -3.5075531005859375
-0.656401635521461 0.7388303977753103 -0.15253372154355954 -1634.5712890625 -0.7328031923393645 -0.6724767471773532 -0.10380031696966428 1118.7138671875 -0.1792662103743694 0.04364250025999043 0.9828321107844764 -3.493483543395996
-0.6301031626515304 0.7725015488101968 0.07881219133094765 -1635.259521484375 -0.7525984730073593 -0.5825513869873372 -0.3069681090050249 1117.5093994140625 -0.19122118827036416 -0.252735511167261 0.948450957378131 -3.43902587890625
-0.5460134730845984 0.8198324358658015 0.17246467554963688 -1636.2952880859375 -0.8240758342831661 -0.48850328348910443 -0.2868162501861911 1116.3714599609375 -0.15089170474415944 -0.2987295082892058 0.9423334729896264 -3.36669921875
-0.6235701742718818 0.7772412417435178 0.08400172552709485 -1637.238525390625 -0.77630616376057 -0.6029504488085908 -0.18384639346167686 1114.975341796875 -0.09224412103696318 -0.17985218490336213 0.9793590831352945 -3.323638916015625
-0.5578336269939603 0.8011727474190146 -0.21666534883970484 -1638.12255859375 -0.8240459453322216 -0.5657478400542761 0.029625351566627864 1113.582763671875 -0.09884292881277983 0.1950682195207334 0.9757963236027909 -3.3401641845703125
-0.5392478907698434 0.8176930769409365 -0.20146896590576574 -1639.0050048828125 -0.8390896282922218 -0.542055448542596 0.045874681445283366 1112.1785888671875 -0.0716959412567838 0.19378834492339478 0.9784200372943899 -3.3107757568359375
-0.5409099560587264 0.821909319669241 -0.17855388452059096 -1639.8907470703125 -0.8406656816825847 -0.5349866550925325 0.08408620882201204 1110.783935546875 -0.026412706746983636 0.1955871905666355 0.9803305665991187 -3.2378692626953125
-0.8018459871294623 0.5568838333132637 -0.2166181181681318 -1641.0205078125 -0.5939028398201822 -0.7028756658237714 0.3914654713334404 1109.40283203125 0.0657451882490318 0.4425451328250201 0.8943329221464367 -3.127899169921875
-0.4517497154024776 0.8902772357597839 -0.057694350864693336 -1641.8167724609375 -0.8857153624646761 -0.45530519699868094 -0.09058407299332312 1107.8736572265625 -0.10691347589451843 0.010179443693555085 0.9942162177304501 -3.331928253173828
-0.4112516336123794 0.8770311860571369 0.2483714809199341 -1642.7647705078125 -0.9115211959753049 -0.396018067502525 -0.11089995265695753 1106.4970703125 0.0010968768842407883 -0.27200365603200527 0.9622955928228725 -3.085968017578125
