0.9999995430585598 -1.711381666660818e-05 0.0009558189101066571 -8.6736e-05 1.706099220577745e-05 0.9999999983268367 5.527430720634787e-05 -0.016038 -0.0009558198544617761 -5.525797473025087e-05 0.9999995416773759 0.90033
0.9999980148354041 0.0010276170066547043 0.0017071404565925732 -0.010736552553049311 -0.001020415373936491 0.999990600164753 -0.004214063905723555 -0.033132184078714835 -0.0017114548534901892 0.004212313547745708 0.9999896636150095 1.868241148102122
0.9999968180014922 -0.0007361896356208715 0.0024128845208281472 -0.017396296042699058 0.0007484509393215792 0.9999867930502688 -0.005084638259536192 -0.0490041494944954 -0.0024091093959960216 0.005086428005910925 0.9999841620956098 2.8251748739888156
0.9999911825389007 -0.0024244665964334045 0.0034288199389600894 -0.021760700359730982 0.00243575338037422 0.9999916168476519 -0.0032914039389307574 -0.06930794497548748 -0.0034208112957348604 0.00329972667686158 0.9999887048631785 3.7828248381201153
0.9999902234815882 -0.003636307747601692 0.0025159903036763415 -0.034247504156804144 0.0036278368858640693 0.9999877636932113 0.003363222172275672 -0.1044179898035919 -0.0025281892280890612 -0.003354061689244028 0.9999911792258028 4.747017004714725
0.9999700186574161 -0.007726979732749325 0.0005055398072545277 -0.04137774036170094 0.007725432668400734 0.9999656769289176 0.002993769225873484 -0.13278292153442603 -0.000528655249708643 -0.002989773954910564 0.9999953908770407 5.71523747945069
0.9999434330585792 -0.010544459998244859 -0.0013946491918953709 -0.05230687562011996 0.010544465238021512 0.9999444055745863 -3.5960124687844214e-06 -0.15852961149760103 0.001394609575184522 -1.111002086981775e-05 0.9999990274698772 6.663975346941847
0.999934432237217 -0.011118088047171841 -0.0027421423394826 -0.06472143217067683 0.011109263103442736 0.9999331289524112 -0.003212770881810127 -0.1685200442407653 0.0027776788390910735 0.00318209704689467 0.9999910793395365 7.6063432146553165
0.9999402991096202 -0.010512286702629926 -0.002981617823486123 -0.08024246366072393 0.010500691871280256 0.9999373458366672 -0.003878127298825464 -0.18401148436366385 0.003022198998750561 0.0038465867211303724 0.9999880349703235 8.53023763649771
0.9999464233568767 -0.009785377901331138 -0.0033759139678201737 -0.09260899621959699 0.009780273044294317 0.9999510085825972 -0.0015253503943656202 -0.1960322123446518 0.00339067470705067 0.0014922513108325754 0.9999931382319862 9.451498977611326
0.9999465614442707 -0.009853239598548684 -0.003128565996259932 -0.10336648723720597 0.009855245431745952 0.999951239712265 0.0006263668132071013 -0.20823434311001013 0.0031222417041946444 -0.0006571661268118031 0.9999949098567564 10.350215047266255
0.9999366757184978 -0.010997862546138345 -0.0023857016695458468 -0.11628905944180375 0.011004021174657166 0.999936115464388 0.0025838939564315202 -0.22213817283322307 0.002357131949535945 -0.0026099826448913485 0.9999938159406616 11.313342460457314
0.9999207397421912 -0.012381649573605304 -0.002282320587832681 -0.12811503511679487 0.012389066063111973 0.9999179234779512 0.0032645596374356323 -0.23206624199034814 0.0022417126294537646 -0.003292576708136996 0.9999920668000861 12.26892856514721
0.9999142907613346 -0.012806398398214612 -0.0027216339436774532 -0.13710454130626676 0.01281533632711331 0.9999124599157186 0.0032923639105837533 -0.24932662373464473 0.0026792323677017984 -0.003326960378927082 0.999990876482659 13.149653749627129
0.9999112598992369 -0.012795073017604878 -0.0037092362009967443 -0.14684373214820912 0.012804014337898859 0.9999151524093947 0.0023969144607832813 -0.26823380981521483 0.003678252785699425 -0.002444194871852727 0.9999902481363869 14.042054258216682
0.9998969653416244 -0.013284069613225334 -0.005439870873578112 -0.15947728801540487 0.01328579524196774 0.9999117003863386 0.00028120328931600865 -0.2938758219335926 0.005435655011010862 -0.0003534473262002638 0.9999851642547446 14.956217433828307
0.9998710461907222 -0.01468480107680801 -0.0064998159054818734 -0.16979928457394558 0.014677828978762493 0.9998916486406236 -0.0011190689015171062 -0.3106353438420379 0.0065155449458028335 0.0010235214070653065 0.9999782498024586 15.860326281036812
0.9998660041956134 -0.014619789546277313 -0.007364469262605869 -0.18315124473061198 0.014607564524374998 0.9998918398061208 -0.0017110662750765312 -0.32174485889289434 0.007388688149023953 0.0016032600394333505 0.9999714180138761 16.758760065851657
0.9998646866192876 -0.01366898943609893 -0.009152441177598492 -0.1983395009952633 0.01365467900663729 0.999905451332957 -0.0016242339307183358 -0.3298310980789462 0.009173777462925697 0.001499040503726864 0.9999567964090391 17.65381913497868
0.9998701985795782 -0.012321857423954639 -0.010380646514481564 -0.21239381743204702 0.012305552626576757 0.9999229502040317 -0.0016331043508482463 -0.3359298361624726 0.010399969566755188 0.0015051527796019638 0.9999447860497699 18.54279800856982
0.9998666644771872 -0.011851131181916576 -0.011234053452477688 -0.227453213683654 0.011850788124173077 0.9999297722295204 -9.710744726484889e-05 -0.34614317915059406 0.01123441534304654 -3.603788784835023e-05 0.999936891315232 19.42594807991291
0.9998516528321371 -0.011254539835297457 -0.013038698629055484 -0.24405947442963558 0.011271308588983524 0.9999357406842738 0.0012133032948675243 -0.35585120528737063 0.01302420560093923 -0.0013600865006068129 0.9999142564406085 20.32454169195043
0.9998312107082676 -0.011117894027657053 -0.014626774286542578 -0.2592818999966365 0.011138271425644376 0.9999371062402374 0.0013124303979978721 -0.36458870382619896 0.014611262891630873 -0.0014751258558856934 0.9998921616856592 21.20390372001056
0.9997885393346554 -0.012311073939122296 -0.016471614175354504 -0.27270590508532494 0.012330351809079028 0.9999234065557921 0.0010693204033704743 -0.36349213860643487 0.016457188075142636 -0.0012721950818120455 0.9998637619597646 22.07979839798116
0.999756471243359 -0.012694864699223428 -0.01805100045136431 -0.2855062391119794 0.012704758566069058 0.9999191973157006 0.00043353120256241315 -0.362887181880415 0.018044038262114124 -0.0006627592278582758 0.9998369734278688 22.93573595980167
0.99974602653073 -0.012720934605419608 -0.018602694933312815 -0.3020997243478607 0.012738731146582385 0.9999185075233863 0.000838475389782884 -0.3597719132109668 0.018590512763029327 -0.001075237168636606 0.9998266033169143 23.772668823888278
0.9997318943516271 -0.012528459214255048 -0.01947247097376549 -0.31783749753230933 0.012579883005702605 0.9999176931826181 0.002520595944326251 -0.35810153915404846 0.019439289073168973 -0.0027648815649982204 0.9998072161523244 24.629417588036606
0.9997004793643217 -0.013797920079411554 -0.02021308883441112 -0.3306039102597559 0.01390371913485447 0.9998903168228941 0.005103030279346521 -0.3564253027768477 0.020140460594651396 -0.0053825389264748795 0.9997826714450195 25.486136705644963
0.9996987750255739 -0.01345530716930018 -0.020525932898336815 -0.3416880539492002 0.013579376268652733 0.9998902879665407 0.005917142075599002 -0.3483420581619111 0.020444063992308317 -0.006194089050720235 0.9997718107189808 26.319280256445804
0.9997099113057042 -0.012963870766174739 -0.020298553936157402 -0.35476031312841483 0.013061034667193038 0.9999038352716525 0.004661500022795028 -0.34419960093313584 0.020236170847360253 -0.0049252678909939935 0.9997830960391547 27.142038923713965
0.9997192050668632 -0.011343242489862246 -0.020804852085397726 -0.37025412381618616 0.011385138528639222 0.9999333888875983 0.0018964199026083278 -0.3392419989567484 0.020781954700239077 -0.0021327535205686774 0.9997817570456349 27.971880489987583
0.9997018800756922 -0.010760512651192898 -0.021917169995461592 -0.3861434657854075 0.010769811194093022 0.9999419570003892 0.00030626308210175555 -0.34157875279429 0.021912602309402528 -0.0005422155617348638 0.9997597430694605 28.78816914219191
0.999695035714425 -0.01001108688191454 -0.02257462529871284 -0.4036284722039867 0.01001360101364075 0.9999498626390957 -1.671322398601865e-06 -0.3484220035636806 0.0225735101983307 -0.00022438247806879134 0.999745160673373 29.590146017635252
0.9996639716161323 -0.010278903282514658 -0.023796806507793974 -0.4202123582586039 0.010272170855278553 0.9999471577881106 -0.0004051387407387183 -0.35379500084061827 0.02379971341383426 0.00016055774036436018 0.9997167338114484 30.38758185009574
0.9996171126488855 -0.010518007300795749 -0.025592960397846573 -0.4384249603274636 0.01049362454652413 0.9999443497693362 -0.0010868340517477283 -0.34892506447521465 0.025602967472188102 0.0008178549992874894 0.9996718557455828 31.154098628663625
0.9995716942562343 -0.010732126825817942 -0.02722589751534392 -0.45561458548865874 0.010687931595266017 0.9999413189205385 -0.0017682855167203669 -0.3365942024627438 0.027243277334718118 0.0014765396196132169 0.9996277425476018 31.920507125666145
0.9995079221295075 -0.01125882668305042 -0.02927716554031906 -0.4749456782130217 0.011235457320503035 0.9999364169282173 -0.000962600414158128 -0.3344084963211383 0.029286141759428955 0.0006331843959026351 0.9995708684122235 32.680756465945244
0.9994710315775932 -0.011297438122924401 -0.03049631008958072 -0.4956382482329421 0.011337544671431209 0.9999350752499115 0.0011425260509361124 -0.3374567407348161 0.030481422506905248 -0.0014876749686878318 0.9995342263800387 33.433159913409845
0.9994329519728995 -0.010598371619809175 -0.03196011623482781 -0.5209337495786337 0.010669660957860152 0.9999409538784162 0.002060847342053052 -0.34514317299143393 0.031936387487936 -0.002400682347033002 0.9994870203651914 34.189359296066726
0.9993843741759878 -0.008963040286154406 -0.0339195601636794 -0.551124743985677 0.00903870369332302 0.999956990975796 0.002077988011516007 -0.35310324267630977 0.03389947622623396 -0.002383297602161473 0.9994224058945879 34.930523244250544
0.9993598000868301 -0.006273817880811334 -0.03522256634047179 -0.584072610176649 0.006321212974438069 0.999979259059017 0.0012343898538086336 -0.35698470687456485 0.035214091454165326 -0.0014562489408758044 0.9993787305631834 35.675728266603926
0.9993236339358602 -0.004558557525353057 -0.036489645250595996 -0.6157105655606231 0.004570730576597368 0.9999895228587284 0.000250189465599651 -0.35847556517729495 0.03648812244035657 -0.0004168045832116048 0.9993339998192381 36.37278469071009
0.9993165551550783 -0.00372646226111567 -0.03677684151749851 -0.6442345302698382 0.0037734569089681504 0.9999921502400406 0.0012085037262816194 -0.35232121792129045 0.03677204938459211 -0.001346453607354056 0.9993227724047624 37.05786258041315
0.9993408020613758 -0.002396847250171549 -0.03622452841079993 -0.6713559787285073 0.002488345417659743 0.9999938263965504 0.0024809888891735078 -0.3454340229800417 0.03621835822352964 -0.0025694925656899155 0.999340596711425 37.738432554251844
0.9994145981153096 0.0006731778845622797 -0.03420537831319744 -0.7010457167689688 -0.000575346610260578 0.9999957163843867 0.002869876156830322 -0.34481007085383764 0.03420716372766504 -0.0028485161774541093 0.9994107043179473 38.41058551727818
0.9994510382480554 0.003954928931674353 -0.03289347476367897 -0.7286724540899275 -0.003945181816779183 0.9999921524989144 0.0003612215672966366 -0.3380338190834314 0.03289464523772729 -0.00023125253194386286 0.999458797968656 39.06934251947186
0.999508630142931 0.005527141017420864 -0.03085367047815368 -0.7492271182525246 -0.005628736660483478 0.9999790162135245 -0.003206938764425334 -0.3295487794091067 0.030835297848535153 0.0033790301575138903 0.9995187674885284 39.70871158121167
0.9995938218454877 0.00575113170333181 -0.027912646102825633 -0.7670503029319914 -0.005902447798898707 0.9999683131919802 -0.0053416965439158914 -0.32627758428258896 0.02788104083982394 0.005504279800022782 0.999596093662621 40.32668565724218
0.9996879768064032 0.0066655945583981805 -0.024073198331396695 -0.7843733862850761 -0.006787400701582131 0.9999645564830751 -0.004981663308857075 -0.3223352215206902 0.024039139344740904 0.00514350335760587 0.9996977864098603 40.945337682795106
0.999720566751237 0.011629320316571724 -0.020580265390893197 -0.8041640715205495 -0.011679137387389304 0.99992914656845 -0.002302084441858126 -0.32503957269419836 0.02055203553109787 0.0025418009098927847 0.9997855535481913 41.58285613305735
0.9997399394821123 0.016036711658016095 -0.01621349078698651 -0.8200243047127715 -0.016023235889724728 0.9998711581669023 0.0009607172318939428 -0.32633331413757094 0.01622680855634536 -0.0007006747997973125 0.9998680911694808 42.17593057321871
0.9997214912944213 0.021083436301967233 -0.010603233363395753 -0.8307467316149072 -0.021065095329563216 0.9997764158747693 0.0018384828954172107 -0.32583147158050024 0.010639624185757353 -0.0016146127403242464 0.9999420940348922 42.762300741917215
0.9996784765607891 0.025025474054599636 -0.004082786969987713 -0.8375954047911692 -0.02501795702555012 0.999685230490786 0.0018819577178238022 -0.32438606350253507 0.004128598717176182 -0.0017792096353462928 0.9999898944917927 43.33747891343151
0.999579906817893 0.028854417202581403 0.002726260044767339 -0.8412685300304191 -0.028864255224005767 0.9995767095842946 0.0036409376536972937 -0.3237606097618872 -0.0026200489109513172 -0.0037180995863516763 0.9999896554860809 43.88934291927445
0.9994491357286303 0.03206426056447387 0.008562025796930967 -0.8399684942034703 -0.032100358367759846 0.9994761904128395 0.004112394740097237 -0.3275110012119557 -0.00842568002924259 -0.004384973465200641 0.9999548889443738 44.4344277591559
0.9992499627594761 0.03519799071194257 0.016143524244334115 -0.8362996118862503 -0.035259623935896975 0.9993718840007181 0.003549139156802 -0.33151595771231657 -0.016008461671394966 -0.004115691764117858 0.9998633857863878 44.94677550234617
0.9989507283129442 0.038763089777351586 0.024389860064199968 -0.8268232814516573 -0.03886214808442277 0.9992380947520704 0.0036004780955770027 -0.334816927561634 -0.024231711646160572 -0.004544542569424742 0.9996960394457571 45.45107910306804
0.9985264401973593 0.04328029982927597 0.03273780495814169 -0.8155516167405378 -0.0433966647191126 0.9990538503044766 0.002851961265052872 -0.3325111187260554 -0.03258339635529551 -0.004268470274982184 0.9994599053706286 45.937550113598284
0.9980005997273357 0.047400007299000374 0.0418095952136919 -0.800323290723337 -0.04743571038466426 0.9988742835123664 -0.00013826770752661832 -0.33212380590055757 -0.041769083353364586 -0.0018452765948222493 0.999125587016021 46.41031539555025
0.9976130688241219 0.048586467824834785 0.0490664860737329 -0.7832964536225286 -0.04855673214157751 0.9988188069287085 -0.0017985241844902884 -0.3403711077339324 -0.04909591301777196 -0.0005882769903669374 0.9987938952832733 46.85296780754813
0.9974605667814057 0.048382706245454724 0.05226405507117567 -0.7604596372042167 -0.04834876835615311 0.9988286801910762 -0.0019142168622868802 -0.3511704405135679 -0.052295452140314294 -0.0006175468555903095 0.9986314657176198 47.320866142071985
0.9970709084793958 0.047892278110993385 0.05963164563728992 -0.7325511003680341 -0.04792073623050372 0.9988506864122952 -0.0009535684627978318 -0.356000322437829 -0.05960877874272002 -0.0019068169880763065 0.9982199945632105 47.73251274566166
0.9964571588833415 0.049715986914091376 0.06783399704644245 -0.7054114603854561 -0.0497917123495671 0.9987594579111713 -0.0005749906794357413 -0.3586681250304887 -0.06777843234714745 -0.0028046172896429105 0.9976964559576337 48.09959585524682
0.9955127353832368 0.0532101024082151 0.07825010345994744 -0.6792831430636962 -0.05328305732382912 0.9985787789143584 -0.001156764511152563 -0.36146364999670055 -0.07820044432105719 -0.0030178309455602017 0.9969330886295098 48.43825516747205
0.9944158575777656 0.0563325222513066 0.08923984051242273 -0.6506975333498426 -0.05635089273357105 0.9984083408832424 -0.0023155437591786503 -0.365031530118892 -0.089228241527031 -0.002726131247234045 0.996007474430999 48.75497316149392
0.9933337169488502 0.06009602267300577 0.09836968451442127 -0.6240424533973312 -0.06016565485239264 0.9981858450783859 -0.0022611194862853876 -0.3710054025087107 -0.09832711095503605 -0.003672430262656089 0.9951473722555884 49.01900507027235
0.9923028465810275 0.05962180001697295 0.1085370979431697 -0.5867027464435784 -0.059749123480670255 0.9982112548706688 -0.0020815601880061372 -0.3820271132890076 -0.10846705910312475 -0.004419458367351823 0.9940902199887388 49.29935350324575
0.990876756310522 0.05872453163634328 0.12130409386178993 -0.5432263000486228 -0.05863396601127705 0.998270205903296 -0.004319031787240166 -0.3911604012116555 -0.12134789587515002 -0.002832911908778382 0.992605995738889 49.58159341401914
0.9893097232928247 0.05763059341891823 0.13395889705599012 -0.4964448478596764 -0.05690265024781968 0.9983367916090682 -0.009259531007874805 -0.4001044110229943 -0.1342697277611314 0.0015379277924612673 0.9909436285607054 49.868119141516544
0.9874563241242926 0.05855346574813694 0.14663389647629663 -0.43554398489374496 -0.057508989868418785 0.9982804011701677 -0.01135591140519821 -0.4125715584174139 -0.14704667296900548 0.002780699266436045 0.9891256460532891 50.229214832896936
0.9845685887367539 0.06064833901892197 0.16415380911560393 -0.3892048446044476 -0.05923501989528719 0.9981528331619068 -0.013495705571134225 -0.42049816198467177 -0.16466908176983674 0.0035637936393283984 0.986342431858214 50.47005385155287
0.9814046120466612 0.06261889077600556 0.18144933720332107 -0.33276341417014405 -0.06093372027589749 0.998031304373951 -0.014852515711755067 -0.42699205545284924 -0.18202216674592284 0.0035199442626177566 0.9832881270540736 50.73719278326012
0.978263159973312 0.06320682596617158 0.19749958731681355 -0.27989527320850643 -0.061233975264274855 0.997993799880521 -0.016086505940454427 -0.43291457201766564 -0.19812014060252373 0.003643151289776152 0.9801709735226384 50.95782807339341
0.9748320786883734 0.06413330703540036 0.21351659722093586 -0.21598002936603655 -0.06196473558928328 0.9979362539297538 -0.01684056519239595 -0.4407983475273932 -0.2141559943206226 0.003186223682071624 0.9767942762297462 51.218020300416555
0.9704795884869062 0.06323152822377791 0.23274694878509228 -0.1436495591286689 -0.06088056029183721 0.9979955022291023 -0.01727816277944707 -0.4476711209708384 -0.2333729326825132 0.0025983396557556103 0.9723838351814561 51.46016224946373
0.9654706995264724 0.06316539622470642 0.25273792963391833 -0.06680926221056974 -0.06047177080976001 0.9979999409875664 -0.018419628767842044 -0.4540766562446805 -0.2533959220094032 0.0025001017157508295 0.967359424516253 51.696267822370494
0.9601716771987628 0.06454153959035695 0.27185426237714305 0.050681731300755054 -0.06131474716333875 0.9979108736783144 -0.02035657080350737 -0.464045919666561 -0.27260016890238725 0.002877127367488562 0.9621231054561065 52.07879832394387
0.9531600035198046 0.0659452879545771 0.295190153437938 0.1339204081193638 -0.06202136826457938 0.9978178563701755 -0.022646752248753486 -0.4706136582012015 -0.29603945272330673 0.003277881238681975 0.9551700884794662 52.301138804581235
0.94462879305103 0.06731307217317256 0.3211625657724803 0.22520371762692792 -0.06297557340382416 0.9977291610093492 -0.023887202139196602 -0.4773995696933879 -0.32204117825739786 0.002339142190749935 0.9467227724737582 52.521063026603194
0.9355969006099856 0.07030180926470213 0.34600013754780073 0.3209864178042708 -0.06567627958866532 0.9975254844864437 -0.025090518118930077 -0.48550564504291693 -0.3469078636588959 0.0007506092154636601 0.9378989128458501 52.74250804027089
0.9254196636468234 0.072655681610232 0.3719134281866571 0.4229043538391748 -0.06775425499720457 0.9973566710508942 -0.02624941218487242 -0.49496799333286723 -0.3728375075895302 -0.0009069950551918198 0.927896206638651 52.9549727709897
0.9134965256986635 0.07331189999903237 0.40018678495797666 0.5392923573809202 -0.06796024335265675 0.9973070326079329 -0.027569694126095206 -0.5069988882818018 -0.4011302816541251 -0.002011971493498577 0.9160188039067718 53.17056560792582
0.899165842857319 0.07201762335816449 0.4316413429741496 0.660143204866952 -0.06560988037802007 0.9974021080937054 -0.029738499743825957 -0.5167258189479182 -0.432661681496603 -0.001580093691272439 0.9015549748453835 53.3557323091736
0.8818295857117031 0.07028600170217583 0.46630082535660006 0.7976270294588923 -0.06204646527682491 0.9975268633580802 -0.0330210997036917 -0.5256311319493595 -0.4674685207692349 0.00018666470240822727 0.884009698615413 53.54709294456654
0.8624952483956464 0.07027951503787866 0.5011613874401852 0.9638017970326824 -0.05957213268335271 0.9975245222063387 -0.03736293088840813 -0.53641883360971 -0.502546622217768 0.0023700976890271095 0.8645468611558644 53.77396816249143
0.8507522959398919 0.07151454990074814 0.5206785957819802 1.2879916094426027 -0.05895894174736712 0.997431955561785 -0.04066124951625644 -0.5682502580072842 -0.5222493409675422 0.0038939923839293213 0.8527839484196937 54.28635698981195
0.8275144392251511 0.07393268492223977 0.5565553080998068 1.4749510424776608 -0.05871692956129849 0.9972521548401203 -0.045171471634531994 -0.5795711207968541 -0.5583656284700698 0.004700826195961458 0.8295816579314543 54.51523536870149
0.802130612184644 0.0774911290912181 0.5920993209829368 1.6740633133845766 -0.05998712442795023 0.9969851838560357 -0.049214714003145234 -0.5922451264285729 -0.5941279541472131 0.003958293030326813 0.8043608058683207 54.74289783327773
0.7733336371640203 0.08148522735191166 0.6287409986266786 1.8814632318277946 -0.06246134945091127 0.9966738183866253 -0.052343858927238564 -0.6083962343397318 -0.630914943122635 0.0012072555780658987 0.7758510662997974 54.96066822464428
0.7430533174263414 0.08383084425518095 0.6639609604586483 2.118294663290967 -0.06344018695162552 0.9964790301420251 -0.05481683287778779 -0.6262804325409141 -0.6662185153095421 -0.0013899779394319022 0.7457552935246777 55.18765247443271
0.7170569875537411 0.08182397317121642 0.6921951415712394 2.503192862835029 -0.06058063134564218 0.9966437724904386 -0.05505613373448596 -0.6603700518469809 -0.6943768888047155 -0.002455233288765413 0.7196073291201128 55.55702002610032
0.6803215346782602 0.07922819343137764 0.7286189009479614 2.7822656242380543 -0.05671482663164526 0.9968499809643568 -0.05543955168923317 -0.6740094979926821 -0.7307161130652303 -0.0036067737607096712 0.6826719221484663 55.76405161466908
0.6409457172573126 0.07755908725737834 0.7636577607235518 3.1114137116606413 -0.0529205017308145 0.9969798037305372 -0.05683917179179946 -0.6769787824575838 -0.7657597586881065 -0.003982328115714105 0.64311440120457 55.98689378909454
0.5976673859131488 0.07715390902217582 0.798023163910885 3.4438136876155365 -0.05065436194418094 0.9970040968875752 -0.05845482362831836 -0.679685413072036 -0.800142381974465 -0.0054868125526311715 0.599785014364516 56.17484904057205
0.5899987272562186 0.07809761685313486 0.8036182327933465 4.144312790151421 -0.05134003281266303 0.996925587876937 -0.05919098974521093 -0.7316533050310865 -0.8057702543944125 -0.006335177825754328 0.5921943622283825 56.68764863316654
0.5838018314388954 0.07796227321592675 0.8081443593588925 4.737534589226112 -0.0513200512790895 0.9969319409009559 -0.059101248279235866 -0.7776460358443685 -0.8102725923695695 -0.006970592977462511 0.5860117207771878 57.12066939019634
0.5744664992769588 0.07756259309485458 0.8148449455944831 5.337793481827612 -0.05128678483327564 0.99695501143235 -0.05873985768954004 -0.8298912809268795 -0.816919767731165 -0.008046696982249604 0.5766951913773306 57.5406188918524
0.5273754661735809 0.0760581219321334 0.8462211766236728 5.7578223867959455 -0.050681112153214816 0.9970277011492924 -0.05802747635275458 -0.8524759840176858 -0.848119415264803 -0.012285162966479357 0.5296626588893883 57.75342848770644
0.48055544266222866 0.07701222197607073 0.8735763184713835 6.177624925986325 -0.05389539379218645 0.9968472171181526 -0.05823154000864623 -0.8723040156719049 -0.8753066622936755 -0.019098256205785417 0.48319095971903747 57.944557275714935
0.4344152189733315 0.07822364590300747 0.8973095779863223 6.643350892162297 -0.052000212081642294 0.9967382056962703 -0.06171650710176851 -0.8967616466479181 -0.8992104289140651 -0.01984969841129376 0.4370658920633876 58.123428249220396
0.38945239795555525 0.0727219514162688 0.9181711972768893 7.129028965280772 -0.04146950844192779 0.9972516523647917 -0.06139561649886899 -0.9270566159827437 -0.9201125526783412 -0.014165438147164712 0.39139779095677935 58.27665970712239
0.34670677968623226 0.06614411444219008 0.9356384798864676 7.61973793719267 -0.02811234620838724 0.9977951490620521 -0.06012101545130315 -0.9529396713230245 -0.9375521878329031 -0.005458629213869982 0.3478018091626951 58.39369400824587
0.30582875626704087 0.06377300307252409 0.9499483017087118 8.147337543838344 -0.020121981319859417 0.997964245914884 -0.060518342205475265 -0.9770542003600856 -0.9518738769962749 -0.0006065926537711662 0.30648940330366176 58.51282048569962
0.2839950987530812 0.06380085749267429 0.9567007026585828 8.89238286810011 -0.016625316482766595 0.9979613776000814 -0.06161726763168107 -1.0312883245396924 -0.958681585687384 0.0015935500449702315 0.2844768494309844 58.72160424368862
0.25169288243863286 0.06237276349408918 0.9657951808245069 9.443247776252699 -0.00771465904291297 0.9980186950153859 -0.06244332178573025 -1.0690094281833642 -0.9677764085601519 0.008265759123944038 0.2516753866799871 58.823594431785786
0.22116332187130222 0.05916281860141682 0.973440571351937 10.019737330429505 -0.0014048833999355695 0.9981764699077502 -0.06034700676200287 -1.1154143729890305 -0.975235772191261 0.011978973980958433 0.2208431407603151 58.92934320063858
0.19514724713721132 0.05591466469394336 0.9791787897043783 10.596886908058211 0.005205915539831808 0.9983004460176211 -0.05804410326992025 -1.1491759120857958 -0.9807601390646759 0.01642466904326875 0.19452449683435485 59.019128775483836
0.18415782724367116 0.05615787794083451 0.9812910818967385 11.222560637514558 0.006704822301867294 0.9982714537389824 -0.0583879269006638 -1.1931152088428543 -0.9828738169382641 0.01733197608581337 0.18346297332750927 59.13356704572111
0.17024132576738657 0.057281506372361346 0.9837361028389041 11.78004409647285 0.009847515915501476 0.998160271196017 -0.05982557510117195 -1.2308316535780026 -0.9853531942563836 0.019872142149379463 0.16936404735107882 59.21876544050966
0.15716163911682424 0.05688513664370822 0.985933212960766 12.340767407374104 0.010369126673112775 0.9981896067413819 -0.05924517031387783 -1.2672684584890923 -0.9875184557273612 0.019534334452703802 0.1562872655571783 59.30196485031758
0.14589988714228083 0.05751641274381119 0.9876259844682868 12.918508648898285 0.010523666869533202 0.9981618093999567 -0.059684626923703674 -1.3085247366515234 -0.9892433853038851 0.019101427184536612 0.14502641177394254 59.390837332701324
0.13722180595230943 0.0600386990973461 0.9887191363485812 13.551993626402368 0.015363130365463443 0.9979123345642904 -0.06272915390645292 -1.3635274684615781 -0.9904211983780247 0.023797628771455616 0.13601295036979225 59.47306187546587
0.12956530523991291 0.060958422091639625 0.9896953584079219 14.187459275303999 0.019995866519787443 0.9977449315888638 -0.06407196587318399 -1.4204024611957389 -0.9913692536084691 0.02809132009765848 0.12805421014148632 59.5355608427438
0.12391359438381226 0.05951644392334256 0.9905065441629363 14.806369814884576 0.020211072301861324 0.997841201548534 -0.06248559072766484 -1.4636112852025664 -0.9920871603257927 0.027762013523804776 0.12244319875685694 59.602530407224116
0.11917147131922828 0.05703974934228269 0.9912338913791129 15.458124500187465 0.017439399476662207 0.99807416726564 -0.05953002589358473 -1.5055487448068656 -0.992720518459 0.0243808045799771 0.11794722802393152 59.68018030043998
0.11624962592000948 0.049716182632625464 0.9919749622132084 16.125440793631203 0.014666818604733454 0.9985516064354298 -0.051764599073465034 -1.551403206896035 -0.9931117303231675 0.020566732109408133 0.11535207247755111 59.75471972450463
0.11470398761239671 0.04346287491134938 0.9924484740933679 16.809871511206893 0.0156002534062105 0.9988404324992001 -0.04554582855181521 -1.5917837773798593 -0.9932772157456743 0.02070673584246734 0.11389294873377011 59.819085261976575
0.11502337317293547 0.043116506064121034 0.9924266172008593 17.511861586752286 0.01799703883586476 0.9988031484689373 -0.04547941514220261 -1.635146160815813 -0.9931997433633688 0.023091936111098294 0.11410973783854303 59.88645668009784
0.11613146192780321 0.04509987361622303 0.992209395717613 18.244593398806817 0.02087132180772268 0.998637176955425 -0.04783489028414314 -1.6824884785975316 -0.9930145373943483 0.026263857338522094 0.1150319013195564 59.95804762344548
0.11769040671473892 0.05250757526218208 0.991661193506837 18.969433377479472 0.021963469429624412 0.9982192315894164 -0.05546144332459348 -1.7230158473389625 -0.9928074204889562 0.02830760012999025 0.11632757883213833 60.0321120674903
0.12043549151279441 0.060113465886930596 0.9908994215373885 19.675867084592603 0.022255009584147254 0.9977505577023827 -0.06323400313906909 -1.7549285665834695 -0.9924716655564948 0.029668094371616053 0.11882675306460165 60.110666695495375
0.12253663638390334 0.06175805833772477 0.9905406175286665 20.39149705214495 0.023472631021546248 0.997602503632166 -0.06510207630912233 -1.790395908034264 -0.9921863778225577 0.03122798387963314 0.12079323112727819 60.19232329407169
0.12432077398816875 0.05648466818490672 0.9906330437730322 21.1296224723962 0.02233013111354519 0.9979662622363653 -0.0597051478720885 -1.8326291807267 -0.9919907814084948 0.029543555947398405 0.12280662808883108 60.27580386726021
0.1270383967517493 0.04896316940468478 0.9906885755839683 21.861386804570238 0.021703801532544746 0.998404553821359 -0.052127650127423486 -1.8788132069397463 -0.9916603202456891 0.028123921323658038 0.12577302691594783 60.36083736500849
0.1291185040697928 0.048982627790821624 0.9904186559639734 22.589050699208226 0.019214792036955353 0.9984681589421498 -0.051885714273281446 -1.9192143361879406 -0.9914429906322183 0.025730094313427508 0.1279795240375067 60.449572596507494
0.13084003315062728 0.049207860035598315 0.9901815349903565 23.38117039920156 0.01885820467045695 0.998463209456523 -0.05211129895123461 -1.9668204299945893 -0.9912241188761255 0.02549129013005729 0.12971098752902713 60.550467989999206
0.13484694379840453 0.05470539845862199 0.9893551541927258 24.104037938010435 0.02070428621256512 0.9981012282790337 -0.05801095276161698 -1.9993038833852164 -0.9906501068897431 0.028306491965020494 0.13345826400780214 60.63108824983259
0.13875002976959983 0.05768297252948519 0.9886460963960241 24.792487119438615 0.021389485499599112 0.997894811338656 -0.06122446744112062 -2.0378060253227823 -0.9900964191173499 0.029641528023181547 0.137224125675675 60.712062824826745
0.14123400195199137 0.05554506658717449 0.9884167654741849 25.531041360243 0.01775491221209136 0.9981220293672409 -0.058627447361790645 -2.0878234592983373 -0.9898170132832468 0.025829441915088996 0.13998257086290897 60.821352112361076
0.14652245436705644 0.04884671019804551 0.9880005917351874 26.28287298848225 0.02093569266734576 0.9984032423439692 -0.05246582172792101 -2.139520876304017 -0.9889857770154198 0.028371897713683203 0.1452658538037488 60.92034980864625
0.15036885130968378 0.051167888580753024 0.9873049456647081 27.029904570536626 0.0257142880445376 0.9981194528430514 -0.05564470546824968 -2.183284088212491 -0.9882954942456077 0.03375507420334539 0.148770329768264 61.015001829687954
0.15338652286473545 0.053202343755717064 0.9867330364502663 27.787605444122217 0.02464845713264727 0.9980329238810061 -0.057643181821514684 -2.230503776974306 -0.9878588098328865 0.033163134176773294 0.1517734442092141 61.12816451268058
0.15804744064444015 0.05510897899539865 0.9858924925872117 28.486997458898053 0.02049934810739642 0.9980430813955745 -0.059074397208915934 -2.271086804063987 -0.9872187109414585 0.02954671068849637 0.1566084565231919 61.24820572701026
0.16264511542162896 0.05347876112320629 0.9852342810409158 29.20474233307363 0.01937263743090462 0.9981645081102528 -0.05737870395875324 -2.3137608275531996 -0.9864944335111359 0.0284189524392187 0.16131055698187233 61.37875598797972
0.166813104574211 0.049524743037963885 0.9847439707707457 29.944821150625028 0.023606346652159438 0.9982508640178928 -0.05420288631859986 -2.3627246329957616 -0.9857059036751543 0.032287959281327015 0.16535222751870057 61.50459332938998
0.17124231267679507 0.04783913993284986 0.9840668102520205 30.67073916948324 0.028079420726948003 0.9981777259172574 -0.05341136222088022 -2.4118691340886347 -0.9848287244393022 0.0367783111784139 0.16958696691114605 61.632878220913376
0.17535829186795424 0.04782700711735751 0.9833422836750934 31.38041855896462 0.031033332130884664 0.9980544286343316 -0.05407670274943359 -2.4522917043600496 -0.984015447932607 0.03999918591162374 0.1735328883998649 61.75781146225267
0.1784009661700845 0.04762961384058314 0.9828044134795975 32.08639410254229 0.033278294207490726 0.9979642502283119 -0.054405058596432826 -2.4910372063905877 -0.9833949615511671 0.04241196943833828 0.17645275414155936 61.88195342442272
0.18214746388622924 0.046083501884511484 0.9821907209161942 32.77876176081926 0.03490962103476195 0.9979682692657892 -0.05329776634956685 -2.5298544083644328 -0.982651321557665 0.04399595882241861 0.18016863169895064 62.004761679108306
0.1862893607362789 0.043808615226760335 0.9815177427374303 33.49418633462476 0.03678511064632369 0.9979939658196846 -0.05152572000694767 -2.566004800286816 -0.9818060550389814 0.04570393220949724 0.18430415315283485 62.131374964802944
0.1898145028737284 0.045011236520119846 0.9807876646276337 34.21303061103786 0.03586859607060347 0.9979638292794412 -0.05274124823927177 -2.5938085422222557 -0.9811645623007001 0.04519053038903657 0.18781351827926157 62.26880820769348
0.19349171622658215 0.04699182440499635 0.979975879392335 34.92901868222404 0.03294994178476834 0.9979775542415305 -0.05436085509327003 -2.619692613922009 -0.9805484470887064 0.042808523323996144 0.1915520118472967 62.41278790830706
0.1964990737661082 0.04691152566908017 0.9793811427470203 35.65431071287754 0.03458865858304945 0.9979014662841611 -0.05473836209957669 -2.6469381914947925 -0.9798937384770291 0.04463151742119436 0.19446410708970183 62.55671287712647
0.19951632603454691 0.047535366260279474 0.9787408362790304 36.36297251874886 0.03525166109495007 0.9978279269676162 -0.055648437116904884 -2.6739586856137385 -0.9792602085430228 0.04560501198342597 0.197407261381816 62.70362719432252
0.20143942423463645 0.048532801421527764 0.9782978715862541 37.09145794219496 0.033723957073998743 0.9978359241968536 -0.05644610793916441 -2.704199492820086 -0.978920248581717 0.044362546910510794 0.19936677593903077 62.85792170656893
0.2035322710695038 0.04875212291714592 0.9778536931179224 37.822364277513614 0.029763717845944206 0.9979897768215267 -0.05595110776118655 -2.7390158062215906 -0.9786157242417876 0.04049241744806538 0.2016720813497366 63.014534674282615
0.20665722013290483 0.05119559051771466 0.977073080623185 38.53985100741884 0.028485537855410924 0.9978919607760639 -0.058311308951078604 -2.7755080634442106 -0.9779986541401933 0.039882905235735774 0.20476324467523332 63.167669172551925
0.20998276281939238 0.05581298023867518 0.976110726585673 39.255188131502564 0.02736517109953877 0.9976426398132834 -0.06293099901538031 -2.8151149572486083 -0.9773220486254411 0.03992586208534626 0.20796042606061943 63.321749094849814
0.2136731886498866 0.05737437559921189 0.9752189238713475 40.00696647402375 0.026847736862462807 0.9975519158830501 -0.06457069105575552 -2.8572976007675575 -0.9765362089946052 0.039979446502602274 0.2116097265717998 63.484742819025996
0.21853211487388138 0.05772274641736294 0.9741210393553689 40.74054198124343 0.026840186627857535 0.9975157387422593 -0.06513029512649512 -2.8998126056278553 -0.9754605677066253 0.040378651630773886 0.21643993472081433 63.647646248547964
0.2235354436144791 0.05736840410443757 0.9730060491377156 41.5020733858685 0.028146018723893163 0.9974701582037943 -0.06527698769773 -2.945123744315176 -0.9742893343756123 0.04197796688032063 0.22135524213020724 63.81899202161843
0.22762331374927838 0.05718941501593652 0.9720684121233089 42.269521763612936 0.03015925177407303 0.9973808519696702 -0.06574082184366749 -2.9898913572848542 -0.973282100200259 0.04428099969950701 0.225302344629138 63.99540434511887
0.23173388839478165 0.05811134495531737 0.97104195406631 43.02671853083285 0.029371998749955382 0.9973410187470197 -0.06669466256071474 -3.0321049160727473 -0.9723356882573367 0.04397685655136239 0.22941086597847465 64.17374742463986
0.23583662385809492 0.05946010332935242 0.9699719495734281 43.787959083527056 0.02472420488479858 0.997436168760414 -0.06715506638638453 -3.0709247729979148 -0.9714781523740157 0.039819409345292316 0.23376187477722357 64.36195183496517
0.23872095447139466 0.061041358169219975 0.969167817505886 44.59396746691217 0.019743772366561864 0.9975110463687431 -0.06768970250393307 -3.1148698129689527 -0.9708874751221197 0.035293979163457626 0.23692160240426785 64.56386593568017
0.24093296831470626 0.06426031175602061 0.9684120595655977 45.38541641497229 0.01631974780940691 0.9973963460651971 -0.07024382312509342 -3.1590996438327403 -0.9704045396691542 0.032728293399001046 0.23925695016171852 64.76050605885436
0.24660256326971997 0.06910993344506225 0.9666493639826294 46.14850106859945 0.01259153827205253 0.9971413537572299 -0.07450217306321279 -3.203308776153358 -0.9690348956321172 0.03054402930879525 0.24502741340681972 64.95956862736288
0.24969457183663973 0.07012937669613388 0.9657818031623541 46.94764119801753 0.011370200127309068 0.997092874673185 -0.07534266935161962 -3.2627506721654567 -0.9682578888624577 0.02979378794605173 0.24817129337504745 65.16831689995723
0.2572106220796927 0.07472147775951371 0.9634621926421457 47.73375860870283 0.009504838719459053 0.9967622526913614 -0.07984152835810474 -3.3046590374197553 -0.9663086225064412 0.0296936419301417 0.25566762348531785 65.38179666831284
0.2644176329177057 0.07770280016572469 0.9612729010268635 48.5326819458939 0.005434290934009233 0.9966130468511301 -0.08205427062712971 -3.352512789344794 -0.9643929613410932 0.026920432621173676 0.26309980316079146 65.6094925101783
0.2715815382545045 0.07603800816733056 0.9594069467088828 49.29193400760278 0.0016989854530599735 0.9968345919407505 -0.07948528013881691 -3.403002854136613 -0.9624139346080504 0.02321675309471335 0.2705926843948152 65.83256301076298
0.2786230499151828 0.07440832401382777 0.9575137583206905 50.07206687161211 0.0014403446388029397 0.9969606949922521 -0.07789286262479712 -3.45732512305556 -0.9603994593205916 0.023081896759522744 0.27766905585372675 66.06316102718301
0.285440186678751 0.0719298685543311 0.9556934622767677 50.85590138262713 0.0015708821315333248 0.9971431451392336 -0.0755187422509452 -3.5071144842649247 -0.9583952379671605 0.023057365668968224 0.284511732148745 66.29895966498448
0.2932311051159545 0.06639477079668994 0.9537333240499307 51.64632574525746 -0.0005007763570895979 0.9975961323892178 -0.06929434223017805 -3.5557855049746476 -0.9560414573728055 0.01984164945078574 0.2925594652913426 66.54671834807917
0.3008468227887593 0.06001896163557747 0.9517819673969953 52.43003062523817 -0.002911836279727983 0.9980708133330701 -0.062017519961238485 -3.5951585545418028 -0.9536680294669581 0.015886340574519753 0.3004411984994099 66.8021514051444
0.3085515302873279 0.05661606004123317 0.9495212345717998 53.22482517367389 -0.0035010768051504403 0.9982879357532723 -0.05838612669696046 -3.6421380995944013 -0.9512011856692331 0.014690781969539959 0.30822148741866007 67.06174018511756
0.31543715704466957 0.05957764784018985 0.9470743919214615 53.994833091585484 -0.003494385995415301 0.9980933649376366 -0.0616232434555299 -3.683329446446077 -0.9489400345765234 0.016128817231737216 0.3150439207993294 67.31905389159085
0.3216643986584497 0.06518814350766268 0.9446070720578592 54.76281282919883 -0.0036473930196299115 0.9977051286127239 -0.06761044937010084 -3.722714752722425 -0.9468467199921327 0.01830252129874431 0.32116398701325644 67.58398267588302
0.32740579194851277 0.0676517830099787 0.9424588498465793 55.50152287700921 -0.0050680618546086196 0.9975449562668992 -0.06984536473887488 -3.7642651070912967 -0.9448702356131274 0.018091337209818446 0.3269448598316787 67.84093990092242
0.3318755247209401 0.07017643339895961 0.940709255980083 56.227642763301866 -0.007188693169907489 0.997388207475884 -0.0718685346904354 -3.8086822704062318 -0.9432957960161339 0.017088937457980704 0.33151321155400143 68.10053581861783
0.3374415281364469 0.07042828274354893 0.9387081932521596 56.95871777097222 -0.00913577567666228 0.9973953674483038 -0.07154731717854416 -3.853138853156013 -0.941302158019266 0.015567208563394464 0.33720603394040716 68.36220349983198
0.3420324277912593 0.06692041194261963 0.937302233436284 57.71149635227607 -0.005316263954851855 0.9975827910282031 -0.06928428668855084 -3.895440550388836 -0.9396731110746871 0.018714526705451366 0.34156143051201215 68.62819439084299
0.34639476757578147 0.06095342659388823 0.9361064815407396 58.428298414877574 -0.003992639735533235 0.9979735718736897 -0.06350439882095019 -3.9352721163231306 -0.938080339749248 0.018260055534733154 0.3459361885489958 68.88960378205766
0.34886512107907125 0.05425664459949386 0.9356010601807206 59.145420575851915 -0.00647446014876462 0.9984384468976342 -0.05548647693285819 -3.969244569101887 -0.9371505795016452 0.013299784714150796 0.348671632150209 69.15876777082157
0.3511072173198742 0.05179905077423465 0.9349013746298496 59.86295081476487 -0.009804214061794776 0.9986172628902541 -0.0516472617299891 -4.005208287171417 -0.9362839309379006 0.008967753144670586 0.35112957732297573 69.43267197640719
0.35413554553403365 0.05256266423406604 0.9337157927966779 60.56271498622217 -0.01151963332314042 0.9985886747556475 -0.05184550798148611 -4.038244058067446 -0.9351231541553311 0.007604273691469706 0.3542412477171637 69.69855003929409
0.35664605076347566 0.05375056542981203 0.9326920559277814 61.264011835789425 -0.01371388916710006 0.9985371858173664 -0.052301221628609756 -4.072896764076123 -0.9341389209955505 0.005862188661920772 0.356861473159213 69.97220998929336
0.3567356225120243 0.05862701824607168 0.9323639677521506 61.93369538467565 -0.0184894921061538 0.9982764919954479 -0.05569725496752171 -4.106053460125603 -0.9340223949738131 0.002630258701234269 0.357204769602185 70.23798949847797
0.35839902234084814 0.06345740754696323 0.9314093075616879 62.597084204873624 -0.0204021247949977 0.9979812841086219 -0.060142413260143864 -4.141480591820343 -0.9333455384202446 0.0025522531855589723 0.35897018248693546 70.50055837061102
0.36072737820387507 0.06877063613145136 0.9301324412255677 63.258417699104804 -0.02109046895013108 0.997624316816324 -0.06558135875555302 -4.1681734761337745 -0.9324328129863432 0.004040062231761035 0.36132080920359677 70.76131469899107
0.3623269950395206 0.0705076472106956 0.9293803421368689 63.92244123974902 -0.020683640213793573 0.9974972935793014 -0.0676116582363831 -4.202963711348088 -0.9318215149335953 0.005274560339896478 0.3628785517498709 71.02185677777213
0.362750319373293 0.07070346288595968 0.9292003153951832 64.56486549238542 -0.023377328513282856 0.9974942458456884 -0.06677372249861269 -4.238788310346237 -0.9315931012551344 0.0024999681344762513 0.36349421433245827 71.27775278557426
0.3637547434866469 0.06823897515217461 0.9289918884797354 65.20999033033361 -0.023545629740679676 0.9976679796513149 -0.06406407494514114 -4.280566257274189 -0.9311971273103681 0.001429912110140604 0.3645131896657228 71.53106132318965
0.3651566040816893 0.06595940720578579 0.9286064888296819 65.83429050959262 -0.023784155254625936 0.9978222349701482 -0.06152317740494602 -4.318627768961663 -0.9306422344028642 0.000379473632727284 0.36593016758038727 71.77824657580231
0.3643868513022767 0.0651301443359923 0.9289673228358387 66.44926062794892 -0.02310523398980557 0.9978765136083302 -0.06089837231945029 -4.350639462169914 -0.9309609931464864 0.0007265587759130111 0.3651179280069068 72.01409813825644
0.3619766973364861 0.06454346405899357 0.9299500050178157 67.05588208528368 -0.02303264296220728 0.9979148140913545 -0.06029528319189404 -4.3901084600307305 -0.9319025528152333 0.0004062810364918272 0.3627085151911579 72.24810190034785
0.35911429005264744 0.065386011155472 0.9310003202067975 67.65621290037689 -0.02427385708303374 0.9978597291160929 -0.06071853811372667 -4.430880747449093 -0.9329778703390015 -0.0007940740092127883 0.3599328588836713 72.47965680256914
0.3598063585185623 0.06685789300015374 0.930628500806413 68.23288833878169 -0.024859945421415473 0.9977621852213051 -0.06206935520889645 -4.468670475427275 -0.9326957529029815 -0.0008024250643528506 0.36066326210297667 72.7065777677173
0.3567803185903836 0.07018906898347678 0.9315477974112639 68.79395215524292 -0.023282148434818704 0.9975318077928313 -0.06624374691865285 -4.511713168916777 -0.9338981453192885 0.0019460310368003405 0.35753386851094365 72.92418359902034
0.35396200946162704 0.0704113270593527 0.9326055655418469 69.39668068426204 -0.020960824203962777 0.9975088033332187 -0.0673560028610549 -4.5509921894156 -0.9350248872124106 0.004293284811042263 0.35455609993194875 73.15103172572591
0.3525321429700136 0.06886110878021465 0.933262683209036 69.9825397014021 -0.020648563706838534 0.9976185174868888 -0.06580980461986394 -4.591799328877426 -0.9355718705635704 0.003929537481621789 0.35311447682779357 73.36561605135553
0.34771009042699363 0.06585594132941724 0.9352864203049611 70.53870700797178 -0.021358474478728795 0.9978277053921444 -0.062319225924167554 -4.632420139738874 -0.9373587939434915 0.0016927325430475173 0.3483613441146199 73.56948975697844
0.34299913765240075 0.06112488860935033 0.9373448349258687 71.09660490657134 -0.021429519080296427 0.9981300238268239 -0.057247106891520225 -4.6772569739116285 -0.9390912454504623 -0.0004511407279748732 0.3436676144043066 73.77253405884302
0.3406287944143627 0.06022779345297285 0.9382668262874926 71.714912644203 -0.020331327386722282 0.9981846310513531 -0.056692851926549125 -4.727151003357926 -0.9399780112016001 0.0002350077823006057 0.3412349384644409 73.99709110206638
0.3383541799254215 0.06148583653760529 0.9390079556810296 72.24469280449152 -0.01611625182793969 0.9980953574543118 -0.0595476603668505 -4.762512505651564 -0.9408808188894157 0.005014911107709028 0.3387006573843165 74.18483581904057
0.3350741286087848 0.06291739328583675 0.9400886819652595 72.76924015115397 -0.014039338523840565 0.9979905153018751 -0.06178857775761417 -4.79858755156482 -0.9420871643913211 0.007505530601567459 0.33528412085798615 74.36887634469306
0.3331473188961008 0.06496008702013963 0.9406343875314551 73.28783356397598 -0.01477848765023162 0.997861066003808 -0.06367801234738506 -4.832791906886327 -0.9427589618853354 0.007313005406647452 0.33339475061375945 74.55279756653863
0.33144786412228794 0.06697889607540236 0.9410930564239086 73.81208413450014 -0.014943579440776601 0.9977244621684463 -0.06574638411486657 -4.87064014993609 -0.9433551837999695 0.007728199738802223 0.331694546422649 74.7405404923312
0.33173855178847184 0.06802208656234607 0.9409157927237657 74.34069754691247 -0.014245143223061613 0.9976445054248424 -0.06710079500403862 -4.908773539159643 -0.9432638067644945 0.00885644033030442 0.33192612779477626 74.9253040650718
0.33289001557842385 0.0649418191579247 0.940726739097309 74.89572433968874 -0.0074134748259408086 0.9977750693946648 -0.06625670747535664 -4.945971772559636 -0.9429365184991012 0.01508214238525939 0.33263080293603164 75.11144239842162
0.33285267464325186 0.062755541503317 0.9408883244006481 75.43297292832602 -0.0026064002062994897 0.9978404855824069 -0.0656320958878261 -4.982942064340259 -0.942975240216201 0.01939348713588281 0.33229744054974675 75.29516683166956
0.33470824774878066 0.06127343889209667 0.9403275783338898 75.95639462806628 -0.00010662081764447192 0.997886163018266 -0.06498610842850679 -5.0173355022859285 -0.9423218014674956 0.021651127984862323 0.3340072621007532 75.47789612877044
0.3392202309137502 0.06141772571593203 0.938699897681205 76.50541085685227 -0.0005319324586355671 0.9978787674559052 -0.06509748465602064 -5.052692261937414 -0.9407068363665089 0.02158305883242527 0.33853333600216523 75.67775303174125
0.34369349575631997 0.06223362533519546 0.9370174794807402 77.02968467056354 -0.0012325161401247596 0.9978307145051748 -0.06582055981268141 -5.0861357762604715 -0.9390810731128433 0.021467209127619544 0.3430246303889949 75.87285644369933
0.34931750330765204 0.061148005765947644 0.9350070605475429 77.58008954829066 -8.552387277412088e-05 0.9978704336458071 -0.06522722086057542 -5.125199330435296 -0.9370044154477503 0.02270504451382399 0.34857883811994367 76.08022833196941
0.35484735287690616 0.05962818208356869 0.933020812231786 78.14216602450877 0.0010399277008715185 0.9979382802220792 -0.06417248177976233 -5.165265266311451 -0.9349236731983172 0.023741709475219794 0.35405374807303647 76.29337784248004
0.36220196846564945 0.058859477764273 0.9302393756001335 78.68831134558161 0.0008768488647455568 0.9979822664251984 -0.06348721947676084 -5.201653069998655 -0.9320992249624935 0.023810875207330245 0.3614195305267608 76.50654911769381
0.3695402147264515 0.05852203341936765 0.9273700455073968 79.23061421968747 -0.002516258278966776 0.998074147749076 -0.0619811587438247 -5.241119279743214 -0.9292113312611969 0.02057102815651362 0.3689757914232078 76.72634504466289
0.3773920181980156 0.058446292772190225 0.9242073876904559 79.81029783346463 -0.0035786418934694655 0.9980909608919247 -0.061657336206089194 -5.277566943058995 -0.9260466823668401 0.019961579271686684 0.3768807204280334 76.96874385995065
0.386343788707689 0.06196058834976503 0.9202713526011445 80.34291457288025 -0.007415524569630098 0.9979175179612222 -0.06407524749440464 -5.306941815825264 -0.9223250440719639 0.017930779053430775 0.385998704972169 77.20455056419084
0.3954472383083759 0.06513813383968443 0.9161760230622511 80.91418623574353 -0.010611220986808941 0.9977395189396262 -0.06635702174819699 -5.33460193896419 -0.9184273970779903 0.01651895474916416 0.3952445324486446 77.46100966076031
0.4058599043243976 0.06738853562144533 0.9114474879709684 81.4820407589949 -0.014355741957130564 0.9976249366154242 -0.0673676370071688 -5.366918400789994 -0.9138225488215181 0.014257317765504313 0.4058633737546203 77.72203081992977
0.41438095053124174 0.06824157745376783 0.9075414673409952 82.09083766687284 -0.01616664370399077 0.9975794656456383 -0.06763023993384548 -5.39518657393318 -0.9099599262979539 0.01335278355934411 0.41448116447318184 78.01102002431293
0.4237107855856075 0.06926489396391065 0.9031453618563271 82.66728572592142 -0.018622733871546702 0.9975273925593173 -0.06776647310401514 -5.417316116740958 -0.9056060754884442 0.011894349834096181 0.4239530168314025 78.29587953321898
0.43007027621719285 0.0694877851881746 0.9001172174912054 83.36366473578545 -0.019536360593322533 0.9975162967055816 -0.06767250860983258 -5.459829221232315 -0.9025840061341881 0.011518919932974853 0.430359647683589 78.63738165231952
0.43609921640088317 0.069248270851912 0.8972302661182113 84.04280670185032 -0.020642853291270316 0.9975423036648927 -0.06695688916707859 -5.505041492934159 -0.8996617953778719 0.010678454146438202 0.4364568988508623 78.97070828280746
0.44683037408870024 0.0643619377050946 0.8923004862525841 84.65677211532427 -0.020439750129599265 0.9978828191403711 -0.06174217261405077 -5.530366716299574 -0.8943851706096186 0.00934987910666278 0.4471998952977284 79.28602419918708
0.4580750682085672 0.0566698025529708 0.8871052729886821 85.28650692940509 -0.016971019034131538 0.9983414334500621 -0.05501242377696804 -5.552825637615687 -0.8887514930500339 0.010144739300783983 0.45827706452086353 79.61225091380669
0.4693103324278628 0.05346528432302947 0.8814132261593917 85.96442978614236 -0.016689144364115397 0.9985240863063749 -0.051682893943851796 -5.582585055197372 -0.8828755769285088 0.009545283561808402 0.4695099607302089 79.97748159631726
0.47958428176450685 0.05058533351757879 0.8760365521582635 86.61858254754533 -0.016589403488537664 0.9986812545964472 -0.048585423838426976 -5.606875228088514 -0.8773389928507231 0.008767881761315469 0.4797910127056396 80.34139699357107
0.4861522910769087 0.047659896265374195 0.8725734835351386 87.32008471454412 -0.014036711003540907 0.9988087267935064 -0.04673433454470893 -5.632412155812884 -0.8737613636599415 0.010471941993129393 0.48624213906860964 80.73170131861558
0.495086738513721 0.038044230573015 0.8680102291263361 87.99754135512073 -0.005821738144287176 0.9991637107706101 -0.04047204521745025 -5.6354183439675785 -0.8688240493407343 0.014983844607151188 0.49489418635498567 81.1068187600926
0.5023391589474547 0.027182128295908457 0.8642433113940017 88.67679153934395 0.0034848947406532277 0.9994339910296908 -0.033459723296970896 -5.632332535564774 -0.8646636484186294 0.019819926230136776 0.5019601036214153 81.49058809318251
0.5092404004151189 0.022207740164411814 0.8603377423209098 89.34742348419864 0.00977599703372647 0.9994532533707214 -0.03158518970461374 -5.644884959326329 -0.8605687912462612 0.02449511386929732 0.508744872140727 81.88192929058575
0.5155428028880471 0.022435646079561205 0.8565700556144427 90.00080344126054 0.01096893237741362 0.9994024434039669 -0.032778630854263156 -5.659782923366935 -0.8567936162885674 0.02629444624199189 0.5149886418009543 82.2785967087955
0.522522030766489 0.02737204313604896 0.8521863051106975 90.66813335321848 0.013502574648799491 0.9990935674303805 -0.04036984019151951 -5.674259021918764 -0.852518860695482 0.032600840078033426 0.5216788067237245 82.68440374260688
0.5298359549876678 0.030910957127601325 0.8475366502587139 91.33824300701646 0.0177372445054878 0.998713124492783 -0.04751299951818238 -5.699557900788838 -0.8479146483931405 0.04020706026704591 0.5286058468698811 83.1044799236674
0.5366084970448027 0.032938411730454566 0.8431882244979427 91.99658619157984 0.017374046852640036 0.9985947742974732 -0.05006614866094446 -5.718664470913243 -0.8436524541511656 0.04151551250379292 0.5352821674839056 83.53363009047797
0.540951791410057 0.03563741873945536 0.8402982409572443 92.64862417855008 0.010006657017536164 0.9987584578944068 -0.048799688520714736 -5.734590422815023 -0.8409940702440107 0.03480685521523173 0.5399235655576102 83.98117690171794
0.5445775843366542 0.03979148226325169 0.8377660130235339 93.28865279362807 0.004242206619820596 0.9987304562659972 -0.05019441612078793 -5.77121941366924 -0.8386997426499271 0.030888730404556818 0.5437174155873123 84.42490585718855
0.5490325712336159 0.042809590672912165 0.8347038844231064 93.90651161789681 0.0036625839665318863 0.9985545823126633 -0.053622118767069495 -5.807402632206543 -0.8357929296203082 0.032497462805568623 0.5480821961238194 84.84745067696277
0.5523153485744083 0.04380580920445621 0.8324835174398788 94.58136047075263 0.0040432039588244725 0.9984658932937733 -0.05522239066550613 -5.855968413123964 -0.8336254604022614 0.033866074602900385 0.5512909220730142 85.30484581293719
0.5556508909078279 0.043732078524715015 0.8302647726726973 95.20933171823368 0.0035582145740273405 0.9984814582149933 -0.05497378202293398 -5.9105898057339825 -0.8314080986750053 0.03350049117204166 0.5546515036929499 85.74008632588831
0.55940692229687 0.042420103188664626 0.8278070005332203 95.78728020705212 0.002366828588075749 0.9986037909677723 -0.05277183706511953 -5.959633045946754 -0.8288897956958956 0.03148020823082183 0.5585254721863331 86.14739801272546
0.5630240473120902 0.03900163165226703 0.8255197119855918 96.38932044098016 0.003473541538802772 0.9987653238924226 -0.0495556485099498 -6.005283626183852 -0.8264332136703464 0.030768498801929913 0.5621934211852581 86.5647316111028
0.5664131058129056 0.03686601959311753 0.8232964776814841 96.96501529939447 0.0030559819039125955 0.9988981209348773 -0.04683166628867008 -6.051515337870512 -0.8241158016553171 0.02904204869030894 0.5656763251806542 86.97287536458384
0.5698294715131095 0.036272624768734496 0.8209620393705652 97.5508753228048 0.0018071752930133305 0.9989676255837814 -0.04539181812795489 -6.098829287215049 -0.8217609795509614 0.0273492180489242 0.569175643153818 87.39036274652132
0.5732648769187421 0.03825275580126194 0.818476699463674 98.08718499796136 0.0003381061024855161 0.9988985059616082 -0.04692185494979538 -6.141045956237263 -0.819370042517792 0.027175383369424544 0.5726204955842241 87.7802448843798
0.5758149993250893 0.038219211671553927 0.8166862178410098 98.63066910658245 0.0012528474201273575 0.9988643521744309 -0.04762810439746124 -6.177842416859619 -0.817579058517031 0.028448160122555258 0.5751131934324344 88.17061254261544
0.5774506952646737 0.036307496075369025 0.8156178395958998 99.18416801830124 0.0030556523772018044 0.9989075528487739 -0.04663007452517107 -6.213252694123668 -0.8164198414583639 0.029418813545253147 0.5767089178109661 88.56532636177698
0.5788022998395367 0.03516880057825359 0.814709183185234 99.72663191842587 0.005012286937156883 0.9988972896185007 -0.04668063594759611 -6.2509686271885965 -0.815452496887543 0.031102415640902038 0.5779877724149348 88.95456371458098
0.5808960785831724 0.03541986572570581 0.8132067258690542 100.25335396165815 0.0038928118388309296 0.998920480528859 -0.04628951928871567 -6.2870621565022615 -0.8139684219321325 0.030055061004195197 0.5801311070830062 89.34035527964427
0.5829640303149718 0.035005432020838195 0.8117435303640925 100.76803401278933 0.005348725542078797 0.9988844752035355 -0.04691690881156138 -6.323296984497558 -0.8124803569896357 0.03169266360518363 0.5821264850353479 89.72045846840273
0.5847275768197341 0.0367817953130467 0.8103954346120618 101.28681253995668 0.005656228551192395 0.9987624423742221 -0.04941245572985452 -6.362798636382475 -0.8112100023946353 0.033476607298639084 0.5837958965072251 90.10397246829586
0.5887019757465746 0.035771161075200404 0.8075582999309789 101.77963487361492 0.007960221757675188 0.9987154177566135 -0.05004147484638101 -6.402248331107398 -0.8083109665355614 0.03588785826103894 0.5876609932671966 90.4727461139899
0.5927472158347493 0.03464589245553112 0.8046430266000657 102.33337484377383 0.01025323426359505 0.998668732313317 -0.05055328166249595 -6.441042505944397 -0.8053232948991941 0.03821551040705315 0.59160287816832 90.88471574517733
0.5968231458787511 0.03269585183730043 0.8017063763099463 102.8214178065399 0.01312933388468494 0.9986376925757021 -0.05050128274431528 -6.472780881793317 -0.802265388219597 0.04066620513042887 0.5955808145207123 91.25468994326278
0.6013433080390015 0.03120146206212936 0.7983812965255993 103.29632774878056 0.015314941568081292 0.9986035140355637 -0.05056158937957976 -6.500172240207978 -0.7988439637635638 0.04263203632256487 0.6000256919811979 91.61578092684489
0.604686382640641 0.03076723541857593 0.7958691826385006 103.77301510768665 0.016357579251312253 0.998563086165605 -0.05103128989609141 -6.523935655628431 -0.7962956789095483 0.04387641931743999 0.603314222920252 91.9810810379739
0.6085298005946972 0.029984131189818946 0.7929643331606856 104.23325530516001 0.0170396743146721 0.998561703785919 -0.05083476400468046 -6.547100303617522 -0.7933480517953221 0.044446322783256116 0.6071436346562643 92.33865072397874
0.6124441497681778 0.02909297995951382 0.7899783300393816 104.688609513384 0.01872112393467021 0.9985084944806338 -0.0512865086415517 -6.570157375506088 -0.7902921503680532 0.046199404401924715 0.610986032655045 92.69397679072893
0.6168060017718022 0.030291000949413917 0.7865321426615489 105.14220174043406 0.01827581299336537 0.9984387014184244 -0.0527840332801617 -6.593789445627089 -0.7869030123450541 0.04693202287747994 0.6152893907673961 93.05475673230332
0.6216992796014738 0.03229811996752747 0.7825898269141842 105.66431368197611 0.016444470404275623 0.9983909816022266 -0.05426810525957597 -6.631271437297143 -0.7830833832588563 0.04660771719259302 0.6201678285447937 93.47327144065875
0.6262235307043962 0.03572762714295628 0.778824515697121 106.10202093629184 0.01391423295898184 0.9982782001516727 -0.05698270986096763 -6.66826382097161 -0.7795193927756311 0.04652065950381551 0.6246481765970725 93.83007494743575
0.627283993527004 0.04012152066889207 0.7777564239812038 106.59293259315321 0.011279196032016691 0.9980993009052599 -0.06058519018128147 -6.7099504655485696 -0.7787089130103045 0.04677658721675176 0.6256391769116362 94.23327626477548
0.6324632512898881 0.047913564778808385 0.773107059906978 107.0130507918559 0.005575958461941279 0.997777559709376 -0.06639917188966042 -6.745284212680863 -0.7745702966516723 0.046305848988965816 0.6307904754309132 94.59270425923937
0.6382852825370858 0.05437409660694036 0.7678771748884925 107.44166010362423 0.0006861330615786353 0.997461714361062 -0.07120152811079473 -6.780346990061129 -0.7697996020510658 0.04597375340419365 0.6366278243055019 94.96265416422462
0.6440948186962923 0.05633732670258716 0.7628682521566862 107.90173917683595 -0.0022329225861630574 0.9974184617821635 -0.07177343626179687 -6.823105376508918 -0.7649424021358208 0.04452547266574471 0.6425578601951566 95.35880612349398
0.650625272603065 0.057447371752679756 0.7572229223477706 108.35666526138871 -0.006608893030004619 0.9975251284005506 -0.0699995767300229 -6.860181773384972 -0.7593701845497427 0.040539088398406566 0.649394722128785 95.76192004227217
0.6566763811137011 0.05756097443561535 0.7519726489104751 108.80497756577591 -0.012650517281822607 0.9977835453914475 -0.06532963308158822 -6.902791053434067 -0.7540663730069924 0.03338758404100353 0.6559490638243113 96.16397624144045
0.6619332379388382 0.05665283322024178 0.7474187882304846 109.25660566276106 -0.018418919995230494 0.9980679311299829 -0.05933926386571206 -6.9383057910524535 -0.7493364610760775 0.025511984204188584 0.6616978213383745 96.56650661897498
0.6681765036880798 0.05611801181140122 0.7418833659474446 109.7015883216178 -0.024523535377417627 0.9982707020975716 -0.05342472785343641 -6.970323481758683 -0.7435985181075682 0.017503544896866584 0.668397239509768 96.97170219476385
0.6732635525828349 0.05537064202308937 0.7373264411137662 110.16172562689817 -0.027062139230701495 0.9983692953593538 -0.05026321422198291 -6.998758547266965 -0.7389071859061892 0.013886759363426007 0.6736641066069832 97.38723235512283
0.6774168174876194 0.054598786509255086 0.7335703292095879 110.63878114200249 -0.028240805081691498 0.9984367729788606 -0.048233466513373305 -7.026358544621807 -0.7350570809898291 0.011957544700964854 0.6778997749014541 97.82299275976123
0.6813961025048221 0.05559752648652668 0.7298001552067656 111.14122558129428 -0.029973476325671357 0.9983939501662152 -0.048074015730486135 -7.058263872879628 -0.7313008561516919 0.010882799275947565 0.6819681975515632 98.29531549866951
0.6865356179753821 0.059291828741440795 0.7246746334015404 111.61792821976697 -0.0326868334806574 0.998178730613371 -0.05070298480451441 -7.080942359377649 -0.7263610783681715 0.01112208593631119 0.6872233138043692 98.75202706448593
0.6912589793109447 0.061489496558051415 0.7199861563495713 112.11751860151509 -0.034623146558378094 0.9980469598257092 -0.05199522771424375 -7.099887769174043 -0.7217771548368603 0.011013981827493826 0.6920378826046424 99.22630639117484
0.697356477733891 0.06286240135798685 0.7139623669760821 112.61191298550656 -0.037704992262162514 0.9979845060269193 -0.051041740651313804 -7.119053942141217 -0.7157319865152714 0.008674342955698614 0.6983211863127143 99.70683032700737
0.7033596546089436 0.06544088048294504 0.7078154331674364 113.10537152723008 -0.04317213223806822 0.9978477905678003 -0.049355383262397905 -7.142751336244845 -0.7095219258531843 0.004156683843682171 0.7046710996720517 100.20140681183267
0.7107537581986366 0.06363944676361352 0.700556290402232 113.60085314632893 -0.0434273519515974 0.9979693145420379 -0.046597342574088305 -7.172065400789845 -0.7020991100329007 0.0026959317713994417 0.71207413353028 100.70764679500405
0.7179085541139237 0.06197265032090657 0.6933734192642947 114.09956266379952 -0.04305286556140968 0.9980754482522394 -0.04463015082926041 -7.198219256846061 -0.6948048349695128 0.0021886544482801053 0.7191950021341226 101.22272124088524
0.7258842750173033 0.06240422378635475 0.6849800961606315 114.59824194014587 -0.04393103309380182 0.9980487124420977 -0.04437152154233846 -7.2129592176200115 -0.6864124733816547 0.002116706473146814 0.7272093480833373 101.75519684939577
0.7339845281539178 0.06533600568253307 0.6760162119299536 115.08838177755706 -0.04863392968988237 0.9978629602527446 -0.04363775244612073 -7.232558621459272 -0.6774226548570661 -0.0008478897813585487 0.7355935207499652 102.30020916980209
0.7416119155596858 0.06603705602348336 0.6675708755867397 115.60904664084812 -0.049190957537311335 0.997817157769239 -0.044058703542884055 -7.2500380516004395 -0.6690231807616693 -0.00016399106261846125 0.7432415197703075 102.8833857390346
0.7444243873383424 0.06551922298466557 0.6644844339451607 116.13611431028944 -0.04894011223612984 0.9978513030858687 -0.04356193687324286 -7.275160781240969 -0.6659108025480994 -9.137460830196183e-05 0.7460313630809587 103.47148959216364
0.748418393002959 0.0642840392629955 0.6601041367170056 116.67770987512485 -0.0487497947535894 0.9979313111179521 -0.04191128489902851 -7.290003810239526 -0.6614328133124002 -0.0008127646881291945 0.7500039819142372 104.08335809751597
0.7515714544125529 0.06281075598833415 0.6566545193969009 117.21803027341332 -0.04778777378361936 0.9980251809688304 -0.04076845384532027 -7.309021964150721 -0.6579184429615956 -0.0007396514762519493 0.753088822999445 104.69715771210412
0.7534643812119355 0.06118167333690743 0.6546359515735536 117.76885933717341 -0.045222381806365404 0.9981255723399615 -0.04123442766406252 -7.332345876000614 -0.6559316751222486 0.0014644755782986696 0.7548188477261332 105.32136143198228
0.7561963565732734 0.05721055657945074 0.6518389544367359 118.31163867379992 -0.039549622158610784 0.9983453761579832 -0.041741313959733795 -7.349968466705994 -0.6531484499655669 0.005784645178695079 0.7572077919486433 105.9329053877715
0.7597655646976013 0.049838340351612984 0.6482842174006187 118.88719243017094 -0.03181172898238765 0.9987132047749974 -0.039496183451112644 -7.3673975189719005 -0.6494184325986525 0.009384798295626998 0.7603733457730258 106.58159525343753
0.7631196995583303 0.04392391925399105 0.6447627575033887 119.45810003672203 -0.026287571124176 0.9989716340077287 -0.03694100773284589 -7.380921623301683 -0.645722299251311 0.011241163876381252 0.7634895863627155 107.23744661828184
0.7662973759496056 0.04008916696726097 0.6412341150505179 120.01086330826816 -0.023161858432850457 0.9991263874537337 -0.03478491350551799 -7.394289928515038 -0.6420684230879834 0.011803414146798315 0.7665564685577932 107.88252590072173
0.7685615886697146 0.039150117872474244 0.6385768181605536 120.56498432741543 -0.022042149531658343 0.9991537108479447 -0.034727593392052766 -7.4157286733428975 -0.6393959869013197 0.01261468863472656 0.7687741160868659 108.53991151118534
0.7715557943140713 0.04067153415425645 0.6348602071085592 121.13454584677716 -0.022832180429276795 0.9990816530017447 -0.03625661556384614 -7.435019709542483 -0.6357517973212753 0.013478759024432694 0.7717758581725235 109.22413320623257
0.7739924341996206 0.04536671945840904 0.6315675518638754 121.68731081913384 -0.028328860997706616 0.9989122952091452 -0.03703649706125636 -7.452477679332714 -0.6325608171838679 0.010774379127255422 0.7744357464103172 109.90556260960723
0.7762203215259385 0.04913260378652387 0.6285443498237225 122.22222325746655 -0.03356120606388194 0.9987653294140474 -0.03662597722908364 -7.470762027009512 -0.6295678342305223 0.007335121376238442 0.776910894566868 110.57166529664426
0.7792137981690903 0.046705968863740316 0.6250155271794455 122.77768065901698 -0.03453041504856809 0.9989040601754963 -0.03159634474872973 -7.4888857695025965 -0.6258062856663216 0.0030382622346119227 0.7799726032259862 111.25922896598732
0.7821379388746735 0.04515409702149177 0.6214670965506155 123.34110475417775 -0.037362474451095085 0.998974819964007 -0.025560801645676944 -7.502710203774299 -0.6219841558076643 -0.0032274758019344217 0.7830231754706758 111.96727902037358
0.7848373293871912 0.040741177238003266 0.6183611589335507 123.90815226230121 -0.037079542463035686 0.9991360868986877 -0.018766656268725597 -7.515494535540065 -0.6185915242962173 -0.008199776462694514 0.7856699623473268 112.68415096520413
0.7882944499496515 0.036963201408452294 0.6141869275067774 124.4694887859695 -0.03588637475209677 0.9992567087966457 -0.014078282283224164 -7.527609541336446 -0.6142507861498693 -0.010943110459656938 0.7890349929171335 113.39386899620712
0.7899814771661943 0.03339158299612609 0.6122207673048435 125.02776965360138 -0.03235714745138586 0.9993949595216235 -0.012756562686736816 -7.542883707888185 -0.6122763107806237 -0.009732269405651849 0.7905839627699834 114.1044702805089
0.7947678428888043 0.02957213368833409 0.6061926796151512 125.60191164648894 -0.02204972100838249 0.9995597384349988 -0.019852936891261146 -7.558907693085975 -0.6065128899811888 0.002412096365237411 0.7950699944519332 114.84683418737043
0.798334392444609 0.029959126399476524 0.6014687428166808 126.16952509431604 -0.015939241473880886 0.9994630759495282 -0.028626917311230782 -7.578601006986702 -0.6020034372172127 0.013266897108476982 0.7983832732590158 115.58631583986774
0.8018832679648799 0.02970797442456981 0.5967417035984289 126.72560516810623 -0.013339114681603098 0.999404304737001 -0.031829289854813744 -7.599376484698811 -0.597331811121323 0.01756336894618494 0.8018018679784837 116.33069224677351
0.8056815886261949 0.026238382150321697 0.5917674585940883 127.28880903250318 -0.010762539728610581 0.9995019861656658 -0.02966390718497052 -7.624459294469308 -0.5922510831457932 0.017530743082429405 0.8055627396792991 117.09140534057502
0.8098161520458151 0.020259898488039652 0.5863338097014064 127.85139891810834 -0.005946998507602425 0.9996356888549487 -0.026327225000781274 -7.647898715910772 -0.5866535886658021 0.017833285752926125 0.8096416125822561 117.85965949672217
0.8110863846461442 0.01622138829855611 0.5847014137175621 128.39240931166003 -0.00250685690588635 0.9997026049360384 -0.024257315444043477 -7.67060048226436 -0.584921013736132 0.01820901550787109 0.8108858362581846 118.60305985378146
0.8139050979968252 0.01687321929301353 0.5807527752197742 128.94749469282283 -0.0004383446811282441 0.9995957472424296 -0.02842797827472727 -7.682962443991218 -0.5809976758204141 0.02288310655347564 0.8135834709024914 119.37520900589735
0.8169644792624887 0.0201335969444714 0.576336427702995 129.4820988362961 -0.0020571856656191405 0.9994857612025113 -0.031999705320092955 -7.698054414344892 -0.5766843223207232 0.024956991555738273 0.8165857829781148 120.13527090740104
0.8197018710506561 0.016319882783186763 0.5725578608507598 130.0319241505139 0.00022333589233377595 0.9995848413657626 -0.028811369853951413 -7.713962108938909 -0.5727903566900693 0.023744606497582445 0.8193579199258062 120.91267202532941
0.8216470163820172 0.011541123408240851 0.5698797969230055 130.58616692426145 0.0032745014054157934 0.9996829235474364 -0.02496657782306504 -7.729627263927836 -0.5699872438143496 0.022379786373533463 0.8213487000359845 121.69542510975386
0.8223309969520465 0.008681391193472053 0.5689432000637676 131.16166076266023 0.005603799898420457 0.9997115538527491 -0.02335394013906538 -7.745529034057988 -0.5689818352799635 0.022392912724040592 0.822045149965124 122.51080570779517
0.8202965370091475 0.0075339095057640505 0.5718888279887624 131.73512736664628 0.006181275578123134 0.9997380584498184 -0.022036477014568612 -7.765895184483516 -0.5719050473662837 0.021611448228780902 0.8200350980918004 123.31907423576617
0.818044601088127 0.0071412068187193525 0.5751104535615227 132.310658264455 0.006300441780850087 0.9997516578628272 -0.0213758516530521 -7.788502810531607 -0.5751202787799582 0.02110984996866284 0.8177964533857853 124.12469564010465
0.8179447695342217 0.007692877724804846 0.5752453160382283 132.86468045972998 0.004912680496537506 0.9997807325052124 -0.0203556498711865 -7.801565645118804 -0.575275776964363 0.0194757937874327 0.817727628183372 124.90881178175654
0.8176981721201872 0.010231018135592311 0.5755562749021287 133.4108369321837 0.002901951740822893 0.999756077826098 -0.021894372013583376 -7.815780658981743 -0.5756398856814928 0.019573224509120468 0.8174690274835608 125.68167960932136
0.8167809921121747 0.01460011609693774 0.5767630774713379 133.96953858980348 -0.0011702162684173304 0.9997196243615937 -0.0236495932353446 -7.828480985633248 -0.5769466539621669 0.01864160068953491 0.8165690719134523 126.46849673897091
0.814898715587102 0.018367054078463813 0.5793122945864098 134.51621850472162 -0.004857550853848271 0.9996790959893019 -0.024861802865288888 -7.84039177926112 -0.5795830290253481 0.0174458122908908 0.8147264302201807 127.2320913149243
0.8127979735511458 0.02178134424562744 0.5821383231105863 135.0648026373953 -0.009129013647288237 0.9996542875759382 -0.02465697550124311 -7.852606951990809 -0.5824741327312163 0.014726791025024768 0.8127158213823134 127.99271076619405
0.8103511713614602 0.022890495921333503 0.5854972282339055 135.6274091175127 -0.011197724342265226 0.9996591352880535 -0.023584405964397207 -7.86346127841715 -0.5858375116383965 0.012555414434190003 0.810331272706245 128.76091945559352
0.8079789659554634 0.02324319571820387 0.5887527022667044 136.1790311103406 -0.012505401173438617 0.9996730215360493 -0.02230392240110526 -7.875324960470661 -0.5890786072461263 0.010658511424604854 0.8080054397212812 129.50544606567482
0.8055063492467163 0.022280427691313637 0.592168138171179 136.73177566867554 -0.013842445677488824 0.9997277085034154 -0.018785514317518848 -7.884068793153177 -0.5924254451160056 0.006934795772052408 0.8055954323273612 130.24432875130503
0.8028586266643544 0.018627345399591533 0.5958783832242889 137.3084715012317 -0.01048355658265042 0.9997983266088285 -0.017128956522877957 -7.896835369608218 -0.5960772773995078 0.007505205763241279 0.8028919922719663 131.00180832087278
0.8002905297691228 0.024010490787702225 0.5991315083468669 137.8889681398479 -0.012188253231927376 0.9996428983842452 -0.023780710525507693 -7.905553173508144 -0.5994885440481876 0.011729110881786617 0.8002973906698139 131.7692871286851
0.7971357426139617 0.03402496364610303 0.6028407000992638 138.45807805339354 -0.01702475234517276 0.9992806003983045 -0.03388863342165928 -7.92139735891501 -0.6035600762599179 0.016750627345966294 0.7971415500578579 132.52083904102528
0.7941336901874952 0.038822303109421356 0.6065018638804608 139.02901623403494 -0.019441712618665244 0.9990696714609727 -0.03849430318002154 -7.940351027210414 -0.6074320553935635 0.018778188095298125 0.7941496570119603 133.2624067474553
0.7911632356809716 0.039549464872833257 0.6103249743661889 139.6154642703622 -0.020738608902627624 0.9990679503397465 -0.037856844885963366 -7.972459648664353 -0.6112533391382036 0.017293652945764924 0.7912460331402574 134.0174777475588
0.7875101204389156 0.03864888325273259 0.6150886716804355 140.1658097810777 -0.023435793193804958 0.9991878430459898 -0.03277831457652696 -7.9986540217138185 -0.61585596839169 0.011398163554590644 0.7877763058533318 134.72058994219188
0.7839977862613607 0.03887171033008477 0.6195453665982025 140.73930261038626 -0.025014584829270863 0.9992051414223972 -0.03103797514117889 -8.022714436941332 -0.6202594148282713 0.008836033672367051 0.7843469785916416 135.44093362688125
0.7808062870308838 0.03874453521056437 0.6235706881536076 141.30044777522744 -0.024920875956657824 0.999212388494821 -0.03087964734296695 -8.043823364163188 -0.624275974289098 0.008571095017001415 0.7811568627718845 136.1344997260635
0.7779821377594872 0.037197585549809134 0.6271842894687686 141.88332795791328 -0.023030867086393986 0.9992633699968878 -0.030696849084389004 -8.065418072106832 -0.6278641353735946 0.009437002263723767 0.7782657454236621 136.84067886741863
0.7756659314826015 0.03548700553154317 0.6301452492684791 142.46691212825587 -0.01926355380145638 0.9992840220176892 -0.03256315149193513 -8.089923913022039 -0.6308496478814671 0.013119290321985567 0.7757941775943423 137.53895155196133
0.7724193335990218 0.03459585125111161 0.6341699300334693 143.054594951216 -0.015733041813142692 0.9992511701535206 -0.03534926225712754 -8.113136149954142 -0.634917982481008 0.0173270315700133 0.7723852209223216 138.2242600282199
0.7660797147166928 0.03405910572231816 0.6418425414515526 143.62163766642843 -0.013282075667873525 0.9992206766171619 -0.03717022849932278 -8.13769786763265 -0.6426083232930836 0.019950356842295854 0.7659350665012814 138.88065524635272
0.761847831333034 0.03589600730246079 0.6467606655888221 144.18524068988893 -0.014496593677393643 0.9991581222238695 -0.03837832156076567 -8.160184439152552 -0.6475938006689922 0.019862614475709466 0.7617268184075473 139.51370090249958
0.7575756423352177 0.037809093960995056 0.6516514548086519 144.76900312273276 -0.01643304216445561 0.9991093539312274 -0.038864559850131014 -8.177511448448797 -0.6525404977973464 0.018734228059139227 0.757522229002836 140.1565648727015
0.7516269300275276 0.03816739515826436 0.6584832632681172 145.38046409471823 -0.016642147709797776 0.9991039511006081 -0.0389144422387949 -8.197091908731279 -0.659378492959093 0.01829056702194142 0.7515886229720462 140.8207784902175
0.7462142894780701 0.04159372561243674 0.6644051445980967 145.99287307786793 -0.019198566245059025 0.9989756536722173 -0.04097631540655981 -8.218684839825071 -0.6654289212477005 0.017821485904410867 0.7462484475074544 141.4776547860486
0.7404611911499204 0.048325086493874264 0.670359538170527 146.6144502133118 -0.023775674256906302 0.9986708350781127 -0.045730520202727325 -8.246681523679356 -0.6716784511315483 0.017923425446664486 0.7406259576235412 142.14511991568298
0.7345375249183854 0.05449157248921164 0.6763765911194938 147.24286206544497 -0.026193996587060182 0.998304489522617 -0.05198096518709356 -8.274492417482673 -0.6780623120551493 0.020464963392045146 0.7347194609126622 142.79905227569944
0.7285951767664077 0.05861191135592162 0.6824322034018722 147.88702779786797 -0.028644929815493214 0.9980677552270926 -0.05513822604885931 -8.310002366227822 -0.6843453341614875 0.02062522298437587 0.7288662866316786 143.45323522858456
0.7222998399826839 0.05447217643813783 0.6894314492065786 148.55276488714887 -0.030800364349255503 0.9984378250342767 -0.04661809838221051 -8.346921343862952 -0.6908938259363357 0.012437505172369879 0.7228492441361096 144.1165216279736
0.7145362819178811 0.051678935896823555 0.6976870282637796 149.221416663876 -0.03714894991887877 0.9986637203682089 -0.03592671902984874 -8.387091805564156 -0.6986113779082763 -0.0002473962349259691 0.7155012798396717 144.77484657267857
0.7065345636706828 0.04737957719826286 0.7060907066398716 149.88537455518872 -0.03664205534674392 0.9988671686342719 -0.030360158176735087 -8.420316690270669 -0.7067292763984308 -0.004422113642147233 0.7074702642459908 145.40693792608394
0.6991451633285116 0.050218787332926354 0.7132139328372382 150.55964982016832 -0.04147811336266188 0.9986990662151422 -0.029660432445844164 -8.442943811086016 -0.7137755996853834 -0.008845820471308873 0.700318602318949 146.04591980961746
0.6919974357548303 0.05078585982999188 0.7201113423284412 151.2531715327244 -0.039922775622658786 0.9986880362916764 -0.03206833569824701 -8.465993544197284 -0.7207952003831103 -0.006557637470997963 0.6931170727196643 146.6888760980677
0.6860590487975583 0.050715321733253035 0.7257760933679778 151.9684486705266 -0.03504297646767143 0.9987131105590319 -0.0366621412056936 -8.498715523397806 -0.7267014320635963 -0.0002809608382326047 0.6869533824778297 147.33036386955527
0.6782276701745384 0.05721437488300519 0.7326211454198998 152.6588912956625 -0.034569851544154984 0.9983447955384482 -0.045962969720266984 -8.529870967077187 -0.7340382502116893 0.005846753632404844 0.6790829571548154 147.94612633321788
0.6711696101746304 0.057549059523245426 0.7390666141330063 153.3689670477329 -0.030566193581259584 0.9982826105473634 -0.04997536681897506 -8.565510041818683 -0.7406733842848641 0.010951494269190138 0.6717760062589937 148.56449718200963
0.6643344741531736 0.054045477203560226 0.745478901676947 154.10440746859234 -0.02894058721695106 0.9984943978241385 -0.04659806782846231 -8.611295637679714 -0.7468749218330809 0.009382105714996898 0.6648983585700805 149.1931594701903
0.6592475272443457 0.05164170321056744 0.7501505397663383 154.80662552384572 -0.028244037571424418 0.9986354412387402 -0.043926413962071136 -8.657653472134092 -0.7513953501079748 0.007771099755822167 0.6598065154609375 149.79171963931785
0.6541279632381931 0.051029288118362395 0.7546605988548675 155.52052313707927 -0.027696000338945533 0.998668481222124 -0.0435223641214228 -8.702666931943357 -0.7558766693549182 0.0075681151963841045 0.6546702867530304 150.39504767103088
0.6477015958324803 0.05115512092840545 0.7601748459130041 156.23093611475628 -0.026629944956747878 0.9986537936896622 -0.04451344045164769 -8.745360253099152 -0.7614285841677242 0.00858801211235874 0.6481919139115345 150.97869858569697
0.6406165532734549 0.05137642859892276 0.7661402575615379 156.94249903859168 -0.025578664869451772 0.998633198294437 -0.045579240534659296 -8.787388964170033 -0.7674347943477292 0.009601971080973182 0.6410550979251504 151.56114456921492
0.6351786724989719 0.04641078426273744 0.770969579884033 157.65946386271727 -0.021279896563555997 0.9988656536827237 -0.042597792140271276 -8.829518663641238 -0.7720720303214554 0.010651056149464266 0.6354457765995551 152.12254259943526
0.6304260122417699 0.044530476317350604 0.7749710186632083 158.35230718426828 -0.021115930328332498 0.9989675388855648 -0.040224044292974034 -8.868215719230719 -0.7759620870734053 0.008994049803286837 0.6307154243340067 152.66747595094807
0.6258772993380669 0.04473909914343024 0.7786372834517513 159.04937569348286 -0.022638874523950983 0.998974819948975 -0.03920191919024044 -8.90436680262007 -0.7795928985910419 0.006908119551922637 0.6262485052682193 153.21960332007527
0.6212044423543467 0.04762760172415405 0.7821998800519157 159.73978520668678 -0.023600703219335238 0.9988356606239366 -0.04207528815698277 -8.943856691358382 -0.7832930789983936 0.007676888689152108 0.621605194454869 153.76514914787543
0.6171383179035216 0.050890823490299913 0.7852072469480217 160.4537152355411 -0.023239042726634036 0.9986498151378442 -0.04645959124115509 -8.987497064101431 -0.7865114388668274 0.010424529227963953 0.6174877211103172 154.31666416751918
0.6142966813982577 0.05568453612095159 0.7871078831139239 161.11888414700078 -0.02336297927950137 0.9983530774724374 -0.05239564772474041 -9.028009025741314 -0.7887292047479152 0.013797287353097487 0.6145859390186389 154.83169798684693
0.6106011018774478 0.05864758211398656 0.7897637339725283 161.77769345305973 -0.026551092679838347 0.9982094971321804 -0.053598874173087604 -9.067218197221207 -0.7914931041162386 0.01175844153359823 0.6110649762415997 155.3405599722612
0.6070722342805558 0.05453648952457664 0.7927730278433736 162.44589253684308 -0.026613120016092416 0.9984778742026954 -0.048308141867305684 -9.109794875823157 -0.7942008840391885 0.0082283678818107 0.6075995801129043 155.85574561212798
0.6038744148591701 0.046367462629978186 0.7957296962460011 163.13370301898698 -0.023266142860483993 0.998906589364091 -0.04055012110205144 -9.15444725164562 -0.7967398431576621 0.00597361986178087 0.6042929241608374 156.36756661161326
0.600544896098052 0.04156148622642428 0.7985101568754348 163.81646946965475 -0.018313723820897927 0.9991011873065588 -0.03822858933354581 -9.198090469962988 -0.7993812827996396 0.008334289728090857 0.6007662643027947 156.87064610841713
0.5972935136446256 0.039376630582432855 0.8010555158801622 164.48513875274426 -0.012189565687767743 0.9991243657584787 -0.04002394578321197 -9.239222122041243 -0.8019300923686593 0.014141524376406868 0.5972504870168877 157.35953882650853
0.5944904010308745 0.04198049223183882 0.8030061029370346 165.15478587197262 -0.011005097205129787 0.9989674857616401 -0.04407777474611577 -9.280067508460943 -0.8040273943825925 0.01736665376623251 0.5943385806249728 157.85022642316707
0.5919135343622115 0.04777679147765157 0.8045842069261221 165.819936834392 -0.013199879904689814 0.998682348079006 -0.04959164048406968 -9.32513778992502 -0.8058933744667108 0.018733548289111012 0.5917642462663336 158.34201630812072
0.5880771943148931 0.049715885842283286 0.8072753831386421 166.5003760969155 -0.010800825179541382 0.9985027572947304 -0.05362448927736607 -9.366661892646622 -0.8087326849473626 0.02281609891577486 0.5877336726171986 158.83990429373392
0.5859039035884163 0.05079081526964432 0.8087873075438942 167.15021595524215 -0.006995359856094392 0.9983137767058693 -0.057625239086220546 -9.402729541226481 -0.8103503444192179 0.0281050942625213 0.5852712388082593 159.31280985879553
0.5835273616304659 0.04551731907158981 0.8108168670502135 167.79340942983393 -0.007686476782462694 0.9986928411769407 -0.05053243568836836 -9.437905418630542 -0.8120571016272597 0.0232547338505843 0.5831144665074582 159.77524173121157
0.5811481989006007 0.03863008525270835 0.8128803647695996 168.45535275606298 -0.015437502521124542 0.9992162852291012 -0.036448578145958324 -9.481816036577351 -0.8136513101018787 0.008633182861508227 0.5812890965115213 160.27045163332397
0.5781192529002719 0.03682334570165005 0.8151209546057376 169.07785582912683 -0.023114126910945484 0.9993193263216716 -0.028751020453916143 -9.5138098491167 -0.8156248319927377 -0.0022192907275895646 0.5785768818277217 160.72624999663213
0.5751506596049876 0.03874973270816749 0.8171292290519254 169.68459849446884 -0.023905078945452456 0.999247030918265 -0.030560078560767954 -9.541250784578333 -0.8176981508824419 -0.001956889387317006 0.5756439043604697 161.15979914510916
0.5722197056990572 0.041270672738902045 0.8190612553291502 170.3034327148904 -0.020747539645439995 0.9991418009214371 -0.035849703626736486 -9.565142525092961 -0.8198378791007102 0.0035204009917042403 0.5725848921937354 161.5846490800217
0.5689734462294623 0.042707595158831456 0.8212461742994723 170.90749393927445 -0.019573625911035175 0.999070949852001 -0.03839414448209366 -9.586163456434958 -0.8221229169987111 0.005770483304402123 0.5692807838562345 161.99838326647748
0.5663665810515078 0.043835122617141314 0.8229868637427739 171.53664856253602 -0.019771314559798924 0.9990197916221992 -0.039604937415830266 -9.612698128952266 -0.8239162524119845 0.006159380835322023 0.5666781017818857 162.42761415426114
0.5628865058726038 0.044193705616874066 0.8253518630804569 172.1690937096719 -0.019699352211024482 0.9990031876850537 -0.04005704079889137 -9.642415791489498 -0.826299411248128 0.006288670682037176 0.5631960010440902 162.867152387133
0.5601252030963969 0.044055005114670254 0.8272357060599884 172.7456578524269 -0.01968085645004615 0.9990107549831674 -0.03987700236165684 -9.67608883973625 -0.8281741488030272 0.006055406865379384 0.5604381422619993 163.27085290763316
0.5559266131008278 0.044233126161348536 0.830053631638485 173.35206636854969 -0.01993914511613831 0.9990054225188011 -0.039882280151293775 -9.713001948386031 -0.8309921969178085 0.005621061111829803 0.5562556717317101 163.68608471383268
0.5511113052282045 0.04589822911184349 0.8331684594450647 173.94840809701105 -0.02067227089937451 0.9989306019691933 -0.04135589033408492 -9.743769277759476 -0.834175632864886 0.00556821460242917 0.5514707685096397 164.07952870105166
0.5467425015594446 0.048053707512314914 0.8359207367824072 174.49933096190844 -0.021182154516549867 0.9988260549180087 -0.04356407174450987 -9.7701757399209 -0.8370328269061873 0.006111727353595334 0.5471185369462422 164.44035940946657
0.5420098465867895 0.04990539607303617 0.8388890139021724 175.07029231613166 -0.021388157324723656 0.9987309982546658 -0.045595392875690824 -9.797535864971783 -0.8400999184199599 0.006770861690295674 0.5423894196080452 164.81447343521424
0.5362096942899999 0.05255813845971633 0.8424469157347988 175.62468880953526 -0.022081631381807323 0.9985914261596931 -0.04824484589948701 -9.821262312754662 -0.8437959263382043 0.007266751818835802 0.5366149727812853 165.17002237691747
0.5285697806541105 0.0559049167981445 0.8470470041603708 176.17976340724064 -0.020962214813864965 0.998384411731952 -0.05281242240930094 -9.843313156082262 -0.8486309990386683 0.010159069270046003 0.5288877203927148 165.51699831085205
0.5211024329116049 0.058715410281682645 0.8514721105292066 176.72613053094182 -0.019768157169374818 0.9981935589570546 -0.05673481134870281 -9.867245544988796 -0.8532651840874199 0.012732613718309357 0.521321787547927 165.8531349087242
0.5146175419893687 0.06094454687830002 0.855251160585369 177.29163625045862 -0.022360022933674843 0.9980853573020817 -0.057668439493178465 -9.894681619584777 -0.857128237109962 0.010553755017601281 0.514994954736259 166.1989955022893
0.5077165397892346 0.06287804348509468 0.8592265515403575 177.87683845807862 -0.027246280225197178 0.9980060868809044 -0.05693409139129023 -9.924590751513634 -0.8610932327212554 0.005495652477031515 0.5084173899125737 166.5562446657142
0.5009327914109706 0.06441553047435404 0.8630857303437025 178.46589707147567 -0.03136051904059339 0.997922529677498 -0.05627737207408291 -9.956461555212792 -0.8649178321289966 0.0011243646062360025 0.5019122228731967 166.9059988493348
0.4948774536898756 0.0654867451728428 0.8664916572224419 179.06451110100144 -0.032329327010607325 0.997853424689471 -0.05695048244336779 -9.989010465782853 -0.8683611693555117 0.000170417599676406 0.4959323043656003 167.24963169965466
0.4864521895296394 0.06890106516944712 0.8709861712566606 179.6545895450445 -0.03375875117325066 0.9976234805885453 -0.06006444620252404 -10.019709865201861 -0.8730547600357308 -0.0001849240626928594 0.48762214037310453 167.58068489567333
0.47789182044306733 0.07446883110557537 0.875256420226314 180.25753427888145 -0.03735775652940417 0.9972215350636996 -0.06444849131116337 -10.052809469915596 -0.877623954766907 -0.001898209410111473 0.47934600323809257 167.9179854556248
0.4695037042850216 0.0783596755503712 0.8794464354980839 180.87148999168934 -0.039531239419386105 0.9969207302996429 -0.0677225118316705 -10.08162893808368 -0.8820450967907567 -0.0029696374297449963 0.4711556308492181 168.2528610115589
0.4622979869183427 0.08096757993349776 0.8830202841899853 181.49302703103962 -0.041191863567686615 0.9967083331245842 -0.06982642090091068 -10.113588335296244 -0.8857673518859646 -0.004092637257649899 0.4641114614542581 168.5870824716194
0.45476637114349955 0.08375600181727633 0.8866636791007959 182.13547656710313 -0.041794449951385634 0.9964782677940153 -0.07269309298342715 -10.155728915783097 -0.8896295698942562 -0.0039992466566195735 0.45666534179412444 168.9195302360547
0.4468464910322566 0.08579621847657813 0.890487070286414 182.79399449672448 -0.04331603694760933 0.9962981164659079 -0.07425485889579735 -10.199704036765063 -0.8935613769603732 -0.005391847698212372 0.44890866953433356 169.2526432732969
0.43845062301606585 0.08647483571743612 0.8945854648743564 183.46287825418867 -0.03958075155017681 0.9962526017371343 -0.07690330057098614 -10.241206066437345 -0.8978832971403089 -0.0016900649782507315 0.4402303129008967 169.57519877410704
0.43056857841190077 0.08552090250146374 0.8984970086314656 184.14584333600376 -0.03710871451544558 0.9963363626372868 -0.07705060540780706 -10.285519677145578 -0.9017946787331201 -0.00016649935007115757 0.4321647020368501 169.8985877943473
0.4229611146313397 0.08329402040589967 0.9023114770822981 184.8372235915093 -0.03642577612779534 0.9965243158450908 -0.07491629170587055 -10.33047150799493 -0.9054154065086963 -0.0011807176177785785 0.42452508472716144 170.22234001630844
0.4148570748595715 0.08127201326060599 0.9062496716134743 185.53953412531158 -0.03816166656579301 0.996680636635642 -0.07191241728999602 -10.376940573614586 -0.9090859665861565 -0.004750622710464247 0.41658148895501906 170.54771382970492
0.40845346844175573 0.0772373653269147 0.9095054444670788 186.25736015995435 -0.03768482467008332 0.9969908557326044 -0.06774280460058069 -10.420603384298364 -0.912000887119903 -0.0066047697101488225 0.4101350495990194 170.86969060403467
0.4036973577486792 0.07313684906629445 0.9119646071286929 187.01582078602257 -0.034451166076623865 0.9973079027364915 -0.06473070596942275 -10.461662545308398 -0.9142437095778682 -0.005286629171131074 0.4051302149301013 171.19628183894253
0.39827396531111303 0.06771295085258333 0.9147637972953456 187.76027654101753 -0.03375589060391279 0.9976779961941129 -0.059153662267306166 -10.498169552414403 -0.9166451813023971 -0.007319303036047196 0.39963488260932184 171.51514027779524
0.39328685911118305 0.06246497948405833 0.9172914328546401 188.52219802792155 -0.03326061453633917 0.9980029843764604 -0.05370078860074345 -10.536099596481039 -0.9188140061901163 -0.009389862285084455 0.3945790827136438 171.8415780504679
0.3888580529824794 0.06156083234808462 0.919238640697446 189.31009237480447 -0.028869297736666497 0.998089288983469 -0.05462906611560404 -10.577505525714859 -0.9208452520803224 -0.0052948217233782695 0.3898922756147518 172.1672072942819
0.38469036585217126 0.06807443272759893 0.9205320168409897 190.08379756327935 -0.026757602047406383 0.997680093280548 -0.06259762139560808 -10.615909189570171 -0.9226577659962555 -0.0005505275023754504 0.3856194286680493 172.4829605690278
0.38033640455517337 0.0786878811007426 0.9214946753714428 190.8540602946892 -0.02142179964785005 0.9968561766600059 -0.07628151515695378 -10.650468453834888 -0.9246000896981875 0.009272562896449064 0.3808263301131363 172.79074017798214
0.37586960506834943 0.08263027218770744 0.9229811905472128 191.68522191773832 -0.015368339731439942 0.9964353872040881 -0.08294777430007529 -10.703755474183726 -0.9265451171527846 0.01699285866540939 0.37579966555960953 173.11838372225174
0.3709535094379493 0.0796570441224972 0.9252287550424153 192.49505967154354 -0.009106082998722108 0.9965784620298694 -0.08214893955857461 -10.760659717149684 -0.9286067914290176 0.022048227589638664 0.3704096415754655 173.42890458449034
0.36656428554133563 0.0707298796634114 0.927700333452765 193.34555331370004 -0.00248429897510797 0.9971770305186135 -0.0750453067465269 -10.82518124483143 -0.9303894092390442 0.025204244263167003 0.36570519991784256 173.75214422539324
0.3624331395288634 0.06543495005579225 0.9297098938284187 194.1953000293005 -0.0007054650773653555 0.9975513179260838 -0.06993475833200626 -10.890405326250724 -0.9320095072960798 0.024690796162284392 0.3615918180692084 174.077688467683
0.3598717256556565 0.06670256845098224 0.9306143714964132 195.04730903418894 -0.0023686879875555048 0.9975032456812154 -0.07058090515611608 -10.942944318568154 -0.9329987837027672 0.023195737054059674 0.3591312119430452 174.40495176528296
0.3549828133577822 0.07558050831303408 0.9318126362009369 195.87074182589387 -0.006636982913479718 0.9969052485599157 -0.07833183166182757 -10.992972808985419 -0.93484926735726 0.02162202943375364 0.35438585632720265 174.71522108803356
0.34981114141124786 0.07918687753360602 0.9334675161841679 196.72426533173137 -0.010814806595166978 0.996696111507227 -0.08049783391297127 -11.051745089691252 -0.9367578157148594 0.01806376851182685 0.3495117951718955 175.03502024711315
0.34424929730129544 0.07485437984700166 0.9358895464344535 197.54198807581943 -0.014236925179588548 0.9971182753993852 -0.07451479602055008 -11.110831204003905 -0.938770329350582 0.012327476719677339 0.3443229618377632 175.3348994190864
0.33953108174797886 0.07413067363785616 0.9376690715561898 198.40371871774894 -0.015784531067123322 0.9971981329853803 -0.07312135221301817 -11.175055568593695 -0.9404623826108323 0.010026305225101647 0.3397498787306536 175.6465046621838
0.3341984958318734 0.07596304698992362 0.939436523068867 199.2740275356314 -0.01730683669302584 0.9970733036969625 -0.0744667741916028 -11.24032181808844 -0.9423438007369705 0.008628009436068514 0.33453507837859986 175.95693055620623
0.3289544446117308 0.0801771862338603 0.9409360191733604 200.1513435600375 -0.01872341883249789 0.9967471588396642 -0.07838708396334933 -11.301327147642489 -0.9441601595902124 0.008168240488330557 0.3293855990930892 176.26375491766987
0.3244085414723397 0.07991657022206745 0.9425351134168596 201.0378018496513 -0.01596224292674956 0.9967453060246263 -0.07901899593527341 -11.367563569744702 -0.9457823771991849 0.010589462772619393 0.3246283386546062 176.56366851568777
0.3203163410887779 0.07873718637057074 0.9440327839190467 201.9356828198294 -0.012718532847175057 0.9968074601873029 -0.07882338635932322 -11.434350325018288 -0.9472252533340302 0.013241706739760967 0.32029513990834174 176.8654330111789
0.3161795020507804 0.07717757907611403 0.9455549395835614 202.83679118405874 -0.011288292822078265 0.9969210150782231 -0.07759551624008774 -11.500885840722852 -0.9486322242724461 0.013860410648782405 0.3160771932433003 177.16548416807066
0.31231263262199555 0.0764903567142254 0.9468949492073822 203.7445643038169 -0.008927262807541815 0.9969454616701889 -0.07758898397308762 -11.565469582655904 -0.9499374313519225 0.01577883978439254 0.3120415112313969 177.46291981593996
0.3095994676477449 0.07540512603893677 0.9478724790810664 204.65730853324357 -0.00861889433238074 0.9970322725813803 -0.07650073262193297 -11.630323257249634 -0.9508279993209736 0.015514973356641414 0.3093305696322649 177.75995088006252
0.3064599819988731 0.07446438614045141 0.94896645600884 205.5711011246665 -0.009712686018231147 0.9971281802639377 -0.07510696275204046 -11.692207774621297 -0.9518339892878204 0.013800265223932908 0.3063031333763768 178.05635931822985
0.3041105270742945 0.07281349926348353 0.9498499784953427 206.49718232957778 -0.009762059532875535 0.9972605113435635 -0.0733224025005165 -11.755417222606336 -0.9525867359544098 0.013025622433413538 0.30398822944967746 178.35254792416694
0.3007605281476566 0.07364495506352726 0.9508519996834603 207.4112678075331 -0.01399992308820841 0.9972475579190208 -0.07281009805013801 -11.817164857939712 -0.9535969310258251 0.008586548680204522 0.30096372592040815 178.6484119526079
0.2992820515406673 0.07616209440899872 0.9511201758983171 208.32189709499264 -0.015344918116896313 0.9970645079573468 -0.07501266866174504 -11.881010351459084 -0.9540412921428509 0.007855084150139646 0.299572212562177 178.93730414813274
0.2975123525467907 0.07752175907954659 0.9515654349288274 209.23560279625443 -0.015966408806308122 0.9969625572682169 -0.0762281653658556 -11.945710844842806 -0.9545844508852581 0.007485738068295407 0.2978464199107788 179.22450846188482
0.2954498300517015 0.07845121358957657 0.9521317162077655 210.14809746689187 -0.01565252646213873 0.9968864169432166 -0.07728175806401237 -12.01209240255607 -0.9552300227368163 0.00792961540272552 0.2957578821634196 179.50733346944415
0.29434533728235096 0.07653928953401311 0.952629287591857 211.06504331879208 -0.0156818154477914 0.997040467561891 -0.07526212000883332 -12.07753533159103 -0.9555704595080398 0.0072140974204082916 0.29467448772163407 179.7901008617804
0.29362675846113784 0.07459932528322767 0.9530048622031754 211.98004428752805 -0.013324261865693328 0.9971728295007007 -0.07395141750702149 -12.141805790297626 -0.9558272808208316 0.009016028662918849 0.2937906064968883 180.06668600844736
0.2922194582617368 0.07025745904026533 0.9537670982280861 212.8894841283433 -0.012653712403598987 0.9974946075832071 -0.06960166237115058 -12.205903442865946 -0.9562675733159783 0.008270265511220575 0.2923763515278705 180.34423533153807
0.29058575677987253 0.07388702437083476 0.9539919420971508 213.80515979027996 -0.013565070840575255 0.9972320611955497 -0.0731040694952224 -12.268719106682173 -0.9567527929458919 0.008302033082071756 0.29078371590744956 180.62403339686563
0.2878724327353393 0.07815662400901838 0.9544742032106218 214.7504886229032 -0.013891444856736877 0.9969001591798706 -0.07744094774044231 -12.33695634709501 -0.9575680081492047 0.009034088258293159 0.28806578244996517 180.90789967957645
0.28543838261480814 0.08257141550525214 0.9548334362975055 215.67347645196332 -0.014345045535544295 0.9965381633552585 -0.08188961255927758 -12.403579890776188 -0.9582897001423062 0.00967730943932549 0.28563473227741243 181.18438547850442
0.2826019392393912 0.08356817870603483 0.9555901336063977 216.57605979652476 -0.01588756673709376 0.9964690029335616 -0.08244459603737253 -12.473920961937559 -0.9591056923829174 0.008117000698989674 0.2829317676372553 181.453893384566
0.27925409438553805 0.0805142526194548 0.9568357256572545 217.47915485686642 -0.017436214438770647 0.9967392764822295 -0.07878320343654736 -12.541118347004083 -0.9600589196476245 0.005316939233227992 0.27974738776659036 181.72095726227963
0.2755865302656289 0.07423561537772351 0.9584055184240351 218.339697183614 -0.016931952831938286 0.997233799981219 -0.07237442330210685 -12.604587101820641 -0.961127136912414 0.0037177391659783507 0.27608115673845657 181.96784170649144
0.2695777052367648 0.07123954263507228 0.9603399337757578 219.2355541071446 -0.01732479658951404 0.9974572346855473 -0.06912970704834734 -12.666253242273289 -0.9628227834146933 0.001998133780330858 0.2701264429836203 182.21625944745034
0.26183223758303925 0.0715556229707993 0.9624571014770066 220.12584967143235 -0.018219605159242303 0.9974364404810103 -0.0691996617651457 -12.7209815502778 -0.9649414103198731 0.0005831139083376882 0.26246473025545514 182.45802903716393
0.25659572893004046 0.07156268015062105 0.9638658696647175 220.95953978325196 -0.018522900896715416 0.9974360978029897 -0.0691240402603356 -12.768213655543109 -0.9663413134277336 -0.0001166584843357444 0.2572633910092252 182.680081581024
0.2522012031572847 0.0717510625200938 0.9650110559746229 221.86477754901827 -0.01872659917393675 0.9974223891521398 -0.06926681818456105 -12.821522809117603 -0.9674936008105697 -0.0006022003586310595 0.2528947799882996 182.91836106075158
0.24648722759260489 0.07139551839181704 0.966512662404004 222.783380618329 -0.018746859833942107 0.997447436728116 -0.06889968222622385 -12.875549871493904 -0.9689647062097171 -0.001136185755864726 0.24719649512452507 183.15485408830156
0.24147444348886885 0.07073759864652104 0.967825544857887 223.68732594069945 -0.019231629769436636 0.9974926054439698 -0.06810760971440201 -12.927188085845339 -0.9702165931162783 -0.002166615406967917 0.24222937109179182 183.38252797105926
0.236190711121291 0.07054538286951845 0.9691425575919225 224.60924276144132 -0.02006554212038714 0.9975025990640445 -0.06771956054116357 -12.978061295960147 -0.9714995223876537 -0.0034516396489817475 0.23701637956963836 183.61014049847003
0.2307309160450005 0.07145743058592015 0.9703901689501465 225.50774027517974 -0.021731567013937417 0.997429390842667 -0.06828139774742652 -13.02664372750112 -0.9727748883355075 -0.005333469535109467 0.23169067898075557 183.8299283300399
0.22602537190248678 0.07251002401372911 0.9714189763813921 226.4142141146875 -0.024213713999444678 0.9973358491297322 -0.06881061033755327 -13.077704217117283 -0.9738204286780501 -0.007968717475349822 0.2271789431947899 184.0468621487159
0.2214917221722057 0.07244048914274528 0.9724678876661949 227.33455038038792 -0.026531364759521326 0.9973155062438236 -0.06824857280281071 -13.128471563773036 -0.9748012636908067 -0.010684406318703397 0.22281907406779236 184.25738482665733
0.21726897976757698 0.07401201364000182 0.9733018094443825 228.2425599962267 -0.031232234270375595 0.9971378358700523 -0.06885262390691069 -13.18450250086315 -0.9756119812575297 -0.01543885077777235 0.21895868083596104 184.46598956825693
0.21324158788765982 0.07878647315972039 0.9738175993697191 229.16202913273167 -0.03626274567099998 0.9966946385337182 -0.07269670415182775 -13.24966789727618 -0.9763262971320374 -0.019811339308352816 0.21539376119855164 184.67551451897546
0.2097233575913403 0.08452315410820277 0.9741005850014753 230.06656181235707 -0.03894772242554902 0.9961880375711034 -0.07805426777629296 -13.312635699468837 -0.9769847430735461 -0.021569196086824803 0.21221588437647668 184.87566188257983
0.2056617089252039 0.08639110062955226 0.9748024616372181 230.98123080338559 -0.0403615897823144 0.9959971045251855 -0.07975405850292412 -13.377832729965098 -0.9777904701684377 -0.02294222110995975 0.20832534876565567 185.07050123579245
0.20177003176849792 0.08384880849248638 0.9758371952300908 231.89654789839688 -0.04162718914641632 0.9961626358581099 -0.07698818119677958 -13.445807806237744 -0.9785479198301499 -0.025087451736078435 0.20448615689449826 185.26149183776766
0.19834194731760335 0.07998418459680749 0.976863860601182 232.80361680637318 -0.041177058485012547 0.996464768729481 -0.07322850903453626 -13.510916286895663 -0.979267543518516 -0.025700095238795517 0.20093427611020767 185.44674688314464
0.19482358180438814 0.07708078849579214 0.9778048496595713 233.71426145537544 -0.04057798041148835 0.9966872083258127 -0.07048429800615517 -13.574251691888609 -0.9799985711615296 -0.02594534263721748 0.19730595459033387 185.62712532085655
0.1916143293438166 0.075931374602108 0.978528678752521 234.62377358303632 -0.03930078008257917 0.9967968166992255 -0.06965310404561283 -13.63429779898712 -0.9806831279649026 -0.025110407589734544 0.19398471577847703 185.8043992108358
0.18805833486569243 0.07569673577032239 0.9792364713802596 235.52973181894995 -0.03871045606363264 0.9968220926450568 -0.06962195204153085 -13.693164722002862 -0.9813947031031368 -0.024813702030242944 0.1903909580643601 185.97764538310042
0.1835708117203879 0.07733593800328213 0.9799596470148509 236.43612217084544 -0.03948037441238596 0.9966761673749598 -0.07125950759735097 -13.752759165624061 -0.9822133460305765 -0.02560800812073518 0.1860139048552874 186.1477016711802
0.1804820093039343 0.07662284916282117 0.98058920211462 237.35824416331033 -0.03626520942815123 0.9968015216922207 -0.07121489266441078 -13.807159359909113 -0.9829094968015886 -0.022708265857233685 0.18268348518410077 186.31202578087684
0.1746287391036363 0.07211619974435803 0.9819898457792254 238.2593417582797 -0.026667782977640362 0.9972947809713604 -0.06849780433227022 -13.858879315956509 -0.9842731495017716 -0.014225806891575082 0.17607950927961863 186.4567794906924
0.16911007845260723 0.06628197301645562 0.9833658939676522 239.15940303197317 -0.02580474150053113 0.9976918502607537 -0.06280992946471722 -13.915805104710756 -0.985259304285856 -0.014753710594893017 0.17043013624895584 186.6045381695783
0.1626809103871136 0.06740658201317816 0.984373543984661 240.0533581396207 -0.026092833946323803 0.9976086786910692 -0.0640006891908726 -13.969293235842166 -0.9863336582578304 -0.015273405041372284 0.1640507168109058 186.74962891800618
0.15882661497163095 0.08009915756049928 0.984051945445337 240.95628772034527 -0.02412373137464613 0.9967208856939936 -0.07723678920011398 -14.027474252255686 -0.9870117283807839 -0.011471747010689839 0.16023809490662588 186.8892734267733
0.15340376091623154 0.0937506665548597 0.9837063071147182 241.8680708473687 -0.023092142988108907 0.9955575775629607 -0.09127903751236831 -14.08621650365093 -0.9878937387538083 -0.008713339054986726 0.1548871804041244 187.02429048206776
0.1474285083998734 0.09791309267771715 0.9842143370187585 242.744238007937 -0.025076439813688126 0.9951381001888502 -0.09524354948653867 -14.148781602507768 -0.9887547760073092 -0.010638977150510107 0.1491670375382288 187.15191576183966
0.14225499365438501 0.092062250981504 0.9855394759849098 243.62190124943513 -0.029408895111205386 0.9956188943294633 -0.08875885388237752 -14.212285423477127 -0.9893930632810876 -0.016357236881384598 0.14433920857783814 187.27745452785297
0.13642192631489555 0.08597664016782311 0.9869129016108701 244.4940233168062 -0.03163860484723038 0.9960967320888532 -0.08240327059787328 -14.277010457773304 -0.9901454724957637 -0.01998293440309057 0.13860961593189405 187.39874259165182
0.12837441962354143 0.08417666974233873 0.9881469003429647 245.38796881673758 -0.03377268304752843 0.9961844072219622 -0.08047380124982892 -14.342288415675792 -0.9911505507570961 -0.02304159453933377 0.1307274671023435 187.51500127213808
0.12199067946731765 0.0846628802544493 0.988913783314867 246.26972118004002 -0.03747547260472549 0.9960377441522782 -0.08064986780578907 -14.407423434811312 -0.9918235039946167 -0.02722147922247436 0.12468010263384142 187.62527267296187
0.11465595489938007 0.08349954047964692 0.9898898114163008 247.15497799699784 -0.04153371577794688 0.995992839838866 -0.07920362014065759 -14.471371315193723 -0.9925366302861538 -0.032032635380135406 0.11766455630653924 187.73138284427262
0.10706329664654657 0.07962054138991592 0.9910590395632093 248.03825953747793 -0.04497186149697664 0.9961559815643017 -0.07517175045957794 -14.53316698434564 -0.9932346058130855 -0.03652163444366957 0.11023242732015011 187.83093588616237
0.09948535950471084 0.07585731994073328 0.9921433012703498 248.89723170160448 -0.04676098151567059 0.9963446377423347 -0.07148967372833917 -14.593527706500437 -0.9939396731451634 -0.03928141867986111 0.10266886721196189 187.91897114173523
0.09277106198397898 0.07818785786565276 0.9926128091762395 249.7788118253803 -0.04215237827055418 0.9963266783074355 -0.07454077474111354 -14.651869658010487 -0.9947948065126324 -0.03492576377475279 0.09572608819046619 187.9953565558085
0.08680260514365844 0.08216023778148421 0.9928318100604777 250.6601125291828 -0.04022133721061361 0.9960698728710485 -0.07891167462195116 -14.704380375576651 -0.9954132567799513 -0.03308328409243247 0.0897660544994308 188.07079905231993
0.07963057229771417 0.08416684643471875 0.9932647753327274 251.53734512128585 -0.03800418971716158 0.9959608949650046 -0.08134849269928979 -14.75999576106662 -0.9960997206703178 -0.03127039593191817 0.082507628852005 188.14134939926467
0.0746749774000854 0.08496989317484013 0.9935812825351299 252.37644862247126 -0.03565710647929906 0.9959535615356917 -0.08249287255207248 -14.820592754909073 -0.9965702275845016 -0.029268080193699694 0.07740259022768009 188.20435905655194
0.07043575120737733 0.08551478123199299 0.9938440658084635 253.20739444376042 -0.033433407954769644 0.9959612152158678 -0.08332745656900481 -14.88369383974398 -0.9969558727367963 -0.027358362095963505 0.07301032693423196 188.26412505836308
0.06446934687857271 0.08492439744087948 0.9942995273217998 254.0713391005833 -0.03081353562600742 0.9960665993526214 -0.08307740773716032 -14.947076884667727 -0.997443847710376 -0.025281937690873172 0.066832584053884 188.31786538894065
0.059967185999064136 0.08546224629047693 0.9945351381737804 254.937795889597 -0.029222520723207527 0.9960514482268301 -0.08383052408170358 -15.008529537191823 -0.9977725095861982 -0.024035743055234975 0.06222782472372863 188.3677322880997
0.05492781185923881 0.08923571369577889 0.9944948078726011 255.82868929787102 -0.02960365313285491 0.9957061290408311 -0.0877093399342979 -15.073170248266571 -0.998051381044859 -0.024622997212476707 0.05733366203835609 188.4192473769765
0.051517850906331715 0.09100185795027714 0.9945172562040295 256.71125478029694 -0.027128470539478464 0.995599691428832 -0.0896955991841293 -15.13778893515304 -0.9983035395731031 -0.022358807580212078 0.053759897687860075 188.46338617298525
0.049319316218918156 0.0904957559913446 0.994674883162963 257.5853018465889 -0.02463773411543191 0.995694002902331 -0.08936685426928027 -15.20342916469015 -0.9984791370406095 -0.02009902315747093 0.05133655776110798 188.50552626601646
0.047791996884581994 0.08836046090414568 0.9949413821841927 258.4606111904165 -0.022789068581496763 0.9959167708319253 -0.08735241226717642 -15.269616726802017 -0.9985973079209539 -0.018499041178231278 0.04961050381233733 188.54494477728795
0.0453473835696317 0.08642243588185168 0.9952259931189682 259.31921566355703 -0.021207167626349662 0.996109625004004 -0.08553286512006385 -15.333121741920287 -0.9987461493516063 -0.01722723281976531 0.047003740326880185 188.5816058461396
0.04329364492341554 0.08544331089961853 0.9954019795699409 260.1833517295935 -0.019418232826803265 0.9962199059604688 -0.08466895063714648 -15.397934480399506 -0.9988736619528688 -0.015663319910627298 0.0447891489788304 188.61635469013046
0.04217908257678745 0.08738291269777965 0.9952814433924876 261.0472953229512 -0.01714213782877306 0.9960846254814478 -0.08672696230204316 -15.465659033853685 -0.9989629983656274 -0.013403187976482534 0.04351186560499308 188.64931320092379
0.04112171380482286 0.08888156862827425 0.9951929819949156 261.91560705526757 -0.015194468285215361 0.9959759335736676 -0.08832365411138463 -15.536098971421271 -0.9990386042527527 -0.011489408176026249 0.04230674547256784 188.68479850474424
0.04169678843379879 0.09049821194846448 0.9950233421726541 262.76374011299635 -0.01169854984708178 0.9958654099380891 -0.09008456704849056 -15.607162274827083 -0.999061820792781 -0.007884093034045548 0.042583087150275395 188.7157975584593
0.04272822557117213 0.09148473808240143 0.9948893614053447 263.6169121718115 -0.009792903046354915 0.9957893050116825 -0.0911469092963224 -15.684735768012198 -0.9990387368813425 -0.005848309357564176 0.043444211216159746 188.7490107076746
0.0442527153849823 0.09160246566306397 0.9948118844613307 264.4633980076543 -0.008394875306257842 0.9957863276323362 -0.09131875913028524 -15.762455041531931 -0.9989850966103812 -0.004310218666134094 0.044835240217955416 188.78454324379348
0.04612816817987218 0.09124652047949086 0.9947594003580746 265.2684683642045 -0.006433816336487334 0.9958259040209737 -0.09104600424047073 -15.836024341206551 -0.9989148102354486 -0.0022003138851884353 0.04652268813265902 188.8200023131966
0.04872571415596859 0.08937204370275172 0.9948057310773724 266.06995900368963 -0.00549427416319551 0.9959976836502439 -0.08921001689701392 -15.90936793287994 -0.9987970853638967 -0.0011189136424842904 0.049021732944174355 188.8578861229526
0.05116157248896053 0.08697329842639397 0.9948960442484889 266.89619769845183 -0.004833888411203681 0.9962105757008194 -0.08683963602334424 -15.984383015114751 -0.9986786905823561 -0.00036636412532196373 0.05138811880233182 188.90013858483243
0.053579014368071394 0.08476508432178997 0.9949593809293257 267.7002084715746 -0.0048583454188784 0.9964009186473677 -0.08462627132557372 -16.05616539247049 -0.9985517941995505 -0.0002996641430389328 0.05379799719566021 188.9469180967983
0.056122488903229996 0.08181086460155983 0.9950664544001337 268.48878154942605 -0.005484450079687154 0.9966474878351659 -0.0816315245427482 -16.12512545135553 -0.9984088276085278 -0.0008760279648247662 0.05638302517934221 188.99413476798316
0.05808091421125588 0.07940973090011648 0.995148582897427 269.2620097463718 -0.006925291964154254 0.9968394188398784 -0.07914046612310055 -16.19043925800194 -0.9982878581529481 -0.0022951438607445107 0.058447280339313144 189.04290050365418
0.06045371243592004 0.07915211493249244 0.9950277842122951 270.0189080967989 -0.009543823188891751 0.9968512916730764 -0.07871732800759568 -16.248953182390494 -0.9981253749362646 -0.004737614529461774 0.06101877511811993 189.09485943020644
0.06403006205581947 0.08022553829666153 0.9947180576214247 270.77658421776846 -0.012330097953113621 0.9967509600581955 -0.07959580584132085 -16.308303509384157 -0.9978717952911581 -0.007168446698800441 0.06481121457226079 189.15061112136186
0.06824037283329626 0.08025562053397711 0.9944356625183352 271.5151412561772 -0.012225365533314934 0.9967516278352698 -0.07960359819325681 -16.36438048405067 -0.997594001562336 -0.0067251602540711886 0.06899985700280245 189.20410887705063
0.0715311770064468 0.07761042287536696 0.9944143567835192 272.24128544417806 -0.01318118368333008 0.9969547210013345 -0.0768605273847018 -16.42243307197811 -0.9973512656595885 -0.007609634304940227 0.0723363418550182 189.26109552732166
0.07586691492721334 0.07509778842319684 0.9942859414642111 272.9812508658138 -0.017224118039736332 0.9971097236039219 -0.07399681650085055 -16.488047027986084 -0.9969691775462192 -0.011511788238675387 0.07694113174607806 189.32736881247203
0.08043401879382506 0.0733436346977516 0.9940578855730678 273.6845538941534 -0.021330218516703126 0.9971874443393618 -0.07184860910246456 -16.545499545110232 -0.9965316805795533 -0.015424399542667682 0.08177222939386875 189.3952263927097
0.08468294910989815 0.0743304252280081 0.9936316148429835 274.3603356393678 -0.019273657227348535 0.9971492785115669 -0.07295095956148256 -16.594853038283656 -0.9962215236919637 -0.012973212758677286 0.08587416074457223 189.45590764173932
0.08824270801840092 0.075128085766029 0.9932617959081647 275.0321850791076 -0.019762553014871752 0.9970874549163908 -0.07366171832563415 -16.64761219061544 -0.9959029400398004 -0.013129279396939291 0.08947041993085245 189.52354882771246
0.09133859033822585 0.07711838428744743 0.9928292988827033 275.69202353755395 -0.020446489613127724 0.9969319083069241 -0.0755560140691073 -16.699609913879037 -0.9956099652863718 -0.01339869413056675 0.09263515541126427 189.59229801288504
0.09431107720497496 0.07967091831837095 0.9923497193483483 276.3425732788607 -0.021739833052238866 0.9967197678123871 -0.0779556547716599 -16.74901604217693 -0.9953053804613449 -0.0142214354523349 0.09573374743723663 189.6584604276032
0.09734976175178528 0.08076467414467019 0.9919677874291971 276.9789572230372 -0.02535951873757692 0.9965795743076518 -0.07865142644716913 -16.79574209481445 -0.9949270921511151 -0.017499128066313582 0.0990649373928495 189.72830096568975
0.10052473237616169 0.08159270629341554 0.9915832836733475 277.6015057313153 -0.027617809566897696 0.9964764566889338 -0.07919550403520602 -16.841608961286745 -0.9945511725273024 -0.01942425144967542 0.10242394095225826 189.7982079876994
0.10345180186526669 0.0826451253525189 0.9911949898714666 278.2106063108609 -0.02941349902618692 0.9963603276177143 -0.08000589743608869 -16.890015807853878 -0.9941994622639213 -0.02087775861973478 0.10550615351319335 189.8668133698287
0.10537646968709992 0.08063733160865333 0.9911576163190801 278.813435867128 -0.03076383863695507 0.996494166198734 -0.0778007902543779 -16.9368449533976 -0.9939564305685675 -0.02229344035635647 0.10748775115553402 189.93563675891605
0.10900134428674614 0.0801390853106496 0.9908059517126729 279.35758359198877 -0.03198679081358572 0.9965115504330831 -0.07708161302734325 -16.97635275058221 -0.9935268250818065 -0.023290703274517946 0.11118449075229754 189.99963205384358
0.11107122671219233 0.08276664319535908 0.9903599675728122 279.9242738529628 -0.035367523121686895 0.9962239752493125 -0.07929015983519268 -17.019970048128144 -0.9931829241911532 -0.02621972373282403 0.11357907017795216 190.07044508836364
0.11291429162716578 0.0824895330878429 0.990174651098121 280.51393360398305 -0.03735369407099814 0.9961957883024664 -0.07873152423060385 -17.067834964409418 -0.9929023437808927 -0.028096766706751028 0.11556603054115976 190.14360652847472
0.11574259403941707 0.08179621109429022 0.989905567100037 281.0962906406431 -0.038748168303368344 0.9962167122581392 -0.07778715620662552 -17.11043182153356 -0.9925231641519331 -0.029353740276129504 0.118474159856234 190.2142729671762
0.11892776761423138 0.08203291817620519 0.9895083559150939 281.6548357715342 -0.03994114399377591 0.9961697880190183 -0.07778469293253537 -17.148300673137285 -0.9920992345056862 -0.030271335841624482 0.12174873765094743 190.28125002265313
0.12192266294756574 0.08217367957175463 0.989132119913924 282.1974022584555 -0.040241789723434465 0.9961567298691831 -0.07779696585462875 -17.183852289314178 -0.9917234809258242 -0.03031923353203409 0.12476089715291519 190.34785907982746
0.1249945382534226 0.08400997942093029 0.9885942993789257 282.7277902881251 -0.041126316167655066 0.9959910256258735 -0.07943867440481696 -17.217805161269183 -0.9913046915682868 -0.030727841291105253 0.12794845932756033 190.41594436271473
0.12796949351117293 0.0847989652082472 0.9881462160177029 283.2582932434372 -0.0420836766722701 0.9959049165375465 -0.08001475722691521 -17.251609320500965 -0.9908848434042384 -0.031345377904068564 0.1310140999885618 190.48409540770592
0.13115485829435367 0.08577298083539417 0.9876443686390357 283.7910946328774 -0.04122599100828315 0.9958601790663935 -0.08101185971962012 -17.284781744440792 -0.99050432649796 -0.03009151887920572 0.13414797680311422 190.55362863066864
0.13329632530225632 0.08666547577689988 0.9872796893329058 284.38217032795467 -0.04090209978936727 0.9958016113704946 -0.08189120236474004 -17.326613042670118 -0.9902318455259557 -0.02946601602330692 0.13628149546427032 190.63256590221678
0.13516169879582443 0.08792746177431908 0.9869144221484215 284.92273745174947 -0.041945574105342595 0.9956694885955534 -0.08296287297844723 -17.366647416071224 -0.9899352928305992 -0.030183289181109043 0.13826454738149224 190.70736851913384
0.13663876413941947 0.08939108230760918 0.9865794861734792 285.4140337546676 -0.04262973515378808 0.9955282954610946 -0.08429779722531988 -17.40398136872911 -0.9897032655372893 -0.030539275371192862 0.13983847412150877 190.77303154461762
0.13808657589808404 0.09059919826525156 0.9862676527345081 285.8884024764773 -0.04308198419541054 0.9954142332835878 -0.08540753370885275 -17.441231682894802 -0.9894827134389632 -0.030696733541797267 0.14135653630212583 190.8384796795726
0.14009253254017803 0.09151207685363359 0.9859004118654245 286.3485683027237 -0.043883786378161274 0.9953151998913509 -0.08615025338530032 -17.47690830815044 -0.9891654541175604 -0.03119603588871895 0.14345212346017772 190.9043330241135
0.14040867359848136 0.0922235785698209 0.9857891336052003 286.84227974969644 -0.04470660170294151 0.9952274548683636 -0.08673887732965653 -17.51755616040387 -0.9890837801432669 -0.03189239144389724 0.1438615696615984 190.97566560548475
0.1397910822037033 0.09212273625848409 0.9858863295535483 287.35182114253297 -0.04554741314169625 0.9952070421191718 -0.0865354058897516 -17.559418846359648 -0.9891328962745207 -0.03280769392466108 0.14331702176269234 191.04803338594496
0.13845414507710116 0.09136375819780829 0.9861455842820277 287.8416836401745 -0.04632014043108104 0.9952433792257507 -0.0857033295604596 -17.5960943172802 -0.9892850419881111 -0.033812420724879715 0.14202755332437844 191.11804084699827
0.13619522597251546 0.09216627944652848 0.9863854405633126 288.34317251568643 -0.04466548025113708 0.9952218135335537 -0.08682474728391211 -17.636375626424424 -0.9896746209215611 -0.03223226333915103 0.1396611109214168 191.18216454911018
0.13461362562600337 0.09537034719831838 0.986297961404714 288.84881034199265 -0.04208972442039538 0.9950095318792436 -0.09046815222861167 -17.67929117742381 -0.9900038519591944 -0.029334763416743768 0.13795595225015014 191.24518571445836
0.1330144508663887 0.09840547452609928 0.986216770514478 289.38194121203503 -0.037513219539457195 0.9948456224508211 -0.09420693100944448 -17.726790268350918 -0.9904039146835509 -0.024465283029775263 0.13602035033690676 191.30790012847382
0.12989572776200764 0.10322771029134582 0.9861395133231325 289.9125903139577 -0.035287340400817636 0.9944170545479732 -0.09944609208795341 -17.7678180658939 -0.9908995425958275 -0.021880618184477885 0.13281315835130683 191.3728714222017
0.12758878453044614 0.10686674760426973 0.98605304133121 290.4612620652619 -0.036278094956570923 0.9940158777103967 -0.1030355991196606 -17.806573697084872 -0.9911634587132288 -0.02262593901058561 0.13070219965831978 191.44400371164792
0.1240045764562422 0.10679133092504618 0.9865183610339776 291.08050403857237 -0.03438747017504042 0.9940572032882342 -0.10328493832950858 -17.869381052633056 -0.9916856189906527 -0.02111606568532607 0.12693992617417013 191.51778943469384
0.12284933066678203 0.10357590803971017 0.9870056095222931 291.6581999760076 -0.029419033797312536 0.9944819136549832 -0.10069877786522899 -17.927535612390756 -0.991989194701818 -0.016665973924967235 0.12521854059194085 191.57851925415167
0.12161907114274033 0.09762575827639335 0.9877641483954235 292.209757015788 -0.020893739236495002 0.9951826042512191 -0.0957864074724282 -17.980788580108946 -0.9923569182482176 -0.008988632638835904 0.12307295108263674 191.62869348419585
0.11911374213142861 0.0978520731988008 0.9880470070832379 292.7850725022738 -0.020066807714712854 0.9951657254394047 -0.09613793288187232 -18.03472148111066 -0.9926778126177664 -0.008375600357897065 0.12050149233538973 191.6931044984756
0.11519190641516697 0.10154714190397392 0.9881391615898915 293.3696330469648 -0.02464080721217835 0.994747038119399 -0.09935371544441918 -18.08775593881103 -0.9930375900822571 -0.01290380268806756 0.11708901126841591 191.7681100342072
0.114159971943262 0.10262682835729793 0.988147375095049 294.01013045247066 -0.025764938276736864 0.9946213076157782 -0.10032259163454044 -18.144828859132705 -0.9931282237261787 -0.014006731881369186 0.11619011446974889 191.8402703723273
0.11319911627852056 0.10065323073098036 0.9884608678228888 294.6391529314346 -0.02055217419071712 0.9948798266000116 -0.09895321500770142 -18.20187513797399 -0.99335973756228 -0.009113603444413313 0.11468815990528869 191.90408626368188
0.1121627060167407 0.09994770100102307 0.9886505876413632 295.2734781210474 -0.015343185239290477 0.9949843183693743 -0.09884732098412961 -18.25925293776615 -0.993571393532302 -0.004082066099029594 0.11313364968322923 191.96625107750893
0.11170184805794507 0.10072274744011457 0.9886241071755003 296.0034296220071 -0.01670816119765645 0.9948998424720258 -0.09947432230745079 -18.32902310068102 -0.9936012955355072 -0.005406625310523639 0.11281504293718203 192.04309102197794
0.10930952253608944 0.10243452684791511 0.9887156294872538 296.6631309117522 -0.020200705032159046 0.9946994665008538 -0.10082114291712642 -18.389855717167965 -0.9938024752430139 -0.008952041798143682 0.11079937341207277 192.1203858179808
0.10743929590683621 0.10374298655033422 0.9887841981123389 297.30625827939093 -0.022944051086718972 0.9945348053019263 -0.10185328449679322 -18.444326208734036 -0.9939468638789394 -0.011743669983095978 0.1092324036197791 192.19370545855222
0.10585340597678138 0.10803468209431444 0.9884956064181043 297.96670545518464 -0.022811483059684657 0.9940828214134964 -0.10620254427835402 -18.497420291206147 -0.9941200594916783 -0.011307149745115761 0.10769148379007798 192.26129696802843
0.10409593202627705 0.10948982186361741 0.9885221372553346 298.6524067963898 -0.021584118554026255 0.9939364687692629 -0.10781661224843497 -18.561135306223854 -0.9943330240728364 -0.01011310826388217 0.10582798438700457 192.32650945298303
0.10218751988526246 0.1084960687282703 0.9888307812008129 299.3357623061124 -0.024956157161836794 0.9940011429749637 -0.10648435558416607 -18.623026498074 -0.9944520606843841 -0.013796044178383196 0.10428215650634988 192.4025008097263
0.10016678189474655 0.10756556972350712 0.9891391530087704 300.0195028910428 -0.02837901456326694 0.994043420256923 -0.10522504538526763 -18.68536974918342 -0.994565858722927 -0.017530740257362717 0.10262273534047059 192.47840686236287
0.0977462727899399 0.10951796558634373 0.9891670644383098 300.7358623452278 -0.028914187243221118 0.9938195522807957 -0.10717587079402828 -18.753149231068114 -0.9947912524403015 -0.01812491981286443 0.10030878002467275 192.552545778705
0.0961444487950845 0.11347230359072173 0.9888782944749596 301.46004086478547 -0.025713854290204823 0.9934322841902264 -0.11149481793395827 -18.82300196579882 -0.9950351966957934 -0.014708264561106856 0.09843080965921475 192.62051324672038
0.09467979194378315 0.11952816217385274 0.9883060029387778 302.18701711660964 -0.024273885505357914 0.9927477475615595 -0.11773991758922771 -18.893792155429036 -0.9952117942829855 -0.012842435858767778 0.09689456311505973 192.688466938137
0.09262830958984382 0.12361643218897149 0.9879974564518867 302.9102390141954 -0.024226106805837234 0.9922494922814646 -0.12187715461153052 -18.96378474134052 -0.9954059935581888 -0.012646057094613047 0.09490513805057739 192.75694629379194
0.09156383970391074 0.12107376309976144 0.9884114564024132 303.64340896318475 -0.01981484534727475 0.9926060824177112 -0.11975198140833664 -19.039452719326615 -0.9956020465841485 -0.008620268918189986 0.09328588211105446 192.81702372082574
0.0903350988902359 0.11485700090218147 0.9892661114443615 304.39112953326986 -0.01486202439878699 0.9933722630034681 -0.11397660867973587 -19.120046540837063 -0.9958005272840872 -0.004406408868921735 0.0914433891630134 192.87659238143928
0.0885473420548922 0.11227453428796871 0.9897241015381175 305.1590165827336 -0.012105462984081267 0.9936750158453976 -0.11163969119710515 -19.20159286398639 -0.9959984066156732 -0.002095670552290311 0.08934641673833876 192.93740934977612
0.08352831895714344 0.11011543762285644 0.9904027515760045 306.02319767973626 -0.010062162666510936 0.9939184778685461 -0.10965770485442455 -19.293396551391186 -0.99645460148201 -0.0008060698445292435 0.08412833908225557 193.00702546316177
0.08094522597204404 0.10871731259567602 0.9907716267305545 306.8654510752865 -0.008696130753853792 0.9940726943142498 -0.10836907182732104 -19.3774715106951 -0.9966806146917134 0.00015607939418572198 0.08141085883944311 193.0733728684754
0.08059855657260319 0.10966581448315577 0.99069535267516 307.6503955277722 -0.007508626519870225 0.9939675570390356 -0.10941716538839699 -19.44901015970053 -0.9967183620292159 0.0013801041963615798 0.0809357900202922 193.13479182106278
0.08019464868423638 0.10873442006080286 0.9908307848550395 308.45265697717525 -0.007034863649767518 0.9940693258959822 -0.1085204404991611 -19.52648258999455 -0.9967543975402599 0.0017323991294413458 0.08048397217716619 193.19793196503437
0.08070674553686241 0.1069138492750507 0.9909873107452186 309.2655618529203 -0.00629722297721341 0.9942654507368367 -0.10675466478728395 -19.605332639809603 -0.9967179973330614 0.002375353502508544 0.08091718907694678 193.26187161711675
0.07951807679193293 0.1045577143766397 0.9913347365182186 310.1433145925125 -0.005956647418850204 0.9945159297465622 -0.10441543866619322 -19.69254291368187 -0.9968156267910555 0.0023978833706238163 0.07970480751184811 193.33253285085954
0.07954077023960532 0.10276271409239754 0.9915205950771043 311.0023392531929 -0.0062006704903388365 0.9947038628660262 -0.10259520887873334 -19.77279813085823 -0.9968123281516764 0.002012409442649737 0.07975670914145225 193.4004955760419
0.0806048295779816 0.10113093349918235 0.9916024383482976 311.8287918317176 -0.00625879374494838 0.9948712502061623 -0.10095554969431221 -19.847468702099338 -0.9967264865295633 0.0019312697394514996 0.0808243852289046 193.46739170562944
0.08267238565451449 0.09942943739114803 0.9916042878236621 312.6711900260523 -0.005368432877076909 0.9950404239728629 -0.0993264042857914 -19.922112897962297 -0.9965623194655919 0.0028881897409880927 0.08279614593315397 193.53685972891364
0.0845660700936212 0.09778141491457532 0.991608478526795 313.5361609262839 -0.0042363486594906895 0.9951996029198769 -0.09777424864528315 -19.997715708401813 -0.9964088684565996 0.004067584715541489 0.0845743555436607 193.60922826026632
0.08604955649532946 0.09724619382012123 0.9915334848679884 314.41216735662 -0.0038812693375365557 0.9952500839587625 -0.09727387176627048 -20.07363392596673 -0.9962832978502109 0.004521965012112154 0.08601826699685504 193.68590812910588
0.08797313807631921 0.09627894178208017 0.9914590724514697 315.2809534571195 -0.0032148723021174683 0.995340331158541 -0.09637058558129714 -20.14919122069806 -0.9961176595026769 0.00529060852113181 0.08787273688914995 193.76062680015633
0.09065938717915586 0.09492363983830011 0.9913477584158596 316.1611703904329 -0.0019895727032861075 0.9954623276332084 -0.095135670826079 -20.22338008327976 -0.9958799712398895 0.006652583176362088 0.09043686206587957 193.83758345035653
0.09354804106741554 0.0941378872132465 0.9911542877894824 317.004624618775 -0.0008623666237246887 0.9955271624881229 -0.09447182157737592 -20.297754511985712 -0.9956143933954854 0.007982915467882592 0.09321079725212525 193.91542471140468
0.09573619096744361 0.09313158362117986 0.9910404077893381 317.8836462698225 0.0008666733771882475 0.9956053415178495 -0.09364428876540355 -20.372629468373944 -0.9954063645648984 0.009824055849403863 0.09523474843965792 193.99606874730617
0.09941401298866888 0.09187093235947305 0.9907959355028114 318.8220274737781 0.001983261259435512 0.9957083467669909 -0.09252542814447035 -20.459743178195254 -0.9950441802735548 0.011163331310225375 0.09880515845740091 194.08464930692386
0.10627870072840903 0.09229809591575501 0.9900433825150334 319.67193339241766 0.0017158097395796855 0.9956640439245592 -0.09300627738344504 -20.53624994476887 -0.9943349002063759 0.011583312398224225 0.10565951497837686 194.17064271793132
0.10938527206473996 0.09315000673913765 0.9896251504988255 320.56099991957757 0.0008788910549110647 0.9955898633229148 -0.09380859022055923 -20.610292363796923 -0.9939990391372827 0.011131050855773966 0.10882099935678441 194.2644289536844
0.11131017468846385 0.09433528669883197 0.9892981849241786 321.45016621106913 -0.0020554391527916513 0.9955041345265747 -0.09469579351998755 -20.6884984711476 -0.9937835882025411 0.008507163095893592 0.11100363955900971 194.36645161847784
0.1129409556575403 0.09571153792807066 0.9889811130869015 322.3416972528024 -0.003838206119807593 0.9953842573674716 -0.09589290046079628 -20.766063798157774 -0.9935942877799511 0.007034322458191386 0.11278700988416311 194.46700653705696
0.11488034883394158 0.09625236486440383 0.9887052076882183 323.2446598050857 -0.006013058022284815 0.9953438639470253 -0.09619997731923488 -20.84370034129028 -0.9933611370418198 0.005106345171486485 0.11492422135466746 194.57027779489383
0.11602175425912897 0.09434894575285088 0.9887553939038519 324.1571036504302 -0.006388761380224652 0.995528479784959 -0.09424558167399924 -20.924469497120366 -0.9932261254450899 0.004617615441927598 0.11610573354046358 194.67555535467318
0.11705062555466744 0.09208079715195193 0.9888479548712853 325.05866860538896 -0.006696983248241345 0.9957429398479148 -0.09193012650051068 -21.00320528592036 -0.9931033689765826 0.004138180625373709 0.11716899755685146 194.78271891691043
0.11814689569681633 0.08922444285005494 0.9889794284186625 325.9736030859177 -0.006882897619246283 0.9960046273791617 -0.08903599249548143 -21.086682760726585 -0.9929722739118013 0.0037122819652797416 0.11828897752978156 194.8938207640515
0.11923195484420482 0.08948965701339423 0.9888252334116763 326.88472764035987 -0.005626935539043189 0.9959746827307001 -0.0894581966949709 -21.164836933560345 -0.9928504814625785 0.005102219820991869 0.11925556092874162 195.0021598886792
0.1205169564615476 0.0901077034689656 0.9886133040682772 327.79335914955146 -0.004730063832469811 0.9959127653798567 -0.09019639820737166 -21.24053898987702 -0.9926999998495978 0.006193991361874328 0.12045059057398723 195.11326930739614
0.1208295413748215 0.09011129512739442 0.9885748208515203 328.70104314983917 -0.005135169423652491 0.9959147159986405 -0.09015269542467214 -21.315417926119952 -0.9926599880956954 0.005816609648837581 0.12079865515001334 195.2224463797259
0.12026106944453324 0.08780898937276957 0.9888512813165544 329.5953034002484 -0.00802547991225034 0.9961339780933517 -0.08747965112006466 -21.391649151038035 -0.9927098603561066 0.002584390303924555 0.12050084679586794 195.3345797577248
0.12005398473282052 0.08596818562179824 0.9890381751027961 330.47696656453 -0.010661386725943361 0.9962978365264928 -0.08530507467733443 -21.46770758998086 -0.9927101165913728 -0.0003033043385474433 0.12052606532873342 195.4398382905402
0.11885382123231447 0.0851369639322769 0.9892550058255316 331.36946016366306 -0.011643638246441268 0.9963681386806563 -0.08435020990149553 -21.546019959432943 -0.9928434896129743 -0.0014931826527731582 0.11941346464575046 195.54261624639827
0.11904487245258767 0.08669176998431792 0.9890969898648638 332.2623404835247 -0.012021231818287742 0.9962337856659976 -0.08587045058203668 -21.62134967873394 -0.9928160999542279 -0.0016677273689514145 0.11963866581128449 195.64492063483328
0.11960037224985948 0.08686419366530808 0.9890148445885796 333.1462698801015 -0.01256276478018347 0.9962178599743395 -0.08597762737608405 -21.695170184303123 -0.9927426292341727 -0.0021418046173367514 0.12023928132772504 195.74814873209255
0.11963205204583752 0.08751104751031162 0.9889539871434623 334.0449176445622 -0.014090454461719944 0.996157068154147 -0.08644393940347704 -21.772723859782996 -0.9927183040603057 -0.003593345262817421 0.12040538465308537 195.84769102697047
0.11959135089227271 0.08779167953927544 0.9889340371306045 334.93508689169977 -0.01360468517545411 0.9961341091398581 -0.08678565059624598 -21.847521453457688 -0.9927299841009354 -0.0030753230415829736 0.12032340194306054 195.9461860773209
0.11941821325169137 0.08754887620537938 0.9889764833498065 335.8327784751004 -0.014116100680150493 0.996153599529928 -0.08647971927076976 -21.921130495875612 -0.9927436859760765 -0.0036332380514439437 0.12019473173105219 196.04602801744858
0.11946085770227602 0.08676884218266698 0.989040075782229 336.7180775998763 -0.013353974721882881 0.9962240758022335 -0.08578614195258207 -21.99447509218763 -0.99274909964007 -0.0029595300743004396 0.12016849148414455 196.14478705348867
0.1189606578492797 0.08712058465872412 0.9890694442822455 337.61461819485106 -0.014510250581171107 0.9961892507434311 -0.08600249607603529 -22.06873385092407 -0.9927929363730104 -0.004120731968829869 0.11977147012499395 196.24855065857594
0.11928251992568441 0.09065894664838899 0.9887126153907336 338.499356789583 -0.014442823015442573 0.9958755089900546 -0.08957329656286911 -22.142248288890368 -0.9927552998113529 -0.0035952727851541262 0.12009991136581456 196.34849802680736
0.11979556690741323 0.09143826560912649 0.9885788110877796 339.3889221220055 -0.01366119714643943 0.995807168774566 -0.09045139197217711 -22.21876957694552 -0.9927045853837199 -0.002669494254191343 0.1205424404870282 196.451599836165
0.12163541331079368 0.08829629345281631 0.9886397679595982 340.2744641154181 -0.01125642756579094 0.9960941410926942 -0.0875771369665579 -22.29091579996528 -0.9925110171011573 -0.00047607068519439096 0.12215422337984752 196.5558069537432
0.12259221357380233 0.08848940852655207 0.9885043114471974 341.1543864540115 -0.008325351101276275 0.996073789512918 -0.08813452430467103 -22.36337965824535 -0.9924222073795612 0.0025749609688603746 0.12284759613396029 196.65847707908847
0.12542385232204475 0.09134697553907997 0.9878889549582798 342.0580727065466 -0.004390845413358681 0.9957935195965251 -0.09152041742756661 -22.437358435563365 -0.9920935327605249 0.007141175633100699 0.12529734979369192 196.76304969787316
0.12715312574351986 0.094189936526552 0.9874007993063294 342.9451281457026 -0.000569747436671315 0.9954877914399555 -0.09488799967252502 -22.509378853559134 -0.9918829356337955 0.011502736679539624 0.126633048795998 196.86457712598923
0.12956407299962464 0.09736735490875366 0.9867789768665637 343.81589991426506 0.0033149538937528866 0.9951190949962401 -0.09862554362101865 -22.579033692213425 -0.9915655107295913 0.016049453944978608 0.12860891477513228 196.96247742618593
0.13200610495874907 0.09640652218883687 0.9865496291282434 344.71669678837907 0.00550701005598562 0.9951725530411959 -0.09798603223779725 -22.656012133171235 -0.9912336057125323 0.018367693184412143 0.13083794080166405 197.06653711677498
0.13597119399570898 0.0970495656628471 0.9859478770239508 345.6005089650244 0.007002963589971804 0.9950714041588723 -0.09891339204699763 -22.732493056524998 -0.990688040154086 0.020353929103204653 0.1346214123597073 197.16940915881963
0.13974605008025762 0.09770816277325754 0.9853548378195757 346.4794040955984 0.007420386649378244 0.9949882897684267 -0.09971580158465591 -22.80121881623601 -0.9901595726694487 0.021246603285498995 0.1383206510246687 197.27102299076176
0.14245742431530728 0.09881544675749353 0.9848560248785438 347.36938815373253 0.007475852688210415 0.9948683427260393 -0.10090139874215537 -22.87017228314631 -0.9897726980898381 0.021736791935707718 0.14098765191430945 197.38074647507852
0.14599856200060812 0.09393378089362457 0.9848151424002297 348.25628666614625 0.006981889627919738 0.9953592996723808 -0.09597456836540857 -22.93898249048501 -0.9892601645224492 0.020888019598121168 0.14466519113556572 197.4924216629389
0.14979189377587987 0.09075250865179439 0.9845437373384909 349.1585418660527 0.0045830758814295125 0.9957041314092065 -0.09247852783267094 -23.014763528766938 -0.9887069252182397 0.018364772474469698 0.14873248185066956 197.6174907188821
0.1536550731105046 0.08972302695232462 0.9840426296365009 350.0639017835659 0.0028118050574410967 0.9958252923783062 -0.091236400696079 -23.08101998325561 -0.988120545409177 0.016785871862044853 0.15276132444472307 197.73735175568086
0.15774708281019545 0.08859105281226379 0.9834975766246147 350.9612717945753 0.0008439923542942721 0.9959550807860496 -0.08984856556092093 -23.14437322447851 -0.9874791873967695 0.015003413547053977 0.1570342384327577 197.8539419706265
0.16280781347015863 0.08794780149918469 0.9827302784001966 351.8736604233459 0.00017667357528637894 0.996016752644144 -0.08916612158582155 -23.21495757644507 -0.9866577849789252 0.01469056376282905 0.1621437716251098 197.9815737340772
0.1687589651828766 0.08818818891695454 0.9817042604603252 352.7865010851081 -0.0011603606914014416 0.996006472803072 -0.08927351061454329 -23.28284151606964 -0.9856566670161958 0.013926574235133377 0.16818735177355681 198.11543615100715
0.1754901598533987 0.08926819408634368 0.9804256184531254 353.70425603798674 -0.003142097942659483 0.9959262186007714 -0.09011711449043906 -23.353879138213877 -0.9844761708721813 0.012734073508781944 0.17505574071342228 198.263909196343
0.17781102402616691 0.08926739961949672 0.980007434206466 354.62990394993534 -0.004585191635294445 0.9959414270357269 -0.08988687296654091 -23.435797172104838 -0.9840539699388638 0.011489355038840734 0.1774986731453428 198.43186958714935
0.18623654223568353 0.09057595691254167 0.9783209833002027 355.5211356470975 -0.006477271733136188 0.9958330938857105 -0.09096424612398137 -23.503246803902982 -0.9824835852506628 0.010604015814141535 0.18604719713454732 198.5799401142985
0.1953441676610277 0.09107798213535513 0.9764965219246681 356.4208847287373 -0.007919571117546854 0.9957925421259118 -0.09129344686078833 -23.5744094529676 -0.9807027768667422 0.010100208738507368 0.19524356386140718 198.74170426174013
0.20377205408974697 0.09084596932451991 0.9747943166789265 357.3216043851024 -0.009286706152817742 0.995819995024456 -0.09086415463932374 -23.64600928565142 -0.9789743137901429 0.009462947055549426 0.20376394571205825 198.91491204177345
0.2078441967059427 0.09054594748066172 0.9739621251827466 358.198570610915 -0.010088969436890643 0.9958518939188269 -0.09042797174537462 -23.715912067100035 -0.9781099133488872 0.00896865503350725 0.2078955522264155 199.09071422275295
0.21625765241732992 0.09037203046815442 0.9721448060242928 359.06193410962567 -0.012088502789674124 0.9958784058188112 -0.08988920360133662 -23.78657382794879 -0.9762614894951323 0.00768745294889655 0.2164587886779105 199.28164779587138
0.22406522350444416 0.09040454688769213 0.9703719871873548 359.9598069970735 -0.014198089957809062 0.9958853427880979 -0.08950306286031584 -23.863380293904303 -0.9744707229349983 0.006277095017504944 0.22442684380592026 199.49201932760056
0.23012727525146529 0.08985894190942435 0.9690029967674282 360.8426882998156 -0.015940976678346465 0.9959422715390351 -0.08857131039000347 -23.93608056124217 -0.9730299699638659 0.004935820152785851 0.23062592055435083 199.70750465663738
0.23360923968059136 0.09033187229549491 0.9681254443425438 361.7688009245817 -0.016618909223538092 0.9959007148048112 -0.08891331794214495 -24.01582953465991 -0.9721885285231876 0.004681783725416909 0.2341528259685792 199.93344227438425
0.23803707109131325 0.09108943265841939 0.9669752158376334 362.6224871007245 -0.018012762623657957 0.9958352491034179 -0.08937391692094715 -24.082115894223126 -0.971089024327295 0.0038564103899768705 0.23868647831406448 200.14983086491983
0.23982358625347452 0.09181389064962674 0.9664651348912189 363.4508187717134 -0.019406309636231134 0.9957723137797366 -0.08978248301337739 -24.151076189467872 -0.9706225026357208 0.0027764353986888877 0.24059145617342903 200.36006670363236
0.24406593417700637 0.09206242421641095 0.965378853001092 364.3195860136733 -0.020395589346453268 0.9957507444075071 -0.08980242172180693 -24.227068857052235 -0.9695441401553212 0.0022282412993298957 0.2449065030398234 200.57959598194554
0.24818704431783292 0.09178750730991801 0.964353796349976 365.1936059222176 -0.02023514883442495 0.9957749117038163 -0.0895704414017283 -24.300195059061796 -0.9685007639565557 0.0027163805115540526 0.24899576601317702 200.7988931135777
0.25185580546732755 0.09207651712897637 0.9633745731779525 366.07142481088147 -0.019953108742563674 0.9957460160422439 -0.08995412712878469 -24.37207812751436 -0.9675590559257436 0.0034331515246898473 0.25262162767011165 201.02443521708588
0.2541629168174583 0.09180100610597108 0.9627947792716651 366.87651625079957 -0.01925820999611195 0.9957680982308894 -0.08986109221113481 -24.439585108087698 -0.9669696650167433 0.004297653262410575 0.25485524737357823 201.23660591190853
0.2587239326211619 0.08996620290513029 0.9617525716232187 367.75035798589124 -0.019115324660624832 0.9959351477402373 -0.08802150793269409 -24.51475932505447 -0.9657621503518165 0.004389058037822705 0.2593919912360062 201.47126332457685
0.26298562868070857 0.08832717878387243 0.9607480775913608 368.632437744711 -0.020228393026183795 0.9960864002357829 -0.08603891782729904 -24.59191967464489 -0.9645876690187347 0.003192609183151445 0.2637431250736444 201.71355226355354
0.26767308928787487 0.08585970535595729 0.9596766269255882 369.5144216188911 -0.019661935690526544 0.9963010107106011 -0.08365228234741275 -24.667648498594396 -0.9633091536760109 0.0035223647196011417 0.26837113740265406 201.96241678455493
0.2723311564215048 0.08381457514087941 0.9585462212309225 370.37975371215776 -0.0197756297468893 0.9964760923217706 -0.08151271004722475 -24.74050411208215 -0.9620003460031837 0.0032425954238689304 0.2730289725737478 202.2199360021744
0.27649262616722936 0.08321757038935347 0.9574062166362002 371.24600180501994 -0.020603354778959453 0.9965280670006808 -0.08066792083433162 -24.81612340878012 -0.9607951547791062 0.002578305329997523 0.27724722342094477 202.48298506867405
0.2811676193410508 0.08257925936860169 0.9560990721448381 372.11250523932483 -0.02148680901117454 0.9965827238833311 -0.07975707802943 -24.89066418330484 -0.959418098053507 0.0018815895961958916 0.2819811567250323 202.74743590586846
0.2855567053970887 0.08618723699159042 0.9544784587315299 372.9481006360478 -0.02341474950922726 0.9962780559669047 -0.08295652297571547 -24.96291531247631 -0.9580757368330469 0.0013399173689910722 0.28651193188637514 203.00268557159208
0.2890834303543385 0.08784485155728732 0.9532649434178557 373.7155988688068 -0.0243177046744323 0.9961334174111237 -0.08442075548227651 -25.027537195191556 -0.9569949945187494 0.001223426217396433 0.29010185055313614 203.24090527085355
0.29262786390545076 0.08836119451800177 0.9521350915544947 374.55748400134314 -0.025889008104328644 0.9960884971034131 -0.08448352027249519 -25.10064875848388 -0.9558758771543053 7.239897088303812e-05 0.29377083284914624 203.50870405540425
0.2959491802306917 0.08424997692177173 0.9514809636085547 375.37276990780896 -0.028124588520734253 0.9964393923667466 -0.07948298472203504 -25.16925124248851 -0.9547895528551443 -0.003237086416027529 0.2972649172543125 203.77347158161197
0.2979841786520321 0.08173819563123652 0.951064822526848 376.1889684456732 -0.0317326880457627 0.9966247125309923 -0.07571141843805579 -25.24099620621552 -0.9540432200809718 -0.007619038486698843 0.29957216905125394 204.04421574088136
0.2992523008736576 0.08318550169911704 0.9505410210658399 377.0202651105371 -0.036518179691163034 0.9964611457783294 -0.0757073807906336 -25.314045998224287 -0.9534749514139693 -0.012056419916388774 0.30123107370411323 204.32348792232978
0.29915559921775975 0.08588534597145121 0.9503313289606043 377.8826292079477 -0.03857828003566034 0.9962154270762691 -0.07788799114582533 -25.390438895772903 -0.9534241678110317 -0.013361519472206616 0.301336731964823 204.607910854164
0.30023829885758546 0.09091487990059291 0.9495216945977407 378.7053163576491 -0.040684344648962485 0.9957621068382255 -0.08247794059976275 -25.457312252921525 -0.9529961951653284 -0.013867631295731757 0.302664733331548 204.88168323501768
0.30040705800956025 0.09125809571860648 0.9494353898311646 379.52088512575796 -0.04252331388461807 0.9957040651225731 -0.08225072932593452 -25.526818899082464 -0.9528627221558812 -0.015664439479010823 0.3029971255003857 205.15856996481423
0.2993604384611553 0.08923409383521273 0.9499582119134264 380.3053755135972 -0.044698255997512225 0.9958355901935512 -0.07945780776385415 -25.59417558671595 -0.953092542093962 -0.018674951171695882 0.3021023872855163 205.42586286994927
0.2990533466960457 0.08502997909476302 0.950440423427497 381.10001269096387 -0.04758235607679199 0.9961117151679149 -0.0741442532864918 -25.66442500133484 -0.9530493246522348 -0.02305110757369962 0.3019364688465914 205.69501140873305
0.2984281546391996 0.08349765380622466 0.9507727269581827 381.8949035477686 -0.049074046682666114 0.9961906374455537 -0.07208295088302373 -25.73534627750584 -0.9531696462124852 -0.025146683174382956 0.3013889013625033 205.96172774726296
0.2962826102243853 0.08400639250237255 0.9513987286607878 382.7005899170098 -0.048703056505943004 0.9961573238261231 -0.07279147254006436 -25.800978487659144 -0.9538577604473366 -0.02476917855540192 0.2992354601782445 206.22799140548494
0.2952410993759531 0.08526137259361434 0.9516108404083743 383.47732211236377 -0.04833045494191637 0.9960678315623428 -0.07424986230152378 -25.862486690114004 -0.9541995914715069 -0.024070173870181257 0.2982008825699084 206.4811282230756
0.2940094215886125 0.08631622536843979 0.9518970371081502 384.2630950132419 -0.048553183175408104 0.9959768886562538 -0.07531683521058959 -25.92373183437459 -0.9545685142621609 -0.02407377205069015 0.29701751645077373 206.73233157620447
0.29388726835823986 0.08170122098095053 0.9523419469849863 385.0342561848811 -0.04232142353371718 0.9964753823299028 -0.07242727055846439 -25.975483101624864 -0.9549027021676166 -0.01901901418820632 0.29630914007552345 206.9680106266741
0.2935491815406707 0.08044283577164274 0.9525533203919976 385.8289146814222 -0.04120170499001903 0.996591799683586 -0.07146470673935439 -26.031323255951442 -0.9550556515317431 -0.018268414721672767 0.2958630891152836 207.21000251706621
0.29266610601473053 0.0804424615143858 0.9528250420594968 386.6058754529382 -0.04076532068107418 0.9965988307037084 -0.07161675271726567 -26.087519963771822 -0.9553453506559543 -0.017882422249331495 0.29494996178089594 207.45210180246403
0.2924088196215836 0.0855362434215706 0.9524603053507472 387.4279213420479 -0.038569603743424496 0.9962361690187314 -0.07762654962029616 -26.145312309108498 -0.955515289189342 -0.014037328812952459 0.2946073412615658 207.7039224086401
0.292426230396348 0.09054459655079229 0.9519918990262664 388.2546524284017 -0.0360173201188907 0.9958439243953384 -0.08365184335291351 -26.210378151776407 -0.9556095711260115 -0.009826203760421532 0.2944720585930394 207.95945349052278
0.2926396142510837 0.08869308189860378 0.9521006214651396 389.040368265864 -0.03514000793725665 0.9960140285819878 -0.08198313674191811 -26.286245669566394 -0.9555769126622674 -0.009465309884103346 0.29458983671479655 208.20725785816907
0.2914633457312553 0.0853390664905173 0.9527677376074771 389.84513943500394 -0.0343959537251708 0.9963034909684073 -0.0787164039542969 -26.353387677575963 -0.9559634074913551 -0.009828408553130174 0.29332126742333775 208.46011114609692
0.29093485374354333 0.08456708758909971 0.9529980685048219 390.6519174138932 -0.03441803160959097 0.996366251795354 -0.07790822410627796 -26.42022753966482 -0.9561235850962722 -0.010134099859899038 0.29278830243485554 208.71419905045914
0.29076947001704706 0.08587608582282213 0.952931483995443 391.4732471000287 -0.03438590899865823 0.9962584804954956 -0.07928839324350903 -26.49044642748503 -0.9561750491245552 -0.009712771208705426 0.29263447764592754 208.97331735781214
0.29109282650340434 0.08855333286827764 0.9525876723935595 392.31633658816753 -0.032428146389394875 0.9960480754137326 -0.08268401772012791 -26.556362054665595 -0.9561450630945134 -0.0068219280643017745 0.29281407004697996 209.23304088278914
0.2909710985240979 0.08942452980547162 0.9525434758018925 393.1351710961323 -0.03193126236137614 0.9959752401183606 -0.08374792866201566 -26.619137590784646 -0.9561988361777549 -0.006047688834542995 0.29265544784280195 209.48526993079838
0.2911883065421362 0.0880452617225462 0.9526055857600941 393.9657999148074 -0.03181448185971019 0.9960963610094961 -0.08234001656323094 -26.688844227157542 -0.9561366057615018 -0.00633020314392456 0.292852726897044 209.74338345923272
0.2916807327566193 0.08520497811673938 0.9527132107002024 394.7844230395625 -0.030782573936535076 0.996344862060555 -0.07968280233131006 -26.759912349702674 -0.9560202839272854 -0.006085026676595432 0.293237427982754 210.00081088939893
0.29219330971427926 0.08466819032397252 0.9526039929086375 395.63039307743395 -0.028118672119407714 0.9964033011988502 -0.07993623482670162 -26.835113301296115 -0.9559458196134656 -0.0034291263161248726 0.29352313547018855 210.26590630117747
0.29296940248119696 0.08492177760762477 0.9523430164062591 396.50044702296924 -0.023809139971761258 0.9963868867294066 -0.08152482325942742 -26.906494255863574 -0.9558253261258667 0.0012098105789536183 0.2939327853349243 210.53478452530004
0.29418148841830377 0.08378638030054979 0.9520698999275861 397.3774353097398 -0.02126886455634013 0.9964771809210298 -0.08112252032670307 -26.97899038015151 -0.9555128922586442 0.0036152980242254245 0.2949271814325016 210.8072554706522
0.2953906218876561 0.08143904180275818 0.9518991873991032 398.23473917861594 -0.018271448178075234 0.9966595341602694 -0.07959853735405907 -27.049050307242936 -0.9552018292917489 0.006120084777048649 0.2958918888378341 211.0745868375782
0.2972706346062075 0.08081179384805487 0.9513672391752213 399.09114883757627 -0.012259691806225305 0.9966526875393902 -0.08082772035212708 -27.118204567147963 -0.9547145488352228 0.012364238576022226 0.29726630459370157 211.33848526462648
0.2993255254093744 0.0788481772684396 0.9508875826194425 399.9334180776988 -0.00821253989095404 0.9967557000000032 -0.0800664018551944 -27.182861364644765 -0.9541157078818825 0.01615671559886915 0.29900196740843527 211.60582749412848
0.30247739323556866 0.07533778154153796 0.950174534100875 400.79506288410636 -0.006014656089784088 0.9970024387058853 -0.07713599112368676 -27.24669466346169 -0.9531375821430719 0.017616920471847163 0.3020238295558001 211.8817731621748
0.3015990168698147 0.06887670887391908 0.9509437585882032 401.67249218689574 -0.008991206670424258 0.9975483491927412 -0.06940064283161539 -27.308977862192755 -0.9533924644267833 0.012381033782731796 0.3014788861209008 212.17421818491604
0.30213436444508074 0.06687923727210578 0.9509163966633811 402.52319754536614 -0.007960196161022549 0.9976781142647113 -0.06763886156849658 -27.36546334700841 -0.9532321129181756 0.012866543401613285 0.3019652148219201 212.44578034395548
0.30254458632910347 0.06673094488280461 0.95079637897817 403.38056593596775 -0.007800564584633902 0.9976860919194566 -0.06753971559487912 -27.418744242465333 -0.9531033125926679 0.01301702675438275 0.30236506501142324 212.71679119525103
0.3031547817583456 0.06749783151822625 0.9505478531022976 404.23218181306373 -0.007434768791011006 0.9976254969789738 -0.06846964283880884 -27.471608230976212 -0.9529123267699281 0.013689796119263504 0.30293677058445395 212.98474033257392
0.30387565437800984 0.06880401604689063 0.9502239704680975 405.1014362125744 -0.006052080124596065 0.9975080736522132 -0.07029235609090813 -27.52197158176382 -0.9526924787162467 0.015609304099312084 0.30353482604642346 213.24729130025972
0.3044444031931079 0.06737727369269243 0.9501441513550103 405.95352024183893 -0.004203691296220869 0.9975804622282219 -0.06939416661368461 -27.578760005489926 -0.9525208314487841 0.017132552940580113 0.3039910217191602 213.50633145310556
0.3048971228417176 0.06409975734668422 0.9502257445422846 406.7909232704999 -0.0023513124059123813 0.9977801081616964 -0.06655318990700554 -27.6334766086126 -0.9523823894911208 0.018057598537024867 0.3043710027618637 213.7616890985211
0.3047844150832495 0.0629083991658943 0.9503415142130467 407.63380631335156 -0.0026801965732360547 0.9978689476223317 -0.06519493782053713 -27.68487141411781 -0.9524175958416008 0.0173232989202235 0.30430351040668174 214.0199103849368
0.30411535476798557 0.06344249219705878 0.9505203318068314 408.4583760687902 -0.0040118882355580305 0.9978564113938206 -0.06531835111993035 -27.73790743779389 -0.9526267662348838 0.016050932186862963 0.30371798074662 214.27790889145655
0.3035441279469646 0.06391432575879728 0.9506713003723819 409.279051883388 -0.004689699045326924 0.997835779519384 -0.06558783297077984 -27.792216999568375 -0.9528058401960944 0.015450439273270512 0.3031869304809841 214.53741355396335
0.30339023579241176 0.06140874638753607 0.950885550785654 410.09306931154885 -0.0031130397000789563 0.9979797267443258 -0.06345686717087207 -27.84489767625419 -0.9528613088008427 0.016292049423791484 0.3029684724784434 214.79085291641866
0.3020533626627638 0.05872300131223107 0.9514806226198205 410.9037920066343 -0.002143651249160747 0.9981402157964425 -0.06092219931312386 -27.89159786619157 -0.953288608378094 0.016362112538109 0.3016174902253689 215.03652773097124
0.30059621867027525 0.05723323405583171 0.9520327043965681 411.69238505647826 -0.002494040669500908 0.9982416207443847 -0.05922369774640444 -27.93704766321349 -0.9537482335932661 0.015428011314780539 0.3002103985284307 215.27646605428748
0.2985783166277564 0.057330002983342204 0.952661671107674 412.48316535461396 -0.0016593988680531 0.9982238375197133 -0.0595517976454823 -27.98232102395558 -0.9543836939277285 0.01620002979447129 0.29814312636639045 215.51467193845826
0.2964912634740419 0.05951554296808382 0.9531793277388999 413.26426386988953 -0.0001486014729131711 0.9980592311390277 -0.06227157502239551 -28.02485751792481 -0.9550355535796416 0.0183213341048563 0.29592468655968684 215.74479339055333
0.2947301545147101 0.06433976954895602 0.9534120463231641 414.0431856938771 -0.0009645772015354401 0.9977502460655506 -0.06703369352012464 -28.06818062432385 -0.9555800362139018 0.018837211325325516 0.2941291448648481 215.97606279544172
0.2931038392331167 0.06906274524743053 0.9535829678877957 414.7942000477075 -0.0024745989859735955 0.9974390795559168 -0.07147838088889913 -28.11868191829555 -0.9560774109802357 0.018590852415326563 0.2925241262183426 216.20486784761633
0.29152945155560994 0.07350160330697775 0.9537337643110839 415.55168649503014 -0.003887324766536196 0.9971262866778602 -0.07565749878350045 -28.169257181002298 -0.9565539543495962 0.018348916243734848 0.2909774040897932 216.4347334030799
0.2900946321831936 0.07414129285315073 0.9541216762408044 416.303509877079 -0.00370889932211918 0.9970740810808851 -0.07635129928508595 -28.223759970745558 -0.9569907776171725 0.018610360844587216 0.2895208214013587 216.66019500688816
0.2878619105492242 0.06978830913807609 0.9551257050056814 417.0507047809752 -0.004691549530357894 0.9974320355659173 -0.07146554267497565 -28.279942720469123 -0.9576604355500749 0.01609118810010346 0.2874501067099674 216.88384234944226
0.2866553907502296 0.06518990693533058 0.9558132469199185 417.7963799785342 -0.005023717463156968 0.9977707837418366 -0.06654491245802047 -28.332473731163763 -0.9580205891402793 0.014273722183025332 0.28634386956657104 217.10398328652673
0.2860927884680416 0.06406979865706372 0.9560575177710934 418.5438198912619 -0.003494060040713091 0.9978251793560163 -0.06582327086646429 -28.378600675591414 -0.9581955478559773 0.015491040738806675 0.28569445168889007 217.31962101164777
0.2855163685688326 0.06462339570699473 0.9561925642916098 419.28558237396925 -0.0019330511996492124 0.9977607928396668 -0.06685554266486167 -28.423253188054673 -0.9583718832438325 0.017239982576870438 0.28500195860453725 217.53298043375204
0.28534478013577774 0.06674538525067601 0.9560980127565396 420.01586371558807 -0.0020220646054643896 0.9976118435826224 -0.06903999419471787 -28.4682449486441 -0.9584228021619686 0.017766910013117334 0.28479829564902426 217.74517302533098
0.2853787836560502 0.06807173967452639 0.9559943452221239 420.74847472882465 -0.002006847754578113 0.9975147666378352 -0.07042913389747966 -28.512527775751682 -0.9584127098495133 0.018180445460513475 0.2848061603999697 217.95795622277427
0.2856578380940774 0.06822534687683626 0.9559000479019519 421.4833447695492 -0.0003215515992795664 0.9974694128802958 -0.07109618114076864 -28.555880692394783 -0.9583316211729587 0.020001810212262633 0.28495689401775315 218.17233430939984
0.28565400756362164 0.06814619195771546 0.955906838810407 422.2020652056142 0.0008938546602539082 0.9974491634113156 -0.07137483754031751 -28.593392906872943 -0.9583324000505737 0.021242950165233424 0.28486443807816364 218.38314920536448
0.2853021616139661 0.06868784992700377 0.9559731459883193 422.94661660359856 0.0012045151267957672 0.9974021680503264 -0.07202405370299177 -28.628810581907345 -0.9584368657985313 0.02170010232481744 0.28447825898894985 218.60186983701553
0.28537103402620756 0.07159687516352219 0.9557391173357052 423.67408924611846 0.00016037361944005305 0.9972022271813092 -0.07475086879048656 -28.661348043920203 -0.9584171050326259 0.021485008062586117 0.28456114845395636 218.81955233281099
0.28547678406946586 0.07185693586057013 0.9556880173603132 424.42233192002226 0.0008173282439321765 0.9971666423875717 -0.0752198064610118 -28.69657569133159 -0.9583852762495371 0.02225461925579344 0.2846091955469494 219.04272161679012
0.28500369678131277 0.07143067214542306 0.9558611572283076 425.1885620159985 0.001999826693862263 0.9971729370052432 -0.07511414246016257 -28.73922372382057 -0.9585243312061432 0.023319364939555786 0.28405512441185604 219.2698329417469
0.2864360641135196 0.06976554727170177 0.9555559374463832 425.94434885470173 0.0030537449771015687 0.9972738027450129 -0.0737267726142275 -28.787647841042144 -0.9580944921127429 0.024036030711728266 0.28544213671224783 219.4906161983163
0.28789485009525145 0.06791342402285346 0.9552509210286716 426.6933896877405 0.0034101639847301155 0.9974032760188624 -0.07193799947477232 -28.833567230808892 -0.9576559539157233 0.023968141862214153 0.28691567072128027 219.71020681665357
0.29011046974283106 0.0660894628315945 0.9547083838786721 427.4158636191916 0.003994107102807383 0.9975202369207234 -0.07026680611831682 -28.879538205615237 -0.9569848287481099 0.024198343667472946 0.2891270961181345 219.9250856380342
0.2920146698756548 0.06527361867931585 0.9541838330646355 428.12985260289514 0.0042259092615513924 0.9975705692733977 -0.06953489059786017 -28.928365247252973 -0.9564045034755584 0.02433750242014442 0.291029400074328 220.139647938796
0.2940096740498939 0.06611841129406545 0.9535128039271548 428.85312046511353 0.0027276706188497017 0.9975423802005187 -0.07001256684962413 -28.982902866708105 -0.9557985516718857 0.02318524081882355 0.2931067608058576 220.36530886409363
0.295098547234378 0.06666405649071294 0.953138369279279 429.5863701140301 0.0029244043107122014 0.9974953305217543 -0.07067187167973997 -29.035511163042298 -0.9554623463431675 0.023642528618851227 0.29416447025587406 220.59345241801228
0.29732849253150045 0.06755053203471367 0.9523826400931368 430.28366178054387 0.002628278446768061 0.9974323784687021 -0.07156635057530653 -29.089030785162738 -0.9547716269775488 0.02378184189856968 0.2963875238847934 220.8131881081453
0.2988125279981805 0.06748728178679825 0.9519225493223524 430.96288006052197 0.0015870632005324326 0.9974598069276692 -0.07121386658655685 -29.144907356091295 -0.9543105125386275 0.022790356751040783 0.29794637990320577 221.0309627262454
0.29956841085317615 0.06636669731812915 0.9517637462658404 431.63609270131406 0.0005657187676693644 0.9975651465643948 -0.06973849956965651 -29.200752755487507 -0.9540746549307253 0.02142988210501684 0.29880146079259007 221.245574386363
0.3008295956985699 0.0653004607577967 0.9514396482051055 432.33404828762224 -4.8154542457545524e-05 0.9976540609774155 -0.06845708361013444 -29.256434818505333 -0.9536779079086288 0.02054810064420469 0.300127012324682 221.46603847330456
0.30186307563579673 0.06476738392085839 0.9511487105325569 433.04921886796586 -0.000602689018136266 0.9977024097679098 -0.06774613132310162 -29.30949081436028 -0.9533511002425332 0.019876808681165627 0.30120855257280926 221.69069929471542
0.3027692968508557 0.06474884391584107 0.9508618932820901 433.70069996594026 -0.0010334930956417139 0.9977112929251499 -0.06760996865581916 -29.35520872418784 -0.9530633162473854 0.019487513468414937 0.30214326410224307 221.8950475001933
0.3041346222546769 0.06468445245184885 0.9504304567705152 434.33286321904603 -0.0012178639645455372 0.997717650272754 -0.067513014608829 -29.401536407507344 -0.9526282844600893 0.01937555019122335 0.303519257546235 222.09488620469594
0.30486638628314416 0.06423830672913537 0.9502262501442648 434.945455823087 -0.0006839953763795384 0.9977372191948188 -0.06723074879628009 -29.445430063757062 -0.9523948858876689 0.019846445071018636 0.30422047918090656 222.2893263159013
0.3056822023636967 0.06367923606960799 0.9500017610781948 435.5663435486396 0.0004944508994964293 0.9977502368346374 -0.06703894699893821 -29.48534702316234 -0.9521334710408996 0.020962342188066908 0.3049630035489577 222.48633913306458
0.3067844105474359 0.06412396758390632 0.9496164711220846 436.17922435039196 7.309127854280637e-05 0.9977262850306147 -0.06739625224496597 -29.526908621509342 -0.9517790290307573 0.020745528200077842 0.30608218333802384 222.68244462467777
0.30799087758593785 0.06485147915623644 0.9491764351136688 436.75194653550807 -0.0009387913503744327 0.9976942899603899 -0.0678617893311656 -29.570016315503924 -0.9513888468941857 0.020009733423393804 0.3073416219350701 222.8681568314224
0.3093620778952874 0.06523601286479452 0.9487040462577436 437.332073898344 -0.0016890111695155405 0.9976802768756808 -0.06805301150226559 -29.61456998327584 -0.9509428226773592 0.019450649314678888 0.3087546278837892 223.0576291884612
0.3102941713171518 0.06537368488898151 0.9483901141253206 437.87407482664327 -0.001834227391992253 0.9976719911171271 -0.06817062234023384 -29.655861161482257 -0.9506388182987693 0.019413383641614084 0.3096917139335603 223.23432234872115
0.31132141979759675 0.06552380126445408 0.9480430396575175 438.41608216590873 -0.0019528869226570636 0.997662101208546 -0.06831191729712656 -29.694722202689128 -0.9503026674738317 0.019415542227774262 0.31072154240111005 223.41085985835798
0.3123525370446734 0.06522900541415068 0.9477241526174359 438.9823430682912 -0.0026232079879717793 0.9976952255569145 -0.06780380284897607 -29.735765024982328 -0.9499626368345293 0.018692612273614715 0.3118037441481094 223.59711292907576
0.3129242487193647 0.06460298048805327 0.9475784239182959 439.52126588666937 -0.0037165941510162743 0.997759675580561 -0.06679683161111474 -29.774707074531033 -0.9497708152451001 0.017380583920778056 0.31246329994294386 223.77572482147636
0.31348002283176873 0.06394122064650533 0.9474395999680555 440.052106132539 -0.004192214022720611 0.9978138698579995 -0.06595382066707216 -29.813239204303816 -0.9495855415005989 0.016703335631889298 0.313062769986765 223.95147028819676
0.31442938801356646 0.06373547078702144 0.9471388228327308 440.58331554567985 -0.003163141072566581 0.9978083169838529 -0.06609506105904761 -29.853701538519115 -0.9492755945940954 0.017786295887591105 0.3139418627495051 224.12730274162743
0.3144638342483029 0.06508579049795352 0.9470355520386299 441.1184862407986 -0.0025815354917447593 0.9977016599579623 -0.06771065936486272 -29.895250228882027 -0.9492659440980515 0.018847747673823707 0.3139091107044557 224.30335864166832
0.3143946133461368 0.06879266632728065 0.9467964914164588 441.63006456720814 -0.0038361046479861633 0.997454712356283 -0.0711995863707621 -29.94112110117636 -0.9492846313935916 0.018752756006020978 0.3138582844885808 224.4760452766138
0.3160714847187781 0.07210021619759724 0.9459917417038729 442.1498254537881 -0.005333721129006905 0.997227395087245 -0.0742231359241776 -29.98854594494359 -0.9487203845004015 0.018414160631446522 0.3155797058140038 224.65402360445034
0.31745222845376553 0.07440474706977435 0.9453507371675453 442.6413276706713 -0.005567440507797795 0.9970460593517848 -0.07660391071781235 -30.031945903816073 -0.9482579217997257 0.019054898177459745 0.3169287374150779 224.82006432970852
0.31907313480760535 0.07510135047266857 0.9447497667643159 443.0940266264283 -0.0038991928651579285 0.9969508870139714 -0.0779341079184798 -30.069420644718583 -0.9477220747344933 0.021182918572056557 0.31839307941869704 224.96883274850697
0.32042605824721987 0.07497426471458185 0.9443018589554175 443.53451613010265 -0.002890721523765961 0.9969356718841051 -0.07817230874198983 -30.102495485407122 -0.9472691195881062 0.022318731045665886 0.31966089738860626 225.11320004342045
0.32063674327720226 0.07369121623534869 0.9443313420142024 443.9608540619777 -0.003498906813399773 0.9970544225256708 -0.07661746650148034 -30.136236413305145 -0.9471957751762331 0.021262247570504385 0.31995012160733594 225.25609818737908
0.32048776509220583 0.0727709371531657 0.9444532720744068 444.3737573431807 -0.005380464283491408 0.9971684989946924 -0.07500690112755927 -30.168874846446048 -0.9472373741730749 0.018957197011040604 0.319971845091387 225.3969618066402
0.3198225730970252 0.07236965180955846 0.9447095613121325 444.75603169459157 -0.006242456753620713 0.9972179801632387 -0.0742787437482812 -30.199425270537784 -0.947456887394504 0.017858710370766893 0.3193845847761207 225.524644565831
0.31857707517645784 0.07176799401205845 0.9451761752221112 445.127538328245 -0.006202013869158131 0.9972661357046054 -0.07363280247799522 -30.23248738230033 -0.9478766703511511 0.017595727102960198 0.31815123477952584 225.6465180852151
0.31743398046415855 0.07129882946340078 0.9455961849351071 445.5032524260787 -0.00591532665102522 0.9972988943698738 -0.07321150318926696 -30.26688571194834 -0.9482619242368093 0.017646308559279053 0.3169983136184449 225.77205573476746
0.31655293406747126 0.0709412614026469 0.945918377749305 445.8596485498647 -0.006330272851784371 0.9973352983743268 -0.07267895336483288 -30.296275801281375 -0.9485537241394931 0.017018814505920434 0.31615849249057826 225.89026997604955
0.3160438858376551 0.07006537520854 0.9461538487061828 446.20936439546807 -0.005992456644849492 0.9973968419658269 -0.07185840312689996 -30.328304466644077 -0.9487256466903377 0.0170406230365849 0.3156410373803275 226.0088137710275
0.31536420841864715 0.06920374923737861 0.946444006341617 446.5609835395444 -0.005648915224659927 0.9974566521398901 -0.07105150848968765 -30.360792915569416 -0.9489539007798372 0.01706072077508986 0.31495305364668064 226.1285513641056
0.3145865217686836 0.06847099980223148 0.9467560628311629 446.90654776110495 -0.005363163067246281 0.9975072922594018 -0.0703593516970106 -30.39602646215658 -0.9492136518210217 0.017056496574394526 0.31416957064809947 226.24793259921387
0.3136251216702196 0.06817001176860296 0.9470966859580963 447.24204750556413 -0.00613629523426486 0.9975442920875552 -0.06976912787422043 -30.431335635154205 -0.9495270554008148 0.01606968633794481 0.3132732612957278 226.36727580508776
0.31253694698183476 0.06824366909448011 0.9474510321910031 447.5637619379907 -0.00796994439411872 0.9975692656162967 -0.06922456416699255 -30.458980343586404 -0.9498721686404085 0.014084101898187304 0.31232115092656176 226.48068542776934
0.3119620062156081 0.06838790941854372 0.947630096885538 447.8680328601109 -0.009174011808615688 0.9975763932040712 -0.06897229320012936 -30.484422642892454 -0.9500502850824647 0.012823165260975954 0.31183332446584433 226.58345606071055
0.31102097466479983 0.06836203472244164 0.9479412352710297 448.1627219344777 -0.008914048910171363 0.9975756735922888 -0.0690167746921807 -30.502858032066733 -0.950361243449347 0.013015669997808729 0.3108763408236823 226.67825210288453
0.3095852780433899 0.0688588215514002 0.9483751464021763 448.4664272258384 -0.008331639396970002 0.9975326281262688 -0.06970824634468324 -30.521577492085502 -0.9508351799359129 0.013679127093664329 0.3093951229062907 226.77456540388124
0.308417081966783 0.06993792951680299 0.9486767571549318 448.7436970968779 -0.00783936219413392 0.9974465968352934 -0.07098472273717635 -30.538954150514094 -0.9512189274564967 0.014455880346327166 0.30817783757422923 226.86207812951716
0.3081786003189072 0.07012360086822801 0.9487405498379169 449.01749575963447 -0.008004712762745505 0.9974354624604586 -0.07112258994067847 -30.55649095028883 -0.9512948411922927 0.014324064631152137 0.30794958401234535 226.95455558707312
0.3082819213933941 0.06966703564214263 0.948740618444701 449.29516555433025 -0.00872655924253499 0.997479934277273 -0.07041042449798798 -30.577096907820373 -0.951255015285485 0.013427019737707288 0.30811298420413685 227.05153059009064
0.30793003906973 0.06932843109289742 0.9488796866203386 449.57017738260913 -0.009431910191465012 0.9975149421631969 -0.06982105149084641 -30.597544363504085 -0.9513622496760419 0.01255025112675748 0.3078187146487357 227.14669422705194
0.30944343087114795 0.06913623631821623 0.9484012568098193 449.82159357745303 -0.010300281865180132 0.9975386934252001 -0.06935747481732688 -30.617609238265604 -0.9508620653302957 0.011693414697600655 0.30939391844139114 227.23501503965545
0.3109907813317853 0.06918589463295914 0.9478913682012737 450.0816840582963 -0.011543932769873836 0.997548282798314 -0.06902290273766523 -30.636953752686757 -0.9503428179045996 0.010523092224515104 0.31102699719989446 227.32470245422215
0.31339106871113137 0.06940081094567226 0.9470847720727948 450.3392919386805 -0.01281865434938322 0.9975442035332545 -0.06885669246971962 -30.650180156691423 -0.9495376349322708 0.009438720108233586 0.31351106903896003 227.41495935653273
0.3173069519595421 0.06969760091977667 0.9457581840323519 450.6157682386081 -0.013215729419249232 0.997523685999522 -0.06907850871173701 -30.66287559931486 -0.9482307961324955 0.00942020678901986 0.31744230494688197 227.51478863415133
0.3219209509483571 0.06975606781283816 0.9441933024247714 450.8908291509183 -0.012927307055164674 0.9975129549242533 -0.06928772972597243 -30.677673728575563 -0.9466782906947909 0.010099295102562808 0.32202207714009845 227.61680956854286
0.3277400342842886 0.06969640095828485 0.9421936539909379 451.1649023816577 -0.0127775930413364 0.9975109943715109 -0.0693437035643678 -30.69621032984986 -0.9446815352505878 0.010687740706759518 0.3278148397421643 227.72220943933726
0.33471335504438277 0.07041599721937082 0.9396853501521316 451.4344157009879 -0.013854821585530624 0.9974640440034683 -0.06981063557276491 -30.71632164035175 -0.9422181349739402 0.010347379177446218 0.3348401377827801 227.8332398931906
0.3428786606345022 0.0711922878260651 0.9366781102575101 451.70186653094083 -0.015659419193431154 0.9974186932366829 -0.07007662215422165 -30.733633365673484 -0.9392491717707386 0.009359943168196315 0.34310841550721677 227.9459160953002
0.3489730484088199 0.07181564133792644 0.9343769716466035 451.9812114298217 -0.016624632633740147 0.9973768556454549 -0.07044877154764283 -30.75182022620813 -0.9369852896785803 0.009051048668586022 0.34925155038159716 228.0580071750221
0.36001714024790205 0.07187086635734923 0.9301732297248542 452.2575829972368 -0.01626088655378156 0.9973602187181311 -0.07076847947356128 -30.77169755556192 -0.9328039677746937 0.010352424235843436 0.36023545774428245 228.17497395418155
0.3757580927489201 0.07204628002882935 0.9239129771075312 452.5318385654558 -0.017746720834901048 0.9973499961720758 -0.07055521975843898 -30.788788018050244 -0.9265478453017449 0.010115269129442266 0.37604091758362673 228.30113196205062
0.3778353796050367 0.0734227473440657 0.9229569470409588 452.8645197505682 -0.01993740063058203 0.9972647692276836 -0.07117218637461926 -30.808024800285594 -0.925658104256003 0.008490007638240194 0.3782657713770679 228.44627848184268
0.3959707135108631 0.0750417113906943 0.9151917479923284 453.1480206559019 -0.02357226880215195 0.99715745510793 -0.07156366302942199 -30.82159429188596 -0.9179605341109284 0.006763968822024694 0.39661405237403863 228.58931896048037
0.41592028511440726 0.0765335905734246 0.9061748870633578 453.42307149461465 -0.024524555008337327 0.9970339530608159 -0.07295096055267979 -30.83513453132196 -0.9090703287601003 0.008118248447481236 0.416563598277803 228.731366870261
0.4366873365526576 0.07871829228982183 0.8961627087496555 453.6860929589675 -0.02601333709786888 0.9968526765688672 -0.07488689812317577 -30.848290820422026 -0.899237163593444 0.009389977446855735 0.4373606657393507 228.8743659603711
0.45778665227940507 0.07935018969690433 0.8855139346107888 453.9593085188086 -0.026958893060024254 0.9967900429528921 -0.0753845365770908 -30.86745558563612 -0.8886532501936832 0.010637559166927168 0.45845637006718093 229.02999825785798
0.47923723446752636 0.08172411504419304 0.8738723259836991 454.22767048404694 -0.03254185714997131 0.9966254238747279 -0.07535776018262988 -30.885997230305854 -0.8770819235585418 0.007676816186115881 0.48027946641522756 229.19726950902677
0.49273838531164743 0.08582218847713441 0.8659350065712008 454.4851933214866 -0.036903853531975755 0.9962902314813713 -0.0777423967297062 -30.895396310471224 -0.8693946107694506 0.006350324384138826 0.49407760943525303 229.36062357429182
0.49715089454189604 0.09083558013023925 0.8628962193906028 454.7386976294459 -0.04417353603538674 0.99586499096226 -0.07938273420499739 -30.904507235733348 -0.8665389124386316 0.0013480200791461618 0.49910769987202414 229.52155092723365
0.4954964343590807 0.09281360772985131 0.8636370289407503 454.9760256178017 -0.046999590100130516 0.9956830653451746 -0.08003918987127219 -30.91426994263637 -0.867337490293058 -0.0009314531653050965 0.49771961014927185 229.6630174670876
0.49177102383759314 0.09402829513774684 0.865632681815569 455.23953844542143 -0.0482843702079632 0.99556730018664 -0.08071164967151928 -30.929140928142008 -0.8693847708048199 -0.0021048782783108727 0.4941312475244679 229.8154380042573
0.48806028451480277 0.09415240407626443 0.8677168221752933 455.48939937802714 -0.048208362105488886 0.9955550383151318 -0.08090809297255641 -30.94496473725921 -0.8714775456100056 -0.0023431798927147527 0.4904298084390404 229.96061797753492
0.4788292518563188 0.09274077298429254 0.8729958170535492 455.69597726967174 -0.04554727084615965 0.9956897055733388 -0.08079267500050819 -30.95206879104431 -0.8767257231798254 -0.0010766808009384891 0.4809894459063188 230.06828906198942
0.465060307528566 0.09165841749608804 0.8805212347601553 455.88415209218255 -0.041828145205806765 0.9957898973681739 -0.08156522891598393 -30.945659286743947 -0.884290289797463 0.001102180378961252 0.4669362575002437 230.14891955288175
0.4459847146393493 0.09032230982970926 0.8904715125455078 456.1122002407228 -0.03746034725419684 0.9959070289236891 -0.08225516472525411 -30.9502914281159 -0.8942563148737933 0.0033271740876804415 0.4475428171928764 230.23583617193978
0.4234277116377418 0.08971651826169842 0.9014765218064328 456.36107822464857 -0.03483534594209118 0.9959606956979313 -0.08275742442815145 -30.95808410673382 -0.9052598917936904 0.003638540350845273 0.4248426642108751 230.32924624252507
0.4022705025799818 0.0898311087195491 0.9111030757605122 456.62308334804817 -0.03375450736154069 0.9959532088511326 -0.0832936913091611 -30.962689742994705 -0.9148983965374694 0.0027527595867974657 0.40367480269126044 230.4248958649892
0.3805724013275646 0.0895847142038836 0.9204016657572821 456.8913144808097 -0.03334109739345043 0.9959787442081542 -0.08315474917370697 -30.96819142822319 -0.9241498896674585 0.0009592009957213532 0.38202887503574584 230.5180942946094
0.3600154412085807 0.08947318044771455 0.9286460208669187 457.1547541216956 -0.03110007274730514 0.9959883491567033 -0.08390467102140879 -30.983354042754137 -0.9324278350448936 0.0013260183517766087 0.3613538073811133 230.6050519784685
0.33904791553066627 0.08835907843226233 0.9366104762562244 457.41740172411016 -0.026595445808173794 0.9960818657534815 -0.0843421542250458 -31.000682937076526 -0.9403931056938788 0.003686458416727436 0.3400694293637203 230.68637504211634
0.3226032724024348 0.08702338294816356 0.9425253627651077 457.6770567845423 -0.02098247696200386 0.9961774409129901 -0.08479529395301745 -31.018406666828874 -0.9463016772128134 0.007578722603246581 0.3231960684598792 230.76005635043774
0.3090967110169802 0.08629046986998719 0.947107796424516 457.9464664116399 -0.01792559689160121 0.9962268962001565 -0.08491551250199242 -31.043112130188973 -0.9508616598720182 0.00926963305708851 0.30947726522059904 230.83464227245832
0.29564733002941485 0.08609592191122971 0.9514095587478265 458.21185961550447 -0.018173729493989647 0.9962571460783546 -0.08450688992079203 -31.064018355683817 -0.9551242703453628 0.00769357641549274 0.2961054492561404 230.9069639519632
0.28419314646828037 0.08407930926639551 0.9550732564854617 458.4786571126334 -0.016713955764644604 0.9964304400767827 -0.08274673269126719 -31.08601847090933 -0.9586213533941127 0.0075530021626078235 0.2845839998579944 230.9711480317594
0.27565521872415766 0.08099906141670707 0.9578378528956504 458.7382163878005 -0.015395797908429886 0.9966876973777165 -0.07985363675288547 -31.112032596228048 -0.9611332736914814 0.0072653936928102165 0.2759892104006753 231.0353496664016
0.271251757151308 0.08010902701028247 0.9591689257027638 458.9634979620328 -0.014431325748724884 0.9967568880879779 -0.07916718313984654 -31.133254408963523 -0.962400239546659 0.0076321583205316654 0.27152813681073207 231.0941272045879
0.27052214152529674 0.08030610391670338 0.959358483893423 459.18495865544236 -0.013421765522730613 0.9967325354530945 -0.07964991512545479 -31.153038932058173 -0.962620188420555 0.008670780988986267 0.2707160697155235 231.1531738440093
0.2743842846890905 0.0799747514789069 0.9582887369898195 459.41609840753216 -0.012434832966179305 0.9967474136359067 -0.07962391813536696 -31.169571966915896 -0.9615397231756803 0.009931391443876 0.2744862987823407 231.21977854121164
0.2830826314458444 0.07924488284386795 0.9558161289268757 459.6289018061872 -0.011601249244729415 0.9967907538613459 -0.07920608582984905 -31.182760650222534 -0.9590253566979668 0.011333206059425947 0.28309348924119737 231.28458816219475
0.29312453195174015 0.07770735690055142 0.9529111057447088 459.83732182818704 -0.009650595779373725 0.9968812148108652 -0.07832438674072341 -31.19663865808608 -0.9560255617760338 0.013762639308563389 0.29296026179344736 231.34907218697262
0.3055900057213961 0.07689070535717245 0.9490535115750185 460.03985274131657 -0.010896297644271169 0.9969512216547558 -0.07726274871327748 -31.213988121267455 -0.952100845026854 0.013269554278879098 0.3054961535410791 231.4182346380999
0.318403549528965 0.07881038726045948 0.9446735428216526 460.2199605861069 -0.01642331443875366 0.9968471508792257 -0.07762752428623149 -31.233925187060358 -0.9478129849238227 0.009202208638150593 0.3186939989487995 231.49078708185263
0.33203595153698895 0.08082476666828724 0.9397975760662205 460.37463077091616 -0.02113780194584786 0.9967095564166732 -0.07825122028805703 -31.257892379291455 -0.9430298617837238 0.006116963355199847 0.3326518638809738 231.55548594293813
0.34882958422450133 0.08056331189122681 0.9337170202726727 460.5299029588655 -0.024753070412942484 0.9967427678767086 -0.07675376336443024 -31.270387753941467 -0.9368592245769362 0.003661620213507594 0.34968755462915435 231.62803203300328
0.3636490652675662 0.07788361904532501 0.9282744740724203 460.705299086285 -0.026288921129983836 0.9969598743798618 -0.07334781184401412 -31.285307726600028 -0.9311649960967453 0.0022695287806299203 0.3645910027459074 231.70170595713464
0.37869252011304144 0.07677647643086437 0.9223325581791499 460.8450963427083 -0.020253435483901162 0.9970021223417866 -0.074676411249241 -31.2980069892502 -0.9253009097377662 0.009598995407190012 0.37911223367973607 231.7489822343607
0.39463936777338116 0.07540876493897317 0.9157364727768601 460.9828769242933 -0.014664236741053186 0.9970165440453953 -0.07578239281371124 -31.311525466194702 -0.9187190699905129 0.01647813915914017 0.39456779058309216 231.7970428792265
0.41130357336476014 0.07793010627994423 0.9081609268585475 461.08031821792383 -0.010338958059310377 0.9966732287132624 -0.08084294101850585 -31.318139857611527 -0.9114397821488986 0.023861552788333098 0.4107409765471441 231.8335318922197
0.4279181157566238 0.08013260158550115 0.9002582142754602 461.15160549392203 -0.012403895229751591 0.9964888026981563 -0.08280223113127631 -31.319735563709646 -0.9037323882601722 0.024265866156544212 0.4274095672177236 231.87798470035582
0.4399919590552804 0.08181391462614708 0.8942670514674251 461.2361938748009 -0.020476452814774164 0.9964962737922061 -0.08109186887947806 -31.318919398389816 -0.8977682277998178 0.01736835316855555 0.44012560645955456 231.9328369094897
0.455210141670964 0.08212800464805235 0.8865882459024769 461.32299253802813 -0.02698592603638393 0.9965520516462786 -0.07845870350410543 -31.314554446918976 -0.8899749921856593 0.011789792708772381 0.455856900871341 231.9872308502437
0.46481566101071625 0.0821724498040851 0.8815861215856149 461.4150564585454 -0.031238223606143294 0.9965861560675563 -0.0764212465248918 -31.313485781551062 -0.8848562451975508 0.00798260782456639 0.4657957742479152 232.03704675675985
0.46131470118559 0.0826182332083284 0.8833815563003252 461.7099560282322 -0.03126007896865259 0.9965503499985503 -0.07687787315368334 -31.342208342774626 -0.8866857131661295 0.007850315872275698 0.4623059794203198 232.17957537546997
0.4646159753962101 0.0832054567876608 0.8815944914570335 461.97919106694826 -0.032131694991440765 0.996504171516742 -0.07711673182067724 -31.370704454534167 -0.8849291212202306 0.007502540268600143 0.4656652899947685 232.3151434328994
0.4761465477114441 0.08270442723860244 0.8754681278136908 462.0773598064645 -0.03271176917117037 0.9965442475667533 -0.07635118073284221 -31.37308680326493 -0.8787573073722744 0.007716239805877188 0.477206511253872 232.36433428480777
0.48695891196139357 0.08121600964970087 0.8696407176748084 462.17202221613894 -0.0323214767036678 0.9966610914861492 -0.07497993639184669 -31.368476362166483 -0.8728266381161119 0.008404076047420878 0.4879580220682086 232.41089161325408
0.4963142561427025 0.07940384342204855 0.8645040131771067 462.2421684624769 -0.03181912929898964 0.9968031010593814 -0.0732879303094865 -31.372672834945927 -0.8675596245562458 0.008866079641013198 0.49725415078370977 232.44122969079262
0.5047827082435667 0.08019015441334597 0.8595137908105106 462.306754714527 -0.03448458880006262 0.9967544475248578 -0.07274190315560657 -31.381836849916407 -0.8625573781457003 0.007078875233594817 0.5059097339761766 232.48073905951728
0.5132322030284554 0.08425182496294091 0.854104405658332 462.3830749029193 -0.04158120318872244 0.9964422633963641 -0.07330633846334686 -31.3910527310329 -0.8572419199478875 0.00210848474943094 0.5149095502863821 232.5457923475787
0.5229072468707003 0.09110825271708149 0.8475065176486521 462.4597483337899 -0.051645253782688284 0.9958310380840525 -0.075188505439021 -31.397963337655135 -0.8508235886080203 -0.004453074811005965 0.5254325753061955 232.61872617065387
0.5268534578325539 0.09390353061300179 0.8447529585081632 462.5563758653276 -0.05591954996248666 0.9955544827141154 -0.07579100131161146 -31.40604847344023 -0.8481146372406728 -0.00730745415564163 0.5297623648504 232.69370254521516
0.5319977058716542 0.09295935590575059 0.8416275893154199 462.59510722372386 -0.05593521471901433 0.9956425358254609 -0.07461362214352808 -31.409546446771195 -0.8448962615029364 -0.0073823441146731285 0.5348792464601121 232.72563924266748
0.5392820820661474 0.08768341769915881 0.8375478817494534 462.6302412858918 -0.05118858305486946 0.9961386409187073 -0.07132697269237719 -31.409917297313324 -0.8405680013700496 -0.004407530966341543 0.5416881102106123 232.74279686703383
0.5444077283359259 0.08361561204138039 0.8346428306473748 462.6779270732993 -0.048105200516123034 0.9964939083481654 -0.06845275968356172 -31.415039843165456 -0.8374402157834456 -0.00288444932998365 0.5465213307279433 232.77538527524254
0.5486996638191878 0.08217364437778306 0.8319712561707792 462.7298809319118 -0.047747901822749926 0.9966135350242464 -0.0669447509368287 -31.424950716208944 -0.8346549088073698 -0.002992319525495196 0.5507651307296255 232.81677345259797
0.5541057823015916 0.08418734134520234 0.8281782861058167 462.7823887971797 -0.05235358483378232 0.996427809722166 -0.0662625246072982 -31.43788267869243 -0.8307983414613902 -0.006641654124331974 0.5565339201302101 232.8678603116231
0.5587427320566578 0.08740886695794511 0.8247219224387033 462.8299536010948 -0.05806069128820861 0.9961131716621516 -0.06623824702011868 -31.441677733962074 -0.8273061800210373 -0.010873785830666699 0.5616460142124318 232.9173437709774
0.5619985198127239 0.09009334972382432 0.8222170346470866 462.86571872299925 -0.0621244346116222 0.995840191989943 -0.06665483209500732 -31.442406752616442 -0.8248019267390793 -0.013619851429735203 0.5652577122822278 232.95581152441824
