-0.17139591717109043 -0.9848159871072469 0.02758461736293235 0.0 0.9849712095679791 -0.17068223430526236 0.026444114936139684 0.0 -0.02133438303005087 0.031702467262694746 0.9992696321164698 0.0
-0.7316615271023463 -0.5782362045657924 0.36099072216278594 -0.37303975224494934 0.6624659540448116 -0.72796993380512 0.1766313539756375 0.06572093069553375 0.1606557483869161 0.3683784293428655 0.9156893923733764 -1.0545835494995117
-0.3603646067307332 -0.7975980603130868 0.48370929740972035 -0.2912191152572632 0.9255710254777889 -0.3702206109960445 0.07908840616493218 0.40859055519104004 0.11599839228109063 0.47620797282124205 0.8716480594882805 -1.101883888244629
-0.17153631617166426 -0.8754462587297798 0.45185079430082514 -0.06597214937210083 0.9742656866059933 -0.21881664780699522 -0.0540892461092041 0.7621304988861084 0.14622470426165174 0.43094445433088147 0.8904522520298612 -1.1335325241088867
-0.7295043409669437 -0.47194862620270506 0.4950635421193571 -0.25919437408447266 0.6534008635744866 -0.6948508656800172 0.3004156885780867 1.3758928775787354 0.20221455929408325 0.5426294948573199 0.8152683627618513 -1.1103081703186035
-0.7999693755738054 -0.3659228544020864 0.4755517456284698 -0.586101770401001 0.5695001702894511 -0.7126372370815276 0.40965561678694506 1.9748344421386719 0.188993529477444 0.598538748078214 0.7784810934535419 -1.0634194612503052
-0.48497181373903764 -0.7859260629216508 0.3835655921731532 -0.6499872207641602 0.8637104078171384 -0.4992219741656231 0.06915021285961903 2.4729065895080566 0.13713741760373332 0.3648254981914663 0.9209211065896621 -1.0000813007354736
-0.28926268418121326 -0.9303847478770967 0.22519174154029512 -0.4962233901023865 0.9370123964700362 -0.323317910004015 -0.1321866026952633 2.959378719329834 0.19579292224633502 0.17277080189750546 0.9653058487391101 -0.861285924911499
-0.20544027595880515 -0.9552350767639647 0.21288551179850787 -0.39742857217788696 0.9675786088119113 -0.23090419690980019 -0.10234689843393785 3.559891700744629 0.14692150551766256 0.184957292284416 0.9717020485968118 -1.0202205181121826
0.09425757546713504 -0.6892038681794586 0.7184104241681972 -0.6271883249282837 0.9898925455913326 -0.011925134226439094 -0.14131715874724193 4.151871681213379 0.10596347318660848 0.724469336314625 0.6811137372642531 -0.9799520969390869
0.5062877216485718 -0.3599211885079709 0.7836641378619467 -0.8854439854621887 0.8536777099398327 0.08051804016584313 -0.5145398067785761 4.639095783233643 0.12209467826150783 0.9295017930433817 0.3480219910714804 -0.9586763381958008
0.3959602851832963 -0.38409592409670523 0.8340777983197132 -1.3416138887405396 0.9097620301762135 0.040747055158757206 -0.41312555711979776 5.220304012298584 0.12469362857506677 0.9223936245379121 0.36557010326966843 -0.8833772540092468
0.3131066971773264 -0.9294983810723014 0.19492807844606921 -1.5718579292297363 0.9358281672912296 0.26698438302743244 -0.23009776297000292 5.821286678314209 0.16183274541032913 0.25446433699721493 0.9534453648267023 -0.873525857925415
0.177314807576044 -0.943088079187598 -0.281326027783633 -1.7339255809783936 0.9841063753550618 0.17272529266488656 0.041238516696791516 6.593105316162109 0.009700566983055242 -0.2841669371480016 0.9587257432822648 -0.771703839302063
0.0007726992346399 0.9850898933374165 0.17203867292085886 -1.724064826965332 0.9955400559696336 -0.016987342294107203 0.09279777562938579 7.067217826843262 0.09433663072143175 0.1711996852983682 -0.9807095736546412 -0.7742656469345093
0.10652878446113034 0.6336284190460967 -0.7662679979343899 -1.4585140943527222 0.9929428097679917 -0.027398552292609582 0.11538585642233229 7.906256675720215 0.052117123973603685 -0.7731522139329443 -0.632075517228208 -0.7704449892044067
-0.09830731073632132 -0.9950173755827809 -0.016616104963176587 -1.5512430667877197 0.9687233147854597 -0.09950553388733746 0.2273186928452366 9.06236743927002 -0.22783944357126454 0.006250681094959493 0.9736786517835263 0.0065285563468933105
-0.35702854981017607 0.4757037493231362 0.8038883986601333 -2.1266679763793945 0.9335077669459886 0.15123744355727262 0.32510073010956864 9.175943374633789 0.033073609902102674 0.8665063061202564 -0.4980692299087267 -0.2899834215641022
-0.33748789290664355 0.632398541860697 0.6972617918643597 -2.530397653579712 0.9363914474368802 0.14976532308504426 0.31739786572738027 9.798563957214355 0.0962963099422699 0.7600279154437001 -0.642716569288365 -0.5711541175842285
-0.7954056322680293 -0.5678040628741342 0.2119632664871969 -2.931346893310547 0.5944153484559555 -0.7991143685790029 0.08992563288943947 10.658111572265625 0.1183227521497077 0.19752157379437704 0.9731315194820848 -0.568437397480011
-0.5009065698412937 0.8637013379381484 -0.055790744157800304 -3.211376428604126 0.8622684696335343 0.5035639562888664 0.0540039646928544 11.662653923034668 0.07473750441158478 -0.021055658872534484 -0.9969809249247307 -0.49013566970825195
-0.30668491363828776 0.7641198940220747 -0.5675078425064886 -2.997436285018921 0.9506747683122602 0.27504076939461275 -0.14342266231405038 12.390880584716797 0.04649568411268529 -0.5835009534958044 -0.8107803578210196 -0.4369624853134155
-0.5919707918180254 -0.457247393892471 -0.6636982766384765 -2.8358423709869385 0.8012805052645355 -0.2452900969086941 -0.5456943469026724 13.169625282287598 0.08671870338831578 -0.8548436050746752 0.5115879957012112 -0.3827967643737793
-0.41515629212407357 -0.5957996355527002 -0.6875085798628701 -2.987541675567627 0.9097436403105919 -0.2690369972728631 -0.31620500156201486 13.915410995483398 0.003429580764952478 -0.7567310541887857 0.6537173315754338 -0.3840545415878296
0.025525244127867885 -0.9991348388668918 -0.032833453589951204 -3.171186685562134 0.9963338458489822 0.022743506888125598 0.08247181645996857 14.783479690551758 -0.08165371717190653 -0.03481819433658956 0.9960523900955964 -0.11920046806335449
0.5850999927356552 -0.2502476260740632 0.7713845501078125 -3.482656478881836 0.8078208714483095 0.26347949071385596 -0.5272608440095482 15.721330642700195 -0.07129823387174694 0.9316408554896373 0.3563171034756917 -0.30649495124816895
-0.8810532030968474 0.05540477963647006 0.469761177308449 -3.5040245056152344 0.47301317583059643 0.09911068954778005 0.8754630812935617 16.719303131103516 0.0019464848931175505 0.9935327783273172 -0.1135289812592499 -0.29494571685791016
-0.8856667445918038 0.24028778632634812 0.3973112095908442 -3.5605573654174805 0.4567863747032748 0.29736755675190807 0.8384024952711199 17.794334411621094 0.08331041597300937 0.9240315557023927 -0.37312874273716856 -0.28080320358276367
0.05664031476951767 0.29979837915353286 0.9523196976854593 -3.952418088912964 0.9968824636170373 0.03549639870760521 -0.07046530643953242 18.136844635009766 -0.054929304343277974 0.9533419835167782 -0.2968532196029854 -0.2360544204711914
0.2754727900604151 -0.9105645441035625 0.30819953432444025 -4.141451835632324 0.9611827687082041 0.2660900027579575 -0.07296434451635393 19.054616928100586 -0.015570069838042433 0.316335773275394 0.9485195050559039 -0.24227392673492432
-0.016294622085476163 -0.999173141392085 -0.03724941357611399 -4.030458927154541 0.9989592326242887 -0.014681199589552052 -0.04318464927847149 19.884294509887695 0.04260207560418109 -0.037914323141586104 0.9983724591829101 -0.20875650644302368
0.2068297041589659 -0.9413634259133629 0.2665640145071558 -4.0799241065979 0.9760654442705058 0.17981730006653013 -0.12231920167252372 20.778366088867188 0.06721400135786237 0.2854831675413455 0.9560238695095564 -0.17573076486587524
0.6711707274996153 -0.5618877398434418 0.48354112789013715 -4.147421836853027 0.7410113185176054 0.5268199052537323 -0.4163688428031669 21.648365020751953 -0.020786543157464227 0.637764027867735 0.769951274030692 -0.0368725061416626
0.8801845622985129 -0.4564944316367535 0.1299537232095049 -4.442840576171875 0.474439977595118 0.8384292142281978 -0.26822222202537704 22.668861389160156 0.013484952759247722 0.29774030062006074 0.95455165886177 -0.010424017906188965
0.4433068052990942 -0.8963532710913674 0.00546715459052609 -4.599284648895264 0.8960907054931903 0.4430082329914952 -0.02766139964770068 23.531784057617188 0.022372391562541796 0.017161553121988533 0.9996023995520487 0.04073968529701233
0.11859083135689724 -0.9921011550428861 0.04088413972008797 -4.820147514343262 0.992093380665756 0.1166856889481162 -0.046207943406901375 24.43474578857422 0.04107236001585365 0.04604072281443007 0.9980948417287074 0.035076141357421875
-0.1338461592439717 -0.9850192375323323 0.10873043431744278 -4.973875999450684 0.9901925149214907 -0.13736348693010947 -0.025496192889423848 25.48940086364746 0.04004983207318674 0.10425149471170181 0.9937442512041442 0.042184293270111084
0.08941469058506629 -0.9559420429090695 -0.2796065516156806 -5.073936462402344 0.9931532406923564 0.10676372416148 -0.0474146359834408 26.36064910888672 0.07517748073623941 -0.2734525878502648 0.9589431831908218 0.03873276710510254
0.03891193693823858 -0.9788244650442159 -0.2009689722186466 -5.234951019287109 0.994557440012851 0.057391352133627116 -0.08695821534138395 27.26880645751953 0.09665070966526332 -0.19649147394016522 0.9757303628513476 0.0625225305557251
0.07106230660419349 -0.9402466208708011 -0.33299615691645923 -5.3447184562683105 0.9961448516707656 0.08411099022568752 -0.024915373027155685 28.366958618164062 0.05143523179611048 -0.32994186346126775 0.9425989516574831 0.14152899384498596
-0.14101785386872556 -0.960448562463663 0.24010939954891825 -5.502281665802002 0.9897759740380101 -0.14201545515116554 0.013233733989911955 29.385299682617188 0.021388924876375226 0.23952070758013927 0.9706556261274861 0.2899285554885864
0.2817793068698392 -0.8831311853984887 0.3750729683629749 -5.784591197967529 0.9585837422837509 0.2422300586507964 -0.14980590013517814 30.366474151611328 0.041444315041175794 0.40175105234795827 0.9148106146564303 0.30870485305786133
-0.19125285953248922 -0.9729895348388001 -0.12928150994949605 -5.9623308181762695 0.9797229808617979 -0.18122312323053508 -0.08544624261981142 31.33669090270996 0.059709500851366386 -0.14300190453538025 0.9879196479508519 0.2292841672897339
-0.3956038598461761 -0.678101951281124 -0.6194153128100237 -6.192821979522705 0.914435754692445 -0.22805745129785404 -0.3343606577448759 32.38916778564453 0.08546833691412342 -0.6986898758220699 0.7103010775782864 0.2517268657684326
-0.15295089057459182 -0.5518527032796574 -0.81979547385636 -6.333852767944336 0.9868250538314809 -0.04101126127528282 -0.1565068355667112 33.45674133300781 0.05274787391861696 -0.8329325725000464 0.5508547825566379 0.2560186982154846
-0.19421334932997764 -0.7055536338921509 -0.6815242069388389 -6.386190414428711 0.9805806728314816 -0.12033224319548169 -0.1548602444686903 34.47212219238281 0.027252871617339136 -0.6983653921473519 0.715222385024046 0.2686811089515686
-0.22230939706979913 -0.7804268322455824 -0.5843907010601621 -6.619982719421387 0.9749386014536209 -0.18320414030271515 -0.12621793205246568 35.58893585205078 -0.008558935104334087 -0.597804485168076 0.8015962463377753 0.18825915455818176
-0.32087998223200603 -0.8344552579526625 0.4480183695764527 -7.057502269744873 0.9458802987852255 -0.3065330612946053 0.10652672295405582 36.744895935058594 0.04844065826100949 0.45795404224497593 0.8876551119769023 0.31078028678894043
-0.16728529570584988 -0.9841046014114594 0.059613449165427566 -7.526368618011475 0.9851006662561301 -0.16928967157052138 -0.03029330687253142 38.09086608886719 0.03990372391562876 0.05365762369260917 0.9977617712847731 0.3223074674606323
-0.27889576164377156 -0.9201387512181798 -0.27488512626875566 -7.271134853363037 0.9572596142254013 -0.24353476324837248 -0.1560283630068443 38.81730651855469 0.07662365894537415 -0.3066520790671544 0.9487324793078473 0.3190113306045532
-0.26509221764628266 -0.7804378451723442 -0.5662533761189632 -7.309514045715332 0.9628387313138529 -0.18279894158338372 -0.1988117814364255 39.774925231933594 0.05164972047655475 -0.5979141382997586 0.7998943615227894 0.2615673542022705
-0.2305665022462311 -0.7424049999485843 -0.6290261553332113 -7.431271076202393 0.972174410666731 -0.14823375501449698 -0.18139368544438456 40.84490203857422 0.04142467002563771 -0.653346439437489 0.7559248817095667 0.27015185356140137
0.33600668260776384 -0.9141922290055426 -0.22660996815851525 -7.421159267425537 0.9405559004323885 0.3383397140646998 0.029678882196544187 41.84645080566406 0.04953894836131112 -0.22311164539865458 0.9735333000379395 0.3198215961456299
0.1575771197084522 -0.3260118075420595 0.9321404146841544 -7.861163139343262 0.9874003065813952 0.03816154157678936 -0.15357190923945008 42.720672607421875 0.014494340528463212 0.9445951503621233 0.3279175445214892 0.36730074882507324
0.35803089916420505 -0.2227721443058357 0.9067449734986406 -8.44441032409668 0.9335930615816868 0.07005943100709716 -0.35141950926705 43.52224349975586 0.014760440718465051 0.972349858769127 0.23306196931600606 0.330549955368042
0.011889716281066165 -0.9835798727497924 0.18008128322581912 -8.681469917297363 0.998594215076358 0.00237630169667713 -0.05295230690233041 44.73957443237305 0.0516548958259328 0.18045771557832685 0.982225424546455 0.25033116340637207
-0.2546797948414428 -0.6959995065686354 -0.6713589866500161 -9.030820846557617 0.9669408970584757 -0.17410526322741343 -0.18631333530443656 45.84825897216797 0.012786856348253939 -0.6966147028111946 0.7173314799533059 0.24181610345840454
0.06365610839794128 -0.7457171020622457 -0.663214824589677 -9.103836059570312 0.9975750559936516 0.06628636681240968 0.021216155025687966 46.843387603759766 0.02814085149551987 -0.6629571036399694 0.7481283119962847 0.3082119822502136
-0.7644738472051686 -0.6088712035658143 -0.21179139361089683 -9.340126991271973 0.6414962019008311 -0.6860196598714658 -0.34330693150102154 48.16368865966797 0.06373664476686237 -0.3983125452934614 0.915032653174578 0.2626357078552246
0.22932140866676043 -0.9666016961766296 -0.11442400305685557 -9.38916015625 0.9731052798583392 0.23031389905832877 0.004649969072297443 49.03583908081055 0.021858770297434958 -0.11241293897506902 0.9934211218370945 0.2718062996864319
-0.7350206254940765 -0.4457265778236461 0.5109525397920215 -9.841874122619629 0.6765398813470986 -0.5322867504815578 0.50888564944262 50.13038635253906 0.04514940802657133 0.7197212190031669 0.6927935463552221 0.2670019865036011
0.27481338975306036 -0.7236964062339244 0.6330411617079376 -10.216137886047363 0.9614829515817529 0.20321028115328943 -0.1850840767090502 50.956485748291016 0.005304208713188707 0.6595218671414191 0.7516666629113089 0.22532713413238525
-0.49889129968698365 -0.7189658372887112 0.4839375950557822 -10.257128715515137 0.8633566790271675 -0.46102989712302 0.20510163026635722 52.01375961303711 0.07564863432879781 0.5201341738152566 0.8507277621858287 0.2787637710571289
-0.6198907390336265 -0.4729327575782011 0.6261549955640563 -10.510830879211426 0.7836415887338416 -0.4143097503235714 0.46287502761924953 52.95085525512695 0.04051335664994338 0.7776130384685553 0.627436554829774 0.23630309104919434
-0.741859172140811 -0.41056747684497186 0.530169138735653 -10.745315551757812 0.6683915819891195 -0.5162291705818882 0.5354998940862807 54.12759017944336 0.05382993439186631 0.7516260974696722 0.6573891904845091 0.20405006408691406
-0.6790951208095143 -0.636318403494532 -0.36596271157985627 -11.052117347717285 0.7300742680586685 -0.5336713005422632 -0.4268331126987794 55.103694915771484 0.0762979685922939 -0.5570402430271078 0.8269732689978497 0.11874866485595703
-0.6655400329048557 0.0987865165782395 -0.7397957074377632 -11.430793762207031 0.7450850882727158 0.14589768871061792 -0.6508164684936443 56.29410934448242 0.04364259197896747 -0.9843551638363243 -0.1707051129700588 0.14142799377441406
-0.5947518291863594 0.3019892533507884 -0.7450320479953281 -11.673093795776367 0.8033102365131242 0.2590256844654185 -0.5362819768558795 57.27375030517578 0.031031042404470577 -0.9174465573796955 -0.3966470581757 0.22145748138427734
-0.7251694169568019 -0.6322614039161709 -0.2727174982073657 -11.569393157958984 0.6875778816454934 -0.6436487816596685 -0.3360846657315985 58.52649688720703 0.036959077131713744 -0.4312328408017841 0.9014833684719842 0.20277953147888184
-0.9725981142618554 -0.12106390193097052 0.19848536415446671 -12.009328842163086 0.2319558684492347 -0.5632713110533516 0.7930459666603189 59.66529846191406 0.015791872157671832 0.8173548567137083 0.575918097458544 0.15970611572265625
-0.7740635397578035 -0.34106426704277104 0.533386166078758 -12.275157928466797 0.6323763031697488 -0.4570079573393617 0.6254949545103189 60.798343658447266 0.030427744033713455 0.8214736104556745 0.5694341574913971 0.09540557861328125
0.46960405302547137 -0.306063598069387 0.8281286779956791 -12.392265319824219 0.8828519831186495 0.15571116644791327 -0.443087359949365 61.60082244873047 0.00666402922549264 0.9391906657224884 0.3433314493812515 0.07658815383911133
-0.3520622765009688 -0.0016350615566891324 0.9359751492634092 -12.720123291015625 0.934961196991248 -0.0471813691603975 0.3515984620626814 62.8099250793457 0.04358570391364536 0.9988850008774063 0.01813949934523862 0.02206277847290039
0.8154793559815474 -0.5421987490380931 0.20251897814636527 -13.077432632446289 0.5785682210452971 0.7732432748916951 -0.2595258203555996 63.71945571899414 -0.015881862749724154 0.3288089937582211 0.944262893509697 0.17185819149017334
0.9989437461252535 -0.028982286633017454 0.03565696480025474 -13.042682647705078 -0.024017612232286677 0.3322217736810886 0.942895459419999 64.591064453125 -0.03917328655990586 -0.9427559175914586 0.33117477782340593 0.18270301818847656
0.2472577323500848 -0.6946419653247699 -0.675526575201032 -13.158249855041504 0.9686797184263835 0.19366829407285097 0.15540976475207252 65.87557983398438 0.022873935002019563 -0.6927951586729322 0.7207715665985099 0.187308669090271
-0.4233306711481647 -0.9056788326134994 -0.023173153024431795 -13.590189933776855 0.9044150610244884 -0.4209629210613063 -0.06945226046431853 67.05268096923828 0.05314640399232724 -0.05035942064183838 0.9973160925681 0.09384775161743164
-0.6962456127084307 -0.7106108582426993 -0.10136199944671684 -13.687292098999023 0.7153899956873342 -0.6753806939609928 -0.17910352396098733 68.27142333984375 0.05881497134861168 -0.19721340312550306 0.978594743891934 0.07548689842224121
-0.5913295737841485 -0.7616474213276632 -0.2649953598710333 -13.91867733001709 0.8029136821766443 -0.525403713035483 -0.28156803316795476 69.25176239013672 0.07522602037725976 -0.37926790519822395 0.9222238892724213 0.059430599212646484
-0.6968251236897571 -0.6671242237655693 -0.26340086761425197 -13.736274719238281 0.7130001189015646 -0.604425456600395 -0.3553880947074031 70.36605834960938 0.0778818171405165 -0.4354482029800904 0.8968384944237734 0.0060577392578125
-0.5186513658747868 -0.7747930235711362 -0.3615197522981486 -13.625733375549316 0.8494574314217012 -0.4189586981233294 -0.3207735672857891 71.29224395751953 0.09707127731035498 -0.4734652890046973 0.8754471927129782 0.003993511199951172
-0.41124053548408585 -0.9095740033682272 0.05963517729878935 -13.79549789428711 0.911085578785117 -0.41219632487902397 -0.004154261187539653 72.35693359375 0.028360008895457662 0.052624349429916006 0.9982115946744594 -0.03072190284729004
-0.08533439648972396 -0.4165599496356779 0.9050943868654013 -14.20295524597168 0.994937159362382 -0.08402635346652876 0.05513275653395816 73.34776306152344 0.05308568258626167 0.9052167587283391 0.4216213111569566 -0.03372621536254883
-0.029695815433047834 -0.9917954848868782 -0.12433774448561064 -14.674431800842285 0.9737254993410938 -0.0006058371172690258 -0.22772414209812136 74.30855560302734 0.22578044751196769 -0.12783328642959146 0.9657545445929345 -0.03918933868408203
0.5370740838401088 -0.774062399428307 -0.33522951877571866 -14.553154945373535 0.843518078352624 0.4903082375588183 0.2192603103032145 75.26403045654297 -0.005355367364087982 -0.400531189763366 0.9162674751769476 -0.10867667198181152
0.08240041190205172 -0.27621359708277987 -0.9575574243380728 -14.778968811035156 0.9960433670714062 0.05491365758987976 0.0698720339131283 76.34008026123047 0.033283374700113 -0.9595262054767932 0.2796456292736911 -0.05055403709411621
0.3141662003860999 -0.2434226479204758 -0.9176301068591555 -14.857379913330078 0.9484372729721919 0.12326411171221502 0.2920148934572868 77.34895324707031 0.04202782140479039 -0.9620558056803059 0.26959652999396033 -0.055497169494628906
0.23889751732757736 -0.9292472079208789 -0.28182903112697777 -15.248432159423828 0.9706641664583746 0.23665022106184663 0.0425176295793651 78.51936340332031 0.027185513943806167 -0.283718697731803 0.9585221167969893 -0.06996417045593262
-0.21779323038190307 -0.7506283930015016 0.6237973424276497 -15.544361114501953 0.9745329969553596 -0.2022212314474217 0.09691239031771592 79.564453125 0.0533998749532269 0.6290179561601333 0.7755545526802794 -0.08359408378601074
-0.284457200670107 -0.920582044179418 0.26760568178080674 -15.811463356018066 0.9567589607638755 -0.2903028181770147 0.018345701308808374 80.69961547851562 0.06079796036838174 0.26125270083374663 0.9633538468922609 -0.12908101081848145
-0.3485793184451363 -0.9339503323591314 -0.07892550562773008 -16.232954025268555 0.9358964834424532 -0.34225637143385096 -0.08341671590864787 81.67034912109375 0.05089431237746002 -0.10294344514927815 0.9933843244527385 -0.18598222732543945
-0.6165136853613666 -0.7872107463550239 0.014495398763468479 -16.391637802124023 0.7842333979621435 -0.6156087136826423 -0.07748476726913862 82.84757995605469 0.06992033526017974 -0.03640264360137331 0.9968881553393718 -0.24050450325012207
-0.6655653370269483 -0.6759533466038673 -0.3164014149197766 -16.681901931762695 0.7440135312014796 -0.567473951173123 -0.35272819582373727 83.78614044189453 0.058878243327307095 -0.4701705945239406 0.8806094279007548 -0.3078036308288574
-0.332197364104054 -0.8351058634666838 -0.43845536612736646 -16.752065658569336 0.9427627573628262 -0.3082957585285869 -0.1270909461878536 84.6295166015625 -0.029039535326160437 -0.45557866727585866 0.8897217448793712 -0.41020655632019043
-0.4485755126727229 -0.8008327181391567 -0.3967958757198137 -16.738819122314453 0.8917250164939391 -0.37120188718476177 -0.25891244448530343 85.65921783447266 0.06005417878289401 -0.4699745913433207 0.8806346456405124 -0.4909954071044922
-0.5121199799935761 -0.8586532365973036 0.021159994620846882 -16.661052703857422 0.8467374820576214 -0.5088401894529748 -0.1552974503209245 86.48370361328125 0.14411371402506645 -0.061613966585796515 0.9876411071596128 -0.5548982620239258
-0.4365481091770445 -0.8526882399998817 0.28696430743186724 -16.903833389282227 0.8803896090223616 -0.4705720805680034 -0.058958064040075905 87.5395736694336 0.1853102390571026 0.22690236304588013 0.9561252182349314 -0.6587915420532227
-0.39687150211957445 -0.8592653260073101 0.3227322579583637 -17.026479721069336 0.910296917125554 -0.41354896354463644 0.01835149647493023 88.53155517578125 0.11769678617984858 0.3010653654486151 0.9463123756192914 -0.5631070137023926
-0.4644177874913059 -0.8838863745558183 0.05532626443428371 -17.21680450439453 0.8768782593809898 -0.46769145596735495 -0.11112704549344146 89.40779113769531 0.12409930252280249 -0.003094978143322713 0.992264976820026 -0.6878504753112793
0.1559072239943951 -0.8702635335858461 -0.46726258101525553 -17.14887237548828 0.9642123644106432 0.23678318686862382 -0.11928218112515859 89.98052978515625 0.21444685547705813 -0.4319434043101192 0.8760350687324032 -0.7859840393066406
0.205641627614997 -0.9506919964024285 -0.23215565676549837 -17.57884407043457 0.957816184826253 0.24418581860202088 -0.15153033385610404 90.8329086303711 0.20074779469955906 -0.1912015009617496 0.9608029501168477 -0.8544464111328125
0.15309464069976142 -0.986642756260146 0.0556606010423258 -17.976167678833008 0.9853108420575635 0.14809053390514437 -0.08503962777143631 91.70777893066406 0.07566092460990752 0.06786210494135361 0.9948216720599238 -0.865969181060791
0.34841297509771046 -0.8841593560979306 -0.31124047263820753 -18.13242530822754 0.931591143608602 0.36335149049567356 0.010659995524843008 92.36668395996094 0.10366455485641861 -0.2936629485976484 0.9502713994893014 -1.0745296478271484
0.5217915128315228 -0.8217440087881865 -0.22906418567229492 -18.066743850708008 0.847143225859233 0.5307400528245033 0.02575560538322022 93.06057739257812 0.10040902358754165 -0.2074892294760484 0.973070525518902 -1.139711856842041
0.4618008972087312 -0.8768102354202186 0.133954254876623 -18.19593048095703 0.8688626526662308 0.4168068809270936 -0.2671136739547939 93.7801742553711 0.1783749481822242 0.23974118351707543 0.9543094586070182 -1.2521324157714844
0.35267355878399287 -0.5850858845930665 0.7302710925297418 -18.37311363220215 0.9169638077107337 0.06050839376078776 -0.3943553088689465 94.47923278808594 0.18654419391464921 0.8087108518713215 0.5578422911381814 -1.335190773010254
0.3451491827436738 -0.5952182244143641 0.7256633565065731 -18.635425567626953 0.9288046085929423 0.10549938365108058 -0.35523496323666304 95.35212707519531 0.13488528721801063 0.7966085270534417 0.5892544560017012 -1.3416128158569336
0.46661235417519176 -0.7397641208327763 0.4847906315716046 -19.019725799560547 0.8736565051889835 0.3000903480475948 -0.38297531767679915 95.87379455566406 0.1378304098232944 0.6022415034993713 0.786325600238705 -1.6260700225830078
0.3287108972775953 -0.9234407701969085 0.1980057826153035 -19.168766021728516 0.9417893017131485 0.30483744253417167 -0.14179931173276528 96.67147064208984 0.07058368926047003 0.23309070673745486 0.9698900273964134 -1.687882900238037
0.6336365201490337 -0.7347480449350895 -0.24217776693471865 -19.32512855529785 0.7733355118747532 0.6102097112695632 0.17203573566480188 97.167236328125 0.021376304798459214 -0.2962927922450694 0.9548579134388443 -1.7525250911712646
0.6498650873109738 -0.7261555477623515 -0.2244403901891538 -19.354598999023438 0.7406604887374529 0.5387715462392384 0.4014315151880545 97.8922348022461 -0.17057962573970403 -0.42711045575698486 0.8879635408425073 -1.7764482498168945
0.6769728001680928 -0.7120247516085887 -0.1863560595454278 -19.68340492248535 0.6855960736500988 0.5179610652631428 0.5115411602862848 98.53450775146484 -0.2677047844700198 -0.4740644344054908 0.8388069267737733 -1.9106178283691406
0.14400039615664678 -0.8797979948044548 -0.45301145045659635 -20.050430297851562 0.931147264871302 -0.0345086640934677 0.36300678123855673 99.1886215209961 -0.33500545820840283 -0.4740934933539425 0.8142522352011281 -1.937967300415039
-0.2067247468087597 -0.6354236175480228 -0.7439769521423618 -20.36318588256836 0.8826802538687797 -0.4491494071276948 0.1383487604100117 99.86871337890625 -0.42206687679442556 -0.6280936525224754 0.6537261775192844 -2.0364303588867188
-0.24330069747399494 -0.725094786944206 -0.6442377826198988 -20.117353439331055 0.8062112272089211 -0.5204654060250057 0.28131693559668824 100.38435363769531 -0.5392849225881926 -0.45094712669842163 0.7112091543220495 -2.0651378631591797
-0.2912143665765883 -0.8315433093244218 -0.4730009697846149 -20.327476501464844 0.7287715063428661 -0.5131351308811163 0.45341419143909684 100.95741271972656 -0.6197469517812466 -0.2126689026947977 0.7554373922334295 -2.0886802673339844
-0.1399266530501122 -0.9841380000810795 -0.10905470444967941 -20.30005645751953 0.6746948160298585 -0.17537733560551327 0.71695864272519 101.50031280517578 -0.724711968294045 0.026742979496020003 0.6885327705048225 -2.1823501586914062
-0.31622572598086307 -0.9424319595126585 0.10873496179705522 -20.66157341003418 0.38484580341342806 -0.02267340227156489 0.9227023487693662 102.15743255615234 -0.8671187910678382 0.3336284138357564 0.3698608977149221 -2.2748489379882812
-0.11179884719378536 -0.5217297246524756 0.8457535765104354 -20.55300521850586 0.40144705961424054 0.7548368156562677 0.5187115191095973 102.65396118164062 -0.9090331545621542 0.39751663631093204 0.1250569780652851 -2.2035369873046875
-0.235206063145259 -0.8589236690161764 0.4548936564335653 -21.082149505615234 0.19053451023044377 0.41819604346973765 0.8881490131940148 103.2363052368164 -0.9530869363656989 0.295570972915216 0.0652923555938924 -2.2099952697753906
-0.23540800266835848 -0.9599614140856578 -0.15184582887375714 -21.218185424804688 0.17548087000787804 -0.19565097949959342 0.9648456656285127 103.72811126708984 -0.9559233947032431 0.20048635287099675 0.21451267042185135 -2.2346878051757812
0.16849859094332453 -0.712012157496309 -0.6816501393145646 -21.394020080566406 -0.10354040053211427 -0.7004971100574513 0.7061042304495904 104.53852081298828 -0.9802487491997953 -0.048399239442474984 -0.1917547999754542 -2.3091964721679688
-0.2924450260427108 -0.9319549047833882 -0.21432676499463216 -20.998748779296875 0.6474278635932817 -0.35790283905569537 0.6728615899565913 103.92720031738281 -0.7037848166775957 0.05801390562666109 0.7080404780575922 -1.6455841064453125
0.3283986507879316 -0.7902135587711813 -0.5174136234144315 -21.241436004638672 -0.24417352800807401 -0.6001982090565029 0.7616701373071265 105.59503173828125 -0.9124327999259763 -0.12379273556857617 -0.39005351458446336 -2.3661270141601562
0.4794216598855987 -0.3920058702421618 -0.7851663962041565 -21.041269302368164 -0.19616684443515775 -0.9199211749083769 0.33950493530955284 106.05599975585938 -0.855379121312234 -0.008742405325564445 -0.5179286912039471 -2.3448562622070312
0.5257445185674724 -0.6757427687867538 -0.5166859893868503 -21.26107406616211 -0.3840565153707881 -0.7305378585487096 0.5646370783328997 106.60366821289062 -0.7590080989011279 -0.09841822828865274 -0.6435996878052525 -2.3845672607421875
-0.35766146628270634 -0.9281508761664536 0.10302536875910118 -21.42283058166504 0.5835347592300901 -0.13599482227678827 0.8006201303266021 105.90511322021484 -0.7290853587247416 0.34646985350149734 0.5902484055953608 -2.4465408325195312
-0.22091530789647107 -0.9563769612589836 0.19115317080822994 -21.374082565307617 0.7888397187244645 -0.05996031190539386 0.6116671146619834 106.03577423095703 -0.5735227326791114 0.2859158424593517 0.7676742838802431 -2.166667938232422
-0.22467994675445843 -0.9343587812586338 -0.27657293687433354 -21.045684814453125 -0.8533136984853589 0.051614261894835776 0.5188368721923002 107.84414672851562 -0.4705046795767835 0.3525757164836111 -0.8088978369623795 -2.506378173828125
-0.07924089169130384 -0.9367081207166883 -0.3410260659647256 -20.920146942138672 -0.9248258317615712 -0.058599521888727926 0.3758500724237404 108.31481170654297 -0.3720457794283998 0.34517240998930204 -0.8616483884924824 -2.506622314453125
0.41233515016679323 -0.8959172041961702 -0.16526368978770284 -20.635643005371094 -0.8667490705621629 -0.4416526154920166 0.231708903386745 108.93477630615234 -0.2805811337502133 0.04770042404820857 -0.9586443015681396 -2.4750289916992188
-0.006115064162861422 -0.8290671601294597 0.5591155962635604 -20.50121307373047 -0.8987007375398215 0.24974881483366276 0.3605031398400873 108.91304016113281 -0.4385197718868156 -0.5002730989010438 -0.7466104983056973 -2.5244522094726562
-0.4536055136008391 -0.3224790199046012 0.8308124455930395 -20.194204330444336 -0.8156015693344449 0.525967984493061 -0.2411467590234171 109.41365051269531 -0.3592159769972792 -0.7869974339282659 -0.5015963724551996 -2.5263290405273438
-0.9048107902392412 0.17106987910279048 0.38993913670007074 -20.16698455810547 -0.3710413990020738 0.13254317916746713 -0.9191085822049343 109.52873229980469 -0.2089155669001802 -0.9763029253873703 -0.0564524914139223 -2.318971633911133
-0.9821099390625082 0.14860431786103867 -0.11565822196321136 -20.114471435546875 0.14148616990220098 0.17701792370582808 -0.9739847629266503 110.22550201416016 -0.12426476299032484 -0.9729241550089776 -0.1948765180287902 -2.44989013671875
-0.9002967481265868 0.2891441207356883 -0.3253635547455781 -20.052898406982422 0.4321736273143447 0.5046877566132469 -0.7473394303652456 110.35659790039062 -0.051881799955811964 -0.8134408065548924 -0.5793292095731678 -2.4006710052490234
-0.3895845443319065 -0.9129046343032405 0.12177442870064167 -19.483619689941406 -0.9157405550005704 0.3980606382064491 0.054469847052492776 110.77244567871094 -0.09819938260981251 -0.09029317237942894 -0.9910620688315696 -2.4290390014648438
-0.15691465898469625 -0.9693352122837537 -0.18912174920544456 -19.235565185546875 -0.79282836698527 0.00945075727087584 0.6093716958396389 110.66639709472656 -0.5888980984000431 0.24556043943155337 -0.769999415770555 -2.2435989379882812
-0.5508888184876325 -0.4763838662756956 -0.6852590179030993 -18.83428382873535 -0.8345680170468717 0.31859069508569854 0.44943986686459364 111.50384521484375 0.004211245392102547 0.8194866569731514 -0.5730827902277437 -2.42669677734375
-0.6413252141636074 -0.5884320722575761 -0.49239178102061953 -18.14873504638672 -0.7655610956678974 0.5335456989700404 0.3595068788080963 112.19270324707031 0.051168139283848196 0.6075168174209054 -0.7926570116216742 -2.437896728515625
-0.2079524291173967 -0.6939033821024259 -0.6893865994715801 -17.706762313842773 -0.977853905406886 0.16449447255077482 0.1293959357195702 112.2894287109375 0.023612007637532018 0.7010275777792604 -0.7127431573072224 -2.4323348999023438
-0.050647423836683525 -0.2366735938647242 -0.9702682352967467 -16.970849990844727 -0.992530393370467 0.1198926980926561 0.022564555832749744 112.46405029296875 0.110987642080429 0.9641635498768966 -0.2409779915141792 -2.4569549560546875
-0.9381670610391757 0.34616558869052966 0.0034569911273830967 -17.0052433013916 0.3020125969880338 0.813542435206809 0.49692765809352846 111.96456146240234 0.16920684632029293 0.4672452154108314 -0.8677850838969443 -2.449665069580078
-0.7505267586006457 0.6117237185762748 0.25000735340309976 -16.937402725219727 0.620198752906315 0.7826427392861943 -0.053139905307156135 112.14527893066406 -0.22817338038837837 0.11517132791548572 -0.9667846056430169 -2.3145084381103516
-0.886591810764207 0.11398728813213976 0.4482876969426272 -16.691120147705078 -0.07223235097513223 0.9231519625726308 -0.3775883227417198 112.16712951660156 -0.4568779361694429 -0.3671475890463947 -0.810225400304736 -2.3269119262695312
-0.8277206578854492 -0.10498351156623367 0.5512322331004439 -16.226646423339844 -0.39594153751259054 0.8053647506347881 -0.4411552077298103 112.3322982788086 -0.3976289870995895 -0.5834090166719988 -0.7081843742161826 -2.2923851013183594
0.5031351033339789 -0.8311249996601457 -0.23682546892813036 -15.376335144042969 -0.5889181466335991 -0.5302957986186178 0.609886696471639 112.70594024658203 -0.6324796315761899 -0.1673845898144896 -0.7562750258562568 -2.2720565795898438
0.4428356475790811 -0.5011459012956998 -0.7434711661172455 -15.125511169433594 -0.11590541153924946 -0.8542484090390889 0.5067796278759664 112.84996795654297 -0.8890795941922935 -0.13824775321395424 -0.4363771693411109 -2.1793975830078125
0.0472711127077165 -0.973934967638921 0.22184706604674376 -14.986778259277344 -0.11169890541653549 0.21554835188028687 0.9700836368738728 112.83438110351562 -0.9926171449416548 -0.07063700738186746 -0.09859825939646077 -2.2074813842773438
-0.130391495491399 -0.09869423264234566 0.9865381423678736 -14.878262519836426 0.07203045211624683 0.9914607400954838 0.10870701365249846 112.5864486694336 -0.9888425920597501 0.08523525850523342 -0.12216905842356535 -2.1057024002075195
-0.08297764565993027 0.7750466009739384 0.6264323400332072 -14.843158721923828 -0.09302924042683192 0.6198308491041085 -0.779201693353195 112.70265197753906 -0.9921997131355873 -0.12293284678077121 0.020669892017949 -2.0516676902770996
-0.04655645056725094 0.5121728023827337 0.8576196810999599 -14.360418319702148 -0.2687882572546795 0.8204622586281567 -0.5045736367754229 112.70060729980469 -0.9620734741549481 -0.2540092570482452 0.09946822437958341 -1.9117536544799805
0.10422347469277815 -0.8172171662090455 -0.5668276374491816 -13.398391723632812 0.2751467396872476 -0.5239944840103636 0.8060546212051578 112.71144104003906 -0.9557362287589821 -0.23997058982294023 0.1702421130554609 -1.7827301025390625
-0.46603553191117975 -0.46845331029512005 -0.750574699193763 -12.703132629394531 0.16018088142281614 -0.8789851380689488 0.44914052620590894 112.85511016845703 -0.8701453718907397 0.08908772714271587 0.4846755705104927 -1.7878074645996094
-0.2028739955599988 -0.8990101175406708 0.3881017269802226 -12.189971923828125 0.5484728926223867 0.22400798160485977 0.8056040654290103 112.8858871459961 -0.8111840900707766 0.3762993924215484 0.44763728539881487 -1.6686840057373047
0.5667358925679582 0.6339858048068469 0.5261866849119373 -12.382469177246094 0.4471849351496261 0.29969470922357927 -0.8427388178069283 113.38538360595703 -0.6919798131812983 0.7129130946804169 -0.11366115247861353 -1.7266654968261719
0.41481210145999814 0.20546136823916367 -0.8864065357631513 -12.216503143310547 -0.6954338950876942 -0.5566275102770599 -0.4544639835739674 113.51783752441406 -0.5867730549756848 0.8049543098611573 -0.08801102766386529 -1.5923919677734375
0.5258432911350488 -0.7795253036476788 0.340336795162166 -11.361961364746094 0.7762618081137354 0.6033771114583204 0.18262986237800102 113.70609283447266 -0.3477160313132749 0.16815576808782787 0.9223975277647583 -1.5343260765075684
-0.5799235561822403 -0.19202489093031988 -0.7917165592863034 -10.538375854492188 0.8037109956106823 -0.2937266336737804 -0.5174681634701355 113.77973937988281 -0.1331814721326881 -0.9364032816761525 0.3246715102171769 -1.466094970703125
0.49424563790114745 -0.8251162073397613 -0.27368685354056743 -10.343246459960938 0.8686703085577567 0.4809516978975953 0.11873230107932792 113.60958099365234 0.03366221094728866 -0.2964265653997098 0.9544622291528733 -1.426900863647461
0.9852021251180171 0.09226188657061302 -0.1444455501196698 -9.965518951416016 -0.0506733449908742 0.9618740153080895 0.2687574943746291 113.60136413574219 0.1637344947479869 -0.25746091540566746 0.9523155423850316 -1.3690195083618164
0.12926215881785402 0.9884431593422229 -0.07919226633524712 -9.565116882324219 -0.9875156802872223 0.13556744978491558 0.08021376281959898 113.56648254394531 0.09002263873388944 0.06783500061457377 0.9936268601477158 -1.3309571743011475
0.9957630345493527 -0.062983520941729 -0.06700041130357218 -8.513688087463379 0.012802609213610972 0.8164695091497052 -0.5772465970676341 113.96772003173828 0.09106081606480704 0.573943043096284 0.8138165094534449 -1.2479705810546875
0.9950802659939192 -0.01768722723949164 -0.0974803889100251 -7.818655014038086 -0.007077315666644641 0.9687302089667079 -0.2480155112856314 114.05210876464844 0.09881890422599222 0.24748524042434747 0.963839135924495 -1.2265920639038086
0.9919547737086909 -0.06863896996949438 -0.10636925645160183 -7.108818054199219 0.07709285992158875 0.9940062001384015 0.07751364418943672 113.98941802978516 0.10041124372125906 -0.08509033956885557 0.9913007698203441 -1.1723284721374512
0.9358153363756097 0.3519219585252563 0.020014777339561057 -6.59172248840332 -0.33581766040615413 0.872855876257093 0.35404677408895996 113.86116790771484 0.10712681813412259 -0.3380437166864811 0.9350135242044624 -1.1015853881835938
0.9971950623550203 -0.04638091212848236 -0.05874366863668775 -5.836286544799805 0.06826143856070571 0.8854818595734673 0.459632736401507 113.9150619506836 0.03069826738416965 -0.46235342256378315 0.886164165955251 -1.1203460693359375
0.8424719239730398 -0.4373052096576713 -0.314650935042985 -4.726984024047852 0.5386552028645153 0.694119146845191 0.4775449532870094 113.9975814819336 0.009572342667939937 -0.5718065788264107 0.8203326195310554 -1.0253753662109375
0.8873733950007838 0.41244342024675407 0.2060555336309663 -4.011816024780273 -0.45991585540364066 0.8232124852306186 0.3328642517735509 114.04240417480469 -0.03233981745650906 -0.39014308818123106 0.9201861262545159 -1.0749053955078125
0.9330692513017069 0.21360935080426297 0.28940079046929656 -3.290109634399414 -0.33818347894166206 0.7950465891039729 0.5035204620718537 114.25383758544922 -0.12253043232677656 -0.5676900266898478 0.8140726790346753 -1.0188064575195312
0.5601698457664315 -0.6123343427017968 -0.5579035728886946 -2.214527130126953 0.823457194808661 0.33831793160148926 0.4554769209024111 114.48629760742188 -0.0901553781638322 -0.7145541476367264 0.6937466236914511 -1.0670051574707031
0.3903223274719349 -0.8614300256096875 -0.32494121261388886 -1.3791122436523438 0.9202739283012024 0.3545847019294754 0.16542546976405564 114.36456298828125 -0.027283283636046957 -0.36360418058058414 0.9311539197674876 -0.9904556274414062
0.139953969242406 0.657627924216151 0.7402286131895013 -0.9050102233886719 -0.9876194851802061 0.14621202105479303 0.056831306438069384 114.3271484375 -0.07085646749366403 -0.7390179687871123 0.6699491046520551 -0.9155311584472656
0.6970479735069923 0.05640161632033397 -0.7148027562245747 -0.20480728149414062 -0.715130174502195 -0.017731455606584123 -0.6987663622402922 114.50462341308594 -0.0520860456000925 0.9982506965479789 0.027974822523467557 -1.0214920043945312
0.9831333568460201 -0.17050948256280413 0.066146194243061 0.488830029964447 0.16912829038417332 0.7099709087208328 -0.6836204576823617 114.85515594482422 0.0696018968735961 0.6832772681176214 0.7268340600338687 -0.8965606689453125
0.8763004146434987 -0.41935539215636697 0.23714687087333114 1.3868522644042969 0.4815686471753926 0.7484150972855071 -0.45603342006127984 114.95744323730469 0.013755775270589535 0.5138247728793398 0.8577848689631921 -0.8783245086669922
0.4972972579068277 0.705511786403567 0.504924307717501 1.8872146606445312 -0.8675074876391079 0.41190149086612887 0.2788690027814914 115.00342559814453 -0.011233706798435328 -0.5767064080343723 0.8168742392581975 -0.8556060791015625
0.6529595897785151 0.08850554980385672 0.7522037900530614 2.6520156860351562 -0.7568413859303086 0.11413496368058984 0.643556001144205 114.89318084716797 -0.028894474547268845 -0.9895150214724115 0.1415101820403386 -0.8128280639648438
0.9532900413158963 -0.06740647443118979 0.2944392370807501 3.7521018981933594 -0.2963661904375929 -0.39704417084564814 0.8686328381790551 115.04254150390625 0.05835390555434333 -0.9153208692050288 -0.39847525406768447 -0.7542266845703125
0.6942355109753479 0.6316376574918435 0.34506655146364773 4.6747894287109375 -0.7194656620703243 0.6224347234475238 0.30813012859588146 114.88232421875 -0.020154810902303283 -0.46217841217977834 0.886557893717309 -0.6938400268554688
0.5949673300588765 0.7372040575408942 0.32022500481357496 5.339302062988281 -0.8030165024220013 0.5281936620898172 0.275999913344342 114.8566665649414 0.034327438013172645 -0.42135689489242983 0.9062449967453955 -0.8062210083007812
0.4717691808961423 -0.3332151878983598 0.8163341708580156 6.473445892333984 0.8817102454019525 0.17348735674472898 -0.43873588889325654 114.76730346679688 0.004569804132763311 0.9267522730501329 0.3756452332808181 -0.7978935241699219
0.30257295354580255 0.9059237561395145 -0.2962292285454687 7.4368896484375 0.9479755289105748 -0.2537669314783387 0.1922101482096726 115.36461639404297 0.09895455709206029 -0.33897565185443923 -0.935576561848667 -0.8226470947265625
0.7591241713144655 0.2659064866815881 0.5941584240476443 8.039947509765625 0.6389378473760572 -0.4788872901348641 -0.6020177659652051 115.8367919921875 0.12445448853527166 0.8366365421662747 -0.533432635480323 -0.7145156860351562
0.8225971880079062 0.21911385888214263 -0.524712286045659 8.958995819091797 0.5534957517727603 -0.09710390837149496 0.8271718586536214 115.94061279296875 0.1302932041627339 -0.9708552661569883 -0.20115599201677126 -0.8066940307617188
0.4793142725066659 0.7651899143184289 -0.4298164994468701 9.88980484008789 0.8720164972128719 -0.3598522704551882 0.3318035142020646 115.76944732666016 0.09922225939777402 -0.5338452383168757 -0.8397405580096743 -0.7513198852539062
0.9935494773202185 -0.07620294843612155 -0.08397944252233566 10.510208129882812 0.11225598429632538 0.7658225351934189 0.6331780465079215 116.0831527709961 0.01606331554765779 -0.6385209121395841 0.769436816544445 -0.7358894348144531
0.9019233600020167 0.34439328030048827 -0.2606290873378146 10.975610733032227 -0.27757667066089137 0.9245397289554453 0.26110817966468813 116.28553009033203 0.3308858482732194 -0.16315501238656852 0.9294595189386415 -1.052323341369629
0.627571278787208 0.7536098858622965 -0.19551580491613668 12.084529876708984 -0.7778454602862132 0.5961538363074796 -0.19888952553617256 116.01688385009766 -0.03332761547902165 0.2768984351463387 0.9603210539501834 -0.8540267944335938
0.8239592984732497 0.5663321141007761 0.018947585535254843 13.054786682128906 -0.5526817456745902 0.8105786168045073 -0.19366257763796185 116.28226470947266 -0.1250358446908646 0.149098096961153 0.980885209912457 -0.9069480895996094
0.9839094505860133 0.1412119476119235 0.10945948519510315 13.857080459594727 -0.15517943011331378 0.9790524269233403 0.13181687981903126 116.37372589111328 -0.08855245630267289 -0.14668173433377837 0.9852121250246559 -0.9496364593505859
0.9869285712435203 0.14161352470560093 0.07692597015105077 14.701324462890625 -0.11420257748992443 0.9513483715709924 -0.28617135985957665 116.38504028320312 -0.11370913137423047 0.27364554724986423 0.9550855186382217 -0.9375324249267578
0.9056768740293399 0.42085396516310264 0.05129658716657 15.323074340820312 -0.4071944964447974 0.8971503487301667 -0.17121300721150934 116.56307983398438 -0.11807642403761824 0.13417597318385444 0.9838977417936553 -0.9444003105163574
0.7953337304715354 0.5760759577928467 0.18862859811620739 15.9432373046875 -0.5970364642134749 0.7982757995779894 0.07939274656789572 116.86429595947266 -0.1048413924635854 -0.17576188056907063 0.978834022582542 -1.0253314971923828
0.9535358686261725 -0.29284084100521024 -0.07080670224414902 16.916669845581055 0.287240150965945 0.8127314216430502 0.5069129431639394 116.66264343261719 -0.09089798081581098 -0.5036982014196867 0.859084209475521 -0.946014404296875
0.9977252735120771 -0.04192515022562575 0.05278788093690817 17.714839935302734 0.039477794306057315 0.998134101530179 0.04658131727710535 116.75226593017578 -0.054642312835193094 -0.04439140841537288 0.9975187319077872 -0.9530622959136963
0.996992260590517 -0.02437407143441187 0.07356858680388587 18.56540298461914 0.05039264759063793 0.925074500587038 -0.37642761512998485 116.89346313476562 -0.05888135011543533 0.3790027348256902 0.9235203915470579 -0.8833274841308594
0.9683981127964969 0.07123806570769856 -0.2390193153835247 19.171693801879883 -0.048167129421267024 0.9937177764784291 0.10101934643464024 117.2237777709961 0.2447141654573722 -0.08631407014498026 0.9657457525247053 -0.8182076215744019
0.7443012921726024 -0.602461389953852 -0.28819413610458366 20.294429779052734 0.6676423632904183 0.6606279126161901 0.3432556420692324 117.27847290039062 -0.016409180667534357 -0.4478962320529706 0.8939349551855392 -1.0008373260498047
0.9981420790154669 -0.059325664311173094 0.013887247845389061 21.023977279663086 0.05223614541002152 0.950536587694047 0.3061887988931997 117.20565795898438 -0.03136519107839688 -0.3048945080007104 0.9518695098487084 -1.0287189483642578
0.9305774180743086 0.3451039035060514 0.12218414281337553 21.573022842407227 -0.3637234861615927 0.9094650207010165 0.20144131089664133 117.22356414794922 -0.04160402125529552 -0.23189797736544746 0.9718500056640444 -0.9889144897460938
0.7903814799076524 0.5703169275257077 0.22368665225405454 22.263980865478516 -0.6119835859622852 0.7516245945453178 0.24604178382406786 117.45796966552734 -0.027806595112166488 -0.33135942879632035 0.9430947578138926 -0.9830226898193359
0.9439073676224558 0.31656391344793544 0.09394769848471063 22.958311080932617 -0.3302008498749147 0.9070320737527855 0.2612665610551902 117.73980712890625 -0.0025060107601735312 -0.2776330417768199 0.9606839303453661 -1.0597343444824219
0.9957739550056546 -0.09141473479557298 -0.008807768993991067 23.749664306640625 0.08989961137578918 0.95066198236172 0.2969172530631503 117.7396011352539 -0.018769400812986278 -0.29645428240175553 0.9548625911819886 -1.0894012451171875
0.9973510328380941 -0.04818968793950864 0.05448551434170068 24.4226016998291 0.07054138808508696 0.8235100237402129 -0.5628988837850215 117.6520767211914 -0.017743445657933708 0.565251266938595 0.8247279402084648 -1.06951904296875
0.9970008081555186 -0.06624164836526616 0.04001790298223227 25.21589469909668 0.07309797946369254 0.636197453552833 -0.7680556526002634 117.84481811523438 0.025417984490681188 0.7686773342012522 0.6391315059905027 -1.1223602294921875
0.8089964890126452 0.48750097232176043 -0.3284318540436525 25.746292114257812 -0.5860166351894638 0.7125413050333141 -0.3858359650196444 118.03624725341797 0.045925853790993704 0.5046064710313964 0.8621270935000295 -1.117889404296875
0.9991658852483981 0.007898445277977204 0.0400643022898897 26.560054779052734 -0.003415431025662008 0.9938421387562965 -0.11075259844906253 118.17484283447266 -0.040692365213806474 0.11052338121185555 0.9930401369626531 -1.1098785400390625
0.9019319906158141 -0.42760460590605276 -0.06060515911805042 27.313518524169922 0.4301743233151475 0.9019369135889935 0.038208054987333304 118.37555694580078 0.038324089867208797 -0.060531850405298196 0.997430277875281 -1.1358163356781006
0.9989567751916724 -0.04311883450389751 -0.015037533364220222 27.88608169555664 0.04318176299887582 0.9990596776662011 0.0038853321370486355 118.43437957763672 0.014855862242342525 -0.0045306260639961194 0.999879381117795 -1.0632919073104858
0.28758050582227845 0.9368887950499198 -0.19883872455060636 28.457794189453125 -0.9576068893000307 0.2849397785677462 -0.04240717103135838 118.60061645507812 0.01692625877509764 0.2026048081849817 0.9791142902972081 -1.1943426132202148
0.6161609902369372 0.7847963611507065 0.06663561836470823 29.123992919921875 -0.7854591728403075 0.6060043120634553 0.12574840580110053 118.60218811035156 0.05830541922717813 -0.1298208199215684 0.9898217176863897 -1.234208106994629
0.7197775260528612 -0.630424904161212 -0.2906626106029971 30.09079360961914 0.6902456670611636 0.6945735430202183 0.20280165788185806 118.91251373291016 0.07403534353612451 -0.3466006831350275 0.9350864849615892 -1.2599334716796875
0.9492271871552453 -0.30206847219619987 -0.08787710322032008 30.73073387145996 0.309087482172869 0.9475186407641051 0.08169059779790724 118.94807434082031 0.05858903932799655 -0.10470464893975201 0.9927760376646013 -1.2822253704071045
0.6140073694965661 0.7760104940300259 0.14423128425963067 31.231475830078125 -0.7812947128861634 0.6235061899471634 -0.028611234047123422 118.8724136352539 -0.11213171638762555 -0.0951196312695059 0.9891302916841229 -1.300644874572754
0.19438702932943436 0.9752398540159518 0.1054557251524214 31.9140625 -0.9528168169789314 0.2132739546322137 -0.21599614246017101 118.88554382324219 -0.23313900598273057 -0.05849313989248521 0.9706826239687734 -1.308436393737793
0.461903651160942 -0.3963918557347679 0.7934220275183552 33.07362747192383 0.8246080157360769 0.5213431495539578 -0.2195972240192698 119.1493148803711 -0.32659858760870436 0.7556949233125139 0.5676782058981064 -1.2851181030273438
0.5053210163649221 -0.27684275047837487 0.8173180298558759 33.87936019897461 0.7969299369316718 0.5130041728125949 -0.3189504574364911 119.32086944580078 -0.3309884379279794 0.8125175753080259 0.47985606568382844 -1.2082786560058594
0.8896055653698304 0.39205380217284724 0.23429842992397226 34.30813980102539 -0.18791258805569697 0.7817431127525117 -0.5946146356374217 119.40298461914062 -0.4162821126510657 0.4849448647690041 0.7691148684175452 -1.1804237365722656
0.8802874852858872 0.4095988162701442 0.23942170527992118 34.910438537597656 -0.40061515411055654 0.912068327202247 -0.08740059960589472 119.38520050048828 -0.2541681363704424 -0.018978309318576102 0.9669738270653371 -0.8554501533508301
0.8721193919295283 0.31536487414081427 0.3741026094250322 35.54840850830078 -0.428843111097699 0.8607950604526174 0.27409022230721986 119.37662506103516 -0.23558724983435836 -0.399470724908 0.8859581184553593 -1.0566329956054688
0.8407188905660746 0.42351166950485547 0.3373864443610006 36.08197784423828 -0.4853177126879535 0.8656903631059645 0.12266585905131167 119.3674545288086 -0.24012177076783667 -0.26686712240115557 0.9333399563849418 -0.9475841522216797
0.6170621325095832 0.7051835680474533 0.34921406039646885 36.85758590698242 -0.7644305943687678 0.6424966339908025 0.053328619928716806 119.74761199951172 -0.18676239186661295 -0.29985698368781044 0.9355242371621968 -1.0720157623291016
0.9509525347461297 -0.2909880471775913 -0.10495348045530972 37.569976806640625 0.281767978855022 0.6748060669347252 0.6820876616095933 119.878662109375 -0.1276561112985472 -0.6782055207883958 0.7236996537378431 -0.9962692260742188
0.7484051820037645 -0.31805236484629407 -0.5820071964895212 38.36993408203125 0.6602549334510618 0.2740888599317097 0.6992415317434095 119.6753158569336 -0.062873733811873 -0.9075891086152452 0.41512516608793826 -0.9721260070800781
0.960568210063887 0.06592596384285454 0.2701156809703039 38.77392578125 -0.27655792025019404 0.32686118213998316 0.9037020993429972 119.70622253417969 -0.028712898870501907 -0.9427701389529919 0.3322048081184391 -0.996337890625
0.9900569362363932 0.1394160927846086 0.01871940391357492 39.5103874206543 -0.13278058779267493 0.9701694051164006 -0.2028315579034013 119.73992156982422 -0.046438976255273906 0.1983292173351231 0.9790346996075263 -0.9641056060791016
0.8053698070118398 -0.3181290922902673 0.500173324550882 40.40510559082031 0.5918564391552436 0.4784545352868307 -0.6486811336041289 119.88924407958984 -0.03294585534155828 0.8184590022121041 0.5736195885025019 -0.9696502685546875
-0.1922896829676906 -0.45220357972835523 0.8709400669994727 41.24359130859375 0.9811207477078423 -0.06990527602391233 0.18032007875227046 119.95709991455078 -0.020658079324792855 0.889171060519224 0.4571083776236537 -0.9326019287109375
-0.8236981177593125 -0.2968464050977087 0.4831186423440235 42.176856994628906 0.5669425432786364 -0.416308792827863 0.7108186418735505 119.98550415039062 -0.009877419729722559 0.8594004891753171 0.5112076249281777 -0.9175567626953125
0.9004372904186897 -0.33758711614539477 0.27431300559048377 42.53075408935547 0.4347437305992768 0.7194669890774674 -0.5416319232951725 120.06636810302734 -0.014511193199474831 0.6069614408184756 0.7945987884659077 -0.8827896118164062
0.7628030958582628 0.5125767322456376 0.3942036662810665 43.133460998535156 -0.6466300440870316 0.6056179608495232 0.4637849410885063 120.11011505126953 -0.0010114509646633463 -0.60868052298135 0.7934147704133676 -0.8559303283691406
0.9723634180086456 -0.043101285404497564 0.22945950081664573 43.92292404174805 -0.23343138930604282 -0.16104540485654367 0.9589442966414905 119.99519348144531 -0.004378333609362947 -0.9860054040273167 -0.16665585325374294 -0.74041748046875
0.700105388921639 -0.5879183674265499 -0.4052214674044071 44.65855026245117 0.7124529284036912 0.6129753768403621 0.3415728504966706 116.60928344726562 0.047573829064785356 -0.5278382144463551 0.8480115271375728 -0.8359279632568359
0.9980522444003878 -0.05499990014109775 0.0294402518980074 45.269832611083984 0.05685515843269315 0.9961713471811642 -0.06640887000136399 116.94795989990234 -0.025675054176032695 0.06795335193891451 0.9973580768978231 -0.7318136692047119
0.8574509496550302 0.4970644327385022 -0.13305945528987423 45.912208557128906 -0.5145527653435525 0.8264326002936159 -0.22857079614254236 116.8471450805664 -0.003649741496317735 0.2644543568903408 0.9643912963671574 -0.6561012268066406
0.9830314815030035 0.1750065609381809 0.05497099237416826 46.80985641479492 -0.17265128201736185 0.9839522431629933 -0.04505017194500995 117.28250885009766 -0.06197290691722858 0.034794924961901404 0.9974711384321473 -0.6188831329345703
0.942202635093978 -0.3346850527651293 0.015495479262248067 47.635169982910156 0.32867769437982464 0.9322843129788883 0.1510527490337222 117.8971176147461 -0.0650012895189527 -0.1372292797805363 0.9884042478317201 -0.5883007049560547
0.9491913544508271 -0.31277985511489115 0.03470640964017467 48.45695495605469 0.3114312201835848 0.9494567056002007 0.03927542852442304 117.35106658935547 -0.045236796203615606 -0.02647123769530283 0.9986255083083503 -0.4763941764831543
0.9925589505074933 0.004743957065540766 0.12167261252567949 49.1977653503418 -0.017576035551437656 0.9943580968088793 0.10460907362613664 118.29295349121094 -0.12048988647085046 -0.1059691944953069 0.9870424089552879 -0.41074180603027344
0.6755126813460021 0.7360388506955763 -0.0439252502266024 49.7111701965332 -0.7347432822410213 0.6669274085983259 -0.12393603536507257 118.6038818359375 -0.06192678372421334 0.11599414608960514 0.9913175230623725 -0.5434856414794922
0.9732876028471021 -0.22061426669521317 0.06356561550614288 50.59391784667969 0.22540933519747386 0.8656221830642397 -0.4470893286502517 119.13689422607422 0.04361047752518096 0.4494747840731816 0.8922278547167155 -0.44445037841796875
0.8461014277199171 0.5172014827173167 -0.1288991865192593 51.12775421142578 -0.5299291058963479 0.842238065375618 -0.09904637275656973 119.11114501953125 0.05733687063500198 0.15211070806273042 0.9866989488990244 -0.4170646667480469
0.9980758401722108 0.06097404103398711 0.011259821691346275 51.98974609375 -0.058500665785022596 0.9861954916801337 -0.1549068245510455 119.66874694824219 -0.02054968046574797 0.15395005199662962 0.9878649159287876 -0.3599557876586914
0.9980214695523933 -0.05098849543124716 -0.0367874930667879 52.761451721191406 0.06276866301792507 0.8418640442374807 0.5360270757742145 119.7078857421875 0.0036388535864260337 -0.537275631639637 0.8433988702807265 -0.3566112518310547
0.6499483089870504 0.5798589160600554 0.49125434665815537 53.633548736572266 -0.7593723814413555 0.5213208162681376 0.38933044169395076 119.88581848144531 -0.03034438908526335 -0.6260896453313854 0.7791604289617523 -0.2752838134765625
0.8978375821355 0.4167697649516446 0.14209376878396224 54.32933807373047 -0.4401330394843391 0.8398585063979299 0.3176800226412035 119.77230834960938 0.013060767946656185 -0.3477652257675992 0.9374906741335907 -0.31043052673339844
0.9611206286631689 -0.27284730965960785 -0.04244387788161165 55.228694915771484 0.27072975511858516 0.9008818861612898 0.3392892967364399 119.90550994873047 -0.05433725104885222 -0.3375887628431834 0.9397240501075106 -0.20006561279296875
0.9152798307128057 -0.3887315484956251 0.10559647103256346 56.11969757080078 0.3954058050699193 0.9170763398212678 -0.051237059410502286 120.31118774414062 -0.07692256370757895 0.08864970470463966 0.9930881879513186 -0.12467193603515625
0.962921672533729 -0.21385788199663636 0.16445868439446687 56.778038024902344 0.24369456875473372 0.9510256939789135 -0.1901659447729023 120.46498107910156 -0.11573594828008475 0.22319259777116027 0.9678792561966966 -0.2524404525756836
0.9557129160565014 -0.08278771498492582 0.2824163882113667 57.70912170410156 0.28696670049019973 0.4750389864425021 -0.8318582055671798 120.5830307006836 -0.06529115478031233 0.8760617304775132 0.47775821238383576 -0.06924057006835938
0.6726547431339371 -0.33523903751544637 0.65965929407925 58.53498458862305 0.7378612708120982 0.23684526783884396 -0.6320324866159192 120.57152557373047 0.055644780303032215 0.9118766949692615 0.40667499504759796 -0.043437957763671875
0.8911151157878663 -0.4023969293547193 0.20973927066782444 59.275535583496094 0.44522045439824603 0.6859778361835654 -0.5755112120978471 120.77234649658203 0.08770745350195286 0.6062269537976738 0.7904405626543948 0.056560516357421875
0.877237046323737 -0.47994407049352855 -0.0104333003075874 60.00917053222656 0.4659859250362182 0.8565456789321615 -0.22178056175143546 120.8827133178711 0.1153788638587909 0.18969235382783667 0.9750407830823843 0.0046672821044921875
0.29809038784417774 -0.9311193704562827 -0.21014004529361743 60.96739959716797 0.9481106788404196 0.3143231339162701 -0.04782371957317359 120.85858917236328 0.11058146925984799 -0.18498022987916962 0.9765009233022686 0.05557584762573242
0.996571673997571 0.05193210160832111 -0.06440462256873937 61.63272476196289 -0.011311653602364542 0.8566718293188569 0.5157377466738915 120.89649200439453 0.08195697089606761 -0.5132411067656468 0.8543223169550909 0.08350372314453125
0.9700831011913107 0.24062875129818492 0.03219597539639965 62.339569091796875 -0.22930118324472856 0.8645952106369832 0.4470974044949917 121.0883560180664 0.07974800402277604 -0.4411042119412 0.8939056606052544 0.10665702819824219
0.8788350141612847 0.4438901908168422 0.17495861333676077 63.192962646484375 -0.44564587824197943 0.6326836812415634 0.6333333330060552 120.97766876220703 0.17043699448790345 -0.6345650935776498 0.7538424058931145 0.15652084350585938
0.9897124282087042 0.1407922357380808 -0.025433360082834214 64.1708755493164 -0.06390305142833144 0.5940667220747766 0.8018735123081931 120.99073791503906 0.12800667743277477 -0.7919989116654155 0.596952271503693 0.15165328979492188
0.9891516330502749 0.07692857134701891 -0.12514408393720003 65.09517669677734 0.06086350737346501 0.5607264537780977 0.82576115039619 121.03214263916016 0.1336962239712645 -0.8244196982993223 0.5499613447796854 0.2191925048828125
0.8175910995277829 0.5699706720937401 -0.08172041927181317 65.8517074584961 -0.5551543560811361 0.8179606824746983 0.1508110170036143 120.63519287109375 0.15280194664038133 -0.07793429847336428 0.9851790752063172 0.20863860845565796
0.9607294638254051 -0.2548983149002541 0.10966196422990242 66.76399993896484 0.23797593702337716 0.5536129856275068 -0.7980476900176101 120.5127182006836 0.14271072396843598 0.7928048380311568 0.5925319721827642 0.23798370361328125
0.9975107582904353 0.02910092737108413 0.0642294568012505 67.83856201171875 -0.025459675328875397 0.99806093295612 -0.056799463368133254 120.89984893798828 -0.06575782863651347 0.05502281465812654 0.9963174182157555 0.37151622772216797
0.9876148568614 0.13160226711522982 0.08542679788431941 68.49722290039062 -0.14726702568809058 0.9653618663399448 0.21538080267665966 120.97850799560547 -0.05412317111570546 -0.22529383104468403 0.972786395896648 0.29180431365966797
0.8579266385539681 0.5104876063908702 0.05800247047160102 69.22227478027344 -0.49441484680488224 0.7896272119049685 0.36337697433669464 121.14546966552734 0.13969911280460534 -0.3404280686731133 0.9298348713299046 0.21713829040527344
0.9801863558098571 -0.021845938946596782 -0.19686915155944115 70.21852111816406 0.15450635896863552 0.7062499102134172 0.6908971337050082 121.08607482910156 0.12394552401134859 -0.707625479526481 0.6956318622680179 0.23640823364257812
0.9477387550588148 -0.23708525696228583 -0.21349902362937123 71.19407653808594 0.3056253107177556 0.8666933377145809 0.39425350703555556 121.1799545288086 0.09156648736433685 -0.43890003337011313 0.8938581202290834 0.25186729431152344
0.9938234603400258 0.004663309838784971 -0.11087462838325435 71.94985961914062 -0.010680414923043053 0.9984979690293183 -0.05373764584905285 121.20477294921875 0.11045749596495885 0.05458992018380388 0.9923805128071979 0.21805572509765625
0.8927958274990996 0.44530442242490986 -0.06796750524342729 72.75753784179688 -0.4417152113310159 0.8950267997057773 0.06176325677318492 121.22140502929688 0.08833619008647489 -0.025119696997612583 0.9957739293352453 0.27259254455566406
0.5988922750404634 -0.718276104937987 -0.3541291854281029 73.82538604736328 0.794679474906309 0.58772849233351 0.15185437584084388 121.36494445800781 0.09905844264620242 -0.3723636077471763 0.9227853317895858 0.2916231155395508
0.7321591546857789 -0.4758946695749967 -0.4873061005978795 74.71507263183594 0.6692820178522941 0.6355242687226215 0.3849291940657903 121.32857513427734 0.12650910160683052 -0.6079746436609689 0.7838126561085568 0.2823333740234375
0.930142431697053 -0.3140507512411356 -0.19028184990053998 75.58969116210938 0.3473542151687522 0.920570089483892 0.17859383962533384 121.34689331054688 0.11908025008872562 -0.23221291090828186 0.9653481538006426 0.35347700119018555
0.9661718731511383 -0.249325486991606 0.06594477286350514 76.40753173828125 0.2259001315582722 0.6947978715098371 -0.6828067430154415 121.28861999511719 0.12442283590071429 0.6746056027649033 0.7276168212903172 0.33942413330078125
0.9449070788273398 0.3057400232758741 -0.11693438565815978 77.27198028564453 -0.32709170036044083 0.8957680510252839 -0.301015976847874 121.38060760498047 0.012713454970969713 0.32268039439921387 0.946422596482707 0.3108406066894531
-0.02142034493024536 0.7063940716033634 0.7074945826129637 77.9686279296875 -0.9996681426365188 -0.025261955485958665 -0.005043629910894631 121.53935241699219 0.014309906384108229 -0.7073678316184924 0.7067007693293041 0.2241058349609375
-0.20718333505720443 0.7440901977891499 0.6351415930551847 78.72830963134766 -0.9767636313501955 -0.19373053105563176 -0.09165855011117047 121.37661743164062 0.05484408943681329 -0.6393733329526705 0.7669379811711244 0.21709823608398438
0.393394953458316 0.8295826005202439 -0.3962740459676849 79.71541595458984 -0.9170139206528821 0.32323028008288357 -0.23368280930862328 121.41059112548828 -0.06577142177541168 0.4553184544377815 0.8878959539980069 0.3007240295410156
0.32336467920746303 -0.09150977846314945 -0.9418392881413896 80.42288208007812 -0.94295104508161 -0.1145052691393803 -0.31262096845671977 121.63654327392578 -0.0792376856082625 0.9891989202303766 -0.1233162008598333 0.226806640625
0.9317432537123217 0.23265211474366446 -0.2787965255645712 81.49527740478516 -0.36309390767530514 0.5881347411423468 -0.7226758197632611 121.89325714111328 -0.004162135347729301 0.7745776395989786 0.6324651428044249 0.24741744995117188
0.9046066704103833 -0.422235685274922 0.05834207683530881 82.41065979003906 0.4261171906528675 0.8992012026467803 -0.09930426470545839 121.84646606445312 -0.010531461396589066 0.11469186213067159 0.9933452899580544 0.2232217788696289
0.8984118096599211 -0.4050271735317562 -0.1697327574879474 83.17394256591797 0.43516021677139005 0.8730669097250492 0.21997671895596052 121.77269744873047 0.05909150533759123 -0.2714906257019373 0.9606253349526589 0.26035499572753906
0.9055637363455133 -0.4185996384457989 0.06876526818823246 84.06483459472656 0.4237679061114296 0.8852543907603537 -0.19169096324409496 121.79200744628906 0.01936701231185901 0.2027288986123113 0.979043365996395 0.23337841033935547
0.8805646929713578 -0.3058257397110919 0.36204480167849706 84.92032623291016 0.4738477641056054 0.5820143104376918 -0.6608537197427711 121.83637237548828 -0.008609177915301802 0.7534785726056858 0.6574160955435462 0.24596786499023438
0.9960819458005575 0.07224056923685035 -0.05101036567710011 85.69898223876953 -0.08812177848815103 0.8593018052897207 -0.5038203643977809 121.9640121459961 0.007437029397607861 0.5063414930480844 0.8623009816830642 0.2337188720703125
0.8578219302045607 0.5108474155700924 -0.05636003961566624 86.3751220703125 -0.51384338130596 0.8546786154840879 -0.07409078027838961 122.10072326660156 0.010320637004559059 0.09251692947542198 0.9956576229870688 0.22961091995239258
0.8416693322451663 0.5124733837535668 0.17018744402024902 87.23286437988281 -0.537816154757096 0.8238269556609975 0.1790612487631652 122.05194854736328 -0.04844087984612976 -0.2422399184083877 0.9690063483224609 0.20784568786621094
0.967739847675852 0.2110835195732403 0.13756211318852546 88.15404510498047 -0.19744456175624361 0.9745267930211534 -0.10636340873059275 122.08917999267578 -0.15650952767548726 0.07577121781045701 0.9847657032504313 0.16946065425872803
0.9934213781843314 0.10613774387966707 0.042997031182142195 88.88543701171875 -0.02883816380800814 0.595232302564801 -0.8030360305064699 122.21824645996094 -0.11082565440603724 0.7965132047289234 0.5943773119979716 0.2806892395019531
0.920887580561199 0.3879182977056991 -0.03854164336472776 89.66743469238281 -0.36399438488498925 0.8202549928422376 -0.4412367102696455 122.40147399902344 -0.1395498181308008 0.4203583483439973 0.8965627179607498 0.2413482666015625
0.995768610328976 -0.04758621395203018 0.07861569134219519 90.43175506591797 0.04737745746528349 0.9988668331599532 0.004519528419133094 122.42220306396484 -0.078741673893974 -0.0007757929605937668 0.996894752186838 0.16907858848571777
0.8717263469456447 -0.4521386090663711 -0.18884876020861074 91.32402038574219 0.476106058480748 0.6904775634030254 0.5445766755149803 122.4820327758789 -0.11582830879680796 -0.564633874850375 0.8171734150428065 0.26743316650390625
0.7840512317997006 -0.6007937426973174 0.15591839099067575 92.07466888427734 0.6131769380614277 0.7886990193149623 -0.04436101397881054 122.52613067626953 -0.09632086244933526 0.13038686922909723 0.9867733051667187 0.21403145790100098
-0.027191564638305854 -0.0992838634458642 -0.9946875556031574 92.5804214477539 -0.9971514902740917 -0.06733690384778016 0.033980094531258 122.23531341552734 -0.07035285535555219 0.9927781503636439 -0.09717005662169267 0.20196533203125
0.4462039691761808 -0.41901171339879717 -0.7907788577889685 93.37213897705078 -0.8933549522855302 -0.26096981639260236 -0.36580279408299926 122.30747985839844 -0.05309375780955411 0.8696688674240416 -0.49077195714001925 0.218719482421875
0.17279294272053025 -0.38364525432689983 0.9071708316400104 94.5639877319336 0.9692560903269551 0.23003223759634453 -0.08733728316431988 122.8827896118164 -0.17517200207249234 0.8943721197012279 0.4115984465362418 0.22395706176757812
0.6991668958820997 -0.5892952854462545 -0.4048415964959712 95.47642517089844 0.7092210100604655 0.5000623086417293 0.4969338450585924 123.05325317382812 -0.09039474869372924 -0.6345618598897363 0.7675676096487373 0.236419677734375
0.9969475734254751 0.02501062853481918 0.07395947742751122 95.94465637207031 -0.07023948334140777 0.7009158356071945 0.7097770117262187 122.57415008544922 -0.03408739973933701 -0.7128053449963475 0.7005330751104113 0.26677703857421875
0.7905582845473448 0.4321419366329278 0.4339019996919833 96.63480377197266 -0.6116929278307239 0.5909596749763476 0.5259262539498539 122.3937759399414 -0.029143794801570783 -0.681190141704203 0.7315262333433926 0.27648162841796875
0.995801038877157 0.09117981904179885 0.008156688707990946 97.63048553466797 -0.01767919652837345 0.2789707195534415 -0.9601368567250951 122.48834991455078 -0.0898205821695974 0.9559610756884086 0.2794113182878866 0.35382843017578125
0.6244403088495085 0.40057693759702256 -0.6705314442659058 98.15922546386719 -0.7773209537047441 0.23466992000475495 -0.5836969792422343 122.94930267333984 -0.07646198804293414 0.8857020637383392 0.45791420449050185 0.2941131591796875
0.9192287662185347 0.2912697518182843 -0.2649158489635254 98.85279083251953 -0.38279750188690853 0.5037446780931332 -0.7744077555409603 122.77693939208984 -0.09211160570466992 0.8132670108694686 0.5745539323039628 0.29749298095703125
0.4974441284080643 -0.44420235328382046 0.74513999251782 99.70639038085938 0.8674516022409133 0.2633955862099936 -0.4220787638993059 122.87033081054688 -0.008778204942543777 0.8563334832308086 0.5163486308839957 0.3296928405761719
0.9858040697982151 -0.04603915117351089 0.16146433825615583 100.35906219482422 0.16653602253855665 0.14579686362862487 -0.9751969174239085 122.88590240478516 0.02135624419960222 0.9882427187261632 0.15139431864640163 0.39302825927734375
0.9206474861852973 0.30909504431622 -0.23847108789085286 101.01263427734375 -0.3824002780714691 0.5910080556439377 -0.7102672071092931 123.13343811035156 -0.07860173987613728 0.7450971290664906 0.662308111640887 0.337554931640625
0.9918261540704152 -0.09824403564100256 -0.08141860698181111 102.04116821289062 0.12446663645783251 0.6044677572041106 0.7868461011592461 123.0722885131836 -0.028088013649294575 -0.7905484425141841 0.6117550355556014 0.3969535827636719
0.1704113356967219 -0.10708432801649381 -0.9795370964692022 103.04098510742188 0.9717557360485031 -0.14642938338666162 0.18506546176376115 122.93449401855469 -0.16325062365238063 -0.9834080446967363 0.07910658318275893 0.39795684814453125
0.5929540446471453 -0.7286807868811723 -0.3426803346660362 103.84080505371094 0.7634624421700434 0.3734544002333539 0.5269315993011795 122.81494140625 -0.25598945355686864 -0.5740697882458031 0.7777617102243298 0.3741874694824219
0.8079172136827892 0.46856750026628596 0.3573713384271917 104.3519058227539 -0.5230057483071638 0.8495762417060994 0.0684484971800184 122.67585754394531 -0.27154145737382696 -0.24220798340010086 0.9314507661194737 0.3738975524902344
0.7607775989625069 0.5836096456870589 0.28393172837474306 105.18045806884766 -0.5322295117490788 0.8113740893763673 -0.24166885176209157 122.79805755615234 -0.37141512050558784 0.03273940362462842 0.9278895083522194 0.33696937561035156
0.7641929685898554 0.5724223684431065 0.2972233820946941 106.01885986328125 -0.42997572029892694 0.7956126967742545 -0.4267567418155418 122.7449951171875 -0.48075980147184005 0.19832566358790413 0.8541293487822404 0.34329795837402344
0.8210424883825967 0.2771094556922199 0.49909876962027755 106.92457580566406 -0.09679899756991195 0.9292014062057152 -0.3566716988699569 122.79796600341797 -0.5626003789013774 0.2445303585882184 0.7897377522878994 0.4282722473144531
0.8000447208283271 0.19183018563826829 0.5684449177824634 107.69104766845703 -0.07995843008162526 0.973143601164705 -0.21586611816371598 122.8285903930664 -0.5945881718749592 0.12725058502882053 0.793896841205592 0.4606056213378906
0.7861219706261036 -0.27979206472642076 0.5511158206902232 108.43318939208984 0.20138934061314018 0.9589623889967394 0.19958324072193837 122.909423828125 -0.5843411510293764 -0.0459079187700005 0.8102085424184756 0.4452705383300781
0.5689756882030462 -0.790345004173244 0.22720352244686978 109.34490966796875 0.563392966909585 0.575890726904289 0.5924004013355033 122.76593017578125 -0.5990450993628824 -0.2090565594379783 0.7729426394534524 0.5431060791015625
0.31348026285734343 -0.9495942296361983 -0.0009611662322497327 110.0397720336914 0.7365767628729747 0.24251981568319814 0.6313785008982783 122.7432861328125 -0.5993202793118722 -0.19863267113600105 0.7754742192767706 0.5116653442382812
-0.26480697497296585 -0.9010905717044918 -0.34338469329738547 110.7863540649414 0.8319010561714785 -0.39355848362124896 0.39121905974852744 122.5257339477539 -0.487665765403361 -0.1820645532634386 0.8538352298298184 0.5852813720703125
-0.21989256717465927 -0.8030825005675427 -0.5538102167561744 111.51123046875 0.8956579748814791 -0.39117208254331054 0.21161567491548722 122.55409240722656 -0.3865799411926927 -0.44949182319694353 0.8053030795585858 0.6627960205078125
0.9471475832656046 -0.02149890398316453 0.32007694800101893 111.88169860839844 -0.007268973471198615 0.9960573880306313 0.08841290502110656 122.39614868164062 -0.3207157893506326 -0.08606670016399416 0.9432570729043496 0.6670684814453125
0.5864464771650644 -0.6274084495536686 -0.5122881677819114 112.67871856689453 0.7840544432565203 0.2809526226565261 0.5534656753874879 122.51746368408203 -0.2033203369818032 -0.7262398097399246 0.6566860584164435 0.6919441223144531
-0.2851875298762373 -0.09312790051964309 -0.9539367206203426 113.51898193359375 0.9551451942186171 -0.1104620597402022 -0.2747649746947969 122.26939392089844 -0.07978552979187753 -0.9895076187189038 0.12045306859135621 0.7172317504882812
-0.5218794654043274 -0.5269409734811609 -0.6708017844758764 114.27096557617188 0.8529842306848817 -0.3294952250786297 -0.4047848797241611 121.95914459228516 -0.007728246386721316 -0.7834322607074014 0.6214291327984844 0.7057037353515625
0.9505928436772503 -0.19624823977508538 -0.24054079474130752 114.57199096679688 0.3097649151397765 0.5485330059599471 0.7766319840960659 121.83759307861328 -0.02046809463644099 -0.8127719051232797 0.5822223693265559 0.7465133666992188
0.36334163751619514 -0.09583368605442394 0.9267139575210208 115.24905395507812 0.9280138434888616 -0.05063930329969274 -0.3690880210117264 121.7346420288086 0.08229921469905205 0.9941084274758685 0.07053561994748131 0.7027587890625
0.976570451275711 -0.19239902291147623 -0.0963990128469318 115.71326446533203 -0.04267471084529359 0.2659175597080508 -0.9630507361988697 121.94246673583984 0.2109242109133616 0.9446006920501507 0.2514766586165628 0.683502197265625
0.8146672273377296 -0.5698523564982271 -0.10763642736208542 116.61564636230469 0.5648135302887151 0.8217466992323278 -0.07561771157323519 121.94308471679688 0.13154081003496523 0.0008087608989473596 0.9913104262546386 0.6344494819641113
0.885237120462791 -0.26859264633352326 -0.3797541716562187 117.35326385498047 0.4296930875052601 0.7848250315212342 0.4465574100246132 121.82675170898438 0.17809854324205698 -0.5584869382834736 0.8101686544552366 0.7489566802978516
0.9388126904992189 0.09325834565729765 -0.33156238194777404 117.99478149414062 0.30520424617594 0.22089860776213532 0.9263121359482053 121.25088500976562 0.1596280059193681 -0.9708278354342824 0.17891957319475116 0.76483154296875
0.9439249832052551 -0.3047424408772233 -0.12703413245719078 118.50074768066406 0.29820827166272074 0.9520691660351608 -0.06808913126958402 121.1695785522461 0.14169492860682045 0.0263884030078705 0.9895585881562559 0.7037935256958008
0.9264894574282447 -0.37303128691175497 0.049648204995509884 119.14240264892578 0.28633426828140335 0.6131747263106856 -0.7362264881281907 121.27592468261719 0.24419248981504232 0.6963220619790641 0.6749115600722473 0.7461090087890625
0.9703139205116871 -0.21131584120804325 -0.11762869937126869 119.96812438964844 0.1646449779232061 0.9334348831809623 -0.31873398015525445 121.18885040283203 0.1771522703944441 0.2899050432736212 0.9405169530522103 0.7655544281005859
0.8232196340622677 -0.33136272196088723 -0.46098609587389683 120.46746826171875 0.4266334966683577 0.8967925586211525 0.11724745763664599 121.17387390136719 0.374557463702055 -0.2931925191685464 0.8796276786735882 0.7486860752105713
0.8690543250005958 -0.00627669750094334 -0.49467684731169737 121.12407684326172 0.3094766467637525 0.7870080478481639 0.5337064152978541 120.93165588378906 0.3859647461953257 -0.6169108004328532 0.685895239088065 0.7499256134033203
0.9332138140128854 0.27712648109154553 -0.22872011457967822 121.78680419921875 -0.10433372595998307 0.8180952779579729 0.5655392027173487 120.91059875488281 0.3438407348800183 -0.5039057745855713 0.7923714529035512 0.6723270416259766
0.949618278222529 0.19812077858877136 -0.2428441532280708 122.40010833740234 -0.1393544313270212 0.9609556203683409 0.23904944708578502 120.80619812011719 0.2807231164959562 -0.19316431547746088 0.940150030096751 0.6673243045806885
0.9105152567257441 -0.24778119693020512 -0.33100822605712826 123.06796264648438 0.32505845644826153 0.9237182869552623 0.2026857820270313 121.03206634521484 0.25553662587019826 -0.292145519890808 0.9216029666003704 0.6456937789916992
0.623994808764875 -0.4962232256466709 -0.6036497237333089 123.90480041503906 0.7140017932951935 0.6759689006926941 0.18239376213993289 120.85454559326172 0.31754041916854425 -0.5448197459941443 0.7761053579051889 0.7125244140625
0.5279084166475367 -0.6925476649967973 -0.49162021453574795 124.47189331054688 0.7742947254235294 0.6303014350147429 -0.05646042153276398 120.7867431640625 0.34897045980138824 -0.3508530072919996 0.8689774366807046 0.7546792030334473
0.6806057453658025 0.7275968916044426 0.08589867695496504 124.8309326171875 -0.6794322321141875 0.5829470393943232 0.44558342790741934 120.41300964355469 0.2741307376771043 -0.3616289708927459 0.8911098843979122 0.7013273239135742
0.367409557503484 0.7932111163919997 -0.4856195443835132 125.25896453857422 -0.8761002987438147 0.47043052187777784 0.10556225948131029 120.36287689208984 0.312183413390417 0.38666684486513503 0.8677731659171934 0.7245292663574219
0.8948814985921361 -0.4411039446664221 0.06792947428925672 125.97150421142578 0.26120007067646633 0.3942136163376329 -0.8811186910811815 120.36430358886719 0.3618862066397416 0.806239998197638 0.4679908532761839 0.799346923828125
0.4849524863816954 -0.5532398227458546 0.6773084854631214 126.71661376953125 0.7822830287460769 -0.07181011072319915 -0.6187702085053762 120.57486724853516 0.39096591780879886 0.8299210845171109 0.3979656324180094 0.8135223388671875
0.8963271191332828 -0.06619864304861817 -0.4384238077075096 127.11504364013672 -0.13888534050298862 0.8971150229220517 -0.419398972150547 120.66419219970703 0.4210802271534471 0.43680931229323405 0.7949145029462685 0.6341285705566406
0.2966409904692316 0.9445301521339512 0.14095004250885534 127.41738891601562 -0.8027967642661556 0.16669864080439017 0.5724761291423069 120.59931182861328 0.5172247848442915 -0.2829741240180519 0.8077153998030449 0.6709425449371338
0.7082562182706096 0.6006401266151475 -0.3709508964549816 128.24009704589844 -0.25579277567463266 0.7080957337340221 0.6581568869048962 120.47929382324219 0.6579841830877714 -0.37125714830480594 0.6551526117164623 0.6400270462036133
0.7054209641750538 0.058302322944017416 -0.7063866522250185 128.79074096679688 0.027479688894459793 0.9936122824399707 0.10945089713061183 120.37102508544922 0.7082556953534517 -0.0966202428260433 0.6993128045986541 0.9489059448242188
0.6532667163040882 0.43039298179075813 -0.6229000550606285 129.15589904785156 -0.05685748820397693 0.8482785730020209 0.5264890204180803 120.45121002197266 0.7549899492075431 -0.3085212210058091 0.5786232217813905 0.6527175903320312
0.9347947615071238 0.2744168384531214 -0.22550865312052393 130.2281036376953 -0.2732033418067172 0.9612364940187158 0.037206674028313375 120.73538208007812 0.22697728495266078 0.026829113664088425 0.9735304364915962 0.7506570816040039
0.44111881077967036 0.35783711946267394 -0.8230229587994404 130.1988983154297 -0.10446267418878089 0.9313088766768793 0.34892882644484646 120.4063949584961 0.8913482733913036 -0.0679438897731443 0.4481984865713368 0.7262611389160156
0.29710988950735745 0.2724824325153659 -0.9151388077922579 130.90231323242188 -0.05181541727510415 0.9616065723132852 0.26949575621241584 120.4362564086914 0.9534363513573064 -0.03265155516057543 0.2998216133904679 0.7714004516601562
0.08218186169045255 0.8123514321887906 -0.5773485015395057 131.00413513183594 -0.19521924427576814 0.5812070208410622 0.789992307297644 120.29900360107422 0.9773103848181957 0.04778649961943304 0.20635130767851378 0.7469329833984375
-0.055985464707973664 0.9821896342943441 -0.17935760375901288 131.44371032714844 -0.2024080867564036 0.16474414953931957 0.9653446698501933 120.15018463134766 0.9776996441428444 0.09034869936700352 0.1895798469396111 0.7406234741210938
-0.0984523196222869 0.9782620781788125 -0.1825114987014858 132.08575439453125 -0.2825495963508698 0.1483753188951799 0.9477080195633645 120.28445434570312 0.9541870185466537 0.14487260313815392 0.2617996609948594 0.816314697265625
-0.16806324847063175 0.9836682099250484 -0.06443288986495466 132.69512939453125 -0.3856041625582373 -0.005445937775411525 0.9226482382682508 120.4166488647461 0.9072288434189354 0.1799088506566507 0.3802218183168133 0.8066024780273438
0.1366159931309348 0.9784545286968754 -0.15479924319396315 133.2605438232422 -0.7092633950356203 0.20570419117269684 0.6742634664554592 120.6880874633789 0.6915789954035576 0.01767826367497566 0.7220844632797773 0.8013877868652344
-0.7653259660434498 0.06102813167281762 0.6407431098686788 133.94393920898438 -0.3021945516535051 -0.9130212502167846 -0.27399023632880926 120.60042572021484 0.5682909630203506 -0.4033209191166569 0.7172012392294771 0.7207717895507812
-0.8685863902425923 0.19229567735831615 0.4567056548310406 134.62188720703125 -0.425679456121633 -0.7613583921552369 -0.48900961067322934 120.64680480957031 0.2536822487312305 -0.6191573072847474 0.7431618568754502 0.7959518432617188
0.5539908181846965 0.8298121611646339 0.06712637745573666 135.5692596435547 -0.7989656658286262 0.5072683419777386 0.3230057182995001 120.71589660644531 0.23398298697569972 -0.23257387301766197 0.9440134296690349 1.0823040008544922
0.42163436303287166 0.2990740126806327 0.8560252326006339 136.6164093017578 -0.7030800860694025 0.7039955387730105 0.10034278230316424 121.07154083251953 -0.5726280262810284 -0.6441622593157748 0.5071016931451624 0.8281936645507812
0.6917256174204979 -0.1913641377819402 0.6963443379357701 137.23854064941406 -0.2204675326808153 0.8622588009069115 0.4559647215434644 121.33545684814453 -0.6876843296439616 -0.4689237966125733 0.5542569221332154 0.7791595458984375
0.8699224831656849 -0.20706693601667858 0.447613848413466 137.84324645996094 0.042460842421549586 0.9356671276810401 0.35032000091054527 121.24671936035156 -0.4913572530691909 -0.28574518401151905 0.8227501076697117 0.9705467224121094
0.6426663320499948 -0.6807658297453175 0.3514795452093558 138.5745849609375 0.4395344231170152 0.7033652941790524 0.5586472534968807 121.30611419677734 -0.6275264747758447 -0.20453642217361886 0.7512492099562014 0.6738471984863281
0.505241444877334 0.6964691374254389 0.5095702336205765 138.95376586914062 -0.5405525381967057 0.7156993856751026 -0.4422412721505985 121.46986389160156 -0.6727065005092212 -0.05201086384733222 0.7380791517273004 0.6639518737792969
0.6725488639074202 0.1734102275485414 0.7194490382496881 139.68740844726562 -0.06359059140714962 0.9821050491784965 -0.1772735430417964 121.3833999633789 -0.7373155785288461 0.07347493014400067 0.6715408939885992 0.9147300720214844
0.5994943336839336 -0.25106516422834313 0.759982122942278 140.2675018310547 0.06763552109923422 0.9620225954752596 0.26445786447122377 121.49739074707031 -0.7975161316026728 -0.10713920433734905 0.5937080180757779 0.7634429931640625
0.48647952552291934 -0.8189876395904532 0.3042974160998625 140.91256713867188 0.45551775850534937 0.5349610533874 0.7115618336061212 121.5384292602539 -0.7455476127875785 -0.20754738629214542 0.6333110132549737 0.7461929321289062
0.5693313066301328 -0.814106550650979 0.11442197113312974 141.49607849121094 0.3979855761358262 0.39471778371044786 0.8281336561271657 121.56391143798828 -0.7193534211211206 -0.42594412240325275 0.5487278561467994 0.8050765991210938
0.7323183458197436 -0.32172489327779075 0.6001690873589113 141.78353881835938 0.0009520042931519257 0.8818370158535452 0.47155335982085844 121.48921966552734 -0.6809617713672774 -0.34475581288197066 0.6460917082121016 0.7988433837890625
0.5609329571009454 0.5710313161155823 0.5993975756151296 142.2183074951172 -0.5077173490518158 0.8091721460106142 -0.2957423398710002 121.49284362792969 -0.6538939601416928 -0.138432922875606 0.7438138307092246 0.7607841491699219
0.7913122302035054 -0.005558800291650127 0.6113869920677676 142.6615447998047 -0.05575528197631027 0.9951361993987177 0.08121141039298574 121.41985321044922 -0.6088647656599099 -0.09835163641543221 0.7871535128247285 0.7529335021972656
0.3222026321752436 -0.9405012201720424 0.10790235713015589 143.39796447753906 0.743971415290797 0.3220461243475591 0.5854851210944004 121.40116119384766 -0.5853990067035926 -0.108368577768722 0.8034701328007354 0.7790794372558594
-0.01946872434741226 -0.7963780804584829 0.6044856671067946 143.93612670898438 0.864582952718678 0.29022511251489486 0.4102020257555643 121.49364471435547 -0.5021128226211082 0.5306141131094976 0.6828845995689788 0.642791748046875
0.798351190148332 -0.47126495490680026 0.37489294400593043 144.11349487304688 0.5104109541135105 0.8599098199618992 -0.005979920905025443 121.36405181884766 -0.3195559968294729 0.19612354221200973 0.9270488234610603 0.8080453872680664
0.9191969068753528 -0.35990875132107486 0.15982095329864873 144.44578552246094 0.32958187774159126 0.9252218276187542 0.18799030709624212 121.49498748779297 -0.2155291911902212 -0.1201260189147936 0.9690804441967509 0.6966552734375
0.8762493617066579 0.4224052587084198 0.23186386851803198 144.53890991210938 -0.4679505369644748 0.8607378648675637 0.20038119407241567 121.4504165649414 -0.11493194100568359 -0.2840847151796457 0.9518857723161773 0.7322959899902344
0.9952213778715551 -0.07644763601352773 0.060746752797055964 145.07833862304688 0.059039703609359326 0.9666427434412151 0.24923105735473683 121.34991455078125 -0.07777353293481307 -0.24445360602859656 0.9665369688089811 0.6992855072021484
0.8738914520766922 -0.4179737663257528 -0.24821696285861605 145.49063110351562 0.4807914291447839 0.8185488676165227 0.31435227529735604 121.11021423339844 0.07178670941202685 -0.39405035463399035 0.9162810629739218 0.6335391998291016
0.82016286595001 -0.546125379327949 0.17052842393738848 146.162353515625 0.5721271469162696 0.7819195911174154 -0.24753238331221084 121.21755981445312 0.0018442012133123575 0.30058080956820543 0.9537545679267844 0.6720676422119141
0.6524837936215845 0.7570783357145586 0.03312540796518077 146.35836791992188 -0.7473743079761715 0.6501165417962723 -0.13704059931273854 121.15248107910156 -0.1252858445249278 0.06465969126534582 0.990011404725797 0.7609741687774658
0.9652587739891879 0.21404422046668856 0.149868512108774 147.1710205078125 -0.1668478457181551 0.9463015270596841 -0.276902900424898 121.3776626586914 -0.20109026733310797 0.24227771579185303 0.9491386689070157 0.9896502494812012
0.9689502552350895 0.2370427275143079 0.07032885760790374 147.66749572753906 -0.16765624034899765 0.8389374487601419 -0.5177599271282626 121.75292205810547 -0.18173273769988268 0.48989254168685015 0.8526303475995349 0.7258777618408203
0.8508130441440935 0.39823392111597145 0.3428219771059884 148.1622314453125 -0.4653897897596132 0.8740079149227131 0.1397229696218708 121.69007873535156 -0.24398669533760164 -0.2784239729711675 0.928951335524734 0.7150764465332031
0.8254557463431886 0.31335538944829333 0.4695010231434195 148.67164611816406 -0.48168101625443094 0.8246780487296398 0.29646165776297695 121.61892700195312 -0.29428932941768043 -0.4708657089310945 0.8316725766452263 0.703826904296875
0.615974900601252 -0.7748465441147117 0.1420836194033841 149.4459228515625 0.7322934428910306 0.62969324365748 0.25929275421986286 121.30835723876953 -0.2903811896939579 -0.05567092567588193 0.9552902766731755 0.8070812225341797
0.7047722188995854 -0.6975398735039976 0.12936090730735467 150.00143432617188 0.6640339594186103 0.7127936048605357 0.22579676173224 121.26358795166016 -0.2497098720639579 -0.07323524931308523 0.96554729457021 0.8826408386230469
0.9447396565451615 0.20459401176978784 0.25614111676744605 150.38243103027344 -0.09144293354957975 0.9147976931960226 -0.3934251776730653 121.3321533203125 -0.31480973818288666 0.3482620721111901 0.8829543351012229 0.8869171142578125
0.8863629291232746 0.4579590525337787 0.06807542932933139 150.81781005859375 -0.334741840377531 0.7354523978473506 -0.589116007931584 121.33685302734375 -0.3198572465595748 0.4993828958854581 0.805175797649421 0.8821887969970703
0.8501652923936501 -0.3466188042126044 0.3963261033233155 151.6007080078125 0.4338459187008493 0.8876751065503273 -0.1543069150669566 121.24610137939453 -0.2983231376139558 0.30313084596769285 0.9050497200635308 0.827207088470459
0.11383467179959728 -0.9850768383580435 -0.12909411306019647 152.2277374267578 0.9529999020733209 0.07154662726682981 0.294401540035004 121.05252075195312 -0.2807718898759609 -0.15653977979179018 0.9469226173231997 0.9324531555175781
0.9639117437202271 0.2283450095762864 0.1368674794092321 152.51405334472656 -0.22496858264180974 0.9735503750833641 -0.03985980430428786 121.10748291015625 -0.14234917331114405 0.0076304506188411 0.9897870928037944 0.8834681510925293
0.7086070695385672 0.638320483461622 0.3007041426274089 152.98060607910156 -0.6543659080954353 0.753921135000199 -0.05837962420612129 121.03001403808594 -0.263972118456477 -0.15540232492898132 0.9519290089519632 0.9465370178222656
0.9801470942600019 -0.1975749494526617 0.016607617603169415 153.48033142089844 0.14282850156418433 0.7616814940447214 0.6320137029928471 120.97232055664062 -0.1375197904107068 -0.6170943533841312 0.7747792371164939 1.0044784545898438
0.9972252958958233 -0.07256006821186575 -0.01663567631858883 154.17913818359375 0.040343139175033516 0.3389566521530355 0.939936603757248 120.8724365234375 -0.06256309093220494 -0.9379996932101285 0.3409434486695898 1.0487136840820312
0.2478938112573467 -0.6631170716012629 -0.706275022700982 155.06918334960938 0.956342157269044 0.051020673230646574 0.28776130583016624 120.55274963378906 -0.15478480729806093 -0.7467748256697311 0.6468145199171437 1.0646209716796875
0.6010165192389489 -0.6478184151128651 -0.46809234627640905 155.49334716796875 0.7952529988291993 0.42632148061008457 0.4310715288946728 120.40508270263672 -0.07969825252201942 -0.6313329519445986 0.7714057896683532 1.092254638671875
0.664193688464175 0.7137576014901216 0.22225397751091663 155.69923400878906 -0.7450526504684704 0.6563652932897039 0.11866402064074849 120.41670227050781 -0.06118245037804115 -0.24440680857903602 0.967740677912192 1.0803089141845703
0.9998363210972987 -0.013622152025105527 0.011906636335437851 156.36415100097656 0.016859730985226546 0.9402662314451937 -0.34002229849667104 120.45479583740234 -0.006563572634263095 0.34016738670551355 0.9403419955187668 1.112344741821289
0.9909672681429534 -0.12387965434536577 -0.05135858943316551 156.93380737304688 0.07231042201910101 0.816132985999793 -0.5733220316981384 120.284912109375 0.11293837406617499 0.5644296062418541 0.8177188656628599 1.1490249633789062
0.9914849002457592 0.1098865925271213 -0.06987581389461928 157.458740234375 -0.12171925902396596 0.9727434050531931 -0.19736942495780868 120.13306427001953 0.04628298356106421 0.20419403690680538 0.977835712542955 1.087839126586914
0.883440173345251 0.4013875292091206 -0.2417054230155177 157.8443603515625 -0.4295111302695702 0.8999039895094733 -0.0754519624628163 120.05774688720703 0.18722619767081009 0.1704724642290694 0.9674117478330514 1.0638999938964844
0.9653934322957212 0.18879005564425572 -0.17992730690510927 158.38595581054688 -0.1702964575291222 0.9788520260658886 0.11334825812396264 119.9541244506836 0.19752123286704754 -0.07878468097633838 0.9771275948463116 1.0318326950073242
0.9744217579124143 -0.11034425321792389 -0.1957712529679949 158.94009399414062 0.10256804254458572 0.9934958087936152 -0.04945578386894778 119.90522766113281 0.1999550808443037 0.02811091765308836 0.979401726541897 1.1164608001708984
0.8886301655177143 -0.4578283941541079 0.0270109318282499 159.44851684570312 0.40897549905872166 0.7644021695642235 -0.4984258865018726 119.8661117553711 0.20754630833052443 0.45396308734497215 0.8665114224443853 1.055206298828125
0.9433834168944785 -0.23306065545891416 -0.2360306327694779 159.8258514404297 0.0357827088067367 0.7789206997055805 -0.6261007437470597 119.87696838378906 0.329768595349756 0.5822072435544153 0.743160412746682 0.9726486206054688
0.9468982201763629 0.02896951387070341 -0.3202257452063011 160.43348693847656 -0.08891408023622166 0.9806882891666829 -0.17419749087478545 119.92677307128906 0.30899522158535475 0.19341987167149952 0.9311877932404387 1.0248336791992188
0.9544702718028322 0.09464448516892421 -0.2828938346301262 160.94406127929688 -0.0940535363911249 0.9954433126841704 0.015701704515387715 119.86698150634766 0.2830908556222741 0.011620355393639571 0.9590226977520264 0.9644641876220703
0.8546296809945112 0.47960239577005864 -0.19897148120984623 161.4130096435547 -0.3878335141073593 0.844410123502503 0.36953580159657684 119.87261962890625 0.3452437887904095 -0.2386484554697724 0.9076638370032902 0.9626350402832031
0.9212342118834618 0.3517883213376415 -0.16604970287808818 161.99375915527344 -0.09339588635341364 0.6143833014977071 0.7834605077813672 119.79398345947266 0.3776304215336965 -0.7062422642487647 0.5988464986297081 0.9535465240478516
0.8654600287042294 0.29361566741551287 -0.4059172065377588 162.36656188964844 -0.07331454946270721 0.8757563335709421 0.47715387564962874 119.54027557373047 0.4955844181896308 -0.38319796979958554 0.7794584019619786 0.8611555099487305
0.771336451073811 0.2904179301086469 -0.5663016026078929 162.67616271972656 -0.016101206794787243 0.8984331526347513 0.43881501955440577 119.53047180175781 0.636223883852697 -0.32935588064917115 0.6976703186299379 0.7956581115722656
0.7706273168014706 0.42366662235672814 -0.4760673604651001 163.05325317382812 -0.09027379824092271 0.8120609900188064 0.576547994394945 119.54444885253906 0.6308598734667813 -0.40132722508013063 0.6640423770053829 0.7297763824462891
0.6841620529246943 0.469966461597923 -0.5577219829906258 163.36119079589844 -0.22067087962303342 0.8622513283992476 0.4558804772746137 119.57489013671875 0.6951450555274522 -0.18882312264884532 0.6936275514488122 0.7228546142578125
0.6141605914867749 0.16710325985394545 -0.7712867614647613 163.685302734375 -0.23769074266369863 0.9711110800465927 0.021127732077050515 119.5553207397461 0.7525356328550789 0.17035190271002262 0.6361370532569856 0.6505966186523438
0.48013859820082283 0.01810535500696342 -0.8770057711542271 164.07376098632812 -0.30128502972285914 0.9423691603755187 -0.14549122460834452 119.54361724853516 0.8238290219351613 0.3340846624632919 0.45792268007180387 0.704742431640625
0.3896712975469966 -0.8482362579145977 -0.3586802623884955 164.30581665039062 -0.0038514231131081544 0.38796165261011967 -0.9216674685829094 119.48441314697266 0.9209459519472594 0.36052878784233683 0.14791060384195387 0.708038330078125
0.18964437328778316 -0.9817786999117584 0.012066320062955105 164.82955932617188 0.09169245585044933 0.005473382817471839 -0.995772331218661 119.65773010253906 0.9775620211630551 0.18994901021092775 0.09105969635075398 0.57965087890625
0.09848887412251128 -0.11139591083100972 -0.9888836598529729 164.9180908203125 -0.009445109284423499 0.9935655512330198 -0.11286401248241631 119.62146759033203 0.9950933280776662 0.020455963755234237 0.0968030059562156 0.6761703491210938
0.40616762139730733 0.7668723201214664 -0.4969252538963712 165.40655517578125 -0.35264363754694306 0.633218701284834 0.6889677359940802 119.56800842285156 0.8430126500985108 -0.10459885742524905 0.5276255782268507 1.0163040161132812
-0.015871371294975692 0.8385446170009615 0.5446017121456083 165.10379028320312 0.33243593960726836 -0.5092591533716541 0.7938145002232064 119.46746826171875 0.9429922829115039 0.1936441065612305 -0.2706797265468051 0.5705032348632812
-0.03191265325241366 0.9701455712615238 0.24041454432717452 165.3541717529297 0.3774718294937923 -0.21102510677514208 0.9016559334076104 119.43051147460938 0.9254710154840078 0.11952395103991348 -0.3594682525993189 0.5671157836914062
-0.14637860561319696 0.9872244782708415 -0.06293753507725458 165.8813934326172 0.17326828154585078 0.0882262780573641 0.9809149945180226 119.32832336425781 0.9739360381610713 0.13267989057505736 -0.183969128410467 0.696563720703125
-0.014872108600626098 0.4845479194042325 0.8746382876291208 166.39512634277344 0.1553445295132658 -0.8629939926141945 0.4807384380950973 119.16177368164062 0.987748397890917 0.14301986754587992 -0.062437328186636165 0.6233596801757812
-0.221117195181538 0.818337189372579 0.5305011126141375 166.7700958251953 0.25545059622203553 -0.4763740494893479 0.8413160867729363 119.17453002929688 0.9411972050983026 0.3215462788820737 -0.10371022925553436 0.5696182250976562
-0.2578025461703206 0.5339079285156857 -0.8052826653146018 167.47740173339844 -0.09671672783265098 0.8150091596206273 0.5713194765556515 119.15880584716797 0.9613447465636064 0.22517192010232595 -0.15847360869238503 0.642791748046875
-0.3133131025793387 0.6368430402995422 -0.7044613841610798 167.508056640625 0.05824356783758078 0.7533015963091039 0.6550911324416664 119.21683502197266 0.9478621136840832 0.1642182907601691 -0.27311127113715145 0.6508026123046875
-0.3728902171670765 0.3014336400931149 -0.8775480878910882 167.91552734375 0.02172514303223147 0.9483376819625449 0.3165180233890893 119.32928466796875 0.927621099426549 0.0989616167517562 -0.3601745331204844 0.556121826171875
-0.48893932106402715 -0.1429898963931568 -0.8605185819300609 168.0145721435547 0.06061687280178348 0.9785197551117533 -0.19703980203950558 119.39976501464844 0.8702091329382731 -0.14850245245621171 -0.4697691843504743 0.6064300537109375
-0.5820367100637034 -0.6794245691551913 -0.44678353032145546 168.2598876953125 -0.08876186730493196 0.599240250807203 -0.7956333657690973 119.50605010986328 0.8083035315095203 -0.42343048619673446 -0.40908681756863663 0.657958984375
-0.46346978219105545 -0.8584941446146168 0.21950755034438613 168.71707153320312 -0.48552948460404455 0.03881155840872911 -0.8733583356870288 119.74064636230469 0.7412535872263328 -0.511352585401016 -0.43481220409251403 0.5985107421875
-0.6014449998486288 0.1647660044472109 -0.7817391354765247 168.7066192626953 0.39710462043885486 0.9107195556060482 -0.1135685320096845 119.9129638671875 0.6932328848108661 -0.3787374483929776 -0.6131770646408595 0.4333953857421875
-0.13713855631503244 0.6196325254833696 -0.7728185749158271 168.85311889648438 0.8194161953763587 0.5093228496719113 0.26295880581759645 119.74671936035156 0.5565519878023629 -0.5971982653735564 -0.5775847268652917 0.5514144897460938
-0.004084622967749474 0.16042609332827834 -0.9870394036889498 169.16632080078125 0.8465106209725255 0.5260199875810156 0.08199232431134768 119.51935577392578 0.5323561631426093 -0.835204430810023 -0.13795098520628596 0.6853485107421875
-0.840435408573252 -0.5194519435076089 -0.15439560357237803 169.6507568359375 -0.35984252902509206 0.7479697432538993 -0.557722706621778 119.55424499511719 0.405193383856569 -0.41317180635041395 -0.8155411578307984 0.605255126953125
-0.1638575213490786 -0.7430903475129097 0.6488200429475643 170.21783447265625 -0.9125853036605197 -0.13558283553529116 -0.3857529756865748 119.99002075195312 0.37461817393203606 -0.655312162363368 -0.6559170630639772 0.6608734130859375
0.11118658158295544 -0.7924280856456446 0.5997460072029452 170.805908203125 -0.6763744950346268 -0.5024911631528091 -0.5385352109379575 120.49729919433594 0.7281174950120002 -0.3457750136046785 -0.591848420986433 0.512725830078125
0.926181633798862 0.02931391713787107 0.3759365311800716 170.99073791503906 -0.20739714323714786 -0.7930280431441943 0.5727939837009115 120.63319396972656 0.31491904704342816 -0.6084794302594987 -0.7284083859761192 0.715876579284668
-0.4921891456480968 -0.7956821929199949 -0.35304347151055576 171.2332763671875 -0.8171122501516455 0.5621394735112705 -0.12777630051221026 120.51849365234375 0.30012899819629474 0.2255860372241593 -0.9268406142650357 0.79888916015625
-0.7062076544205034 0.6068014675331046 0.3647776416360541 171.2093963623047 0.6957899972134429 0.4995283904671901 0.5160888168668021 120.26402282714844 0.13094666324732368 0.6182745070896334 -0.7749771643522556 0.72869873046875
-0.8624589894514633 0.49914049666764243 0.08380486919469679 171.90028381347656 0.48900963013493176 0.7790896990496089 0.3922866585420506 120.52715301513672 0.1305146472609808 0.3793125431898732 -0.9160174241951801 0.8969573974609375
-0.7748943940473977 -0.5789320214825282 -0.2537250334044126 172.47103881835938 -0.5956838583356241 0.8031101947463769 -0.013219531490223396 120.92569732666016 0.21142237107813575 0.14089616601096844 -0.9671860479820359 1.0460662841796875
-0.12057712758931768 -0.9220763512817827 -0.3677449642200203 173.22689819335938 -0.49410904175323855 0.3770451425926211 -0.7833857385126477 121.78677368164062 0.8609979158859826 0.0872477097360419 -0.5010692826204872 0.9964447021484375
-0.17135114886497982 -0.984099137905844 -0.04677254061547195 173.3260955810547 -0.908123726358813 0.17617516608430583 -0.3798336589605389 121.76374053955078 0.3820341364418044 -0.022609679965485935 -0.9238715933315751 1.1419677734375
0.26934110660766664 -0.9557432490648298 0.11836473359223215 173.63792419433594 -0.8062459485828594 -0.2909988186279735 -0.5150603439897589 122.03195190429688 0.5267094442717755 0.04329583610610044 -0.84894206627472 1.1285476684570312
0.029662387944461133 -0.9451450282233355 -0.3253014269353004 174.1510467529297 -0.5050908854971098 0.26666506309810706 -0.820836732554427 122.87934875488281 0.8625562822965106 0.18865476338431747 -0.469474216675665 1.0085906982421875
-0.4649688306469139 -0.47470057537077315 -0.747304054765862 174.46839904785156 -0.4085469675419997 0.8638978946472371 -0.29456714503879694 123.06977081298828 0.7854255928088145 0.16834426443074407 -0.5956230744306286 1.25677490234375
-0.19354813356654782 -0.48644310657294243 -0.8520048263129563 174.9252166748047 -0.2855904673460725 0.8587530500735749 -0.42541895109454625 124.05430603027344 0.9386038594390915 0.16098541255963855 -0.30513356417976273 1.339385986328125
-0.06547679094770892 -0.4554537314271591 -0.8878483476226484 175.36219787597656 -0.18655413930450876 0.8796571541838236 -0.4374938219010305 124.66158294677734 0.9802603444777025 0.13698609280614546 -0.14256390644957134 1.3912506103515625
-0.039512779394442865 0.08136604893109226 -0.9959007512527888 175.58987426757812 -0.04863929953538029 0.9953409665187763 0.08325009855955459 125.16049194335938 0.9980345479016414 0.05172935772664395 -0.03537110040633806 1.373077392578125
0.028716732226779618 -0.51563076334442 -0.8563295307199597 176.02435302734375 0.1063209941858495 0.8533986364177419 -0.5103005129878584 125.99705505371094 0.993917096887637 -0.07639164387018749 0.07932919551629436 1.4474029541015625
-0.06386203967670978 -0.9967826572157744 0.04843525742875915 176.17385864257812 0.1473305872171281 -0.05741947370535738 -0.9874192129534729 126.64805603027344 0.9870234738640142 -0.055922610036188314 0.15052349892343675 1.5364913940429688
-0.08279149083307302 -0.9740344365151677 -0.210718972871968 176.4630889892578 0.5821435619622605 0.12434940209924805 -0.8035210634846182 127.7682113647461 0.808859964586905 -0.18919340020238423 0.5567328039628449 1.61334228515625
-0.020677473136283597 -0.9859015931738282 -0.1660436408960168 176.78419494628906 0.6810456788493138 0.10769774541256422 -0.7242775565718762 128.49176025390625 0.7319489226888549 -0.12805953385186758 0.6692171025640833 1.81146240234375
-0.2556456644052879 -0.8613917254599923 0.4389186594117823 176.8679962158203 0.356629064657671 -0.5060110575983741 -0.7853461146714675 129.04989624023438 0.898588339848773 -0.044239178306475946 0.43655685837081315 1.8064498901367188
0.047189396003683326 -0.9753478561161076 0.21556836612666597 177.1673126220703 0.4263209027980245 -0.17550051974801328 -0.8873838264278061 129.54208374023438 0.9033402729549286 0.1337764072543809 0.40752941503629536 1.735382080078125
0.1989691680612503 -0.964745263868846 -0.17227259214293117 177.80311584472656 0.6307419969913758 0.26060393250057146 -0.7309241572123395 130.31878662109375 0.7500505338924472 0.03677181268129648 0.6603575019637367 2.322113037109375
0.17812909728393067 -0.9204277458115022 -0.34796952372466294 177.92408752441406 0.6478280071997353 0.37587083655310194 -0.6626009261361557 131.23171997070312 0.740667872793489 -0.10739589828865959 0.6632324051509699 2.2347488403320312
0.7730277067086871 -0.009812491629853981 -0.6342963658012882 177.52610778808594 0.2185564916194242 0.9427847333371844 0.2517737209427195 132.03196716308594 0.5955344025593451 -0.333257650466344 0.7309433040762707 1.7967758178710938
0.9536181508048548 -0.009360251198037031 -0.3008734088500326 177.95811462402344 0.14738165513684304 0.886038712219002 0.4395611995825124 133.05731201171875 0.2624710844734213 -0.46351675929442104 0.8463221276018629 1.7900924682617188
0.8828883654732853 -0.411632006306657 -0.22598058654642597 178.02981567382812 0.4539096618069176 0.8713944787677441 0.1861120127542046 133.94000244140625 0.12030857421746857 -0.26689090234972 0.9561877918132567 1.7953109741210938
-0.46776601384429217 -0.8837099905524153 0.015862184278083176 178.19961547851562 0.8789937418617104 -0.466998921140937 -0.0963431856497898 135.17820739746094 0.09254705862516888 -0.031123307199770446 0.9952217751279252 1.8269262313842773
-0.5327135189633896 -0.8454009697208352 0.03890381869063374 178.52865600585938 0.8447618972315202 -0.5339522660123435 -0.035669519285884896 136.0225067138672 0.050927828340160367 0.013862828548134597 0.9986061176886512 1.8669214248657227
-0.5991129225039395 -0.7522576543394441 0.27417535917092495 178.7015380859375 0.8003878984845338 -0.5716979963054767 0.18039016874490255 136.994140625 0.021045618268415278 0.3275207207307963 0.9446095804318734 1.9015083312988281
-0.30118432312685306 -0.8450304091652096 0.44182758072431155 178.71826171875 0.9534988242086168 -0.2723818260941665 0.12902764450455056 137.7779998779297 0.01131352002715219 0.46014318249832403 0.8877726374837813 1.9214820861816406
0.07890870445167797 -0.9968226403741642 -0.010864621449327778 178.90806579589844 0.9949717539964131 0.0780784859498439 0.0627292498048621 138.62298583984375 -0.061681643225991456 -0.015759875293272052 0.9979714430882688 2.079378128051758
0.09829086059312486 -0.8080604155321278 -0.5808418645155562 178.9940185546875 0.994749401868678 0.06306026726335023 0.0806041573033427 139.48219299316406 -0.028504985630062485 -0.5857147492958665 0.8100158629628867 2.0241317749023438
0.03860974406348805 -0.6304719232872636 -0.7752512119370152 179.12535095214844 0.9983810676680936 -0.008089481136859589 0.0563010125739668 140.32359313964844 -0.04176758773582134 -0.7761699003706568 0.629138899109994 2.026702880859375
0.0021052273342415107 -0.8754924506645216 -0.4832272103755145 179.36976623535156 0.9959886019428055 -0.041391761076477296 0.07933112198251102 141.2720184326172 -0.08945542363595058 -0.48145580372908425 0.8718933628820067 2.00262451171875
0.0032148606221896747 -0.9999947446805413 -0.0004186675042816652 179.72561645507812 0.9999114304613963 0.003209185088424271 0.012916360312130885 142.10174560546875 -0.012914948851019452 -0.0004601547212434668 0.9999164926901688 1.945347785949707
0.028302305324233334 -0.9988379617533515 0.03900904605016939 179.86155700683594 0.9973090134308761 0.025575679672360685 -0.06870674158209827 143.06842041015625 0.06762921885447377 0.04084863240926379 0.996873952908504 1.9530868530273438
-0.21263893377919768 -0.9302713214415819 -0.2989648011799703 179.76412963867188 0.9764388780136433 -0.19078567167983113 -0.10083622853485474 144.15557861328125 0.03676685116655687 -0.31336256315170913 0.9489215471630348 1.833251953125
-0.4381367905888311 -0.3986687877518348 -0.8056670220413648 179.80941772460938 0.8976424184580086 -0.14649227585500796 -0.41566585342036144 144.9639434814453 0.04768900625276096 -0.9053193971120372 0.4220456703904465 1.8406753540039062
-0.3285106863448738 -0.9010609260068407 -0.2831429613833174 180.29737854003906 0.9443037966774555 -0.3194507252334159 -0.07900363110887672 145.7952117919922 -0.019263139353770498 -0.2933265105160791 0.9558182304657605 1.8937568664550781
-0.43310532245717565 -0.9006917967876105 -0.034264659034813315 180.37466430664062 0.9009570083512772 -0.4314938865825801 -0.04571099369491205 146.69174194335938 0.026386526144658945 -0.05066865936025476 0.9983668855669503 1.8331165313720703
-0.65711777109081 -0.6887099834952136 0.3063899370910681 180.6230010986328 0.7516154141607453 -0.6294932257521924 0.1970090046877831 147.7052001953125 0.05718832147053621 0.3597455175066428 0.9312962249044395 1.7724266052246094
0.23466340193130364 -0.8483335859342409 0.47461902065759964 180.76622009277344 0.972076313059361 0.2043622524039862 -0.1153417157028977 148.42088317871094 0.0008540391946857961 0.48843238710011955 0.8726013258348468 1.7805824279785156
-0.37369512171643127 -0.835277596350248 0.4033153766479699 180.99856567382812 0.9267253013161797 -0.35456910218299553 0.12434213958904045 149.42446899414062 0.03914296751368665 0.4202286149377464 0.9065736259574981 1.9005298614501953
0.17834771730355825 -0.9587319425897659 0.22141624599532927 181.0260009765625 0.9838412511670754 0.17014644025989578 -0.055736714729964235 150.31689453125 0.01576338271481556 0.22777895233085044 0.9735852631590347 1.5739326477050781
0.04037268159576396 -0.9946546639725812 -0.09503760318083761 181.06585693359375 0.9979297277871909 0.04490480160363469 -0.04604147251686295 151.0230255126953 0.050063010090783636 -0.09298203176167694 0.9944083853176824 1.7261829376220703
0.36007051192708966 -0.8818224514766668 -0.3045297859196126 181.24249267578125 0.9279890810323896 0.37208042541492775 0.019809656930576458 151.92306518554688 0.09584097205905369 -0.28973318949462434 0.9522967956367634 1.7402725219726562
0.5477341805492815 -0.8209390121961306 -0.16138898882032893 181.43243408203125 0.8331816486226407 0.552769753781323 0.015935485652909392 152.74771118164062 0.07612888976246486 -0.14319475395061376 0.9867622077200553 1.7002525329589844
-0.032830394346872294 -0.9923483593634012 0.11902478261183505 181.5867919921875 0.9901804811781368 -0.048485238121943275 -0.1311174907405244 153.7659912109375 0.13588517174755269 0.1135513775919262 0.9841957654583326 1.6562204360961914
-0.057055360110488285 -0.9982071556751811 0.01808757146571051 181.6832733154297 0.995773227309153 -0.05820366081752104 -0.07104937467531393 154.68408203125 0.07197475708174825 0.013957371754870444 0.9973087917574575 1.647984504699707
0.05887070837220004 -0.9974861914609352 0.039440303504331864 181.6470947265625 0.9940039319299241 0.05492680915315634 -0.09454749570508686 155.6019287109375 0.09214349137951122 0.044769894806791444 0.9947387765214457 1.8175392150878906
-0.07366270921360368 -0.9492488495001543 -0.3057783952373775 181.9319610595703 0.9910110037156641 -0.035340077263136205 -0.12902817309993886 156.4888153076172 0.11167361275513699 -0.3125343191741818 0.9433193009541077 1.5557518005371094
-0.15951094153910228 -0.9534229529300695 -0.25600963332541926 182.10792541503906 0.9821584203431561 -0.12710221282080258 -0.13859965672789942 157.33811950683594 0.09960470309350475 -0.27355017880118804 0.956686575007454 1.5451202392578125
0.24051618093224414 -0.9653845673758248 -0.10091879796331252 182.238525390625 0.959963497585125 0.2519623587021502 -0.12241345147238894 158.2267608642578 0.14360379526287567 -0.06743594642207448 0.9873349700665208 1.4844589233398438
-0.15397017298029375 -0.9858900483560413 0.06568103519998338 182.35516357421875 0.9765257477761196 -0.16196787447718414 -0.14199954777263907 159.1294708251953 0.15063415868490548 0.04227552707969668 0.9876852383464203 1.4051780700683594
-0.3449129346579435 -0.9372875773313606 0.05026992028991321 182.5096893310547 0.9223519963437293 -0.34837553269324617 -0.1670367715846846 160.11183166503906 0.1740743012233064 -0.01124658174762054 0.9846682954440098 1.344522476196289
0.1754652755704605 -0.9572872879685099 0.2298107598936076 182.59339904785156 0.9763174997339659 0.13919462723054893 -0.16561701441387588 160.895751953125 0.12655463951274093 0.2534283015845774 0.9590401551414605 1.3314995765686035
0.09945744619590541 -0.9444231693636164 0.31332585843713984 182.80335998535156 0.9849482197334424 0.0487032734840695 -0.16584630112202792 161.70933532714844 0.14136909435980344 0.3251043960347475 0.9350518225418156 1.3021821975708008
0.17716389141419908 -0.9833799276022682 0.039709867387539184 182.84664916992188 0.9839047171521705 0.17601326049638133 -0.030835688660067678 162.72122192382812 0.02333373404934374 0.04453369643754121 0.9987353436906714 1.4242405891418457
-0.07284354863623932 -0.6636675468492781 -0.7444724337953292 182.90065002441406 0.9859215345096748 0.06472895027827785 -0.15417162769446363 163.5243682861328 0.15050762509643129 -0.7452218127879333 0.6496090397561434 1.195831298828125
0.03438346137996873 -0.9988605494610612 0.03309653023926761 183.22283935546875 0.9986899840589956 0.033084184213993395 -0.03903527244861383 164.33706665039062 0.03789582198310471 0.034395341039755715 0.9986895749886364 1.3197822570800781
-0.4010745387257188 -0.6033250329192146 0.6893026324039252 183.59017944335938 0.8784560457683783 -0.4666598808010369 0.10268169897185775 165.10411071777344 0.2597194448610597 0.646705079849997 0.7171599191653646 1.1023006439208984
0.08328593558821584 -0.47331021364092224 0.876949767430484 183.5718994140625 0.9851916969503802 -0.09323816009861952 -0.14388872701311384 166.06405639648438 0.14986918693722795 0.8759475367649644 0.45853586516450984 0.9415397644042969
0.49409528795012037 -0.3402245146175681 0.8000732004502638 183.3850860595703 0.8581381826580038 0.043157467543119 -0.5116016931751527 166.80177307128906 0.13953030455749077 0.9393533481329083 0.31328354802253666 0.9269676208496094
0.5375651262992792 -0.8145783546144736 0.21791245760721634 183.35671997070312 0.8340009810329736 0.47551097390692104 -0.2798779686401364 167.50962829589844 0.12436277024446551 0.33219183898414534 0.9349772636216638 0.8535394668579102
0.38303902108234905 -0.8547162194621261 -0.35034453401850973 183.49932861328125 0.9115372475793775 0.41116619423763096 -0.00649669081577367 168.42721557617188 0.1496026557374193 -0.3168636061533633 0.9365983666928945 0.7367744445800781
0.01445096493392245 -0.6164668104109303 -0.7872482716870535 183.64219665527344 0.9831549771945107 0.15222824104875693 -0.10115756741273751 169.14419555664062 0.182201702599453 -0.7725252321374207 0.6082822579040792 0.6631088256835938
0.04854726973052381 -0.536422658238762 -0.8425520128334938 183.82186889648438 0.9920203519851752 0.1241629001566712 -0.02189053384212497 169.96884155273438 0.11635627980010577 -0.8347660186859218 0.5381699640432702 0.693817138671875
0.30688274681665856 -0.6199203497128924 -0.7221646209266334 183.85281372070312 0.9251059210932702 0.3725661357869733 0.07330422377281531 170.50904846191406 0.22361130218402428 -0.6905745683679699 0.687826105246782 0.4745635986328125
0.36446007278784215 -0.931116226166449 -0.013835776560444643 183.98361206054688 0.9174998612489842 0.3615920060296884 -0.16566600672292442 171.1690216064453 0.15925721318538472 0.04768432179422829 0.9860848571514771 0.4570446014404297
0.6018558105058737 -0.778990516926021 0.1759072423172183 183.78921508789062 0.781797380197881 0.529765808670374 -0.3288480565239125 171.90740966796875 0.16297987506452336 0.3354429347939158 0.9278553754873639 0.34809303283691406
0.2944776927693758 -0.8561524327667025 0.42460087179477407 183.77076721191406 0.9437400942135816 0.19057533693349876 -0.2702511341815673 172.60276794433594 0.15045771178296302 0.48029579721286386 0.8641055630793582 0.2148895263671875
0.7856137870236614 -0.4220250797194559 0.4524442614578378 184.06446838378906 0.6158859060794833 0.4635351017896273 -0.6370398418478501 173.24444580078125 0.05912299325131695 0.7791213265574669 0.6240788653466306 0.1308135986328125
0.4494602808327016 -0.8871130619661965 0.10495652072524231 184.12062072753906 0.8928745085718958 0.4425071302869994 -0.08344190546518146 173.78695678710938 0.027578395462476084 0.13121682412756291 0.9909700183000449 0.08809804916381836
0.3989785715858505 -0.8611532604220591 0.31500977997479995 183.9998321533203 0.9047399600973158 0.3138040640530805 -0.2880496727768974 174.43739318847656 0.14920356570277352 0.3999275827549629 0.9043208637056598 -0.0350494384765625
-0.15914831070759877 -0.7861048933829202 0.5972528039267337 183.9143829345703 0.9697665525956103 -0.2378401015267117 -0.05463441747276987 175.12982177734375 0.18499905044551734 0.5705008174448055 0.8001900828109942 0.010295867919921875
-0.09532607235563667 -0.7783609658127278 0.6205377883967464 183.9717254638672 0.9945281149824478 -0.10123423864409714 0.025796461687779493 175.6129150390625 0.04274071172438543 0.619601352342962 0.7837521264635047 -0.224517822265625
0.675243686346059 -0.7057638403228272 -0.21434403593886114 184.00604248046875 0.7370224175088746 0.6570475395524579 0.15838714233622483 176.01611328125 0.029050303598400037 -0.264926277407199 0.9638309744970872 -0.25049591064453125
0.22654389196863284 -0.9128811140282841 -0.33959672651865114 184.1539764404297 0.9716595677434311 0.23597856286136148 0.013849270108393902 176.60560607910156 0.06749481035126487 -0.3331098760474771 0.9404691707096418 -0.21641921997070312
-0.11573642332130984 -0.9930223074022884 -0.022622495844308227 184.1746368408203 0.9711165034412237 -0.10834016480052178 -0.21259149897182494 177.0431365966797 0.20865717591514132 -0.04657365878295318 0.9768792541797 -0.3387279510498047
-0.31867565990162733 -0.8606406751779877 0.3971692989336408 184.2351531982422 0.900915594398236 -0.40525663417452823 -0.15530020034631525 177.492431640625 0.2946131625646338 0.30832562119731477 0.9045100307663563 -0.37437915802001953
-0.5763764012460489 -0.7476611897060773 0.32983782301905074 184.29409790039062 0.6820934081424904 -0.6624515334465372 -0.30968782411146456 177.95498657226562 0.45004313866030166 0.04648345126627859 0.8917961998703291 -0.3900413513183594
-0.41290008600151296 -0.8942048224975087 0.1729487045402259 184.16786193847656 0.6789206334873373 -0.4287666999942866 -0.5960082972586558 178.27032470703125 0.6071081389712182 -0.12867343314844978 0.7841319118596664 -0.35477447509765625
-0.15325743918051687 -0.8976014964107708 0.4133082517649209 184.09597778320312 0.6070415698437068 -0.41554519714343635 -0.677364541153957 178.38153076171875 0.7797516847160499 0.1470841350117943 0.6085668142532208 -0.44588470458984375
0.10630378255941736 -0.9151226347448571 0.38890881860815535 184.07766723632812 0.4018051940326372 -0.3182339834642049 -0.8586499390420401 178.64503479003906 0.9095339970896938 0.24754331973643562 0.3338715516361193 -0.48622894287109375
0.1560149243148305 -0.9515531917598112 -0.2649638968666363 184.05801391601562 0.22269611516079485 0.2952276027652694 -0.9291109206428274 178.73941040039062 0.9623231181278602 0.08594873947410786 0.2579671112748372 -0.5533523559570312
0.10306684687937623 -0.7991166180210678 -0.5922751521690861 184.070068359375 0.12455909023420814 0.6011281723412812 -0.7893858077376723 179.26300048828125 0.9868445967397146 0.007586252052342868 0.1614936242253196 -0.464569091796875
-0.016970172660102367 -0.764408188916964 -0.6445092194504073 184.11553955078125 -0.15305286601298945 0.6389911389347405 -0.7538336318897513 179.44866943359375 0.9880722814880986 0.08585129631851851 -0.12783865407353812 -0.5285797119140625
-0.008880858739143793 -0.7398097784892621 -0.6727574763610765 184.16783142089844 -0.411650615757003 0.615836034169911 -0.671781027988106 179.38026428222656 0.9112984697095324 0.2709750369859653 -0.3100123036840942 -0.536834716796875
0.011946808225453187 -0.9266363057880904 -0.37576911870006674 184.47897338867188 -0.12791902277992162 0.37129187697130106 -0.9196624737946841 180.080810546875 0.9917126586790421 0.05905504966155589 -0.1140986578589645 -0.12859344482421875
-0.4402960075299833 -0.2619628569494406 -0.8587868695619674 184.48643493652344 -0.4877453805895912 0.8728359155306595 -0.016183580360039612 179.52297973632812 0.7538195204866158 0.4117437627197793 -0.5120773422000688 -0.5343780517578125
-0.3187052060671354 -0.12529976450525226 -0.9395355025972316 184.4878692626953 -0.37386697637278965 0.927477054927663 0.0031299457785219087 180.41075134277344 0.8710054394798992 0.3522588275652391 -0.3424372100090621 -0.4541168212890625
-0.802673924866121 0.3742666128414477 -0.4643695434158085 184.6337890625 0.16994515928300866 0.8898450901774908 0.42343164539661665 180.9400634765625 0.571693285928993 0.2609601847010444 -0.777860250189266 -0.60797119140625
-0.25851408849893726 0.2630685136301092 -0.9294974035380674 184.15011596679688 -0.04093000168458473 0.9583582254362826 0.28262032251895763 181.63507080078125 0.9651399903690987 0.11110566535989425 -0.23698170839807814 -0.7221527099609375
-0.5998666121778974 -0.2733424044955196 -0.7519600903630592 184.3124237060547 -0.6749145452067493 0.677626756352811 0.2920827549567674 181.8854522705078 0.42970967438792806 0.6827194950925132 -0.5909684312702711 -0.6342620849609375
-0.5573137674370437 -0.25351420422061494 -0.7906528396733402 184.8075408935547 -0.7853149521930576 0.47013439043239813 0.4028077466916108 180.82200622558594 0.26959560546704775 0.8454017998509026 -0.46110086350137125 -0.7100067138671875
0.26229371715068417 -0.5011573344956946 -0.8246473986040623 184.3796844482422 -0.6476084364678185 0.5421262487714352 -0.5354460228713246 182.3104248046875 0.7154057023528566 0.6744927401197008 -0.18235740886192003 -0.8495082855224609
0.2020345630738646 -0.37768098285871105 -0.9036255366635176 184.591552734375 -0.9742249706684349 0.01702517777678106 -0.22493521255631743 183.01234436035156 0.10033813756313859 0.9257792493400069 -0.36450657009416665 -0.66534423828125
-0.2271155357648888 -0.12867487207165623 -0.9653296383679361 185.15591430664062 -0.9607276558149798 0.1918856327725106 0.20045517026943133 182.10848999023438 0.15943934510176916 0.9729453639505334 -0.16720171650040816 -0.6786956787109375
-0.8008576608681034 -0.4092562804401681 -0.43719138137564917 184.57400512695312 -0.5967090383058402 0.6070884976690124 0.5247684056820692 183.45172119140625 0.050649093111222315 0.6811408466082913 -0.7303983957052141 -0.7305908203125
-0.4946682961831072 -0.8515449335328071 -0.1737080968921977 185.22357177734375 -0.8598745168851278 0.4505342566304899 0.24007227831213723 182.44973754882812 -0.12617088397435502 0.2681233107676751 -0.9550868014270277 -0.6793365478515625
-0.7853752623500045 -0.618870294886308 0.013610855814227309 184.19427490234375 -0.6047466110645824 0.7717751036659293 0.19658261817197098 184.01808166503906 -0.13216366253461748 0.14616000639291987 -0.9803927880378647 -0.6881256103515625
-0.26328120002288535 -0.9642356173287825 0.030539875394167013 184.04611206054688 -0.9508197061182984 0.26471223870101757 0.16083941413412461 184.4744873046875 -0.16317137056365738 0.013308078617038824 -0.9865079821632973 -0.71697998046875
0.7754331275051755 -0.5114452458545964 -0.3703069338538965 184.71803283691406 -0.6041016449341912 -0.7715662529889183 -0.19936579404813914 183.71826171875 -0.18375164585751885 0.3782978690679768 -0.9072629469471797 -0.665740966796875
0.9753547863380579 0.20586752803816283 -0.07938262824382618 183.4114532470703 0.06321863009309509 -0.6054416740288918 -0.7933749329026255 185.3287811279297 -0.2113916875768621 0.7688035771564473 -0.6035350977158304 -0.710205078125
0.7806774478021908 -0.33305572055826316 -0.5287878681441867 184.67547607421875 -0.5934026272616904 -0.6604464616125237 -0.46009107066147337 184.46835327148438 -0.196000113397878 0.6729668330214451 -0.7132317976654613 -0.6962051391601562
0.7070630925520281 -0.6351213549181995 -0.3109383342041187 183.44984436035156 -0.7053133400824532 -0.6017186496917021 -0.37479028658027963 185.53549194335938 0.05093992002835801 0.4843093341450945 -0.873412613492294 -0.74505615234375
0.820743500827898 -0.28923597641766363 -0.492668910927498 183.11972045898438 -0.5524540134154603 -0.621474960690946 -0.5554848659462631 186.09011840820312 -0.14551518446511555 0.7280875106605719 -0.6698611109104449 -0.7933197021484375
0.1484375801171478 -0.7326027105556874 -0.664273703600726 184.2185516357422 -0.982572771952644 -0.1852510447295851 -0.015257727350251549 185.53292846679688 -0.11187954516471132 0.654962074408173 -0.7473336928445553 -0.721771240234375
-0.9090835086773533 -0.39894379715043493 0.12004591190900514 183.205810546875 -0.39999488203636435 0.9163730318251134 0.016265327797626353 186.38609313964844 -0.11649578788774713 -0.03323120910893686 -0.9926350881092058 -0.8738555908203125
-0.9755910098535128 -0.0007770773981832027 0.21959412023940902 184.33038330078125 -0.09452480408670888 0.9040949806064669 -0.4167461187036558 186.1447296142578 -0.19821009788951746 -0.4273308579928549 -0.8821003882221787 -0.6804656982421875
0.018981386551336674 -0.6938750643147449 0.7198451931400232 182.48672485351562 -0.9997457359648771 -0.021937600134427873 0.005215852795841691 186.76939392089844 0.012172525811624924 -0.7197611665146645 -0.6941150429091812 -0.8181838989257812
0.2779231228941096 -0.7245233933180463 0.6307333749657533 181.69235229492188 -0.8324255764825398 -0.50933534067748 -0.21827773673617518 187.08233642578125 0.47940212492071543 -0.46437416301066897 -0.7446678718392808 -0.7041645050048828
0.1156546873746753 -0.7307925291067232 0.6727304606527531 181.64132690429688 -0.9437094269112885 -0.29214723171294604 -0.15512096106339085 187.30616760253906 0.30989758122165767 -0.6169216112313309 -0.7234439955854944 -0.8465423583984375
0.5769069926181035 -0.6483630865191828 0.49679334728602575 181.69302368164062 -0.7305004087145465 -0.6816604363167339 -0.04133040561572662 187.50442504882812 0.36544147922234527 -0.33906394323165423 -0.8668841719999193 -0.6771774291992188
-0.15460958290314156 -0.977678420583433 0.14227010508184929 181.570556640625 -0.7382159706701354 0.01861702775887318 -0.6743074869263836 187.56185913085938 0.6566072323102041 -0.20928046302249328 -0.7246161951509396 -0.765106201171875
0.5017748971560935 0.8516159873928653 0.15156570390714041 180.0647735595703 0.33356766566423524 -0.35217318175886114 0.8744750782458887 187.56846618652344 0.7980943334013246 -0.3882322244053361 -0.4607832190151677 -0.6924896240234375
-0.33474334000612943 0.5243285798963458 -0.7829600479114004 179.54904174804688 0.33212503430569984 0.8432235390104541 0.42269022326772965 187.421875 0.8818389070056837 -0.11854789564798987 -0.45640611140568094 -0.668304443359375
-0.011349778545574563 0.8101278340088316 0.5861433912372682 178.85028076171875 -0.035413824210501044 -0.5861390726039817 0.8094361300446948 187.56300354003906 0.9993082825543647 -0.011570658196629335 0.035342273372586386 -0.824737548828125
0.004744331363879639 -0.8117593037156284 -0.5839728796365699 179.0514373779297 0.2816794934257668 0.5614175793816644 -0.7781175775836424 187.7386474609375 0.9594968234982922 -0.16080153728229923 0.23131950048436525 -0.85504150390625
0.050153348990757185 -0.6563569167663267 -0.7527816678147874 178.4385223388672 0.4115069364703275 0.7003584688467083 -0.583232420525043 187.87490844726562 0.9100256495406145 -0.2805238188241703 0.30522074675632205 -0.8154697418212891
0.02301648736498635 -0.6670469360774499 -0.7446600743823077 178.08987426757812 0.46946407351663855 0.664835275158765 -0.5810314454328042 188.0319366455078 0.882651530892312 -0.3362178489822574 0.32845674454820134 -0.7626090049743652
-0.4656100135033623 0.6458947102978292 0.6050019326702041 177.0494384765625 -0.22426880217007827 -0.7474252434134172 0.6253471115161502 188.1753692626953 0.8561021082199232 0.15548481828679434 0.49286271068495896 -0.49127197265625
-0.010500337989924002 -0.07325297243165865 -0.9972581134952094 176.30960083007812 -0.422680153877358 0.9041581523112694 -0.06196388566967359 188.00733947753906 0.9062180920839698 0.4208705711248983 -0.040456543855000804 -0.529205322265625
-0.9255654829345 0.3743134026767788 0.05672753631841798 175.56236267089844 -0.24417780500071495 -0.7047316874626876 0.6661309542657703 188.39247131347656 0.28931943651482983 0.6026962130812874 0.7436743496936121 0.6920928955078125
-0.8991644321945941 0.24700263863339011 0.3612381768090353 175.230224609375 -0.1856234241993872 -0.9628134727976224 0.19630119965979898 188.15939331054688 0.39629189780345914 0.109452789400384 0.9115771051467932 0.13312911987304688
-0.379453858469724 0.19395256644730022 0.9046530667946382 175.4484100341797 -0.2144776974298275 -0.9695855502153363 0.1179117386811962 187.69557189941406 0.9000078258535522 -0.14928584253749222 0.4095114780079223 -0.35459136962890625
-0.45404980850891963 -0.8877748062892957 -0.07546300226612102 174.74325561523438 0.57190067353051 -0.22545265198619135 -0.7887336187381275 187.835205078125 0.6832045016013596 -0.40128169037522315 0.6100857431224247 0.12439918518066406
0.2769542361183523 -0.33523264453301854 -0.9005084259103292 174.51173400878906 0.6554223213155479 0.751215927061949 -0.07807824056544346 187.9126434326172 0.7026506470625632 -0.5685892234010907 0.4277713912999629 -0.37859344482421875
-0.30468745805318015 -0.9506010790902458 -0.05935605560978785 173.712646484375 0.6872012873857402 -0.17625667365203984 -0.704760935075505 187.6656036376953 0.6594846044605388 -0.25552137567252375 0.7069574832010396 -0.31745147705078125
-0.6899371728493098 -0.5460292355584198 0.4752249692894822 172.84645080566406 0.38343631969684433 -0.8325132164889073 -0.3998728961915685 187.58741760253906 0.6139733595670426 -0.09366866224507145 0.7837492554734439 0.13149261474609375
-0.8862081970082596 -0.3492978148804555 0.30434531058504716 172.10501098632812 0.2961193558960228 -0.9322876347468656 -0.20773322594572974 187.39813232421875 0.35629813165254515 -0.09397235028365537 0.9296347878404032 -0.0489501953125
-0.8415780748944067 -0.5315834086994397 0.09573621808129329 171.42823791503906 0.4755670634089246 -0.8132786196966074 -0.3352817545662049 187.26773071289062 0.2560904372631597 -0.23663678146024866 0.9372410157491498 -0.014639616012573242
-0.617164728985635 -0.7774578746053262 0.12110718603888257 170.85052490234375 0.7484760983947023 -0.6275534806278478 -0.21438320616064474 187.2149200439453 0.24267514794047537 -0.041663919235261665 0.9692125104465099 -0.023220062255859375
-0.24931459360595132 -0.9479219463702372 0.19820750996054742 170.1355438232422 0.9669320045527837 -0.2550124609742306 -0.0033381610808965734 187.15081787109375 0.05370970104771439 0.19082093265029304 0.9801543958355936 0.13757896423339844
0.4378826125019261 -0.8839824936850063 0.1638101600235039 169.4317626953125 0.8972713813265694 0.44110736864861383 -0.01812063950875334 187.00802612304688 -0.05623954054576133 0.15491688152791425 0.9863254401549562 0.11968612670898438
0.17379171618697298 -0.9704554068487212 0.16737007708330082 168.4835968017578 0.9210879380582813 0.22031673049624367 0.3210257756426883 186.74757385253906 -0.3484156278761484 0.09837093870411623 0.9321639923694439 0.10776519775390625
-0.09197826931078901 -0.9922610848247779 -0.08341425248089576 167.72100830078125 0.8997758315209015 -0.11870379430481137 0.41989625174382184 186.5618133544922 -0.42654829853776466 -0.036432797861208316 0.9037307122448269 0.16965103149414062
-0.807682601410261 -0.3089750725583384 -0.502178474167027 166.7442169189453 0.4094633098952359 -0.9067560442277797 -0.10066416495470146 186.52691650390625 -0.42425064906113213 -0.2869283548099749 0.8588850365312284 0.3080596923828125
-0.7934746956403285 -0.4290769710252841 -0.4316142494337462 165.91224670410156 0.48150712224294845 -0.8763300561132097 -0.014018701150017326 186.68212890625 -0.3722214375983775 -0.21894881979217595 0.9019493420940063 0.5663375854492188
-0.7496169217327991 -0.5326423419551025 -0.39289515930897634 165.16685485839844 0.4274961441475989 -0.8428180049428192 0.3269630824468429 186.14825439453125 -0.5052934962878283 0.07713589372522581 0.8594931858417685 0.30272674560546875
-0.8730393488786312 -0.3364106263200587 -0.3530300069519895 164.26889038085938 0.37525816232139453 -0.9257879293429572 -0.04580416459286031 186.5083770751953 -0.3114219114332609 -0.17246622968519315 0.934490124451526 0.7184486389160156
-0.8908818718159498 -0.2755760940516343 -0.3610918260733053 163.54531860351562 0.2828354784340842 -0.958574443608646 0.033750973309482894 186.15573120117188 -0.3554343576649169 -0.07206144910851814 0.9319192910030933 0.5532379150390625
-0.7049107820975513 -0.4421108220594184 -0.5546519722317443 162.54229736328125 0.46114986224546445 -0.8798103918171953 0.1152149252547693 185.89968872070312 -0.5389263343292917 -0.17456143751819375 0.8240671760833421 0.5472564697265625
-0.7914597613108268 -0.06816908825379864 -0.607407953217979 161.7018280029297 0.24714224470191276 -0.9445935244478779 -0.2160180188198101 185.7593231201172 -0.5590278679185043 -0.32108573462205037 0.7644552268855969 0.5491561889648438
-0.7638100399876535 -0.037737351711306544 -0.6443369577324247 160.7176971435547 0.3049752853001012 -0.9009206197546831 -0.308758987329859 185.69461059570312 -0.5688447047922494 -0.43234006197281244 0.6996411742051519 0.5532379150390625
-0.8697687976853024 0.3289704283339423 -0.367805241744658 159.88352966308594 -0.017469636642851144 -0.765421129896622 -0.6432925506356695 185.78790283203125 -0.4931501296447468 -0.5530903643976826 0.6714864097223475 0.49646759033203125
-0.8743507946170022 0.3796872143650178 -0.30223882477330766 159.06329345703125 -0.15085486270501497 -0.8045879514787484 -0.5743527128285217 185.72247314453125 -0.4612520984785524 -0.4565915544367464 0.7607697773085941 0.5786972045898438
-0.8695202208429732 0.26768388704105783 -0.41506616600703244 158.234130859375 -0.09303258867394675 -0.9141154127264209 -0.39463647786365297 185.6159210205078 -0.48505620601102656 -0.3045297174900923 0.8197451605075771 0.6062850952148438
-0.8711562520195199 0.28541014681385857 -0.3995345199891928 157.4860382080078 -0.1789736455477725 -0.9423031554898663 -0.28290139157165894 185.59719848632812 -0.45722556661525754 -0.17494516640802776 0.87197417965432 0.613037109375
-0.856437291346069 0.47156947715518516 -0.21008901496126298 156.67916870117188 -0.42186444222633523 -0.8738475300549825 -0.2417041302954282 185.6352996826172 -0.29756605716524775 -0.11837534554286044 0.9473340061407786 0.6607589721679688
-0.5968516937619082 0.7731583093920243 -0.21446278062080695 155.92681884765625 -0.7789798548588635 -0.6224264547860514 -0.07599798751632665 185.57276916503906 -0.19224578377068682 0.12170265814900853 0.9737710314143977 0.608548641204834
-0.9627881718342713 0.24076264611775877 -0.12276923234425018 155.11131286621094 -0.24746231397952928 -0.9679703101412364 0.04237784615781541 185.49383544921875 -0.10863396953033842 0.07118164734995572 0.9915300468188687 0.582134485244751
-0.9957046991371536 0.05610630284679865 -0.07364940527291132 154.34791564941406 -0.06636970433453045 -0.987164613983426 0.14526213286848172 185.48788452148438 -0.06455396550745147 0.14952627755620995 0.9866482036964573 0.6040878295898438
-0.9967134614698359 -0.08085318478861242 -0.005003821974943192 153.4594268798828 0.07991192310956333 -0.9914776676199573 0.10288886798784908 185.45501708984375 -0.013280070397014874 0.10215085472196642 0.9946802715495177 0.6116657257080078
-0.9982830711214951 -0.0556804725880018 -0.018182268412187917 152.64881896972656 0.0540685278597953 -0.9953626997098596 0.07955935093610628 185.2998809814453 -0.02252785403252175 0.07843966470273031 0.996664293929512 0.5574183464050293
-0.9842512307288167 -0.17573458039825243 0.01915390459045986 151.81622314453125 0.1764973531653902 -0.9708441007139443 0.16220485946649296 185.29185485839844 -0.009909547639615952 0.16303094602308896 0.9865711892734326 0.5808868408203125
-0.9904880535757791 -0.1353049899238697 -0.025019500901619647 150.85560607910156 0.13662113327248798 -0.9886930774487362 -0.061811524397060995 185.23788452148438 -0.016373199656930397 -0.06464176905568804 0.9977742029268674 0.5899868011474609
-0.9954583131653573 -0.09507711266383546 -0.004805142816773522 149.9208526611328 0.09403183204558092 -0.9741280878343276 -0.205505433150533 185.34140014648438 0.014858038636809089 -0.2050239282126476 0.9786441782119394 0.6362028121948242
-0.9971121581586767 0.07415568351746056 0.01637921408994616 148.9705047607422 -0.07399253071862334 -0.9972050566955238 0.010352791832665404 185.34092712402344 0.01710115346985817 0.009110955105539274 0.9998122528990455 0.6812584400177002
-0.8951981398545138 -0.4442967918686833 0.03493781813757732 148.2088623046875 0.44437168305085006 -0.8958222963691066 -0.006018357793906113 185.2688751220703 0.033972013534281115 0.01013775434583608 0.9993713665266032 0.654942512512207
-0.945069585868151 -0.30729509707605185 0.11141454653689487 147.3558349609375 0.3211827668186201 -0.9363211103968077 0.14193099916517674 185.23214721679688 0.06070509176121818 0.16991910292344822 0.9835864935510009 0.5993728637695312
-0.801178980996037 0.5280394918145699 -0.2815786488609575 146.21397399902344 -0.5950370319255058 -0.6529473531452934 0.46860504122111174 185.22328186035156 0.06358593435215124 0.5429862328869546 0.8373307469857999 0.5754814147949219
-0.9583292100228891 -0.1583048849049707 0.23779127114368392 145.38319396972656 0.2708129772191631 -0.7683737489393232 0.5798811199811756 185.05247497558594 0.09091455651653403 0.6201139777138985 0.7792260250127996 0.59326171875
-0.8792360650755934 -0.4754725396844221 -0.029492471521265176 144.59068298339844 0.4702318349481785 -0.8562931469901985 -0.213644723358409 184.77903747558594 0.07632799795393555 -0.20171244489041268 0.9764661419141353 0.5982198715209961
-0.9887380106534294 -0.14543383432909385 -0.035300794912248704 143.65591430664062 0.09593442049575031 -0.4348854210622285 -0.8953609649251372 184.81129455566406 0.11486397717841536 -0.888663980579761 0.4439398567000833 0.6319198608398438
-0.9875795234716876 0.02696892406010036 0.15478811955209865 142.6358184814453 -0.13894460121399965 -0.6098534791181663 -0.7802391503897703 184.811279296875 0.07335586283942709 -0.792055181879715 0.6060259946937709 0.6271820068359375
-0.9908500561619821 -0.10407470021101205 0.08593382907670964 141.82029724121094 0.12004363754471682 -0.9705924365217319 0.20866204075451933 184.93136596679688 0.06169028520626108 0.21706860423100344 0.9742050758276588 0.6111507415771484
-0.9683265577794897 -0.2058506048017521 0.14131244107182336 140.9952392578125 0.24185666217195723 -0.9139104757232435 0.32599539463979327 184.84912109375 0.06204057109637561 0.34984735366451986 0.9347501252591346 0.5629768371582031
-0.9749859896903129 -0.21800097921374154 0.04333466244763404 139.99510192871094 0.22100057039898838 -0.9716076052563761 0.08448318940056322 184.76336669921875 0.023686869588916346 0.09194691114887706 0.9954821433552978 0.5722188949584961
-0.9962035563206317 0.0856232249693984 -0.01572061449071509 139.06063842773438 -0.08177855332693769 -0.9823542955013203 -0.16820316978540595 184.7130584716797 -0.029845311019975996 -0.16627898681416325 0.9856269862144482 0.5637502670288086
-0.9669261187480854 -0.22882025277134613 -0.11267285744322084 138.11302185058594 0.25070296005734766 -0.933929160184683 -0.2548025697971204 184.69993591308594 -0.0469244786997901 -0.2746226787401029 0.9604064127338817 0.5331058502197266
-0.9987961093635169 0.02991714361127116 -0.03887539631237668 137.2154998779297 -0.02551300535927961 -0.9936898474429123 -0.10922258762004929 184.7156524658203 -0.04189771447035199 -0.10809926737505925 0.9932568297852962 0.579066276550293
-0.9937865632652797 -0.10279161406202084 -0.04268665777393283 136.26992797851562 0.10167578402411881 -0.9944362564025216 0.027542093152462668 184.6929168701172 -0.045280256364833536 0.0230307627025842 0.9987088075875131 0.42323172092437744
-0.9738115386842862 0.19589001810694745 -0.11540445368963381 135.37393188476562 -0.22218527017529205 -0.9275952438874228 0.3003344289863638 184.60940551757812 -0.04821610563365213 0.3181103021335407 0.9468268283239718 0.5159206390380859
-0.9798496044006609 0.18465153363536427 -0.07614830189817964 134.6512451171875 -0.1988544906917283 -0.9376379785717784 0.2851173664853875 184.4695281982422 -0.018752180875879675 0.29451457054946767 0.9554629890510993 0.4600353240966797
-0.9954261753834956 -0.0841757648918858 0.045179309050179785 133.66880798339844 0.0904262089709656 -0.982748111291464 0.16133583137108437 184.53085327148438 0.030819313628388207 0.16468330321537056 0.9858648890946208 0.4889354705810547
-0.993420017290745 -0.11422707433748568 -0.008297272705796886 132.8881072998047 0.11428394735139148 -0.993425283896459 -0.006736816237971972 184.50885009765625 -0.007473193684109807 -0.007640733180680117 0.9999428836551723 0.49499887228012085
-0.9997346536680111 0.02045004878187389 0.010602724183957081 131.9370574951172 -0.02172191236813653 -0.9901317154010035 -0.1384461797238814 184.43487548828125 0.007666862355167675 -0.13863975498350123 0.9903132017497 0.4953880310058594
-0.951286938933575 0.3078353659525291 -0.01704544758172573 131.0131072998047 -0.30669539830099096 -0.9505125999402111 -0.049635975017084645 184.3780975341797 -0.03148162123184555 -0.04199029439968981 0.9986219117868593 0.4985501766204834
-0.9868563194239228 0.15260798769340714 0.05315455676832709 130.16879272460938 -0.16130518596475166 -0.9501064465003439 -0.26698010656108095 184.33856201171875 0.00975919022999808 -0.272045110984664 0.9622350106888631 0.4872760772705078
-0.997397842888985 0.06919970839597077 0.020222347992061348 129.29705810546875 -0.07196729263332079 -0.9722960962366257 -0.222398313919077 184.37686157226562 0.0042722115384641185 -0.22327494620071225 0.9747461447000647 0.4489727020263672
-0.9990103336474528 0.04110627836807258 0.016989030117441784 128.4652557373047 -0.04026305546160605 -0.9980686588181741 0.04730579932509892 184.3444061279297 0.018900783859418385 0.04657495210536907 0.9987359682147638 0.4379386901855469
-0.9494485331406223 0.26167477460605404 -0.1734179784566498 127.50259399414062 -0.31388666457330017 -0.7997094220914164 0.5118007444516479 184.29037475585938 -0.004758646884233511 0.5403620569146979 0.8414191599474947 0.47089385986328125
-0.9873821115894447 -0.15217859759454413 -0.04379771851737087 126.6700439453125 0.10701416191028759 -0.8450930869917016 0.5237992396610316 184.25917053222656 -0.11672418285774287 0.5125030231647358 0.8507150618057718 0.4685325622558594
-0.9974466255447515 -0.06782997396740227 -0.02234555483692134 125.76827239990234 0.057518644962283635 -0.9484701392847655 0.3116023112347536 184.09629821777344 -0.042330068167805865 0.30952138781790034 0.9499498280499817 0.4600505828857422
-0.9738552864583081 -0.22582608380258656 0.02466700045797996 124.9041519165039 0.2268543335614085 -0.972470722502502 0.053271054240282396 184.01914978027344 0.011957942198223173 0.057474113736960285 0.9982753797768105 0.4810142517089844
-0.9633220750642424 0.267355084598332 0.023061622521876934 123.90376281738281 -0.26683918778170923 -0.9452621917485116 -0.18781969203147594 184.06027221679688 -0.028415269802001673 -0.18708460008835429 0.9819327496584787 0.4489097595214844
-0.9430248839488881 0.330073538599123 0.041899013948296926 122.9852523803711 -0.33218736279481514 -0.9268766716444833 -0.17478899153170535 184.0391387939453 -0.01885800234945889 -0.17874869140191751 0.9837140240280657 0.4559650421142578
-0.9991327287509963 -0.04142281038837765 0.004235695706231637 122.2190933227539 0.0415090351655364 -0.9988770492526204 0.022839449993459545 184.03440856933594 0.0032848650221187444 0.02299546163715765 0.9997301727995808 0.4960927963256836
-0.9668180479388289 0.25412697725317485 0.026121669393754564 121.28763580322266 -0.255462106695096 -0.9622984273199988 -0.09338548506250935 183.8970184326172 0.0014050703383259502 -0.09695986906767731 0.9952873000132791 0.44388532638549805
-0.16682303991024716 0.8747771033219341 0.4549011902147432 120.20353698730469 -0.9859788878097692 -0.1461513975131069 -0.08053199239045358 183.921142578125 -0.003963098347804617 -0.46195756137187716 0.8868931758350798 0.4365119934082031
-0.4380258912422747 0.5741462214974533 0.691729307563015 119.23429107666016 -0.8989581029387828 -0.2821226836185117 -0.33508375154369113 183.88656616210938 0.00276545875325096 -0.768611024984736 0.6397104380184817 0.46138763427734375
-0.6275710548885944 -0.7784106137468195 0.015214712363909387 118.63392639160156 0.7772813914480442 -0.6275405430496463 -0.0450167228654757 184.1561279296875 0.04458934373377729 -0.016425079459612843 0.998870365558082 0.4993433952331543
-0.9896266149075245 -0.11782713270600445 0.08219446371231762 117.7817611694336 0.14283031458059223 -0.7454230026125713 0.6511098589430719 183.9407501220703 -0.015448763817307351 0.6560955067475616 0.7545197291802097 0.5475997924804688
-0.9999840660678178 -0.00048040412834981995 -0.0056246619763451 116.82569885253906 -0.002814914428811232 -0.8212283751073147 0.5705927025255041 183.68569946289062 -0.004893247105261315 0.5705994436822327 0.8212139374135669 0.6089668273925781
-0.8811667356685501 -0.444458269038086 0.16125145281484998 115.99071502685547 0.47101811680055156 -0.8548326933867479 0.21772230010455942 183.6722869873047 0.04107453708678118 0.2678020041015867 0.9625980308531076 0.5205307006835938
-0.7639125944261955 -0.6441674168015732 -0.03854720752826505 115.18670654296875 0.6370450557180316 -0.7432355989755686 -0.20438796784702778 183.63470458984375 0.10301041239723727 -0.18069085075513897 0.9781307026114326 0.534724235534668
-0.976950361938706 0.11275784739325098 0.18125578103627957 114.1168212890625 -0.14956439249332668 -0.9674113773625203 -0.20431769244892575 183.68222045898438 0.15231048160232943 -0.22671765436505384 0.961977454202163 0.5440082550048828
-0.840713248010881 0.44790397207671045 0.30427498486878707 113.13949584960938 -0.4860208263164815 -0.8719285002303547 -0.05936705208016467 183.69097900390625 0.23871529277706466 -0.19779464675250913 0.9507325000810746 0.6039654016494751
-0.7829579421771744 0.5656376410915377 0.25890330195284333 112.26536560058594 -0.5502284080940135 -0.8238681380324222 0.1359779028420328 183.7523193359375 0.29021640151447675 -0.03599097269303094 0.9562840007950554 0.6374912261962891
-0.9136405760378392 0.31527601980006165 0.2566357908715694 111.47626495361328 -0.28606754670301954 -0.9471516101797346 0.14515228574587255 183.5449676513672 0.28883603746859654 0.05920184687124902 0.9555463802382762 0.7039585113525391
-0.9511465212501121 -0.13895138587511552 0.2757042028645828 110.65290832519531 0.0783977134054334 -0.9724284139845073 -0.21962872810353246 183.53573608398438 0.29862031686844387 -0.18728452162141057 0.935815374053253 0.6962147951126099
-0.9092164530581839 -0.3025003077207659 0.28604021625837384 109.65796661376953 0.16715446826562458 -0.8944975531627897 -0.4146486598611147 183.4907989501953 0.381293620753261 -0.3291924835329993 0.8638561706431485 0.6286487579345703
-0.8667377852935061 -0.4478687146700331 0.21949766733229886 108.67130279541016 0.2895406782967982 -0.8101490337055319 -0.5097300646395332 183.54562377929688 0.4061179719686609 -0.378248803839226 0.8318629906650834 0.6331319808959961
-0.7139677190758786 -0.6714079183493503 0.19864919656363966 107.8887710571289 0.6104183283221617 -0.7358412756498158 -0.2931332145943709 183.57510375976562 0.34298623961605956 -0.0880285421204057 0.9352066163186566 0.6710662841796875
-0.9300296947188258 -0.07233950479603062 0.36029399521373223 106.8435287475586 0.2809221599588828 -0.772025332589374 0.5701400055111923 183.62049865722656 0.23691244582175014 0.6314617026282208 0.7383282543209523 0.692840576171875
-0.9710423560177501 0.08340456239935862 0.2238759071237195 105.76419830322266 0.18791348058071916 -0.31202805907038766 0.9313039322201997 183.41949462890625 0.14753056170006426 0.9464048654374819 0.2873196200065796 0.7244949340820312
-0.9426557012597641 0.010655102755528667 0.33359660919699324 104.93344116210938 0.2751550510796001 -0.540920316371946 0.7947923686104796 183.15792846679688 0.18891777774430069 0.8410063496320006 0.5069698148122943 0.6522140502929688
-0.6995898734606865 0.7133758934875397 -0.04085148151676669 103.71700286865234 -0.7003769416213882 -0.6732688440262486 0.23702574397864293 183.01077270507812 0.1415844221527601 0.1944322459223596 0.9706440919045743 0.6881198883056641
-0.5860265191249657 0.7470828146656283 0.31375179188900004 102.76836395263672 -0.8026843685659504 -0.5881735703077985 -0.09874034459762764 182.92970275878906 0.11077329706277286 -0.3097081194006049 0.9443570074051354 0.7131118774414062
-0.5756128186253961 0.5777716762389237 0.578662054372145 101.67381286621094 -0.8124050916878046 -0.484630777870284 -0.32423907250757644 182.8472442626953 0.09310128910953286 -0.6567441657730261 0.7483443396520317 0.7177505493164062
-0.7827724711953 0.22753314018892196 0.5792201036346818 100.78707885742188 -0.6166176803674457 -0.4091674620354143 -0.6725805708387422 182.85366821289062 0.08396365045109569 -0.8836349122387968 0.46058598250018423 0.7604446411132812
-0.9939296727855526 -0.0026869591677694538 0.1099844798452738 99.77688598632812 -0.08529346692353984 -0.612617976179796 -0.7857634757110655 182.9478759765625 0.06948978382875944 -0.7903745918941233 0.6086700045440309 0.6508941650390625
-0.9979116558474223 -0.005418630322921903 0.0643658727065774 98.87882232666016 -0.025027586641852596 -0.8862003179923464 -0.4626257842977935 182.9279327392578 0.059547854963385334 -0.46327058490226586 0.8842140115003675 0.7309112548828125
-0.875312447603957 -0.4798017645970972 -0.06015301953419862 98.02232360839844 0.48069294423722464 -0.849847137551124 -0.21608826010847823 182.82798767089844 0.052558657042568846 -0.21805987591868584 0.9745191009334855 0.7181835174560547
-0.9767965281465013 -0.21290258367778359 0.023260104562653313 96.94266510009766 0.21390653536964577 -0.9752062576129062 0.056716393033975326 182.76785278320312 0.010608332908412028 0.06037586418391237 0.9981193407087902 0.731295108795166
-0.9767837748899272 -0.20148784639864042 0.07277434208168522 95.96746826171875 0.21038763296075624 -0.9662595524760255 0.14859179366977646 182.59677124023438 0.04037946271255195 0.16045287470927153 0.9862172042651541 0.5538463592529297
-0.99045409401693 -0.10757949708254211 0.08618201350960492 95.01737976074219 0.12699023401722806 -0.955305465015323 0.2669549568300001 182.54351806640625 0.05361126849228681 0.275350903974047 0.9598477543711413 0.6375465393066406
-0.9890522206409589 -0.14633577560281852 -0.01901435310257275 93.92031860351562 0.14487802198054434 -0.9874232717763933 0.06329013431339572 182.497802734375 -0.02803682564401132 0.059842486020588226 0.9978140173773282 0.6927037239074707
-0.8532346092437015 -0.5160840581998306 0.07515282071048457 93.25160217285156 0.5213556865029553 -0.8477477472962371 0.09752950889442472 182.4822540283203 0.013377209715800104 0.12239690284541277 0.9923910763575368 0.6372776031494141
-0.8674372291793581 -0.4662562862391848 0.17365980817702537 92.24539184570312 0.49320234502996385 -0.8518098774423174 0.17655418303922646 182.18374633789062 0.06560564221606532 0.23879909596593443 0.9688502936343004 0.6567001342773438
-0.8427121097664675 0.538308524070372 -0.007760990022352601 91.23014831542969 -0.5309673029714264 -0.8286653067372468 0.1771652691283316 181.97109985351562 0.08893831136354491 0.15342014966503706 0.9841505141229967 0.69842529296875
-0.9806752654563476 -0.187792660633138 0.05486292313073813 90.1255874633789 0.19070570140217413 -0.9801722945130403 0.053792271951893594 182.06741333007812 0.04367332337740073 0.06321542281254426 0.9970438561787561 0.622532844543457
-0.9986614937006753 0.045599801265592536 -0.02441063547053365 89.25117492675781 -0.04869319669174323 -0.9880221280578756 0.14642830007866187 181.983154296875 -0.017441146621596185 0.14742093675094425 0.9889200543077274 0.6267385482788086
-0.9989157332744373 0.021408984660613962 0.0413402127787795 88.18201446533203 -0.030331756491652834 -0.9729407191323726 -0.22905532432648865 181.8977508544922 0.035317734425133265 -0.2300608885273275 0.9725351639941315 0.6449851989746094
-0.9931723217147488 0.07921406563105626 -0.08563802418280166 87.1247329711914 -0.11061651227229674 -0.8726358286898048 0.4756791962021992 181.9144287109375 -0.03705032513282759 0.4819043912365358 0.8754401356543436 0.6726799011230469
-0.992027596456715 -0.1176131335939716 0.045259238554348935 86.24185180664062 0.1169821450163174 -0.9929993296685421 -0.01635570314010747 181.86007690429688 0.04686603904421793 -0.010930786066547411 0.9988413749441264 0.5773003101348877
-0.9969190702135359 0.04675158506294036 0.06298139994221978 85.17381286621094 -0.06575244009637579 -0.9359099207673519 -0.34604802676886 181.7699737548828 0.0427666232703928 -0.34912305782252734 0.936100478811274 0.5794525146484375
-0.9671534588332261 -0.2487148706532985 -0.05248904821808136 84.3030014038086 0.25315643920275593 -0.9238188486893556 -0.2871768655314263 181.6747283935547 0.02293478487164039 -0.2910320393396345 0.9564383658766021 0.6307773590087891
-0.9999777636576419 -7.97135767024405e-05 0.006668270840871742 83.28498077392578 0.00316827747017171 -0.8855513459018813 0.46453070489391646 181.70713806152344 0.005868066813997039 0.46454150236239666 0.8855319070337073 0.6252899169921875
-0.9310996125259279 -0.3427948483796682 0.12468040535074967 82.4576644897461 0.36135943004496396 -0.913447660766646 0.18717033247157916 181.38111877441406 0.04972799887031242 0.21932866425595843 0.9743829140353659 0.5925350189208984
-0.998043645274736 0.028229716961854 0.05578499087541963 81.46305084228516 -0.03366613777237082 -0.9945128705275558 -0.09904918738956482 181.27810668945312 0.05268276088255802 -0.10073347723222402 0.9935176361144761 0.6021127700805664
-0.9909752525009707 -0.12975757390676362 -0.03363065483258276 80.44999694824219 0.11109712444795773 -0.6546725879195028 -0.7477039732181288 181.22027587890625 0.07500318573255765 -0.7446924027010158 0.6631800264553779 0.58056640625
-0.9452069813007463 0.2715063449143178 0.18129552441138297 79.44497680664062 -0.32192477333104097 -0.8674803836879595 -0.3792653744178982 181.25254821777344 0.05429735551653263 -0.41684780026750545 0.9073531333477906 0.6095657348632812
-0.9185748715571147 -0.3900391692653861 0.06395038532016575 78.50498962402344 0.3882458452779631 -0.9207334354009555 -0.03892434404270082 181.3785858154297 0.07406327678566615 -0.010926452924989656 0.997193684124728 0.666496753692627
-0.9974577597322352 0.055453446115349816 0.04475413795262965 77.5539779663086 -0.03753252968565847 -0.9426902055372248 0.33155163338397303 181.1985321044922 0.060574968141520115 0.32902901345947794 0.9423749686491767 0.6007270812988281
-0.9824545249454496 -0.16082194173577333 0.0944426252840643 76.555419921875 0.17073346499094108 -0.9793340649570986 0.10841989276323934 181.0572052001953 0.07505458244769428 0.12264213089693428 0.9896088709094423 0.6074581146240234
-0.8869398819610481 -0.4541416007098748 -0.08422026057662496 75.6517333984375 0.4609753540649519 -0.8589161448722005 -0.2230802075993508 181.0198974609375 0.02897186103125347 -0.2366821974347665 0.9711550693302465 0.6101760864257812
-0.36553827487064006 -0.9236201752811197 -0.11535831750797101 74.820068359375 0.9289826028979937 -0.35428021254826747 -0.10713008218807016 180.93136596679688 0.05807833604249162 -0.1463260154942652 0.9875300522374533 0.555211067199707
-0.810847725996595 -0.20959602739398792 0.5464388991889297 73.73466491699219 0.5840643439895312 -0.3493747515683839 0.7326705433184881 180.92176818847656 0.03734711938328361 0.9132397211396297 0.4057072890725308 0.5446090698242188
-0.4464854156124133 -0.08271381874895489 0.8909597060660914 72.81243896484375 0.8946265197061243 -0.06035097005945442 0.4427201719499473 180.693115234375 0.01715120648580093 0.99474428100937 0.10094380374858852 0.5479278564453125
-0.30031271042561924 -0.553390848458169 0.7768982203606634 71.78223419189453 0.9507143246588458 -0.10776903510718755 0.2907371802170138 180.47470092773438 -0.077165723253869 0.8259203375113204 0.558481017797287 0.5208282470703125
-0.8087068887836151 -0.546117381211971 -0.21851538612213273 70.79671478271484 0.5867719350802375 -0.7749725515597308 -0.2347684828319047 180.2979736328125 -0.04113227730286162 -0.31807758529512825 0.9471719936192694 0.4878253936767578
-0.909690281685552 0.2856991127633091 0.30139609880208895 69.66448974609375 -0.40696233234023943 -0.46869172767892425 -0.7840342623007857 180.30223083496094 -0.08273603485213128 -0.8358852082502732 0.5426330870536221 0.5641860961914062
-0.8248366173270768 0.4773756064436477 0.3029143197159646 68.54056549072266 -0.5618705112170355 -0.6326150339459994 -0.5330100819404918 180.2676544189453 -0.06281785845707635 -0.6098448566627926 0.7900273207053063 0.5469741821289062
-0.9166265985801514 0.3838227391546275 0.11169504771126218 67.63497924804688 -0.3916429806434527 -0.8063113646684421 -0.443258117713852 180.10568237304688 -0.08007155854668038 -0.45004676214183975 0.8894079251938067 0.3896522521972656
-0.9238454516419368 0.3720995282178545 0.08973027683316318 66.59535217285156 -0.3708783712448498 -0.8122403789539954 -0.4502386040084053 180.09071350097656 -0.09465101807837767 -0.4492299053900134 0.8883882467029864 0.5094718933105469
-0.9348694618994402 0.35352499418704103 0.03223612403660158 65.67720794677734 -0.3388024723261254 -0.8614385835106 -0.37833378329849904 180.06690979003906 -0.10598100751340106 -0.36461437893245957 0.9251077670856195 0.5293045043945312
-0.8257365373778477 -0.5636223585737086 -0.02211351973457973 64.8207778930664 0.5626537804712595 -0.8258132106403763 0.03812170580172031 180.02877807617188 -0.03974788246739124 0.019036229869462455 0.9990283918846926 0.5549604892730713
-0.9694297433076028 -0.23790905710420335 -0.060043761860365114 63.913551330566406 0.22994761826557625 -0.966264936177844 0.11600071537372394 179.89141845703125 -0.08561580253985909 0.09864762369675109 0.9914325900909451 0.4763002395629883
-0.9840780983244987 -0.16366884123735467 0.06930228572031276 62.95929718017578 0.16807033345388397 -0.7300702728279914 0.6623818836181756 179.9286346435547 -0.05781573670497099 0.663483162665703 0.7459540424505907 0.5289535522460938
-0.9586229105761213 0.04840001885296917 -0.28053440696926685 61.90958786010742 -0.27821052692276327 -0.368153274485518 0.887165187095926 179.80062866210938 -0.06034084875044776 0.9285044989985903 0.36638555827359315 0.4087371826171875
-0.9969111274481572 -0.04964155253026083 0.06085984088403086 61.02745056152344 0.07818897641065424 -0.7002847793354379 0.7095686801141744 179.7015838623047 0.00739512933614778 0.71213548155776 0.702003111081852 0.49134063720703125
-0.9957029360966965 -0.01637665049490629 0.09114531456408127 60.055091857910156 0.0057819900542740695 -0.9933126956690799 -0.1153102649968246 179.6999053955078 0.09242419401558184 -0.1142877681171232 0.9891390571701112 0.42247962951660156
-0.9745375692187753 0.1346235378821499 0.17931265774968025 59.03371810913086 -0.21244950512182884 -0.8101242563488437 -0.5464100081886522 179.72825622558594 0.07170588507682361 -0.5705919665779796 0.8180972275481828 0.4293937683105469
-0.3923482915994998 0.6580702980537599 0.6426556627762563 57.79839324951172 -0.9189873723041299 -0.31011009004058554 -0.2435034734876907 179.73048400878906 0.03905160207346653 -0.6861306106525604 0.7264294580350112 0.4832305908203125
-0.6321543626976216 0.764131002065109 0.12839265323738874 56.95966339111328 -0.7709323874896087 -0.6368951691351237 -0.005272328889011087 179.58140563964844 0.07774391064215715 -0.1023149804051906 0.9917093975266896 0.4858376979827881
-0.9285032617925979 0.3709282801566315 0.017143623320341077 56.02458572387695 -0.3580596144823055 -0.9066099326882009 0.22327503762820977 179.49354553222656 0.09836160489382534 0.20117316155774662 0.9746047166680302 0.45462989807128906
-0.8889546368712924 0.4109419741492666 0.20220372762966557 54.988380432128906 -0.4442100580472279 -0.881122375848022 -0.1621751618146725 179.32505798339844 0.11152164774027898 -0.23398729166824495 0.965822379852037 0.4564542770385742
-0.7628798701053962 0.3172346679637187 0.5633617569820684 54.00665283203125 -0.6309312223143487 -0.5555907246052526 -0.5415207654758329 179.29193115234375 0.14120940654537092 -0.7685578131634336 0.6240022366374537 0.5036392211914062
-0.7699919550316998 -0.12142267974889431 -0.6263935839622388 53.19253921508789 0.6298631584737517 0.012145055882221659 -0.776611163462828 179.33551025390625 0.10190579367204972 -0.9925265892963347 0.06712807725426435 0.52362060546875
-0.9926431765522971 -0.10501840439437396 -0.06025494820033106 52.202980041503906 0.12034484591843114 -0.8011594327082948 -0.586225793908279 179.45863342285156 0.013290677373027665 -0.5891644066989984 0.8079038679038386 0.5154075622558594
-0.9828029046254751 0.02175401225815002 -0.18337179066149206 51.161842346191406 -0.18408482307631374 -0.03726400497959734 0.9822037323518189 179.5417022705078 0.014533704713254658 0.9990686447304578 0.04062775582966796 0.48935699462890625
-0.7770541994974318 -0.4516122128119822 -0.43844404464249565 50.00149154663086 -0.629376247548057 0.5480670125514604 0.5509156820923186 179.35679626464844 -0.008503532544342746 0.7040376119157149 -0.710111773555604 0.44864654541015625
-0.8907875821497626 0.428702397003611 0.15070414158588336 49.171260833740234 -0.4468433711101719 -0.8866702188847206 -0.11894084511982646 179.11293029785156 0.0826346488022843 -0.1732921745096404 0.9813976447246261 0.47884654998779297
-0.8556425200778139 0.37056450323762996 0.3613278660373934 48.15777587890625 -0.5163261911991643 -0.6594660464598563 -0.5463623320182046 178.9663848876953 0.03582097313937738 -0.6540538834888571 0.7555993484489599 0.4413337707519531
-0.972522927163123 -0.021263777628520955 0.23183400937531967 47.252349853515625 -0.22239378137488403 -0.2096436120772031 -0.9521504933155281 179.03150939941406 0.06884883548653013 -0.9775466268553067 0.19915428736525037 0.45379638671875
-0.9168114242384662 0.33849323110320206 0.21184698459772786 46.211334228515625 -0.3812574293235428 -0.8997570077371335 -0.2123207470162164 179.0261688232422 0.11874167327202154 -0.2754263232249862 0.9539605628658485 0.42473411560058594
-0.9913098156137222 0.01080326160826102 0.1311035430738306 45.47023391723633 -0.016419702557934443 -0.9989896187842869 -0.0418346140072346 178.81475830078125 0.13051912823719458 -0.04362374467934662 0.9904856011393371 0.39098644256591797
-0.9913153674957941 0.0004203281074821523 0.13150538198477116 44.50139617919922 0.0076649361518551715 -0.9981101590844227 0.06097014914084109 178.91085815429688 0.131282485200679 0.061448626158364855 0.9894387173659533 0.4233417510986328
-0.9333109904309232 0.28628301781241006 0.21673169785028842 43.3176383972168 -0.3128515712334269 -0.9445719741419366 -0.09953732989376905 178.87210083007812 0.17622284051060302 -0.16070413615655418 0.9711434966597626 0.4841756820678711
-0.6987445378877943 0.6667921227751754 0.25912224099244846 42.386962890625 -0.671228296521039 -0.7363757121584729 0.08487275471296139 178.81298828125 0.24740380902774592 -0.11462580664090295 0.9621082474079958 0.4287548065185547
-0.7438948630513872 0.6142449229916975 0.2632937661713274 41.34557342529297 -0.6172432640512104 -0.7825243154709755 0.08164832319214577 178.8800048828125 0.2561858421325538 -0.10177853543652962 0.9612543596859415 0.4592214822769165
-0.907391682103093 0.4159472178127031 0.0602349337510288 40.394859313964844 -0.3533353975295282 -0.8325778832690793 0.42657726749538516 178.8931427001953 0.22758390123813554 0.36578953003749415 0.9024431215385154 0.4714775085449219
-0.976393194351125 0.06394654507008006 0.2063181266840269 39.46213150024414 0.007694829054467767 -0.9442693856976301 0.3290837535340244 178.60108947753906 0.21586365981940656 0.32290272003781606 0.9214861440963457 0.41338348388671875
-0.9840347885125114 -0.11968995646324826 0.13171882674455893 38.527896881103516 0.12303581340209188 -0.9922473320875846 0.017533413402882857 178.5575714111328 0.1285990809361522 0.03345962173869428 0.9911320447324264 0.5831589698791504
-0.8805190444292563 -0.42771006245102594 0.20432893792982146 37.54920196533203 0.4533238408776895 -0.8857931123196912 0.09933809671467622 178.5109100341797 0.1385052623162333 0.1800962649394334 0.9738488731140869 0.46242713928222656
-0.9881841973825003 0.12898990808700336 0.0827864460839472 36.44666290283203 -0.09839716062219586 -0.948025046416604 0.3025995871581548 178.3066864013672 0.11751591732609526 0.29087817893149426 0.9495156102963785 0.4813690185546875
-0.9918150983401743 -0.08096217537956907 0.0987316406339831 35.51905059814453 0.023042194935031984 -0.8740577712985502 -0.48527525146579126 178.296875 0.12558609778572655 -0.47902832754485286 0.8687692406229256 0.6497039794921875
-0.9163776152972868 -0.37825823410614395 -0.13104493318308635 34.474205017089844 0.3861341821710003 -0.7488555687307091 -0.5386239231041813 178.38165283203125 0.10560520603261317 -0.5441838342985833 0.8322929141515633 0.5150032043457031
-0.8901813640229531 -0.4529860081147356 0.04879360202435719 33.53042221069336 0.4476818284842618 -0.889555100230471 -0.09095440670437298 178.32032775878906 0.08460567115284083 -0.05912190885139958 0.9946589768873271 0.4829385280609131
-0.96825422442892 -0.22301571623802363 0.11290592183934448 32.50773620605469 0.2359472439893438 -0.9645483239371607 0.11821771797766652 178.11997985839844 0.08253880862590582 0.14110464592229185 0.9865479329306615 0.557464599609375
-0.999809709051447 0.014337367077658964 0.01322821196312017 31.361181259155273 -0.011673098041247264 -0.9830129464833038 0.18316464131576443 178.03172302246094 0.0156296023167643 0.1829753725272712 0.9829932495088285 0.49590110778808594
-0.995953622454187 -0.0549615724235843 0.07110279514273503 30.5042724609375 0.06263513043334755 -0.9918860575162747 0.11062951387590382 178.02896118164062 0.06444549911343837 0.11463539794299295 0.991315037302709 0.5073747634887695
-0.9002332951557587 0.4295126965228693 0.0714062869687124 29.37085723876953 -0.42686843105827543 -0.9029486458843571 0.049669764056736905 177.7776336669922 0.08581000442169245 0.014233285680374082 0.9962098457252315 0.5083756446838379
-0.9954390259489095 -0.04719075538837557 0.08291066411361467 28.38581085205078 0.009899087456411274 -0.9154879311898977 -0.40222363917747495 177.69163513183594 0.09488494973080003 -0.39956836768132153 0.9117795599063777 0.44579315185546875
-0.9886421646242552 0.06313164987056827 0.1363857218028606 27.43717384338379 -0.10505262823672631 -0.939257938360997 -0.3267391475265948 177.67587280273438 0.10747379042177439 -0.33735577660752997 0.9352221470655553 0.4417247772216797
-0.9758782137714958 0.16333254681543696 0.14485921108765576 26.374080657958984 -0.18715461720458404 -0.967526300443012 -0.1698999917894765 177.66549682617188 0.11240489822583588 -0.19291277070697438 0.9747562781295629 0.4383230209350586
-0.8216177563059167 0.5689363270136883 -0.03543611613883106 25.375659942626953 -0.5590679281748457 -0.7921091093050147 0.24496165137078452 177.56436157226562 0.11129831179814324 0.2210760384125557 0.9688849627436136 0.4118919372558594
-0.9929657571346618 0.03183080533483404 0.1140429962326649 24.38328742980957 -0.011439482843658616 -0.984470846485311 0.17517502862213205 177.4621124267578 0.11784796727248781 0.1726382120280184 0.977909967408816 0.4102325439453125
-0.9881765287656252 0.09901356855542479 0.1170617838521168 23.501920700073242 -0.1006350697992015 -0.9948911733230714 -0.008008493638152165 177.23773193359375 0.11567078595405739 -0.019694326232767612 0.9930923435365958 0.4112492799758911
-0.8458863640416039 0.5325913934861128 -0.02868216716002322 22.308591842651367 -0.5114245248447964 -0.7946546158171264 0.3270611516946171 177.29225158691406 0.1513975380108582 0.291325332137553 0.9445678039924901 0.4067535400390625
-0.9857633096411514 0.16743159484226589 0.015406440662884727 21.475200653076172 -0.08167362364076255 -0.5569138589104158 0.8265448402566535 177.2684783935547 0.14696978113445885 0.8135192774618714 0.5626599938072764 0.35805511474609375
-0.9225632002824946 0.32952882087028873 -0.20071845381120101 20.516876220703125 -0.3563974144320872 -0.528446833549898 0.7705354158617304 177.03179931640625 0.14784459567615288 0.782403157155519 0.6049688216779698 0.48558807373046875
-0.981164345848424 0.14076880025761485 0.13229010284169443 19.528011322021484 -0.019326504986930566 -0.7529165592675897 0.6578321525933835 176.84996032714844 0.19220565194817893 0.6428847483450562 0.7414554522724138 0.37825775146484375
-0.9470598093142654 0.29551088223274025 0.12550313168863494 18.59239387512207 -0.27246715791661047 -0.9465436897523197 0.17267510314723708 176.66387939453125 0.16982156941470125 0.129338168659107 0.9769504965398381 0.2956075668334961
-0.8798729406788042 -0.06230933223333873 0.4711063100594903 17.599925994873047 -0.41594931916487593 -0.3784275606485806 -0.8269091517378683 176.6135711669922 0.22980376878438996 -0.9235313359373357 0.3070506463016978 0.37244415283203125
-0.8305994354555811 0.3433865721785388 0.43839507281485623 16.49264907836914 -0.5340653710450869 -0.7141862317500242 -0.45245132979048086 176.67947387695312 0.1577300138570448 -0.6099374463223044 0.7765935579841508 0.3494682312011719
-0.9755141770151892 -0.21967740621303994 -0.010673689235194246 15.56696891784668 0.2008671594338835 -0.8701168859650297 -0.4500544289521908 176.68524169921875 0.08957943236782245 -0.4411784695086907 0.8929373344970116 0.3451080322265625
-0.9597853129125554 -0.24985024538348632 0.12801174945746058 14.642601013183594 0.2721875426460941 -0.9398506279640356 0.20638492857737617 176.53477478027344 0.06874659806585837 0.23292842676972608 0.9700609533719785 0.3181571960449219
-0.9857204937398176 -0.16570660241327848 0.029940443182725228 13.746185302734375 0.16551024235932435 -0.9861675587227854 -0.008939004245415329 176.16729736328125 0.031007545783052044 -0.003855909670814691 0.9995117128203764 0.2940852642059326
-0.9401517002798123 -0.325808390348411 -0.09981820094329191 12.775337219238281 0.34069430820590596 -0.8931648850478877 -0.2935709053593235 175.97706604003906 0.006493752157044626 -0.31000867874298477 0.9507115494654265 0.30797576904296875
-0.839096469603977 -0.3031647612534663 -0.4516727158377745 11.877792358398438 0.5439702995821509 -0.46202968099022634 -0.7004462056836162 175.9449462890625 0.003664405906453727 -0.8334384808839813 0.5526001001729499 0.27861785888671875
-0.9970064827775308 -0.07374947489322987 0.02321827410790401 10.87018871307373 0.06638235151010587 -0.970449446211863 -0.23199408560365703 175.7637481689453 0.03964160324161541 -0.22975832367960264 0.9724400526471404 0.18607139587402344
-0.9992944492208665 -0.026057795932394993 0.02704801337456923 10.043485641479492 0.03349836424845193 -0.944040287778377 0.32812466326687056 175.6188507080078 0.016984208814167786 0.32879921885926805 0.9442471129574568 0.2299633026123047
-0.9962873788275035 -0.06274863884499994 0.05894121742992854 9.143073081970215 0.07418718818633703 -0.9731234762147856 0.21800679151956873 175.5104217529297 0.04367745297092496 0.22157009807903108 0.9741657824719677 0.16425132751464844
-0.9893509180567945 -0.1142544872461623 0.0901702450051815 8.168741226196289 0.11697542742727826 -0.9928080576409106 0.0254737131468492 175.34825134277344 0.08661125976675019 0.0357501444388542 0.9956005307623222 0.15355682373046875
-0.9397615379063968 -0.34175180615157585 -0.007345397466408943 7.251880645751953 0.3230255671837977 -0.8808282533304743 -0.34611569031231654 175.29959106445312 0.11181562868127859 -0.327638964604214 0.9381630849994519 0.13095664978027344
-0.9339130486972667 -0.3571901874377593 0.014885814427015767 6.375484466552734 0.32514844991210656 -0.8659712846267777 -0.3799634452438851 175.25018310546875 0.14860990206823876 -0.3500127200546102 0.9248817182792844 0.23963546752929688
-0.9678619148019004 -0.2415238206969156 0.07006823754000767 5.42388916015625 0.22153936446558684 -0.9507141412457932 -0.21693992631016046 175.10140991210938 0.11901102414559193 -0.19444501966169803 0.9736670429158928 0.07468795776367188
-0.9362823198335601 -0.29320282401772224 0.19341024159831774 4.568229675292969 0.32333373615714134 -0.9345662931532586 0.14846258371873325 175.0095672607422 0.13722504374111585 0.20153894831969912 0.9698202615332588 0.03734016418457031
-0.9896256469011973 -0.013915838427402604 0.14299450491627094 3.6458444595336914 0.037720739286249805 -0.9855478686533226 0.165144011155695 174.82852172851562 0.13862981217287204 0.1688246073111262 0.9758483627814101 0.0009918212890625
-0.9873900229736078 -0.043708396710014606 0.15215294472739546 2.774982452392578 0.07321681167867336 -0.9782413093733103 0.19412171213751586 174.6234893798828 0.14035754707099848 0.20281399530759922 0.969105898386539 -0.038360595703125
-0.9885470970815273 -0.032681365430125085 0.14733148070018165 1.8211021423339844 0.04157614776741945 -0.9974677250485158 0.057702351974248195 174.45726013183594 0.1450726052309914 0.06316696795130305 0.9874025893075893 0.003926277160644531
-0.9923705983311328 0.01895008948982076 0.12182565278395951 0.9855871200561523 -0.014091474038038695 -0.9990752809421235 0.04062035659435878 174.4085693359375 0.12248275767366343 0.03859374455459551 0.9917199690204437 -0.08585929870605469
-0.980857280874246 0.1423004773950474 0.13292692988676907 0.02826070785522461 -0.14779181133358935 -0.9884892828457201 -0.03234993356856314 174.3492431640625 0.1267934346041511 -0.05137617961950197 0.990597755453235 -0.14712655544281006
-0.98322432516588 -0.1440451339174345 0.11189694275005031 -0.7365932464599609 0.13102029217070738 -0.9845514045464993 -0.11615599358198456 174.1991424560547 0.1268999977998509 -0.09954662827149854 0.986907725857982 -0.14926815032958984
-0.9857270244774176 -0.14816284796827572 0.07993749869008027 -1.4924468994140625 0.10201241718735299 -0.9033970618056776 -0.41649395609115664 174.05621337890625 0.13392423214075344 -0.402394730585278 0.9056173479139583 -0.1775054931640625
-0.9074174185688919 -0.41867433055102193 0.03613078210365926 -2.2474327087402344 0.40135494050901716 -0.8889284156506625 -0.22072717000361883 174.0146026611328 0.12453047902731186 -0.1857904109109423 0.974666139253217 -0.24084758758544922
-0.9044187306547078 -0.42512398684069075 -0.036004936517143524 -3.122486114501953 0.42631586122499454 -0.8971762615882486 -0.11545363619447303 173.92245483398438 0.01677933577107601 -0.119767906616133 0.9926601142565721 -0.3342618942260742
-0.959487239518354 -0.27982094399059154 0.03293139088563782 -3.9455223083496094 0.2817414082372235 -0.9518572687599149 0.12078708040772028 173.75421142578125 -0.0024527710766874076 0.12517179879321508 0.9921320500321095 -0.4374551773071289
-0.9484536651322649 -0.3150335101108879 0.03448960139501082 -4.732067108154297 0.3007053708632383 -0.8602339458219564 0.41179344141157687 173.6216278076172 -0.10005960739067471 0.40093820716265066 0.910624307278267 -0.5102005004882812
-0.967777809369612 -0.14813241588870935 -0.2036244068247446 -5.944602966308594 0.11558572842979692 -0.9797643794984333 0.16340654836757013 173.76625061035156 -0.22370974738510588 0.13460515602689316 0.9653162180839331 -0.37251949310302734
-0.9804118648219107 -0.18175687678021962 -0.07587498309405742 -6.445953369140625 0.1600763251782364 -0.9597688056649714 0.23069332411204668 173.38092041015625 -0.11475253998868594 0.21402868362799965 0.9700636974707437 -0.5534954071044922
-0.8867765972573721 0.43329791829046743 -0.16087318161142927 -7.244377136230469 -0.4456170077942924 -0.8938964886766855 0.048729353535153744 173.22683715820312 -0.12268964471828099 0.11489987613848802 0.9857714083611181 -0.6113300323486328
-0.9272972812407119 0.32093481212445885 -0.19266706664664435 -8.070709228515625 -0.3618792630954628 -0.9002222203578738 0.24216389680426037 173.1038818359375 -0.09572434980227851 0.294280139222099 0.9509132707636134 -0.6363906860351562
-0.9865096541956703 0.14785030592479814 -0.07027794260422686 -8.781274795532227 -0.1604560379367051 -0.9583851677894853 0.2361180426201589 172.90939331054688 -0.03244321297889674 0.24420924879918887 0.9691796947586873 -0.5011329650878906
-0.9791153742116876 0.14964467057234318 -0.13762106143901864 -9.511625289916992 -0.18868644938022125 -0.920912541948512 0.34105353524368526 172.77569580078125 -0.07570011758638467 0.3598979892292055 0.9299155496851218 -0.7058753967285156
-0.9376599516146249 0.33657230832397345 -0.08667696584174713 -10.217239379882812 -0.3360126872050294 -0.9416141258507329 -0.021408223551128758 172.656982421875 -0.08882167064018963 0.009050926352157535 0.9960064214435835 -0.772470235824585
-0.7854967403725819 0.5988704394452641 0.15604187778505194 -11.063949584960938 -0.6151355431912943 -0.7278935845471868 -0.3029508096668482 172.47811889648438 -0.06784640275504844 -0.3339537787384411 0.9401445310693011 -0.7355709075927734
-0.8853382875319433 0.364919163947442 0.2881147695171247 -11.660379409790039 -0.44087951323747715 -0.8556864036583247 -0.2709723849431301 172.44073486328125 0.14765287480266415 -0.3669261265952352 0.9184573186514037 -0.19597434997558594
-0.8165282033216881 0.5770437748392783 -0.017383184388721752 -12.602527618408203 -0.5727078173592313 -0.8134506179032692 -0.10150787244551468 172.53233337402344 -0.07271484797399594 -0.0729285551209253 0.9946828523364082 -0.7501258850097656
-0.850613590316168 0.5166088674674396 -0.09783556624994752 -13.107048034667969 -0.5221844547317218 -0.8517827939474472 0.042302094175291224 172.45863342285156 -0.06148101500441269 0.08707094801993522 0.994303140297232 -0.8093051910400391
-0.9860915326992055 0.15550890709333748 -0.05865551085420709 -13.724085807800293 -0.15440182906615768 -0.9877407566214587 -0.022984187823238793 172.31190490722656 -0.06151068459997254 -0.013607994837764514 0.9980136562976172 -0.8371723890304565
-0.9993086400262396 0.000855556893323643 -0.03716866948533251 -14.402329444885254 0.000998025206663613 -0.9987575986549155 -0.049822315028044566 172.22866821289062 -0.03716511690543252 -0.0498249651426786 0.9980662437603712 -0.8688998222351074
-0.9912317741834892 0.11510864439202831 -0.06488119785640278 -15.310264587402344 -0.09702307873655269 -0.9673843138097543 -0.23399596489536173 172.31198120117188 -0.08970001137978084 -0.22564926186686324 0.9700702647630256 -0.78564453125
-0.9637257201392596 0.257045885330537 0.07183417833250191 -15.877121925354004 -0.25688866188340503 -0.8203603211200247 -0.5108983841505115 172.21763610839844 -0.07239441786366463 -0.510819299132766 0.856634514770267 -0.9595756530761719
-0.9353180676386086 0.3485032443340007 0.06103770177075103 -16.49704933166504 -0.34013178692159507 -0.8381809812398326 -0.4263367333614991 172.1146697998047 -0.09741909399240982 -0.4195213121839069 0.9025028469479699 -1.0173263549804688
-0.9377019473573439 0.3257023413583155 -0.1209671143574012 -17.16931915283203 -0.3179887474260192 -0.9448043745145495 -0.07891673085349313 172.1022491455078 -0.13999362282860112 -0.035534191026145856 0.9895145814162827 -1.072122573852539
-0.9784384142250073 0.11992868885960774 -0.16815284463032032 -17.794546127319336 -0.10523783337858418 -0.990018934949517 -0.09374170292460887 171.9931182861328 -0.17771681967285652 -0.07402444211096543 0.9812935921402554 -1.1533780097961426
-0.9804771788857641 0.13283823924327645 -0.14497759785207967 -18.493907928466797 -0.12378074069113011 -0.9898486688257154 -0.06984225839643605 171.80532836914062 -0.15278360487358747 -0.05053330603379698 0.9869668459797047 -1.2288804054260254
-0.6850167371427024 0.721197212481447 -0.10308564664081851 -19.165470123291016 -0.709308182054625 -0.6925219623286606 -0.13151134765800104 171.7480926513672 -0.16623469164024743 -0.01696798165519902 0.9859402187221191 -1.231769323348999
-0.670094228586958 0.7414479182022724 0.035052951487230845 -19.81899642944336 -0.7250217526154945 -0.6436647776826474 -0.24502879872599642 171.81417846679688 -0.1591137424888446 -0.1896065361855036 0.9688819217979707 -1.3053455352783203
-0.9678635715674618 0.2457650783194481 -0.05328820799494695 -20.231996536254883 -0.18671122774454152 -0.8442336070505375 -0.5024027609006195 171.7285614013672 -0.168460749929481 -0.47630782379158404 0.8629900536669717 -1.3529243469238281
-0.9784501811800873 -0.01813516436165057 -0.20568509611109503 -20.762348175048828 0.06964851164055899 -0.9667431763011031 -0.24608274198226376 171.75791931152344 -0.19438191215982364 -0.25510536428862174 0.9471731232125731 -1.4054889678955078
-0.9072794793452644 0.29309077765118724 -0.30156548611339434 -21.3295955657959 -0.25519145374037217 -0.9537038534282308 -0.1591423321873186 171.67794799804688 -0.3342473160653066 -0.06742963748950244 0.9400701972146405 -1.4534740447998047
-0.7585610258377428 0.5077477936796431 -0.40838382447575694 -22.126327514648438 -0.5252537290352384 -0.8473721920787131 -0.07790306942793143 171.53924560546875 -0.3856082081784148 0.15541089442240302 0.9094799413292528 -1.5014419555664062
-0.7176529975301321 0.5500458117811653 -0.42711096927849485 -22.546531677246094 -0.5614548063255924 -0.819835077343953 -0.11242306885300003 171.45211791992188 -0.41199839270306376 0.1591227541819015 0.8971829654600328 -1.531327247619629
-0.7740844173704194 0.2261204701958202 -0.591322963990677 -23.125709533691406 -0.3985824222867462 -0.8997504919376308 0.17771073378392518 171.4280548095703 -0.49185909306256415 0.3732540491627818 0.7866104800695572 -1.6207313537597656
-0.8290293354725342 -0.24423207528991756 -0.5030517412011895 -23.451622009277344 -0.1502854589920574 -0.7691805645232521 0.6211083158155573 171.4748992919922 -0.5386321952329949 0.5905183761402106 0.6009687227295724 -1.6088409423828125
-0.8094311338203817 -0.4078664370167002 -0.42245261173006543 -24.09964942932129 0.06213491169337915 -0.7748681199063525 0.6290617215358526 171.48170471191406 -0.5839182240272239 0.48293308678128144 0.6525451259037923 -1.6145095825195312
-0.6774625635111229 0.24488878198541028 -0.6935949534841208 -24.67038345336914 -0.3652489622020288 -0.9304818353429205 0.028226755166169168 171.24879455566406 -0.6384650896104489 0.27245740686311337 0.7198119829470394 -1.7226066589355469
-0.4820064833342641 0.6010440110183664 -0.6375075268910084 -25.174057006835938 -0.5681772990800686 -0.7683006458416302 -0.2947688491164086 171.11964416503906 -0.666966496035456 0.220136808413059 0.7118254552542345 -1.7732086181640625
-0.38046509526813216 0.6630996698286725 -0.6446279075216311 -25.746646881103516 -0.616854993502813 -0.7012948142775974 -0.35731708671429985 171.1677703857422 -0.689011050907934 0.26169526426830025 0.6758545408490564 -1.8709144592285156
-0.6379310497961472 -0.0005190243922602311 -0.7700933101382359 -26.0270938873291 -0.22175377181754963 -0.957519329899255 0.1843420666965934 171.2831573486328 -0.7374749083125982 0.28836862430396515 0.6107162157060863 -1.9087371826171875
-0.5198777373358154 0.40686999011525926 -0.7511217939630042 -26.60116958618164 -0.19081083793020992 -0.9123793082466889 -0.36215358898078653 171.27853393554688 -0.832657409953796 -0.044953409513652925 0.551960894105854 -1.981801986694336
-0.5078148064444963 0.5539385924960907 -0.6597546196118592 -26.890830993652344 -0.14715772473634964 -0.8103735489639106 -0.5671325375871652 171.2908477783203 -0.8488042921699676 -0.19091031109682524 0.49303602983022843 -1.9669489860534668
-0.31457066817590457 0.7988423472862647 -0.5127340430530583 -27.575607299804688 -0.4250867905474766 -0.6015180521168716 -0.6763706480026836 171.38265991210938 -0.8487322989172796 0.005190102089082493 0.528797265135604 -1.9824743270874023
-0.10478549501495396 0.5143532376623213 -0.8511525990918188 -28.12445068359375 -0.41008352209524984 -0.8020603329269007 -0.43420125201471227 171.498291015625 -0.9060085567699819 0.30354566254762483 0.29497207631926403 -2.027454376220703
-0.21029609772758695 0.481969805469569 -0.8505766619747894 -28.449501037597656 -0.22436916665398612 -0.870603446800589 -0.43784485320022876 171.43287658691406 -0.9515429724061575 0.09876611278449648 0.2912236711359417 -1.959146499633789
-0.19021901409519 -0.11083554892545433 -0.9754651238107117 -28.863554000854492 -0.18647571608660846 -0.9714390065349725 0.14674148660938424 171.4289093017578 -0.96386904400268 0.20981357838981424 0.16411803172296685 -2.0456695556640625
-0.0879606959767082 -0.026953298482830013 -0.9957592257489701 -28.976726531982422 -0.01901135012421657 -0.9994063616106909 0.028731392909763016 171.43017578125 -0.9959425106549812 0.0214579605968555 0.08739606053636649 -2.0074119567871094
0.11061970239346566 0.5298630439607305 -0.8408379368743123 -29.617462158203125 0.0010481631853637152 -0.8460919133170478 -0.5330359983841937 171.54331970214844 -0.9938622554440418 0.05808294813597453 -0.09414981858461416 -2.1200637817382812
0.097269801055903 0.9758400714727233 0.19563931279437508 -30.364219665527344 0.02755573949031681 0.19385551934328876 -0.9806430129467529 171.60337829589844 -0.9948765084289038 0.10077793671361834 -0.008033706993604117 -2.0454769134521484
0.17091931577540428 0.6861491892878651 -0.7070967950248915 -30.64871597290039 -0.07680547178363278 -0.7061948122325912 -0.7038393330014097 171.82826232910156 -0.982286876120699 0.17460864015099936 -0.06800232191372294 -2.0211715698242188
0.20505878649317819 0.4844369872886758 -0.8504538196919434 -30.714649200439453 0.0077585363079069325 -0.8696958853331599 -0.49352697205819496 172.0636444091797 -0.9787189071415267 0.09460376515362803 -0.18209730481930012 -2.1720848083496094
0.217970654035214 0.7150230337714931 -0.664252102108583 -31.483150482177734 0.19629438486675527 -0.6988278383706329 -0.6878285882311164 172.62330627441406 -0.9560111445214658 0.01953748946100098 -0.29267896756739803 -2.1063232421875
0.3420105371504238 0.29530322907169887 -0.8920901273850679 -31.967329025268555 0.2234112156963116 -0.9476711068465271 -0.2280502180428131 172.9921417236328 -0.9127520042044142 -0.12130736229968164 -0.39008755770047193 -2.078601837158203
0.5288390179999345 -0.34221127476503505 -0.7766728632214177 -31.818742752075195 0.13746038833808338 -0.8684910037785553 0.4762646512115519 172.8372039794922 -0.8375165280033634 -0.3586290838448656 -0.4122514348571561 -2.0954208374023438
0.5611009044790488 -0.784657541207442 0.26358740110082063 -32.5556640625 -0.23898993545046487 0.15130837034945183 0.9591608769208508 173.27774047851562 -0.7924957954123013 -0.6011807715558479 -0.10262599166555869 -2.0404205322265625
0.29679826680521837 -0.5445367999671971 0.7844682672376897 -32.67694091796875 -0.4113203086757146 0.668476045929545 0.619641331488883 173.13198852539062 -0.861815753216622 -0.5065762030532878 -0.025576512815098817 -2.1964645385742188
-0.12509813804430148 0.5346381108295258 0.8357706302009451 -33.14753723144531 -0.622764823967121 0.6134503015498429 -0.48563638821407107 173.27880859375 -0.772343466268117 -0.5812407573261211 0.25621231847026305 -2.0247535705566406
0.47403325415160125 -0.862218293984431 0.17852755383139257 -33.2423095703125 -0.2890369925514977 0.03914500801150689 0.9565172686807931 173.0497589111328 -0.8317151500936055 -0.5050220607719592 -0.23065694708465795 -2.0754623413085938
0.5829537212601067 0.1890140786392134 -0.7902142981148614 -33.52165603637695 0.2711185516189033 -0.9620747936378463 -0.030113492237924547 173.4819793701172 -0.7659371317784913 -0.19668698361321407 -0.6120903043179767 -1.7238998413085938
0.022762766254775996 0.9049130130537759 0.4249874060232458 -34.36915969848633 0.7041096269591391 0.28727012917264083 -0.6493885632720954 174.48556518554688 -0.7097263484582578 0.3140196039916473 -0.6306189012494285 -1.82635498046875
0.6256869996947099 0.30557418608643144 -0.7177326767053642 -34.25019454956055 0.12737613191858488 -0.9477549316803842 -0.2924652295452735 174.44766235351562 -0.76960450845255 0.09156967987890531 -0.631920797486824 -1.7972412109375
0.6491109389006857 -0.4119067462037843 -0.6395215566587897 -34.72087097167969 -0.4423952311857269 -0.8883273097070035 0.12313021665231108 175.0089874267578 -0.618822630826958 0.20299611636809475 -0.7588485542688168 -1.8543548583984375
0.7503872651212848 -0.5204748377528605 -0.40746152653953965 -34.607025146484375 -0.43949224338875936 -0.8532966764828795 0.28059107238896136 175.1295166015625 -0.4937261592673757 -0.03147578703393039 -0.8690476134744751 -1.8289871215820312
0.3770823490676885 -0.471066223366265 -0.7974368409002923 -34.4279899597168 -0.2094054988589755 -0.8820629587332892 0.42203586799974646 175.0457763671875 -0.9021963417511831 0.007845382981085863 -0.43125423000437063 -1.8724899291992188
0.6084279913287225 -0.7221990217482115 -0.32900448682901373 -34.922874450683594 -0.42482267599682455 -0.6465560592701953 0.6336331400581039 175.83172607421875 -0.6703290783835901 -0.24575157213519955 -0.7001893254445435 -1.8106918334960938
0.16032055173905435 -0.37874253138289404 0.9115105131657903 -35.47802734375 -0.7452800896963334 0.5590356470248208 0.3633685914574414 176.38990783691406 -0.647190009651192 -0.7375860900784512 -0.19264436438804128 -1.655487060546875
-0.02976112210184617 -0.43427578089039615 0.9002881881615884 -35.582725524902344 -0.8159553430622504 0.5307959103097348 0.2290689409907536 176.41839599609375 -0.5773483816028276 -0.7277776087037142 -0.3701467256779384 -1.5982666015625
-0.38768903733314797 -0.764034503760285 0.5157019365830149 -36.061195373535156 -0.7120058863530535 0.6035283662274736 0.358888741753484 177.00648498535156 -0.5854441289570675 -0.2280455836506628 -0.7779783953601341 -1.5336151123046875
-0.5269048954311341 -0.757196627627435 0.38603691310591703 -36.17341995239258 -0.5505397278069696 0.6501010958534602 0.5237123001003108 177.4417724609375 -0.6475162077330062 0.06341791765557864 -0.7594082752006964 -1.533538818359375
0.08055200969540383 -0.9600020278256785 -0.2681557016075121 -36.12131118774414 -0.5505429372460267 -0.2671204254565453 0.7909166533538361 177.89663696289062 -0.8309114561627787 0.08392130167305428 -0.5500394232625068 -1.1523590087890625
0.5182392987473123 -0.4173803328670166 -0.7464728306976165 -36.510501861572266 -0.5529121215776645 -0.8294009625460164 0.07988885491873957 178.68731689453125 -0.652469321153401 0.3713323323702905 -0.6606028185604873 -1.5245819091796875
-0.19490978229819536 -0.9424265142772971 -0.271739658407848 -36.344383239746094 -0.7419178602544935 -0.03955174119004049 0.6693232017525093 178.9170684814453 -0.6415357085929544 0.33206614545295016 -0.6914940416548476 -1.5015869140625
-0.02947768463149103 -0.7891626027345437 0.6134765297499221 -36.598899841308594 -0.41442478548018014 0.568156286055824 0.710950442573151 179.1777801513672 -0.9096060484014346 -0.2332827063039465 -0.3437964741689967 -1.235504150390625
0.06691612957117432 -0.11353794650433557 0.9912776434010768 -37.19322204589844 -0.4564728753549855 0.8799509454275962 0.13160109310424195 179.79901123046875 -0.8872174173607987 -0.4612975919562752 0.007055918577775766 -1.2689208984375
0.16874497393454652 -0.7099156819456592 -0.6837725194093855 -37.12042236328125 -0.12034670438620543 -0.7033697483968591 0.7005623939261356 180.20689392089844 -0.9782851345672223 -0.035926613641817096 -0.2041261225738223 -1.1934814453125
0.015191945853280705 -0.2984984790644005 -0.9542891924240946 -37.18862533569336 -0.020310630144741576 -0.9542945385594407 0.2981768132815622 180.831298828125 -0.9996782897934287 0.014852328836372636 -0.02056028316492148 -1.1105804443359375
-0.24154963444355657 -0.552015912144111 -0.7980803260574022 -37.210906982421875 0.08031104190913169 -0.8309845163708143 0.5504678647291175 181.12539672851562 -0.967059414228337 0.06887064898539394 0.24505697921233907 -1.1913223266601562
-0.5603338980713335 -0.018721791017734885 -0.8280552017910839 -37.09907531738281 -0.09380084942282695 -0.991878356993745 0.08589950858383924 181.74737548828125 -0.8229382257008971 0.12580468778418866 0.5540269462867148 -1.0101394653320312
-0.731792961844223 -0.3546472133010818 -0.5819831742353356 -37.210609436035156 0.19712429993161712 -0.9275834134230835 0.31738150784009367 182.1631622314453 -0.6523964066207983 0.11753452786376668 0.748708597111127 -0.9737625122070312
-0.6196792441065044 -0.6881231483921554 -0.3774707499535018 -37.34465408325195 0.5403628494173695 -0.722861784071338 0.4306725346463872 182.6236572265625 -0.5692149202130359 0.06290766071051992 0.8197786291620424 -0.9247474670410156
-0.7412583934152737 -0.5134193271528493 -0.4323616411030504 -37.37885284423828 0.5115771457520946 -0.849149717875183 0.13127673280759744 183.17823791503906 -0.43453977739160743 -0.12387635423442418 0.8920929496000065 -0.8687744140625
-0.7273182730177598 -0.6058313725786105 -0.32245383814428413 -37.41864013671875 0.6433609628890394 -0.7654525332450065 -0.013003491042417464 183.71144104003906 -0.23894518443557616 -0.2169118884439461 0.9464958697673909 -0.7085304260253906
-0.7664113558098332 -0.626217757351017 -0.14305577256439617 -37.44644546508789 0.6282424331439076 -0.7771722982030335 0.03625829702617516 184.3804168701172 -0.13388457298418066 -0.06208493604795114 0.9890502423197548 -0.7551488876342773
-0.9778403043818102 -0.19603111325005437 0.0734856568619563 -37.664764404296875 0.2039677995942761 -0.9711680564705951 0.12340884417170564 184.9449920654297 0.04717494944520921 0.13566284948014126 0.9896313027667277 -0.6980724334716797
-0.67167385393534 -0.7392570602140626 0.04851013155320781 -37.82667922973633 0.727981353712358 -0.6707430757833432 -0.14193968766988074 185.38018798828125 0.13746775107919146 -0.06002270580673846 0.9886859421478931 -0.6590175628662109
0.16727580361022515 -0.9678952179250248 -0.1876103745650079 -37.883567810058594 0.9714271197505143 0.19430399462704534 -0.1362912641558275 185.95663452148438 0.168369108032839 -0.15945157506228122 0.9727420206151188 -0.6024322509765625
0.2882808208128722 -0.8967897824255068 -0.33565198418699727 -37.79361343383789 0.9265469823077933 0.3497186877513382 -0.1385912299310577 186.66831970214844 0.24167097038696628 -0.2710441395320947 0.9317350570293724 -0.5387821197509766
-0.8183755709979408 -0.42102515926777156 0.3911511728952649 -37.81927490234375 0.5084204201366307 -0.8477188600643233 0.15126602619007248 187.7946319580078 0.26789942363111885 0.32266166421623654 0.9078101945138766 -0.5249042510986328
-0.7461216971345609 -0.21940352965553417 0.6286211134218573 -37.90692138671875 0.6282654428800682 -0.5445690305390368 0.5556321663299247 188.68714904785156 0.22041993182957445 0.8095101371523808 0.544158425001193 -0.47057151794433594
-0.4059127144836366 -0.7617131791738071 0.5050028721635719 -38.4008674621582 0.8870245006932412 -0.46140867916233025 0.01701663784592658 188.9887237548828 0.2200509109057068 0.4548571901889703 0.8629499018731988 -0.3348064422607422
0.45115860599414404 -0.8402640970652708 0.3006861477030596 -38.61963653564453 0.8856336381975347 0.3799949533867596 -0.2669398701835173 190.07876586914062 0.1100407703100053 0.38672998666211533 0.9156041427854622 -0.40314483642578125
-0.13530223180535772 -0.5706865761436485 -0.8099445276547825 -38.772422790527344 0.9807517634573469 0.039010017814421816 -0.19132223337976823 190.8489990234375 0.14078098076016254 -0.8202408489703241 0.5544237234612608 -0.3699512481689453
-0.20497165140956683 0.14862271903214092 -0.967418166826491 -38.620567321777344 0.9760908926274516 0.1040921584001695 -0.19081769281001937 191.79116821289062 0.07234080071563981 -0.9834002796151156 -0.1664052240908703 -0.3030059337615967
0.517296441259834 -0.4792088842776989 -0.7090579927546367 -38.553466796875 0.8538595529827011 0.3448533928479088 0.3898717753588581 192.38853454589844 0.05769103604628034 -0.807115222673076 0.5875685165912976 -0.3383520245552063
0.27331032070290695 -0.9518751052899118 0.13869121286726593 -38.70756530761719 0.9612841686147692 0.26500840576469176 -0.07552014330407723 193.31488037109375 0.035131407143552104 0.1539621018412506 0.9874520015822228 -0.37537717819213867
0.7317644735987596 -0.5370831276546899 0.4195979851803229 -38.91557693481445 0.6804655674783868 0.5408866504388501 -0.49437662045586084 194.068115234375 0.03856639281871413 0.6472892285259328 0.7612682102775968 -0.3583498001098633
0.4719792068881397 -0.7951143749122689 0.3808264159339718 -39.27096176147461 0.8800349771543485 0.3991059702068998 -0.2573963160772787 194.89149475097656 0.052669414750762034 0.4566262753643083 0.8880981800435869 -0.3518362045288086
0.27163484328774423 -0.9619701120257155 0.028775258144371648 -39.47410583496094 0.959856589633295 0.2686232628009385 -0.08072713310726734 195.7020263671875 0.0699273855480324 0.04954842329893569 0.9963207889525374 -0.31691503524780273
-0.2230493067292706 -0.8708356944734307 -0.43805730218610606 -39.561317443847656 0.9737206261007302 -0.1778257100240107 -0.1422889987330653 196.51382446289062 0.04601248823519108 -0.45828289307526426 0.8876145789930291 -0.3324151039123535
-0.35740055381368296 -0.8633956934809319 -0.3561077373664513 -39.608558654785156 0.9325229630117349 -0.30881668660114203 -0.18717151902067428 197.34852600097656 0.0516310719381973 -0.39897384695650506 0.9155075651545649 -0.28853559494018555
-0.2258970750079406 -0.9724527038649596 -0.05750000216161445 -39.67805480957031 0.9673743298509699 -0.21698421313824162 -0.13078515662782522 198.13307189941406 0.1147057864636458 -0.08516801039420221 0.9897418817839576 -0.23713397979736328
-0.3302895066318162 -0.8983949511822162 -0.2894742708760394 -39.7701416015625 0.9336350832263243 -0.2658984893499162 -0.2400490048519407 198.9468994140625 0.1386880426636915 -0.34954900236123654 0.926596525878647 -0.2872276306152344
-0.7499477465486171 -0.6441514255900384 -0.15049026000699334 -39.81606674194336 0.6376182937878595 -0.643347481321837 -0.42372978382916104 199.90179443359375 0.17612861457954532 -0.41373053934556236 0.8931997267907777 -0.29746246337890625
-0.5031677936819898 -0.7696543267496212 -0.3930068558139739 -39.85279846191406 0.8560459739906381 -0.3816213508750921 -0.3486408395049112 200.78726196289062 0.11835312338767387 -0.5118567786713946 0.850879060920249 -0.30342864990234375
-0.09690961388160307 -0.8060480199737725 -0.5838622408014408 -39.98013687133789 0.9908638733586448 -0.022851993709611496 -0.13291565316470272 201.36045837402344 0.09379398280285511 -0.5914088060553857 0.8008984410711016 -0.34795284271240234
-0.09711306053272062 -0.9653710188955703 -0.2421318842087848 -40.041160583496094 0.9890217108451417 -0.06637871278254859 -0.13202242978479273 202.28485107421875 0.11137822476102205 -0.25229479258569754 0.9612191366609505 -0.34323787689208984
-0.6064374575147071 -0.7329373897318464 0.3082797315039794 -40.37590408325195 0.7781391549455238 -0.6267815013375135 0.04055126535336254 203.09182739257812 0.16350249436557274 0.2644763360192369 0.9504310611622895 -0.3910694122314453
-0.3779736513702456 -0.9238199960518317 -0.06076622223437601 -40.51176452636719 0.9183894305694918 -0.3658360321433762 -0.15074764145363978 203.87841796875 0.11703321190195774 -0.1127856927113726 0.9867029009947863 -0.36253833770751953
0.1772004684856977 -0.982789290813979 -0.05220348484349992 -40.7729606628418 0.979929555954526 0.18110912347486163 -0.08329196096222444 204.48565673828125 0.09131297462690967 -0.036396363218371086 0.9951568948709856 -0.38164424896240234
-0.273326380106622 -0.7975797956172458 0.5377352132425053 -40.80609130859375 0.956528454540463 -0.28447077249478847 0.06426270497459302 205.37826538085938 0.10171531640929798 0.5319237250014053 0.8406611357665975 -0.37160491943359375
-0.13449240646119137 -0.46448403629162993 0.8753093011241875 -40.95188522338867 0.9843033692377235 -0.16448990701072957 0.06395269969959944 206.18307495117188 0.11427453745932781 0.8701710467039439 0.479315845311439 -0.39299964904785156
-0.0010897599264549362 -0.9918228715471865 0.12761741221007386 -41.32915115356445 0.9935390175861035 -0.015556651528760068 -0.11241979864442403 206.91627502441406 0.1134858271210234 0.1266703677625748 0.9854316744318457 -0.4757413864135742
0.31295682515557605 -0.8753532173386979 -0.3685305556983472 -41.43370056152344 0.9496531279865058 0.29441971930644834 0.10712593238314191 207.63534545898438 0.014729633192565761 -0.3835019866679996 0.9234225815560879 -0.4161498546600342
0.05949506951538602 -0.9906535196740572 -0.12274339355240996 -41.62542724609375 0.9981981539334591 0.060002131837930295 -0.00043549826385156504 208.41725158691406 0.007796293170063168 -0.122496318852062 0.9924383455310966 -0.5118789672851562
-0.1730453492330854 -0.9833154820943043 0.056088945278421024 -41.69063186645508 0.9848522323890169 -0.1721166699415781 0.021022185580759137 209.4127655029297 -0.011017598067162872 0.058877114415263554 0.9982044369421339 -0.5138822197914124
-0.4359028354405135 -0.8933357755505006 0.10926989602130231 -41.81584167480469 0.899975787678475 -0.43343618584025473 0.0466546288888951 210.0634002685547 0.005683277877152601 0.11867714576041088 0.9929166306527115 -0.5795072317123413
0.2938538923601911 -0.8591862814411869 0.4188661167103763 -42.0101318359375 0.9558189869700363 0.26057830533171245 -0.13604782592171902 210.6969757080078 0.007743002798574511 0.4403383705444237 0.8977985104320139 -0.6151268482208252
0.2589791939693591 -0.7719971292652648 0.580474124743878 -42.174705505371094 0.9647008599580305 0.1770167659875692 -0.19498029478780368 211.29339599609375 0.047770575537853355 0.6104797269078576 0.790589953861855 -0.6918473243713379
0.31845347484228537 -0.9421794953828334 0.1043320796352854 -42.48649597167969 0.939169371214387 0.2986547630891203 -0.1696060867332134 211.79226684570312 0.12864010468608467 0.1519971413031542 0.979973771333714 -0.7218990325927734
-0.13272117263726368 -0.9822555262761348 -0.13251102381984353 -42.63945007324219 0.9910662584335228 -0.12974518821697578 -0.030884584004308914 212.5567169189453 0.013143885588642178 -0.13542624278379373 0.9907002427763393 -0.7124919891357422
-0.3235492354259052 -0.883385827986888 -0.33903594376884655 -42.775691986083984 0.9344693202027119 -0.24204529742944303 -0.2611152304867988 213.3433380126953 0.14860343823476546 -0.4013023210800217 0.9038105250773492 -0.7925205230712891
0.15911466377508993 -0.2868211078578839 -0.9446778159028167 -42.76582336425781 0.9753720403766657 0.19371537977085634 0.10546911629331485 213.9447021484375 0.15274785308867667 -0.9381940117733694 0.31058024671474355 -0.8744373321533203
-0.09149386116939645 -0.4166263372488097 -0.9044619220724309 -42.86581802368164 0.9941453401352969 -0.09064256136134047 -0.05881299819878494 214.51075744628906 -0.057479701248265624 -0.9045476334502769 0.4224803696787739 -0.8375182151794434
-0.2548085078258512 -0.9271143664350758 -0.27483008548783505 -43.09495162963867 0.9669542402783085 -0.2417951562023678 -0.08083687057816794 215.113037109375 0.008492440601031187 -0.2863460388878466 0.9580886307987783 -0.9095942974090576
-0.3200803563776148 -0.9389126783361356 0.12645769221697656 -43.3203125 0.9255071410242547 -0.338412249156106 -0.17004023504516771 215.68280029296875 0.20244776455740204 0.06261095815246845 0.977289501910739 -1.023355484008789
-0.011058298292331514 -0.9979856788985416 0.062468382020786174 -43.487178802490234 0.9851131019282998 -0.02159091121589224 -0.17054620770357432 216.17555236816406 0.17155142216863453 0.05965247074752666 0.983367526556391 -1.1426639556884766
-0.27986816391982905 -0.959126044616116 0.04184544614635902 -43.719852447509766 0.94485042407209 -0.28290128794100045 -0.16499859821257445 216.7504119873047 0.17009258348010103 -0.006640167194225652 0.9854057140207263 -1.237823486328125
-0.05968192409972484 -0.9980553735113145 0.017987199363574097 -43.78131103515625 0.9950470750710103 -0.06091770917434647 -0.07855158242566923 217.27764892578125 0.07949456791744731 0.013210000535201473 0.9967477662666108 -1.2965946197509766
0.09284609754419049 -0.9819908698768979 -0.1645403708796967 -43.89950942993164 0.9908263585663256 0.07482520879734 0.11253584006275379 217.8963165283203 -0.09819739986888598 -0.1734794500995664 0.9799296663802675 -1.3577098846435547
-0.03058325444301485 -0.9982978707247449 0.04965909638841877 -44.14903259277344 0.9695062171109695 -0.01754193975701196 0.24443808077453633 218.4932098388672 -0.24315089868402956 0.05562051470457474 0.9683924818032958 -1.4499683380126953
0.12938289128697056 -0.9829805646527711 0.1304196187586184 -44.429405212402344 0.9364499170671571 0.16437607746772676 0.3099065310399873 218.92478942871094 -0.3260699622276463 0.0820348381557696 0.9417795204089003 -1.4758110046386719
-0.0990398691308893 -0.958430163105671 0.26758685836896695 -44.60381317138672 0.8630735282318166 0.05110442802939502 0.5024862409074224 219.59075927734375 -0.49527284317638515 0.28071330550051526 0.8221343265713665 -1.3971748352050781
0.16640346381575194 -0.9375215585371206 0.30555394696885835 -44.726966857910156 0.7652398870601418 0.31820758536088206 0.5595997211140997 220.10948181152344 -0.6218663863582763 0.14070273592551477 0.7703797359878917 -1.5738525390625
0.3577546024160541 -0.7954128074195259 0.48921376743006606 -44.58588790893555 0.5471640917430649 0.6030878291651469 0.5804278827036629 220.66880798339844 -0.7567186406829935 0.06002946031623407 0.6509787728774448 -1.45916748046875
-0.14848394597557463 -0.9856446714744153 0.08035607868490743 -44.241886138916016 0.9883654318526806 -0.14520256382736657 0.04527679954042788 220.76210021972656 -0.03295892756427583 0.08614404826830432 0.9957373710179613 0.042281150817871094
-0.14666838084750028 -0.9890501141234352 -0.016378577837897763 -44.43773651123047 0.9889313413338915 -0.14698604175204882 0.020246126978141803 221.15257263183594 -0.02243185652420914 -0.013227822288056832 0.9996608607574833 -0.06549084186553955
-0.0858102685539443 -0.6567912447330422 0.7491741177141139 -44.86978530883789 0.3291481866733307 0.6910395912856131 0.643526032484678 222.46949768066406 -0.9403712400006489 0.3018104440171575 0.15688335431717432 -1.65484619140625
0.008038584563160533 0.38424080789136394 0.9231979109103383 -44.96046829223633 0.0440646536048572 0.9221948205182403 -0.38420700060255847 222.87173461914062 -0.9989963400638187 0.04376887661709383 -0.009518297052138858 -1.71966552734375
-0.18931167616533334 0.2098716721599617 0.9592262353023157 -45.06726837158203 -0.20327586521453853 0.9473521681203407 -0.24739198082995847 223.38819885253906 -0.9606456224273093 -0.2418217334783442 -0.13668298112338634 -1.661712646484375
0.05973395180358321 -0.9116850336718945 0.4065246048895488 -45.33584976196289 -0.3075156896027737 0.37063832324272644 0.8763910850710148 224.11895751953125 -0.9496662338158905 -0.17736299704982667 -0.2582177600929987 -1.7324371337890625
0.034857823810875405 -0.9993860913921683 -0.0035174495099259406 -45.1063117980957 -0.14889029586821423 -0.00867342562459053 0.9888156812491449 224.5426025390625 -0.9882391471275795 -0.033944248700179036 -0.1491012275762168 -1.5061187744140625
0.5499014307612232 0.20652511300660145 -0.8092933918823078 -45.264404296875 0.06715276344131091 -0.9767426963254581 -0.20362762960136266 225.6079864501953 -0.8325256289201886 0.05762883716061695 -0.5509809382533665 -1.6962127685546875
0.3359005532974209 0.9083148170844116 -0.2492689538618842 -45.22124481201172 0.4418749760973809 -0.38567928132896 -0.8099370330170834 226.0937042236328 -0.8318156789778763 0.1619125844969705 -0.5309114720818207 -1.6200599670410156
-0.4549486718240438 -0.32132902671550445 -0.8305235472854486 -45.01958465576172 0.2878222202140761 -0.935632064997742 0.20433063524371667 225.4102783203125 -0.8427218257269584 -0.146083180202676 0.5181501991751949 -1.7563323974609375
0.2857900237335775 0.9529708248684763 0.10084973616156351 -44.87078857421875 0.3990817064310977 -0.022677697377465555 -0.9166348856735156 226.77777099609375 -0.8712392633062425 0.3022123905321419 -0.38679428263929094 -1.7108306884765625
0.549490302488935 0.40477261837091155 -0.7309032322324036 -44.628780364990234 -0.09039602580474593 -0.8408716567580365 -0.5336322847989077 227.35089111328125 -0.8305955489823711 0.3592965130336659 -0.4254609849710339 -1.777130126953125
-0.1862670897362308 -0.8804031642629794 0.43611333347758174 -44.51455307006836 -0.6482701988277836 0.44367508810968453 0.6187876578460898 227.30035400390625 -0.7382752336310496 -0.16745950121326966 -0.6533812017960281 -1.738311767578125
-0.693302659411143 0.3289711627220328 0.6411781316847532 -44.45603942871094 -0.2730329338886635 0.7034874464287525 -0.6561695129532474 227.8850555419922 -0.6669216141838451 -0.6299868147941408 -0.3979097557486463 -1.8177642822265625
-0.8044027522234848 0.5192159495694516 -0.2887057497314099 -44.56031799316406 0.15673759135812418 -0.2832687013469683 -0.9461459561254044 228.00076293945312 -0.5730353738387679 -0.8063334549365384 0.1464814656520365 -1.7061080932617188
-0.4237247290452367 -0.45880103757552315 0.7809986952070815 -44.19760513305664 -0.7151553913913953 0.6986065558526672 0.022397461541301456 229.0574188232422 -0.5558867871782533 -0.5490450692241005 -0.6241309091859991 -1.60015869140625
0.6673068604406412 -0.6430123804595138 0.37581462529370013 -44.27308654785156 -0.41399530244109456 0.09921458703910468 0.9048559859311132 229.85867309570312 -0.6191198943383756 -0.7594020965828641 -0.19999753033472484 -1.7627410888671875
0.8057395346804004 -0.5314344195805443 -0.2614598629581636 -44.19148254394531 -0.032439099610643785 -0.4803891943981873 0.8764553192958048 229.9463348388672 -0.5913810168321794 -0.6977131785988785 -0.40430782003318577 -1.7088470458984375
-0.015120810912448324 0.09683596423807345 0.9951854887946429 -43.64306640625 -0.8634731378715426 0.500590928986553 -0.06182929718710656 230.6242218017578 -0.504168127960923 -0.8602508458853511 0.0760459131177732 -1.7834014892578125
0.2596704377807052 -0.9017021017170768 0.3456943498262354 -43.081478118896484 -0.7704760237932731 0.022362091939902434 0.6370766308724402 230.60812377929688 -0.5821837858464327 -0.4317791757404218 -0.6889330757732839 -1.6569671630859375
-0.2353476479793346 0.6578703615725503 0.7154146154189173 -43.35759735107422 0.8326935071984152 0.5160987500756143 -0.2006579259336441 229.579833984375 -0.501231491089894 0.5484967342972888 -0.6692670056151065 -1.4612083435058594
0.619656800267561 0.7433403358915894 0.2519337113582595 -42.9002685546875 0.6615013699100235 -0.32186233894355876 -0.6773629546830442 230.06741333007812 -0.42242323265811277 0.5863870563086813 -0.6911648375780624 -1.7122955322265625
0.6060217238315274 -0.7803656951225791 -0.15416566453045807 -42.16909408569336 -0.7745566961898432 -0.6230428117059136 0.10899348223203274 231.30845642089844 -0.18110658362339796 0.05335762979596588 -0.9820149534048949 -1.7503814697265625
0.8988989604537851 -0.020989683833511463 -0.4376529356324186 -41.42158126831055 0.41707577874350404 -0.2651020826167527 0.8693495732889964 232.59713745117188 -0.13427007738362387 -0.9639918666486922 -0.2295456977478907 -1.787322998046875
0.9150635889825858 -0.25497517899299715 0.31248405753861885 -41.77632141113281 -0.32534294974261135 -0.00877936495992293 0.9455553330205893 232.3299102783203 -0.23834972869941864 -0.9669077416425984 -0.09098805405394705 -1.6152801513671875
-0.33173453069769665 0.46230338905652013 -0.8223306984477932 -40.87223434448242 0.9412080528240302 0.10317614091253537 -0.3216863149802847 232.74557495117188 -0.0638717656087357 -0.8806987341953281 -0.4693507613126565 -1.7237014770507812
0.7895744126058302 -0.5828702624525495 0.19192317240670592 -41.631343841552734 -0.561749638157401 -0.5606436886315593 0.6083715956778621 231.9831085205078 -0.24700119632946554 -0.5881674179569072 -0.7700970701578584 -1.6385345458984375
0.8835202832881096 0.20974879799884216 0.4188046689765289 -40.124637603759766 0.4588350896724438 -0.20786533353265269 -0.8638647831695885 232.54933166503906 -0.09413962770151318 0.9554043357936997 -0.2798933469070327 -1.64276123046875
-0.5919981324645678 -0.10254030152274501 0.7993895781920657 -39.81605529785156 0.7356677545368648 0.33631733292326216 0.5879486427487274 232.2944793701172 -0.3291370020115503 0.9361496344810524 -0.12366363963526461 -1.6132431030273438
-0.3058800830852691 -0.8346415218310106 -0.45805120325937704 -39.441375732421875 -0.823422986349956 -0.009591272524803237 0.5673469776440822 232.58795166015625 -0.4779246387478559 0.5507100303489753 -0.6843292352009825 -1.4191277027130127
0.17091343918274512 -0.7908940671757492 0.5876012004862884 -38.455047607421875 -0.7534289883932177 0.279401744955644 0.5952137635879344 233.42396545410156 -0.6349278350769466 -0.544445809444744 -0.5481290038143931 -1.5128555297851562
0.26815440410974645 -0.8491918961893674 0.4549355327987177 -38.74072265625 -0.5108832744346592 0.27501126356186534 0.8144735016051945 233.54470825195312 -0.8167566929382748 -0.4508236111390047 -0.36009245504470094 -1.4335174560546875
-0.3402565019526506 -0.374599299927379 0.8624968854279202 -38.00069808959961 -0.2834479596168727 0.9154211229125588 0.28576462677270076 233.47381591796875 -0.8965950965000742 -0.14723971006296768 -0.4176573963341194 -1.6363639831542969
-0.06977014629129719 -0.39548827562763805 0.9158172036643384 -38.21075439453125 0.005656181684990325 0.9178828225312935 0.39681120411441506 233.5750732421875 -0.9975470586870763 0.03286560425525381 -0.06180386526504367 -1.2721824645996094
0.09319274975825786 -0.8113336373566704 -0.577107303961828 -37.613250732421875 0.043443924090198205 -0.5757641674371272 0.8164608067476827 233.3741455078125 -0.9946998224852259 -0.10116003355587877 -0.018409529022592352 -1.2440948486328125
0.09887039232745698 -0.542953882219302 0.833921895206022 -37.21272277832031 0.08788519454002186 0.8395176665428236 0.5361774707530664 233.310546875 -0.9912118028462321 0.020277311100865725 0.13072104862202372 -0.8433036804199219
0.2668428080356763 -0.31506941795478083 0.9107832770035201 -36.65155792236328 -0.012861369443546239 0.9438023916609212 0.33025994409125947 233.51661682128906 -0.9636542434793051 -0.09984141107156311 0.24779465623690777 -0.9622821807861328
0.030759953686272018 0.8890829406960727 -0.45671145136994495 -35.96197509765625 -0.3536443677079049 -0.4176913732972955 -0.8369406059341935 233.70321655273438 -0.9348740484352392 0.18725768672138 0.3015710071045673 -0.9732284545898438
0.5170794111467409 -0.508954831473426 0.6881815618628535 -35.552677154541016 0.1778522414848287 0.8503479485143434 0.4952544261854408 233.77294921875 -0.8372559123511534 -0.13369123373394598 0.5302161740797178 -0.828521728515625
-0.14455236237720517 -0.9477621926286734 -0.28434387764616725 -34.508087158203125 0.35027806604828937 -0.3177671002561865 0.8810955376349633 234.43142700195312 -0.925424168139475 0.027765017890576726 0.377914292935444 -1.0144901275634766
0.5101117171457756 -0.8343537292810856 0.20890162868042322 -34.320526123046875 0.43136688819461866 0.4582982795042937 0.7771005692783245 234.0055389404297 -0.7441160150137074 -0.3062948602868639 0.593695894176447 -0.948486328125
0.5586620513145812 -0.4180293649115799 0.7163436064435879 -33.850440979003906 -0.30699294978198516 0.6981281045419839 0.6468171908915012 234.0606231689453 -0.7704881836894971 -0.5812646554885634 0.2616856111340893 -0.897735595703125
0.4219407267079563 -0.029745719332840093 0.9061353184411995 -33.26148223876953 -0.5393504310718137 0.7951312881833312 0.27724961145971927 233.80218505859375 -0.7287435321481837 -0.6057073771494684 0.3194549070195997 -0.81207275390625
0.5963242884818492 -0.8025868655560204 -0.015863990783490545 -32.438377380371094 0.6047831576512765 0.43618508587093757 0.6663181695594935 233.92173767089844 -0.5278585749876262 -0.4069359828040833 0.7454987798187918 -0.6986083984375
-0.43874334279646615 -0.651720635704099 0.6186796361197187 -31.75640869140625 0.8373688047535612 -0.0466950463860622 0.5446403009956164 234.447998046875 -0.3260640488882126 0.7570203337034274 0.5662176704962296 -0.6542739868164062
-0.648456510058442 -0.6550838728903735 0.3877747723121952 -31.192123413085938 0.7329450414344217 -0.3996533120961051 0.5505168447625441 234.72976684570312 -0.20565923465655406 0.6412038284426897 0.7392982683537939 -0.5814666748046875
0.9766509734762633 -0.21473975359871256 0.0063019228995040075 -30.778627395629883 0.1810798347476471 0.8386390248237848 0.5137068030407773 234.71908569335938 -0.1155983107819136 -0.5005710981139196 0.857942659084739 -0.5194168090820312
0.5504800456258793 0.24551544397157055 0.7979310033700736 -30.2933349609375 -0.8249543576229246 0.3066800544563295 0.4747606260397028 234.7168731689453 -0.12814845768356942 -0.9196029093962814 0.37136028573774155 -0.4879608154296875
0.957717649730295 0.2539010973745424 0.13531864670873375 -29.637779235839844 -0.2835051792636431 0.9129394370427695 0.2935411344645256 234.81336975097656 -0.04900731298254965 -0.31949306259140314 0.9463204881171052 -0.3572998046875
0.9865042663867852 0.16369478830479478 -0.003653584885963695 -28.70448112487793 -0.16369208577514704 0.9854826473785862 -0.04504278821603921 234.8989715576172 -0.0037727251758403516 0.04503296567561905 0.9989783774172522 -0.36292409896850586
0.6755656030676901 -0.7340745969223645 -0.06888833068856084 -27.83905792236328 0.7369336443778105 0.669331697002505 0.0944663070718112 235.01417541503906 -0.023236173003039935 -0.1145843162959706 0.9931417394929879 -0.29746437072753906
0.8042003037233766 -0.2361768526421865 -0.5454194402175814 -27.22121810913086 0.5927572449175131 0.38601177803670894 0.7068477599983874 235.1709747314453 0.04359724864057629 -0.8917485079847173 0.4504263296233939 -0.24725341796875
0.7740814767049145 -0.20416510811769578 -0.5992616090236624 -26.324899673461914 0.6161574682508466 0.4603921612149097 0.6390532311244281 234.9032745361328 0.14542297528604647 -0.8639187846777927 0.4821789001395641 -0.24365997314453125
0.8980280008335911 -0.3672510255017891 -0.2422238509864542 -25.46697235107422 0.4173121627182048 0.8853975446747796 0.20474800788121528 234.8858642578125 0.13927048706125153 -0.2849524033093175 0.9483701066998926 -0.28383636474609375
0.8501796976556312 -0.5151877881990451 0.10851739300570852 -24.839336395263672 0.48011417449844607 0.6740540322562723 -0.5613746886391798 235.05531311035156 0.21606679786551025 0.5293701016204412 0.8204160129900614 -0.2550048828125
0.8847458413751464 -0.4660531101861238 -0.004392568181038753 -24.089881896972656 0.4103221439612537 0.7833479096513947 -0.4669066187363708 235.25840759277344 0.22104419093119024 0.4112913212439953 0.884295716785366 -0.2667427062988281
0.979538397257021 -0.08885566744172402 -0.18058017239617463 -23.276626586914062 0.086344685408617 0.996028216182188 -0.021734485745362277 235.4706573486328 0.1817941792270406 0.005697625155636212 0.9833200971538985 -0.24522745609283447
0.9502256236175796 0.2941545295143453 -0.10268581687251749 -22.563047409057617 -0.23599209093036125 0.8947145256931398 0.3792013324502117 235.32159423828125 0.20341828147661195 -0.336093781971482 0.9195988106131977 -0.3147544860839844
0.9714956499913696 -0.08759623538005873 -0.22027959868105734 -21.763879776000977 0.103749690231659 0.9926161462051118 0.0628425657476443 235.1537628173828 0.21314831414928231 -0.08390521938564693 0.973410350435604 -0.2868623733520508
0.9795573645774696 -0.12916461402954 -0.154220206149007 -20.984834671020508 -0.03807101635727055 0.633749178822164 -0.7726011752875848 235.38812255859375 0.1975296616095079 0.7626784911250826 0.6158762472766752 -0.2824859619140625
0.9889657413876014 0.029706494588784306 -0.1451354076058573 -20.164533615112305 -0.10253189811807986 0.8443864073911381 -0.5258315365983581 235.66799926757812 0.10692975371698704 0.5349103842629468 0.8381150926798127 -0.21408843994140625
0.9120477042547551 0.41008386034084804 -0.00046114160359170264 -19.385669708251953 -0.39069377888992757 0.8692637558441738 0.3028842912935386 235.8482208251953 0.12460881309257035 -0.2760647573733898 0.9530272259678799 -0.24385452270507812
0.05848043682940146 0.4595279993164396 0.8862358920470739 -18.90239715576172 -0.9905031552933228 -0.08394577668391295 0.10888804310348482 235.68421936035156 0.12443286487987876 -0.8841872677330096 0.4502547475781027 -0.3218841552734375
0.5163420640775704 0.7893276493842817 0.33219382110689333 -18.078765869140625 -0.8401266069372478 0.3916577746699418 0.3752218968246607 235.61685180664062 0.16606672508429027 -0.47282771646559985 0.8653645436240758 -0.2757720947265625
0.7257798676719975 0.5951423562818035 -0.3450350119065609 -17.3321533203125 -0.6632078026053214 0.7385710923436178 -0.12111214686304636 235.7077178955078 0.18275391718220063 0.31673066999218447 0.9307430840145218 -0.2974739074707031
0.7969458370763748 0.2887031087597699 -0.5305919786041629 -16.27118682861328 -0.5905795271060105 0.55687547030092 -0.5840424066284656 236.0506134033203 0.12685879918191328 0.7788069244489121 0.6143017332716467 -0.24726104736328125
0.9631713688566799 0.24548116076449622 -0.10972654156795844 -15.493000030517578 -0.25954099753502824 0.9554187397245644 -0.1407604432418686 236.20040893554688 0.07028075706245498 0.16405496485276028 0.9839444007127067 -0.261138916015625
0.9833438655834156 0.17395352555219193 -0.05267839184550086 -14.53529167175293 -0.17356471524456943 0.984750531453615 0.011902958619358184 236.37240600585938 0.05394563598231796 -0.002561591260432909 0.9985405883631758 -0.23278355598449707
0.9982194242403934 0.056657193386023874 -0.01865324386791927 -13.705936431884766 -0.03826101599489247 0.8480917402504483 0.5284661718350614 236.4671173095703 0.04576107214889045 -0.5268115057177327 0.8487494104382043 -0.223876953125
0.8846813840670539 -0.4309514684230419 -0.17781923559960044 -12.717449188232422 0.465949614956754 0.829769366830044 0.30720311553127355 236.6780242919922 0.015159320791347144 -0.3546316817974562 0.9348831826804102 -0.21903228759765625
0.9505086951177169 -0.30538141376134686 -0.057231220804173394 -11.892618179321289 0.3093731751025681 0.9472526271399294 0.08367017929619561 236.7201385498047 0.02866110661804104 -0.09723503743827558 0.9948486761622626 -0.21029186248779297
0.9833153662537818 -0.1788154379012763 -0.03340553333455261 -11.029935836791992 0.18001833551577157 0.9829542373339557 0.03734121296038326 236.87889099121094 0.026158925194323446 -0.042731797006402505 0.9987440633902569 -0.20153570175170898
0.9980553443524162 -0.05887292394449521 0.02048190508243119 -10.207215309143066 0.055066400077748656 0.9867100186692761 0.152875866768284 236.9574432373047 -0.029209950223465987 -0.15145071107097016 0.9880331274426178 -0.1573009490966797
0.9932344645745841 0.11423704383176207 0.02086135656708506 -9.405004501342773 -0.11610215523635946 0.9805306452515925 0.158366484055079 237.01400756835938 -0.0023638804350653506 -0.1597170984555986 0.9871599974321351 -0.2880096435546875
0.5807201610497352 0.8108498772365962 0.07270881057867977 -8.767005920410156 -0.8119005159323847 0.5833999940701665 -0.021494165432905186 237.014892578125 -0.0598468610630249 -0.04655022560983379 0.9971215721849449 -0.23402786254882812
0.8802160452891002 0.47107875659660364 0.05748494323746404 -7.8146209716796875 -0.46842328319642706 0.8818495123145578 -0.054046881409167025 237.28677368164062 -0.07615340685154219 0.020645646368532843 0.9968823480787133 -0.1708841323852539
0.882057255760508 0.45226693627691605 0.132021270676107 -7.041801452636719 -0.46708057387360036 0.876135152726338 0.11925993320098968 237.47311401367188 -0.06173115153753495 -0.16685866027236443 0.9840464686293842 -0.2865028381347656
0.7330900599717874 0.565518683575657 0.3778459772148127 -6.378753662109375 -0.6797423774473624 0.6279956761257031 0.3789086051670352 237.73838806152344 -0.02300574434284325 -0.534612054946647 0.8447844023376347 -0.2655792236328125
0.8292823095386498 0.22093489139860553 0.5133016898948701 -5.521232604980469 -0.5575298421254314 0.38971378354123654 0.732996345187045 237.92613220214844 -0.038096275747565744 -0.8940419121499062 0.4463605415955859 -0.2403564453125
0.8802594676879618 0.10507165449495962 0.46271288826592855 -4.707115173339844 -0.4712483992829325 0.30743208553792606 0.826686433271452 237.96778869628906 -0.055391476952503294 -0.9457512676192895 0.3201348529565739 -0.2471160888671875
0.9901965448697283 -0.1396785528477391 -0.0008392868484431298 -3.733886480331421 0.13608656412319547 0.9633433766685535 0.231192529494301 237.98849487304688 -0.031484116522399484 -0.22904025956846794 0.9729076574390877 -0.19268798828125
0.7871416146700575 -0.37749655055017983 0.4877544800176934 -2.9769325256347656 0.6153834410572193 0.5337278500122228 -0.5800325875275512 238.11854553222656 -0.04136784895532733 0.7567238178120508 0.6524245279177995 -0.21752166748046875
0.88920884045613 -0.1441234894332839 0.43420739036575406 -2.138357639312744 0.4570080764516956 0.23575105438899918 -0.8576508954186406 238.38238525390625 0.02124278966109258 0.961067042483535 0.27549752038696346 -0.2578125
0.9633556134944224 -0.2121340693574499 0.16414962249921072 -1.4500732421875 0.2609640523101284 0.599809109148634 -0.7563906371605869 238.67904663085938 0.061997785046413526 0.7715103169758462 0.6331888386959832 -0.33002471923828125
0.9102806142622435 -0.40798681609041254 0.07025639611281184 -0.5562667846679688 0.4122054610348277 0.877458158167706 -0.2452627948915243 238.76588439941406 0.03841693886058025 0.2522180377398585 0.9669075448289962 -0.3321342468261719
0.9972931070739826 -0.06556570546846163 0.033280577656414054 0.2474346160888672 0.06689474328093026 0.9969365685382529 -0.04052865199524254 238.9183807373047 -0.030521335228002433 0.04264524097242248 0.9986239690285346 -0.2826261520385742
0.9198160667826218 0.3907621042963263 -0.035261609924305194 0.9161911010742188 -0.38523409121941765 0.9165180992604568 0.10765346576096961 238.87844848632812 0.07438479852023688 -0.08543741319764943 0.9935629573284208 -0.13050174713134766
0.8810348291839508 0.4504169104647408 0.14457605794945444 1.6035690307617188 -0.4728691588300596 0.8300733347377762 0.2955892717685459 239.09124755859375 0.01312967601116545 -0.32879000247073376 0.9443117842551455 -0.40753173828125
0.992570238773484 -0.08965663921193615 -0.0822557484092729 2.5710182189941406 0.12129043006141149 0.6755226069320193 0.7272948776798077 239.27517700195312 -0.009641196848251432 -0.7318680854969627 0.6813781275872773 -0.368927001953125
0.976970343057071 0.12188710163668097 0.17513561385839915 3.2181472778320312 -0.21066197251048946 0.6814571510493584 0.700883502888805 239.24954223632812 -0.03391875771514448 -0.7216368101325632 0.6914404038937557 -0.4209747314453125
0.8975162623190821 0.44080966044066894 0.012304557487635329 4.009468078613281 -0.44086556186006687 0.8962918258187826 0.047942875761057456 239.15213012695312 0.010105208488296075 -0.04845416630811825 0.9987742880795405 -0.4664123058319092
0.9998071310498162 0.003745576128917374 0.019278780080652286 4.824253082275391 0.005049490603734452 0.8996167796964469 -0.4366510647338874 239.15847778320312 -0.018979023857366016 0.4366641963203042 0.8994243583011106 -0.4163398742675781
0.8116912175277183 -0.5100191894311317 0.28467137861116665 5.716655731201172 0.5840526167555724 0.7034484957660685 -0.40502191874690496 239.52249145507812 0.006317297629460067 0.495015797946356 0.8688610081792103 -0.428863525390625
0.8288357272826763 -0.5386957276840584 0.15112329454700235 6.421924591064453 0.5577121318147963 0.7739609503942287 -0.2999026930380212 239.80345153808594 0.04459277078622071 0.3328533614668856 0.941923629894591 -0.4538154602050781
0.9229299193812365 -0.33042512478003877 -0.1975337966653806 7.092836380004883 0.38014682143993334 0.8631998205403674 0.3322265250821987 239.8690643310547 0.06073514682668976 -0.38171364493972854 0.9222830016902442 -0.499847412109375
0.9538542101091568 0.28260940036429905 0.1014597096524917 7.807537078857422 -0.2951039148814856 0.8198967815867025 0.49059448321947935 239.8082733154297 0.05546012331989099 -0.49789677079641564 0.8654611374012378 -0.5658950805664062
0.8133050698820594 0.5467180945757751 0.19908337039434496 8.458366394042969 -0.5707031123968086 0.6829718100235487 0.455902910951173 239.87466430664062 0.11328204096296032 -0.4844056479610775 0.8674781538567266 -0.4260673522949219
0.8075814924357645 0.5338028898218383 0.2507321437173096 9.227165222167969 -0.5770254282079175 0.6273250026947843 0.5229770513086195 240.07652282714844 0.12187611856591463 -0.56702541019944 0.814633902996594 -0.48032379150390625
0.5341963427850374 -0.845207193955162 0.016095547257919025 10.116180419921875 0.8428846039450413 0.5310791429151868 -0.08660536007015635 240.03797912597656 0.06465146392388675 0.059830955590828606 0.9961126668031014 -0.4978008270263672
0.9644189275167614 -0.2541909541227122 0.07268487524654083 10.853487014770508 0.25925628347121543 0.8554316358148454 -0.4483557693705199 240.15655517578125 0.05179103907156875 0.4512468008632563 0.8908950628343185 -0.5100784301757812
0.5375121203956029 0.3787350216298762 -0.7534192085544675 11.353843688964844 -0.842563005942927 0.2774321737012664 -0.46164810192592554 240.19625854492188 0.03418042486924694 0.8829446032376027 0.46823127423245686 -0.538543701171875
0.9675027093096341 -0.25282436726816476 0.004283315768144684 12.2529935836792 0.25286054722425094 0.9673483539041243 -0.01728310899211306 240.59336853027344 0.00022613263779137308 0.017804536344230414 0.9998414611075083 -0.5153136253356934
0.15604623413421503 -0.36338412641610573 -0.9184778437618044 13.294349670410156 0.9853357308101598 0.12223850039129336 0.11904304520170955 240.7642059326172 0.0690150012775354 -0.9235852563195732 0.3771302214193001 -0.5308151245117188
0.8488432114214554 0.361641945148204 -0.3855908530205736 13.65118408203125 -0.509012713552937 0.7560509615328987 -0.4114523070863194 240.46168518066406 0.14272792251408253 0.5455291441111121 0.8258490740203148 -0.62872314453125
0.20383779877388583 -0.25606241684156156 -0.94492443638223 14.328848838806152 -0.9788191573644978 -0.03451535938126238 -0.20179630111336777 240.204345703125 0.01905804206290701 0.9660438544124385 -0.25767433396574013 -0.54974365234375
0.6219094699053604 0.5318388758933313 -0.5747834560341409 15.293182373046875 0.7691315033616218 -0.27688096632948667 0.5759979696328289 240.79244995117188 0.14719151394942995 -0.800302655607844 -0.5812489291588478 -0.5914154052734375
-0.7923684396990314 0.6034533127821826 0.0894223409508595 16.253982543945312 0.5853677971967965 0.7108379931963507 0.38994087940809047 241.50941467285156 0.17174631807958096 0.36132180493404226 -0.9164877279621988 -0.6302490234375
0.868848897674414 0.10111809941994399 -0.4846408185240427 16.777877807617188 0.49193255842202543 -0.06617072413033176 0.8681150806387528 241.5806884765625 0.05571311312712954 -0.9926714286397922 -0.10723564606938235 -0.5945587158203125
0.7274359376347943 -0.3406467070014039 0.5956481995662263 17.257904052734375 -0.6791283645022275 -0.4815130659953692 0.5540124834372135 241.2261199951172 0.09808986270719855 -0.8075301779406381 -0.581612749644679 -0.6810150146484375
0.9869639672965782 0.1608971433396723 0.003773131767053406 18.088134765625 -0.005625310669044051 0.011057608064559077 0.9999230396304343 241.24977111816406 0.16084303882380285 -0.9869092352232921 0.011818557141255182 -0.670623779296875
0.9514589719294237 -0.26519145519818416 -0.15620280671253453 18.8393497467041 0.29503054014804336 0.9304028419303817 0.21750294735433556 241.45399475097656 0.08765161216405393 -0.2530297291184152 0.9634797097330611 -0.6168937683105469
0.7490558077796485 -0.6615736499344772 0.035152560987107284 19.672611236572266 0.6363399125432864 0.7036919537237322 -0.3160524481298627 241.69041442871094 0.18435539736059015 0.25910989941885815 0.9480902633648172 -0.6478195190429688
-0.24381536264567977 0.8176115543887036 0.5215989024797154 19.977890014648438 -0.9619693166331641 -0.27218703443483777 -0.023005480692473462 241.50656127929688 0.12316291160198731 -0.5073712293928939 0.8528806087548624 -0.6666793823242188
-0.30789062376556564 0.9375277079796296 -0.16200358195951453 20.604385375976562 -0.9509953482749984 -0.2981610168073241 0.08190149947184569 241.5050048828125 0.028481772356456825 0.1792813566071075 0.9833854706149313 -0.7424125671386719
0.6760097497076765 0.6646001362373374 -0.3183040640857061 21.46844482421875 -0.7359454197819465 0.6308013779585936 -0.2459145393577089 241.73077392578125 0.03735180587520845 0.4004950442625379 0.9155373078793724 -0.6093177795410156
0.9926815904008833 -0.11003446099985581 0.04975618023566886 22.429014205932617 0.12039942709310292 0.9336636855893518 -0.3373071303239245 242.03561401367188 -0.009340130343081496 0.34082919417822705 0.9400788383752688 -0.7037353515625
0.9207449964195231 0.36859382879779956 0.12793451817469353 23.088790893554688 -0.38731139786755353 0.9030624713595958 0.18565574029310497 242.1217498779297 -0.047101302002112405 -0.2204920910011913 0.9742508430356261 -0.7472381591796875
0.9173616775669113 0.3782896452646924 0.12387290590413644 23.79114532470703 -0.3973297492518985 0.8889962077005843 0.2276286736186868 241.9775390625 -0.024012973390343147 -0.25803621253516407 0.9658367823444404 -0.7015342712402344
0.750757727966181 -0.5892845409443329 -0.2985072255458565 24.643142700195312 0.660524565138494 0.6639492228164676 0.35054062299541283 242.13282775878906 -0.00837452969792088 -0.460342437024261 0.8877019251566953 -0.6986541748046875
0.6497108416612055 -0.7519943910842007 -0.11126660777515446 25.336708068847656 0.7567655386066815 0.6259653310028737 0.18834363265000975 242.29788208007812 -0.07198431638368899 -0.2065716344524699 0.975779902454651 -0.7259483337402344
0.9741010776411535 -0.22563652248839058 0.014671409533142851 25.80670166015625 0.22315285686841704 0.9697876159995542 0.09856359533501559 242.45596313476562 -0.036467698169845617 -0.0927369374804179 0.9950225964353503 -0.7820701599121094
0.8050820860146802 0.5560985403637575 0.20639100800071017 26.37237548828125 -0.586115342304284 0.6923274630668588 0.42089367944760003 242.3326873779297 0.09116819782019817 -0.4598228977429305 0.8833183245113346 -0.820587158203125
0.9907372607340555 0.12488133670432042 -0.05333227855738264 27.125041961669922 -0.12326841835082855 0.991839600001869 0.032543891983256294 242.60572814941406 0.05696119056397271 -0.025668260772301967 0.9980463732504918 -0.4776930809020996
0.9898045452213408 -0.07489344590733173 -0.12115252378427942 27.80902099609375 0.04102159321341865 0.9644513574960737 -0.2610570970385855 242.67919921875 0.136397181603608 0.25342563166362275 0.9576905857668677 -0.5421562194824219
0.9561414385147812 0.15481240611930386 -0.24864969026008657 28.324905395507812 -0.2850550108544551 0.6870363108696553 -0.66837470653323 242.73834228515625 0.06735866938747939 0.7099395935276229 0.7010339386935429 -0.81695556640625
0.9338172590568456 -0.33644314291602184 0.12161964591442473 29.083454132080078 0.35090085992305353 0.7951812277015212 -0.49452543070742444 242.87344360351562 0.06967003080824868 0.5044728205720219 0.8606121426701385 -0.858642578125
0.7979826799739591 -0.5972206572618668 0.08093904497386817 29.74823570251465 0.5974078363735851 0.7661102041638937 -0.23702116385544286 243.0535888671875 0.07954570699295951 0.23749240327989607 0.9681269745665232 -0.8373908996582031
0.9112732925021444 -0.4104198968112014 -0.03371193666617379 30.48064613342285 0.4113841874353802 0.9109801499982242 0.029634720132725695 243.0242156982422 0.018548226341979522 -0.04087388666001543 0.9989921364499678 -0.8384016156196594
0.9728812425497653 -0.22186652109249838 -0.06540133571370622 31.1187801361084 0.22477765885632278 0.9735448695291591 0.041053514983778745 243.16409301757812 0.054562734296363116 -0.054640953796257365 0.9970141795352461 -0.8668107986450195
0.9967901866033331 -0.016605439222962256 -0.07831719657587966 31.641847610473633 0.030408475824288777 0.9834691904528242 0.17850399443180617 243.3098907470703 0.0740584126844217 -0.1803125364978241 0.9808173839672627 -0.8780441284179688
0.4147055142605227 -0.8508285460232953 -0.32266100122853525 32.57112121582031 0.9096675012540788 0.3965592828119485 0.12347377202399604 243.43380737304688 0.02289920531538478 -0.3447194808645987 0.938426398769965 -0.8333168029785156
0.18686559381543405 -0.9810127223241816 0.051916167868050984 33.324607849121094 0.9739661556430921 0.19190922052559395 0.12066805185746254 243.51141357421875 -0.12834008535847838 0.028015883269270715 0.9913344202512195 -0.9139981269836426
0.8933339552848713 0.433394495345601 0.11884298775788024 33.66283416748047 -0.4331163691889158 0.9008545794199638 -0.029516732181782145 243.5701446533203 -0.11985263900181184 -0.02510454425422017 0.9924742348202745 -0.9346299171447754
0.828277690410282 0.4964199042398665 0.2598525471168045 34.324180603027344 -0.5439888208095172 0.823579816915897 0.1606002739818611 243.58973693847656 -0.13428414054861548 -0.2743785047033744 0.9521996669574403 -0.8625717163085938
0.9952333030896218 -0.02124588752647128 0.09518027466094686 35.10977554321289 -0.0028199270351708227 0.9693034461053829 0.24585133186489988 243.64935302734375 -0.09748189797514747 -0.24494783451061852 0.9646231585109915 -0.8360691070556641
-0.03729383021711341 -0.644189589819326 0.7639561130039771 35.940773010253906 0.9791607719216708 0.12916688543034616 0.15671661825722677 243.7727813720703 -0.19963304575519208 0.7538804202767386 0.6259480481364831 -0.746246337890625
0.8968304066441481 0.029390682953806924 0.44139711085823957 36.50823211669922 0.3571060336217535 0.5408089766986723 -0.7615779221281789 243.84669494628906 -0.26109481509488325 0.8406318091041072 0.47451834427440737 -0.7448043823242188
0.8404072825490342 0.5410331552445534 0.031602600599810834 36.87474822998047 -0.4878395254683429 0.7806028932696922 -0.39073228739100624 244.0961456298828 -0.23606820376613652 0.3129572621702665 0.9199617139998388 -0.7906455993652344
0.7375759684047489 0.6748559410375635 -0.023476577222872108 37.66584777832031 -0.6022608369787582 0.641715088626827 -0.4748511653879655 244.37257385253906 -0.30539085623744927 0.3643778312067956 0.8797529318232418 -0.8958854675292969
0.8960885637462135 0.30256638517241685 0.32477510447530467 38.296730041503906 -0.33821553000747384 0.9392716356522484 0.058129594191887964 244.3575439453125 -0.28746398241347015 -0.161933248663907 0.9440032212827143 -0.7914295196533203
0.7602643715491367 -0.6304777775120523 -0.1565115248678482 39.18390655517578 0.5541017516569875 0.5036253030440385 0.6628218485720415 244.3262939453125 -0.3390712818326762 -0.5906431462374412 0.7322372154152521 -0.7434234619140625
0.584386419685639 -0.7750460741439513 0.24040818505418812 39.87202453613281 0.7252480778355646 0.6317406028569665 0.2737134200176077 244.3258056640625 -0.36401612338304323 0.014401168562485356 0.931281304580531 -0.6989879608154297
0.9094564624235127 -0.18204195251056532 0.3738310721198156 40.430137634277344 0.2830080776961469 0.9296850415989175 -0.23577987909478304 244.53469848632812 -0.3046233262815594 0.3202287478559036 0.8970274121406763 -0.6557884216308594
0.5344973333608163 0.7127765633170653 0.4541609532050173 40.758689880371094 -0.8167401091829667 0.5738086002769227 0.06065710428329413 244.75668334960938 -0.21736649852719275 -0.40335252699611573 0.8888523748541575 -0.6887054443359375
0.9573151792961512 -0.11633126198838162 0.2646028816422237 41.56026840209961 -0.07156826608194627 0.7915323734950013 0.6069221408050574 244.62881469726562 -0.28004576550842875 -0.5999529474830176 0.749420329339442 -0.477508544921875
0.7463075993919123 -0.5604493194519156 -0.35905644043209384 42.4771728515625 0.6108316357085577 0.36240615698398504 0.7039506305116199 244.56297302246094 -0.26440438708063996 -0.7446867379683781 0.6128066435561279 -0.5829544067382812
0.4315293266531411 -0.8638634445002256 -0.2598507061650834 43.11279296875 0.8642191397026942 0.31329177185284035 0.39366679344446015 244.5498809814453 -0.2586652640186194 -0.39444672003391495 0.8817619101802165 -0.5660896301269531
0.9661176353080627 0.25602676037186584 -0.032665160649300515 43.7103271484375 -0.1325795340574802 0.3836899211322307 -0.913895350448094 244.64276123046875 -0.2214483729808347 0.8872611466727427 0.40463350789215585 -0.47103118896484375
0.5388731783871482 -0.36297174645781427 0.7601757749943738 44.56455612182617 0.8195045291760824 0.434787118717795 -0.37332624881859755 244.918701171875 -0.1950077543966398 0.8241429928540569 0.53175210677038 -0.43943023681640625
0.7639087314467675 -0.4822777855948117 0.42877918272830784 45.404422760009766 0.6153672906889747 0.7444914565184977 -0.25895090021291145 244.9036102294922 -0.1943361715417429 0.4616715376679952 0.8655014984029592 -0.4273262023925781
0.6931545821006406 -0.7021511518392612 -0.16285111385460424 46.094581604003906 0.689395088606778 0.5798686748431989 0.4341505864794441 245.00596618652344 -0.21040707478062418 -0.41320222640541443 0.8859981845217685 -0.35791778564453125
0.8807135851858774 -0.4081736145436313 -0.24028708092493306 46.77939987182617 0.44186023439049305 0.5253085753575268 0.7271935326446627 245.00338745117188 -0.17059634853482875 -0.7466225291579626 0.6430020877262769 -0.377685546875
0.6448638793779955 -0.44946680507545234 -0.6181667802533771 47.64025115966797 0.751560657751163 0.22586922639294704 0.6197900211275514 245.1060333251953 -0.13895018817619853 -0.8642700293912294 0.48345647322368346 -0.26035308837890625
0.5060208569236739 -0.5027099811882909 -0.7008748584247397 48.398067474365234 0.8571083886306581 0.2021840121367427 0.4738004172383623 244.9927215576172 -0.0964785079548161 -0.8404786136779197 0.5331862690025455 -0.20746612548828125
0.7253380195754187 -0.5433908560102944 -0.42262410598877265 49.196815490722656 0.6874663229259553 0.5399409717794577 0.48564781667018875 245.16458129882812 -0.03570451233494196 -0.6427986656786513 0.765202628851123 -0.15866851806640625
0.879180224771182 -0.47352195690891496 0.05309509107672665 49.906463623046875 0.4762614048690138 0.8698403895444944 -0.12865757245213316 245.18910217285156 0.014737930773604274 0.1384003361348311 0.9902667016285454 -0.06660652160644531
0.882493861342155 -0.4171410666394989 0.21725081177356773 50.6473503112793 0.46945816171039934 0.7532491000274084 -0.4606786599261916 245.17306518554688 0.028524009131002753 0.5085362561615054 0.8605679851541852 -0.03984832763671875
0.19068487312244597 -0.5794482714456272 0.7923881497605523 51.66239929199219 0.9796921223113318 0.0613599791043109 -0.19088818309533162 245.1901092529297 0.06198890742217528 0.8126959171073725 0.5793813266525005 -0.01667022705078125
0.20914456977088103 -0.6815761929176786 0.701222106171216 52.51905059814453 0.9681924669355467 0.043616850272272134 -0.24637556157538448 245.21737670898438 0.13733861767402844 0.7304460716713927 0.6690191630104607 0.0629730224609375
0.038383708709037456 -0.8186544103520703 -0.5730023100449455 53.398841857910156 0.9951613707466562 0.08321950744224588 -0.052233703245189056 245.16319274902344 0.09044632153590468 -0.5682248410551708 0.8178875185063346 0.0570831298828125
-0.26549148518392507 -0.9590123659926052 -0.09904318839829063 54.324615478515625 0.9372853720319535 -0.23267258445737948 -0.2595372802062284 244.97227478027344 0.22585482653633138 -0.1617366696676708 0.9606408522517947 0.0850982666015625
0.6706976117794881 -0.5510046030632167 -0.4965467157845655 55.1470947265625 0.6918897659660763 0.7060134032850656 0.1511079949349054 245.014892578125 0.26730743593229717 -0.4449033622990349 0.8547559493272419 0.11202239990234375
-0.08600067726479771 -0.9785601168567675 -0.18714695083614402 56.10711669921875 0.9556989980311408 -0.02795312678800982 -0.2930154396359474 245.10293579101562 0.28150188040627755 -0.20405567965641985 0.937612911028686 0.1375894546508789
0.9270201027946546 0.0777635722067866 -0.3668604037671934 56.83084487915039 0.22642009718073663 0.6637707044610405 0.7128410702898369 245.10345458984375 0.2989442566888585 -0.7438825705290684 0.5977215511053721 0.164703369140625
0.9547211924564695 -0.09936164985257169 -0.2804188068105848 57.71586990356445 0.06250754580289859 0.9885336816269942 -0.13745532731283738 244.86654663085938 0.290861223596745 0.1137032225908996 0.949984908185519 0.2290973663330078
0.9237535810026327 -0.07267153484627065 -0.37602947970591327 58.52897262573242 -0.1955810821486476 0.7546440707396658 -0.6263069269958861 244.88870239257812 0.3292831029530312 0.6520975191798797 0.6828919853015336 0.23095703125
0.7844933757082025 -0.5814267195518383 -0.2156689900313378 59.671695709228516 0.5277595010392366 0.8085768606069033 -0.26014105703233537 245.14434814453125 0.32563791630085903 0.09025757742302183 0.9411766662986085 0.30587196350097656
0.9004183703134294 -0.09494225396178271 -0.4245382512975293 60.627525329589844 0.31880412892014875 0.8080104525925506 0.49546244649281623 245.22193908691406 0.29599102315031955 -0.5814680360207584 0.7578154374916026 0.36008453369140625
0.8126890683090713 0.5821675927236273 -0.0248469763414067 61.44947814941406 -0.5158005213058269 0.7385709769694553 0.43412294825201486 245.12220764160156 0.271083567321169 -0.339990890996746 0.9005109069676325 0.36454010009765625
0.9616261325230637 -0.13943496550766807 0.23629022756476795 62.605594635009766 0.15244371595160552 -0.4445137039165456 -0.8827052058854412 245.03341674804688 0.22811421419017405 0.8848533536266157 -0.40620000967519737 0.3701629638671875
0.9732393803610484 0.0010625729632122577 0.22979116487180473 63.71839141845703 0.13359646082985993 -0.8162427927469804 -0.562049543138633 245.22564697265625 0.18696816351501877 0.5777080354532973 -0.7945415858245013 0.3929290771484375
0.8637488947380985 -0.4806431366039246 -0.151393599845749 64.8207778930664 0.47254447254790805 0.8769050130505307 -0.08797340252183194 245.57748413085938 0.1750416187743162 0.0044467204083436795 0.9845509932829672 0.31492137908935547
0.7914284649351201 -0.19078305933483822 -0.5807261051143466 65.70868682861328 0.5852919482362856 0.510500138201989 0.629938841654905 245.6988067626953 0.17627909751360976 -0.8384458439079949 0.5156881292149331 0.37911224365234375
0.9193950349091742 0.22214543270865547 -0.3245984850720084 66.72618103027344 0.36949765555826974 -0.20485834417521254 0.9063688770907419 245.6416778564453 0.13484899822134694 -0.9532494246253047 -0.27042796107323075 0.36175537109375
0.03652563977171669 -0.2272700346206637 -0.9731465506298571 67.99734497070312 0.9878346515962864 0.1555060248125532 0.0007598372463796799 245.83131408691406 0.15115746341120628 -0.9613356373351192 0.23018517251241422 0.378143310546875
0.9747255325358485 -0.1816818699262304 -0.13000705505015706 68.77951049804688 0.21158547593032342 0.9375234595040479 0.2761907841599717 245.67042541503906 0.0717058058879809 -0.2967178137889093 0.9522692982461868 0.4581336975097656
0.9957160107759997 0.08974674025669548 0.022251932447013192 69.7406005859375 -0.07869539895146314 0.696190610423504 0.713530425519486 245.70196533203125 0.04854544333095802 -0.7122247935669229 0.7002707928796936 0.4214935302734375
0.9932644632850529 -0.07224043673438674 -0.0905926336711803 70.67728424072266 0.0778221663105674 0.9951799197829241 0.05967107918902634 245.76829528808594 0.08584530508878159 -0.06631927744839905 0.9940987561771396 0.33881092071533203
0.927528848458618 -0.27525259724701134 0.25283639569058225 71.72787475585938 0.35053737367481197 0.40596297173034346 -0.8439891084848392 245.66786193847656 0.12966797960250384 0.8714528520193408 0.4730286902220221 0.41284942626953125
0.9902102735638211 -0.07742223437607003 -0.11614392688763112 72.7584228515625 -0.02388617492115287 0.7258125248973812 -0.6874777300754725 245.84149169921875 0.13752477877204025 0.683521745320736 0.7168576978015904 0.3922576904296875
0.9431710142238363 -0.2998253719107705 -0.14329404832911974 73.79548645019531 0.3125366878096265 0.9468656245441723 0.07593620894910648 246.05982971191406 0.11291260647495495 -0.11640547845845754 0.986762640093295 0.3524961471557617
0.991316578638343 0.09907315341692441 -0.08646358302081072 74.79893493652344 -0.02736365048339915 0.7985605701360765 0.6012921473428428 246.1162109375 0.12861831731519596 -0.5937049150006855 0.7943373353651687 0.41654205322265625
0.7864389588937757 0.47682746166104956 -0.39261856265331485 75.61293029785156 -0.5995147885016483 0.7422454068039788 -0.2994224013767514 245.9940185546875 0.1486465011424707 0.4708580761591297 0.8695958198001098 0.3865203857421875
0.9691217676461663 -0.10920301873637522 -0.22108301647397702 76.68649291992188 -0.17579204866468645 0.32275832336036087 -0.9300130215904941 246.0383758544922 0.17291661314241155 0.9401604998086611 0.2935950944734704 0.408294677734375
0.9678615831559257 -0.238494908432688 -0.07977552571176573 77.69898986816406 0.1929373724637905 0.9076581605479578 -0.3727356085719019 246.4355010986328 0.1613044517602456 0.34536479589324287 0.924502045211337 0.3902931213378906
0.9398853676537414 0.27501254330150776 0.2024440581919552 78.56192016601562 -0.31120668333085605 0.4457291479960229 0.8393306421649027 246.35643005371094 0.1405912369979001 -0.8518765331041676 0.5045200456134766 0.39636993408203125
0.8942043712427679 0.2898860934593706 0.34112255168662065 79.69197845458984 -0.40907541316483015 0.21965761686533647 0.885668017767981 246.46359252929688 0.18181267501015874 -0.9315130617290914 0.3150040746303836 0.2882080078125
0.9762244966881204 0.10322082938333468 -0.1906074301999867 80.64636993408203 -0.005353582031790989 0.8905531784637346 0.45484763986149107 246.37278747558594 0.216695803432958 -0.44301297578011906 0.8699324295972582 0.3809356689453125
0.9708296561853704 -0.20853321482693335 -0.11833713273921881 81.71713256835938 0.14914689744774615 0.9116580407913453 -0.38292926192992544 246.32061767578125 0.18773646862745375 0.35410946750183053 0.9161667443063316 0.373931884765625
0.5159485836234174 0.8218542317404846 -0.2415629955668863 82.48383331298828 -0.8395862114571279 0.5411218256837427 0.04777199283848646 246.45553588867188 0.16997662365177355 0.17816506823435188 0.9692085203262465 0.3128700256347656
0.341419606778534 0.9094148799141173 0.23748100618361748 83.4071044921875 -0.9298039936052147 0.2898364205014088 0.22684660638132767 246.78201293945312 0.13746703453186745 -0.2982606671046699 0.9445334239058416 0.34131622314453125
0.3287468495031198 0.9099904502689361 0.25267150484594053 84.42552185058594 -0.9314873201825474 0.26830475125375103 0.2456500209521653 246.8873748779297 0.15574620791823346 -0.3161169734038364 0.9358489075941098 0.24329757690429688
-0.09432763943130962 0.9680380625923533 0.2323889106901627 85.25164794921875 -0.9883475238752499 -0.11907011120445199 0.09482341834917099 246.7972412109375 0.1194632516256748 -0.22073653524100403 0.9679896246968859 0.32193946838378906
0.979335400085979 0.1421421848731927 -0.14386720758362814 86.46385955810547 -0.20042437251227163 0.7772960865552137 -0.5963563236262462 247.13002014160156 0.027060026635201302 0.6128673535973547 0.7897223321225488 0.36141204833984375
0.986150372572103 0.04503663307406304 -0.15962187931876753 87.4419937133789 -0.16535512477347375 0.1924112088599385 -0.96728259025799 247.22303771972656 -0.01285011233615907 0.9802803825367565 0.1971934233856159 0.3622589111328125
0.8610984196197902 0.2937408375584533 -0.4150010025033166 88.41435241699219 -0.5071696902451989 0.5538660793877963 -0.6603114957352932 247.52194213867188 0.035894526391756915 0.779069115325495 0.6259096552387268 0.2944183349609375
0.8063146959724053 -0.24100325957644042 0.540161124047685 89.51400756835938 0.5882670298330249 0.2315903867412774 -0.7747953241859792 247.69606018066406 0.061632075012599374 0.9424878363366588 0.32850900396653504 0.265899658203125
0.6487861961445593 -0.7609237394642188 -0.008457801845796507 90.47013854980469 0.758417002295878 0.6474787923408386 -0.07466501253855683 247.95484924316406 0.06229062787295589 0.04202708874807459 0.9971728042273084 0.2770814895629883
0.920775880576692 0.14524197259287644 0.362044951829945 91.31658172607422 -0.3874890160057184 0.4475805191265138 0.8059304817249191 247.91757202148438 -0.044989334548726084 -0.8823697911282833 0.468401015670432 0.2617645263671875
0.7164311269047667 0.14764845377608254 0.6818550978760058 92.14537811279297 -0.6952086801729744 0.2329110759913955 0.6800274418673713 247.92503356933594 -0.05840660419949656 -0.9612244091667992 0.269511231320368 0.2716522216796875
0.9013312224871374 0.33899120023945717 0.2696052550119431 93.2469253540039 -0.4206742722180997 0.8333482249918344 0.35855807423168046 247.98233032226562 -0.1031270287733279 -0.43659558181819863 0.8937276508384497 0.3642845153808594
0.5843060232576317 0.8088956079479416 -0.06537864045222946 94.11595916748047 -0.8064775326181816 0.5697997225376028 -0.15786787380008874 248.06150817871094 -0.09044589856340565 0.14496955417811278 0.9852935439727885 0.3446063995361328
0.6858566634812303 0.7249462506396891 0.0636676593087224 95.04685974121094 -0.7115688039224521 0.6863867393468698 -0.15014353576875406 248.14584350585938 -0.15254663038810565 0.05767302430278263 0.9866120553819548 0.3202707767486572
0.9659692589564306 0.15979396075423535 0.20339439731132689 96.11161041259766 -0.2002576966270393 0.9597157571316957 0.19708505893336636 248.27223205566406 -0.16370780583954056 -0.23110940184165957 0.9590558892408686 0.3054008483886719
0.9722275646071579 0.0926440799106008 0.21492007136503757 96.99654388427734 -0.1321771344715081 0.9751938940360358 0.17755583391635926 248.3692169189453 -0.19313924443503314 -0.20103219516373766 0.9603558136267585 0.3055534362792969
0.8698255364696399 0.4468649410282658 0.20908194705690863 97.98188781738281 -0.4431027472943734 0.8939480200972634 -0.0672078321653196 248.51788330078125 -0.21694121656679743 -0.034185696482412306 0.9755858991962371 0.25771236419677734
0.9423527878274067 0.23267681104522714 0.24048435474212873 98.9854507446289 -0.24507254416970442 0.9692422984629003 0.022556927196362164 248.49874877929688 -0.22783913484759946 -0.08019269587797495 0.9703908800889051 0.25916099548339844
0.7663056847585548 0.451621487525241 -0.4569612997970523 99.8205795288086 -0.6226701928577117 0.3468201791387095 -0.7014254017846331 248.55810546875 -0.1582953834868946 0.8220424534947586 0.5469815135990017 0.3097686767578125
0.5588000098656647 -0.7680179995920624 0.31287521678256913 100.89408874511719 0.7959921384748379 0.6025712873462032 0.057483555493666974 249.09375 -0.2326780274550806 0.21692440150556114 0.9480531311962778 0.2814159393310547
0.8819828608040852 -0.44989919343141627 0.14034581930931436 101.78182983398438 0.43091715303307954 0.890437762428172 0.14639330061097705 249.3737030029297 -0.19083144518057585 -0.06863896117855722 0.9792201246597322 0.05615806579589844
0.7723662887700495 0.33954490452790637 0.5368049681036074 102.69071960449219 -0.5194566221452381 0.8240161232950202 0.22619072982619134 249.1767578125 -0.36553403901831005 -0.4535489900319266 0.8128211242087521 0.20354461669921875
0.9655026047018862 -0.042403555225569024 0.25691761095359933 103.5650863647461 -0.0707447909512986 0.9068243373649888 0.41552953651432023 249.32347106933594 -0.2505990719598338 -0.41937043251376327 0.8725414290829341 0.1303558349609375
0.8593841390150933 -0.25057467468015726 0.44572551421050605 104.67817687988281 -0.23168352728989064 0.5862668015183152 0.7762821527125293 249.56419372558594 -0.455830719447254 -0.7703918287770305 0.4457743659765343 0.2340087890625
0.7883951169385393 -0.6146684981732471 0.024814853231723 105.7697982788086 0.36963453946525077 0.5055789787783509 0.7795897661281552 249.40086364746094 -0.49173513889265535 -0.6054523379844896 0.6257987053416907 0.11173248291015625
0.7542871970444357 0.36657381057330707 0.5446783140318823 106.64213562011719 -0.43790272583965095 0.8990213140283418 0.001370994149169677 249.4124755859375 -0.4891748430541498 -0.23955024175424816 0.8386439379131224 0.19195556640625
0.9207007192753923 -0.05886492176699442 0.38580449260103333 107.51306915283203 0.052596330438855345 0.9982563643611065 0.026792854213623523 249.54608154296875 -0.38670894940528844 -0.004376299568285034 0.9221914315650231 0.163909912109375
0.8504982705993958 -0.289407406871107 0.43919932212559126 108.57046508789062 0.15315922044895286 0.935097031847545 0.3195869118430553 249.6005401611328 -0.5031848019355378 -0.204540690030256 0.8396238212574967 0.22375869750976562
0.6377973845049497 -0.6575361308716305 0.4010744730308967 109.62645721435547 0.532105062057304 0.7526596691457265 0.3877726465010629 249.5227508544922 -0.5568471058123927 -0.033906622359234556 0.8299226721258736 0.22663497924804688
0.6946059654919932 -0.2615354366804856 0.6701654781196087 110.5453109741211 0.48493046043833865 0.8583339217273434 -0.16764643554582295 249.3753204345703 -0.5313802793122802 0.4414318680980188 0.7230303621463601 0.16895675659179688
0.8107372282644559 0.2487729015691929 0.5299218717423466 111.4250259399414 0.058162498535898374 0.8665058513703556 -0.49576681343651535 249.5865936279297 -0.5825137513141891 0.4327581922803769 0.6880392986916455 0.09010124206542969
0.5974235078440582 -0.6587116818985012 0.45736645308302654 112.47268676757812 0.536256631247494 0.7522140756596025 0.38288746365304116 249.53334045410156 -0.5962499289043057 0.0165198217308046 0.8026288792284967 0.13853073120117188
0.2265326260265121 -0.8631079401993345 -0.45136199763648055 113.47494506835938 0.8163803701445067 -0.08449286340975004 0.5713003126863659 249.2687225341797 -0.5312307037326162 -0.4979012347822439 0.6854839894658854 0.226898193359375
0.3618580338630589 -0.6406180009561545 0.6772498358653931 114.38383483886719 0.7583412164392219 0.6248091503765997 0.1858282138297441 249.18344116210938 -0.5421967934046112 0.44634303227071026 0.7118992448128775 0.22909164428710938
-0.16302160580818492 -0.815055664750036 0.5559750168834912 115.36536407470703 0.8858582244969133 0.12717438026337335 0.4461859288411095 249.40151977539062 -0.4343721470477792 0.5652529879297449 0.7012915923534223 0.2117462158203125
-0.017700381082557615 -0.9695278339305234 -0.24434090067673758 116.29144287109375 0.9457281959452489 -0.09554242070794122 0.31059591954726545 249.29124450683594 -0.32447631023493356 -0.22558241305397428 0.9186009465578995 0.19874191284179688
-0.20126110144032278 -0.6915601831040373 -0.6937135447662373 117.0819091796875 0.9589145468950787 -0.2836581590932837 0.0045760826932153 248.83319091796875 -0.19994214363168633 -0.6642910220113769 0.7202364731635343 0.2264404296875
-0.21454883480019993 -0.9511280047125287 0.22209078354907136 117.90145874023438 0.9703927470638506 -0.18175004029897968 0.1590749486788947 248.68255615234375 -0.11093562967662934 0.24964463043070484 0.9619619766733853 0.26505088806152344
0.2451107785751227 -0.682818067389374 0.6882442829932821 118.68107604980469 0.9683743265900959 0.1383079776783968 -0.20765853440610127 248.62953186035156 0.0466033242105649 0.7173774391191515 0.6951242622836385 0.34200286865234375
-0.352555788546748 -0.8606840828249823 0.3673245506822263 119.58616638183594 0.9137312996204873 -0.40134244005482417 -0.06339840616841154 248.77745056152344 0.2019889305284716 0.3132844639980709 0.9279295859931429 0.32662200927734375
0.4061415318722237 -0.8455392421977475 0.34657242531993626 120.44559478759766 0.8545885340902892 0.21713284513995068 -0.4717327261944427 248.51358032226562 0.3236162750695557 0.4877670729611517 0.8107748078505008 0.338653564453125
-0.04539067285753873 -0.8803153103015515 -0.472212495881063 121.29901123046875 0.9221502769024883 0.14485600792661923 -0.358685940310221 248.75802612304688 0.38415954189139184 -0.45173188000875725 0.8052078954888294 0.3515472412109375
-0.05668700251854486 0.20688786694260836 -0.9767210421903483 122.23968505859375 0.8845182554702173 0.4641343033538309 0.04697663451309836 248.75613403320312 0.4630486361986024 -0.8612646277203027 -0.20930647756919207 0.35106658935546875
0.47769919555816176 0.5017087058065016 -0.7211739409331497 123.18260192871094 0.7625298572316638 0.17088660134002667 0.6239759501076246 248.64056396484375 0.43629313012393783 -0.8479894716330031 -0.30093547581871555 0.2949981689453125
0.5247968433663537 -0.6418311949808323 -0.5591430857501396 124.1871566772461 0.7538237064592325 0.6555366773003303 -0.04496091963147186 248.47393798828125 0.3953961213426049 -0.39789996464377786 0.8278511492796906 0.21279525756835938
0.8167359325258037 -0.5685676472311055 0.09835266668113804 124.97062683105469 0.43292119061026646 0.4911256598488592 -0.7558933978800264 248.4822540283203 0.38147301246850374 0.6599442527669348 0.6472649565657769 0.11351776123046875
0.6686582948438319 -0.19179136226586846 0.7184094640918517 125.8465347290039 0.6055709212410362 -0.42019338479425167 -0.6758116444116902 248.29566955566406 0.43148574030183434 0.8869349427863085 -0.1648225202477671 0.3994293212890625
0.9488124870482908 -0.16269733255549007 -0.2707109942365939 126.67156219482422 -0.005379033975370193 0.8486662278306751 -0.528901408329704 248.48016357421875 0.31579412663114664 0.503284424276155 0.8043499598223962 0.31662750244140625
0.797591630231852 0.4157412794205913 -0.43704322437240306 127.45051574707031 -0.4415308307716492 0.8960361243223965 0.04658099813653817 248.4160614013672 0.4109721606899841 0.15581544369871903 0.8982335056335726 0.2644195556640625
0.34840002080968624 0.6145644856142031 0.7077626145266224 128.22628784179688 -0.8412305973683764 -0.12805514170531623 0.525293215960454 248.3424072265625 0.41345919696029865 -0.7784037343850436 0.4723760353197054 0.24517822265625
0.9051219968621466 0.42028620235169856 -0.06413796776533551 129.36563110351562 -0.06669519827148829 0.2893559878558576 0.9548952103867143 248.29844665527344 0.41988798663906424 -0.8600189651424832 0.28993354112873027 0.27297210693359375
0.766945814976188 -0.41314111321495384 -0.4910280414212811 130.42897033691406 0.4566269886798169 0.8889791251247336 -0.03475497520737683 248.14071655273438 0.45087238782133576 -0.19756147312664918 0.8704502020427791 0.2591824531555176
0.89707501693248 0.2708197160107888 -0.3491605582184602 131.42921447753906 -0.28707354462533075 0.9578932526700134 0.005412620946509399 248.16307067871094 0.33592438728356605 0.09537923206389351 0.9370472816881029 0.23527145385742188
0.80442956070777 0.23954290985124585 -0.5436104084723746 132.425048828125 -0.5572192141706486 0.6214618480047504 -0.5507194556519367 248.0522003173828 0.2059121881253001 0.7459251744072716 0.633400193374562 0.223419189453125
0.9648696826761323 -0.2563511751777441 0.05753755675599806 133.43801879882812 0.20855529088796315 0.6141349051189354 -0.7611458526177447 248.11509704589844 0.15978481184110457 0.7464063191717673 0.6460235449311094 0.179107666015625
0.9429688550167756 -0.3273270272589108 0.06055374219811331 134.51287841796875 0.3258561257694333 0.870494477618123 -0.3688592546417757 248.2853240966797 0.06802590511626087 0.3675545968454148 0.927510697820202 0.13732147216796875
0.9942994508712822 -0.0074497866386117806 -0.10636307007653498 135.25975036621094 0.02004093243190629 0.9928342951783958 0.11780672028741745 248.35025024414062 0.10472326878171104 -0.11926677239137987 0.987323895172712 0.14015865325927734
0.9063201612069884 0.3499515254631302 -0.23689173733114088 136.08877563476562 0.4174488042587005 -0.6542076706618334 0.6306733064512868 248.1511993408203 0.06572869398306348 -0.6704821052595258 -0.7390084473901732 0.07537841796875
0.9969015851031219 0.04275638452280571 0.06602364123116385 136.89044189453125 -0.06163793731666897 -0.09683408305813124 0.9933901172458067 248.04458618164062 0.04886710859289553 -0.9943817435677452 -0.09389863554355438 0.01019287109375
0.962990226289504 -0.21753998708341007 0.15914200605320902 137.81529235839844 0.2640685225559922 0.8797750582182108 -0.39530198877850264 248.12391662597656 -0.05401517810750304 0.4226963460415689 0.9046602453833821 0.034084320068359375
0.6337379040083959 -0.25050671810196007 0.7318624551162808 138.6672821044922 0.7610187302014753 0.03231328291841046 -0.64792464378936 248.10682678222656 0.13866059752351922 0.9675754419851816 0.21111845670523627 -0.0726776123046875
0.9987189229822656 -0.049648234529098986 -0.009775770316788744 139.33319091796875 -0.02420802754869257 -0.2991424560817181 -0.9539013378602625 248.29891967773438 0.04443516939705268 0.9529159688962823 -0.29996111738542763 -0.0131683349609375
0.6178334200059543 0.31541074504777067 -0.720276285207389 139.99102783203125 -0.786307330991631 0.24972501637623817 -0.5651178615339502 248.28997802734375 0.0016267613726050345 0.9155072244959607 0.4022982420333686 -0.0195159912109375
0.9363716247855213 0.2863014883415393 -0.20307544920532036 140.84024047851562 -0.3497439018189577 0.8100952475824568 -0.47055806547627005 248.38462829589844 0.029788981804931003 0.5116416202946529 0.8586824028389589 -0.0372772216796875
0.9797335586217691 0.19046155920702143 0.06202054961667572 141.8339080810547 -0.19994470919555232 0.9113434329000051 0.3598267090902785 248.4940185546875 0.01201113545965941 -0.36493498294143323 0.9309555257102808 -0.08039474487304688
0.9576392901961521 -0.20187625307543022 -0.2053605812146878 142.68954467773438 0.2879700475519978 0.6701167614308587 0.6841175175087372 248.22445678710938 -0.0004915134887834433 -0.7142755102155204 0.6998644539629427 -0.09238433837890625
0.9301756095618445 -0.1710575833702712 -0.32482709023074696 143.48202514648438 0.366231409478706 0.37102553261689664 0.8533549137712799 248.2655029296875 -0.025453685145601673 -0.9127318101818689 0.40776556082464555 -0.0811309814453125
0.8392591554257989 -0.0500104757102981 -0.5414268393358468 144.4053192138672 0.5433447352274385 0.03958026523976027 0.8385761153909496 248.4391326904297 -0.020507772541157376 -0.99796410502722 0.060391028660060464 -0.031829833984375
0.40138899790246857 -0.7128477989825902 -0.5750955467124822 145.2998504638672 0.9155943967336398 0.3287140916122781 0.23159004003945657 248.09732055664062 0.02395355991944348 -0.6195119542520479 0.7846216703010402 -0.0838165283203125
0.6751305306423471 -0.6388014058757753 0.3689600661937763 146.15231323242188 0.7376557942963292 0.5792195425600013 -0.34694185486567386 248.26487731933594 0.007918063881674764 0.5063965692692989 0.8622643555758581 -0.06338119506835938
0.9997040653912017 -0.021076278530132705 0.01214792672123315 146.6813507080078 -0.00443291915430696 -0.6488392814432948 -0.7609125679629168 248.39825439453125 0.02391925726429568 0.7606335368227392 -0.6487406968831655 -0.0961761474609375
0.8718292327053295 -0.03971526770828468 0.4881971799501669 147.5682373046875 0.45406811026854876 -0.30822233600107285 -0.8359552277647355 248.56983947753906 0.18367346089619313 0.9504849757365452 -0.25068380614134933 -0.1375579833984375
0.5979518861087066 -0.749086763849869 0.2851711102548274 148.36297607421875 0.7609654940138406 0.41879173497241134 -0.4955249737793942 248.78016662597656 0.2517638949875696 0.5133054674788963 0.8204464871257356 -0.1891937255859375
0.9392307720094002 0.34273262047735237 -0.01949122293120567 149.0057830810547 -0.255251997978376 0.7352085290438899 0.6279449309845311 248.67506408691406 0.2295473250523167 -0.5848100287117584 0.7780136604709966 -0.2022552490234375
0.7117997972981522 0.20025122001047638 0.6732313847783874 149.65362548828125 -0.6676266801534213 -0.104883270496965 0.7370713096554373 248.34762573242188 0.21821013842997886 -0.9741144432017093 0.059037166532559804 -0.221435546875
0.9445396278771531 0.32424764741362977 -0.05204185350672909 150.47181701660156 -0.16104812956306053 0.5954622132979668 0.787075760329669 248.4756317138672 0.28619642089643454 -0.7350430026066592 0.6146571344945553 -0.1675262451171875
0.8618984500942866 0.4768584018583921 -0.17244456008273118 151.30911254882812 -0.4251123689947228 0.864891968066149 0.26691076655383905 248.57708740234375 0.27642455652991677 -0.15674166054920918 0.9481674516642697 -0.11268949508666992
0.95039921178529 0.10295429445230635 -0.29349915075128746 152.21029663085938 -0.19428179742316098 0.9333988625052201 -0.30169711079820877 248.4205780029297 0.242890760276971 0.34375423885064843 0.9071036885848751 -0.0146484375
0.9711789530663588 -0.20654841122550183 -0.11895038857083404 152.97637939453125 0.07028953875328803 0.7250460740240756 -0.6851040587269387 248.30422973632812 0.22775166709111358 0.6569976745487732 0.7186676796508403 -0.15578460693359375
0.9813760252045421 -0.07921196605696881 -0.17500446162062028 153.7440948486328 0.06991164873508415 0.9958249966840441 -0.058693588664908924 248.71240234375 0.17892305196613356 0.045365630301065385 0.9828166161917039 -0.13226795196533203
0.9685319023089084 -0.10789264368642618 -0.22428805507258057 154.53330993652344 0.12408489300433354 0.9904946608882609 0.05935710639807233 248.82827758789062 0.21575192591953876 -0.0853200104911085 0.9727135252847094 -0.15234732627868652
0.9897806485605457 0.14259820825663394 -0.00013688339351168588 155.3258056640625 -0.026431620627234705 0.18440620067526514 0.9824946425215417 248.95742797851562 0.14012721779184695 -0.9724505664323055 0.18629079064571274 -0.203125
0.9411882555336836 0.32960204932938264 0.07434485001217685 155.916748046875 -0.30401092226433335 0.7300617025336149 0.6120353499902675 248.7065887451172 0.147451777844322 -0.5986421298000928 0.7873281232364039 -0.320953369140625
0.7100372640218668 0.702330168857208 0.05078796721023082 156.75413513183594 -0.6969523922098956 0.6906390931324357 0.19306736137967645 248.576416015625 0.10052087690249009 -0.1724818162885946 0.979870183420509 -0.273712158203125
0.8933110770712797 0.1727190947735264 -0.414925817324451 157.5733642578125 -0.44638273545045093 0.4484445467992647 -0.7743642178831449 248.82635498046875 0.05232373336759136 0.8769638548689538 0.47769930309752545 -0.22796630859375
0.8221799116087873 0.43204823003311443 -0.3706137070754667 158.31716918945312 -0.5513411207732571 0.766363870539178 -0.3297110651414341 248.92221069335938 0.14157387291253823 0.4754163910273428 0.8682949347146287 -0.37554168701171875
0.3673343134387912 0.9152226288366617 0.16562923001620797 159.0384063720703 -0.9282575217105956 0.3719210569585034 0.0035638151709474486 248.97117614746094 -0.05833931400140866 -0.15505569017672213 0.9861816553686573 -0.428619384765625
0.20827474640385046 0.9371193052369653 0.28005184834705144 159.71807861328125 -0.9766711441383924 0.21457932031305926 0.008318142905098969 249.0851287841797 -0.052298242970638065 -0.2752510182472967 0.9599488375616752 -0.4564552307128906
0.8703100561351363 0.37548896749264304 0.3186980412261188 160.6458740234375 -0.49230560053426453 0.68163921187966 0.5412976819742288 249.11940002441406 -0.013985773938298751 -0.6279936465597284 0.7780927823903535 -0.47432708740234375
0.9874359698150729 -0.05518613284978979 -0.1480699032769719 161.4156494140625 0.15651131534741858 0.21239789542548637 0.9645679562306873 249.14547729492188 -0.0217810395433128 -0.9756237106384353 0.2183665760974035 -0.5328826904296875
0.9987541702559724 -0.03402152399312856 0.03650538729405973 162.02159118652344 -0.011776473937394331 0.5501952336323856 0.83495300439594 248.86065673828125 -0.04849146376328716 -0.8343426998502411 0.5491091304546887 -0.5384674072265625
0.840556979916804 0.5408826807064145 -0.030164370124106617 162.62911987304688 -0.5386788231727945 0.8286416306735511 -0.15224379586653464 248.78062438964844 -0.05735057958133118 0.14421849266484715 0.9878825524297737 -0.6235237121582031
0.7548479938867843 0.499735769378302 -0.42481603892623176 163.1875762939453 -0.65483782699152 0.5373528972367682 -0.5314501709212964 248.86990356445312 -0.03730853074192586 0.6793497071723278 0.7328656417780486 -0.7269134521484375
0.9706944754673207 -0.10530276588832703 0.2160175057570372 164.0914306640625 0.2398246610018534 0.36696428015397686 -0.8987888233987001 249.15159606933594 0.015374240552609497 0.9242556705735389 0.38146439957103306 -0.8525619506835938
0.9853877493248259 -0.14838687895776506 0.08362007913011957 164.73171997070312 0.16734416009880784 0.7519705152625622 -0.6376019732219946 249.4191131591797 0.03173193283395204 0.6422785052677149 0.7658142112220765 -0.934844970703125
0.9953335218443933 0.03301474480093983 -0.09067087138968616 165.2712860107422 -0.06626368882368072 0.9169156773633446 -0.39354131187055424 249.5238037109375 0.07014487747736539 0.39771304634251975 0.914824589160478 -0.99420166015625
0.7112547757480007 0.7006626316827148 -0.056466986276174025 165.5406036376953 -0.7017685410298559 0.7124049396770918 0.0003416789525616491 249.4555206298828 0.040466761625917363 0.039383733788601494 0.9984044084019159 -1.062732219696045
0.6202318390879875 0.7823856560796592 0.05643714151455743 166.0240936279297 -0.7840983951195799 0.6163165616529843 0.07309994940588165 249.4319305419922 0.022409206867535662 -0.08959118814394991 0.9957264917910558 -1.1113910675048828
0.9912010118724363 0.10124031597075478 -0.0852698802931042 166.8166046142578 -0.13148440358937258 0.8272753102028306 -0.5461935671001238 249.47789001464844 0.015244857356025841 0.552599275742334 0.8333076471347436 -1.164276123046875
0.9924719139482326 -0.05620615780414939 0.1088134543557323 167.58851623535156 0.11338489383655004 0.7575342712713131 -0.6428729996656533 249.56097412109375 -0.04629649958264938 0.6503711983739253 0.7582044173256036 -1.1336441040039062
0.9801314742317739 0.18494643045860235 0.07167364286033578 167.98773193359375 -0.10131885138150845 0.7774834443523722 -0.6206883147866599 249.5212860107422 -0.17051915896749373 0.6010942618413465 0.7807745544050635 -1.2027816772460938
0.9430641512317481 0.31300590736180756 0.11250470487119221 168.5707550048828 -0.1930138719989739 0.7904721552289304 -0.5812911637240785 249.5963592529297 -0.2708794046757823 0.5264798892306726 0.8058804342817565 -1.2333030700683594
0.9562907828771514 0.16758166175767233 0.23963373140428756 168.90966796875 -0.0886318846867595 0.9470535690199826 -0.30859994559848236 249.7408447265625 -0.27866167228572736 0.27387209432333626 0.9205116774652409 -1.1508665084838867
0.9042018024897917 -0.35155358481362353 0.2425472683393946 169.4871368408203 0.3175503573029993 0.9331187275727807 0.16867486721409425 249.8441162109375 -0.28562365264618644 -0.07549514724566907 0.9553636018770055 -1.2380752563476562
0.8467547771738674 -0.5286499826041744 0.059460434120852064 169.83453369140625 0.49907836300417247 0.8281019144125944 0.2552802517377155 249.78590393066406 -0.18419319996761413 -0.1864843565525058 0.965037019935965 -1.2826957702636719
0.8133616059768718 -0.5671038728273287 0.12975398008141995 170.32870483398438 0.5229497505708988 0.8104422955085369 0.26402053713430806 249.79640197753906 -0.25488518258337256 -0.14688935657527716 0.9557494758692481 -1.3249320983886719
0.8677484402777871 -0.48472049230462955 -0.10981206097430952 170.67996215820312 0.4475457770939749 0.6659989584306237 0.5967815050541315 249.84283447265625 -0.21613750669612614 -0.5670021443603913 0.794854166806654 -1.3631973266601562
0.9500114408456455 -0.2974737019721862 0.09480326417029897 170.9988250732422 0.2364896966884877 0.883864002723211 0.40355550801629614 249.8561248779297 -0.20384034346166027 -0.36096235444304536 0.9100303802908811 -1.4550628662109375
0.9555495218361605 0.2108110693960984 0.206115997289775 171.38381958007812 -0.18579817198709814 0.9733808427468139 -0.13419677440145575 249.97796630859375 -0.228919528666599 0.08993568809752828 0.9692819101796373 -1.5818586349487305
0.9062053082951255 0.3545851765867874 0.23035036740290474 171.76246643066406 -0.2777796940629866 0.9099554477862056 -0.30792779122787756 250.0112762451172 -0.3187952019463436 0.21505914439782042 0.9231030189674754 -1.6153464317321777
0.9929933539712855 -0.0013689041440957603 0.1181622827737422 172.06309509277344 0.07818909611377786 0.7573603966165148 -0.6482990782700421 250.05465698242188 -0.08860397405177682 0.6529956781926815 0.7521608737789491 -1.6705169677734375
0.883087556172872 -0.40665206966387873 0.23407362596138137 172.39942932128906 0.45924299541096764 0.851366123707199 -0.2535184304340426 250.0974578857422 -0.09618856116288853 0.33137564430999217 0.9385829441554705 -1.671417236328125
0.8174341257166482 -0.5702596578890304 -0.08127344399091747 172.85821533203125 0.5604413145511014 0.7547727477024032 0.34091587271641904 250.193603515625 -0.1330675883079432 -0.3242252641452393 0.9365740734356559 -1.7308464050292969
0.940662395443976 -0.3088752919559772 0.14053580261524423 173.1312713623047 0.20302401841896223 0.8440964773952336 0.4962684604062349 250.14859008789062 -0.2719108415319586 -0.4382889353703419 0.8567189173756551 -1.7591400146484375
0.9351040008441871 -0.16925143783905736 0.3113429915617279 173.47181701660156 0.14639621452844112 0.9846004367418691 0.09555170505785346 250.03916931152344 -0.32272070893721266 -0.043771346302485165 0.9454815774333896 -1.6354598999023438
0.9711361120022703 0.02453471775373506 0.23726082607514096 173.70750427246094 0.01240464357707059 0.9881549903268749 -0.15295698712324135 250.1127166748047 -0.23820322580275768 0.1514851897607094 0.9593286509326833 -1.7573978900909424
0.8245358868770166 0.5431011962977044 0.15868730835178263 174.06788635253906 -0.46094312521351993 0.8074078659696872 -0.3682716026096346 250.10699462890625 -0.3281341289325519 0.23050732862596318 0.9160755235674608 -1.7506086826324463
0.718489875107348 0.6378759506585513 0.2772842782050167 174.2464141845703 -0.5748903817156149 0.7690264768577598 -0.279462567981145 250.01327514648438 -0.39150140278050377 0.041382961024930776 0.9192464860730809 -1.7293415069580078
0.879783659834642 0.2995931443739298 0.3690862497196346 174.7408447265625 -0.20935232030797102 0.9412482042826881 -0.2649970262404535 250.05967712402344 -0.42679306211515616 0.15587099081855016 0.8908153098996513 -1.7136573791503906
0.9172274015976482 0.28835185275638364 0.2748583321829407 175.00906372070312 0.02225967334695339 0.6517910994153655 -0.7580718103619184 249.96780395507812 -0.39774162555723763 0.701442493533768 0.5914220384498841 -1.6877899169921875
0.8487380553360576 0.09610403553530805 0.520007430502868 175.31893920898438 0.17166248959344843 0.8800235223673487 -0.4428211712946249 249.94676208496094 -0.5001756722302136 0.4651049499134497 0.730411995024083 -1.3951492309570312
0.7706395346090823 0.5911813697750224 0.2379480946097802 175.85182189941406 -0.3175913235888228 0.6799945482606808 -0.6608654670330808 249.8809356689453 -0.552494759141294 0.4337188056410287 0.711784755916227 -1.4457321166992188
0.4802056603204279 0.8770533148122228 -0.013416660281672765 176.28424072265625 -0.43959749501048523 0.22739669456343892 -0.8689331307310871 249.8693389892578 -0.7590497784577296 0.4231645380682484 0.4947476200496145 -1.6737632751464844
0.6694877291209983 0.6098058570933614 0.4241733103473625 176.50909423828125 -0.1906235786903572 0.6929454903413194 -0.6953338756762177 249.9061737060547 -0.7179476525511385 0.3846600630040238 0.5801618775187236 -1.7035491466522217
0.5492035711754505 0.7876522104076931 0.27924797733915147 176.60653686523438 -0.6087667332354216 0.6060007855983988 -0.5120215936462021 249.8873291015625 -0.5725194336561903 0.11120720882208526 0.8123142586413193 -1.7355365753173828
0.12294057757880983 0.9635041851878627 0.23779255562372303 176.9863739013672 -0.6159542578523021 0.2619548560118091 -0.742953568970129 249.8504638671875 -0.7781297877720712 -0.05513019623858684 0.6256793866226428 -1.7371902465820312
0.354101471487954 0.9002524096284642 0.2532937955185827 177.3265838623047 -0.3820481897646767 0.3864614737637737 -0.8394561989728027 249.7218780517578 -0.8536107594141484 0.20048223924945546 0.48078637996299856 -1.646707534790039
0.4626746228414895 0.2830051220854375 0.840143020117344 178.13156127929688 0.04460359236728231 0.9390464036201687 -0.3408846892953106 249.4901580810547 -0.8854053946788548 0.19519209185167763 0.42184989552226687 -1.6070442199707031
0.3403368832295102 0.5918755371279901 0.7306532381801067 178.3108673095703 -0.0012238146093408453 0.7773178940943092 -0.6291068222476928 249.3885498046875 -0.9403027747440844 0.21321407099495424 0.26527429528383245 -1.5896244049072266
0.5875864951385275 0.7205996215844879 0.3680737644862969 178.15704345703125 -0.33108513905775694 0.6291707412651153 -0.7032260013900304 249.06361389160156 -0.7383256337321135 0.2913423479485915 0.6082720566209456 -1.3821077346801758
0.32210495779365955 0.9340224301076 0.15443605868008498 178.60150146484375 -0.396818133347394 0.2813123349751666 -0.8737269248669803 248.70208740234375 -0.8595253138863537 0.22014874573050275 0.46124913500390635 -1.112239122390747
0.022596636576604767 0.8476162215026073 -0.5301284118598697 179.6587677001953 0.09654785636164492 -0.5296354811784653 -0.8427127437679027 249.0523681640625 -0.9950718081864223 -0.03214028815207687 -0.0938035096896988 -1.4639856815338135
0.01811245124463219 0.8372192129934505 -0.5465674052708762 179.75721740722656 0.0406274164910676 -0.5468218740719347 -0.8362626687026742 249.23220825195312 -0.9990101862039107 -0.0070588547997988416 -0.043918338194235004 -1.4858479499816895
-0.05181453004311476 0.7860387954399978 0.6160018397209934 180.27008056640625 0.0667059938446577 0.6181769587020227 -0.7832033951120961 248.9940185546875 -0.9964263971120033 0.0005096990828211689 -0.08446404764891002 -1.4681015014648438
-0.11079991472909739 0.1749385317830789 0.9783250426078265 181.26296997070312 0.042443865102838874 0.9843209857116062 -0.17120372485102078 248.5748748779297 -0.9929359985473167 0.02255453802037874 -0.11648774872719664 -1.389312744140625
-0.2161284579122239 -0.30146319781520614 0.9286594801344106 181.2611083984375 0.03461610543860258 0.9481758326055371 0.31585489660136645 248.4755096435547 -0.9757511029585093 0.10041180620736886 -0.194492298689244 -1.3406600952148438
-0.11722588537313505 0.044294760347344427 0.9921169618569455 182.1475372314453 0.0870185920568268 0.9956205219137232 -0.03416929880306717 248.1851806640625 -0.9892855282651881 0.08232709487171917 -0.1205669648579194 -1.364654541015625
-0.1642769728460728 0.5142414540270138 0.8417652898241368 181.96275329589844 0.1864199617869284 0.8541660288779744 -0.4854358793478203 248.1737518310547 -0.9686385672891054 0.07717591639244703 -0.23618468174099505 -1.3768424987792969
-0.22499606254027282 0.560092788578572 0.7972909381296469 182.9949493408203 0.1853087526754519 0.827934363825082 -0.5293253776075966 247.650634765625 -0.9565758924535166 0.028648863499893484 -0.29007206793644 -1.3519153594970703
-0.3419318145280644 0.3654596705603004 0.86574930748312 182.98947143554688 0.12292481569923498 0.9307583041864206 -0.3443522453438156 247.64141845703125 -0.9316502154236075 -0.011322914023121272 -0.3631799384866551 -1.2083206176757812
-0.3996321853791807 -0.0002665602146749574 0.9166755398475035 183.36911010742188 0.16156238209234425 0.9843252426444533 0.07072067155779427 247.32373046875 -0.9023257245040215 0.1763625403496729 -0.39332498173864133 -1.120748519897461
-0.2549000219958868 0.5138209211492327 0.8191544663711786 184.43975830078125 0.3743710990746802 0.8335112201452977 -0.4063315469779736 246.616455078125 -0.8915560885127264 0.20309383762500313 -0.40482173132705745 -1.1193981170654297
-0.028469974075108317 0.8918688259403067 0.4513972284939528 184.66094970703125 0.17913354091161954 0.448822043513753 -0.875482694161686 246.3764190673828 -0.9834127491021397 0.05593541429182397 -0.17254157276254978 -1.063650131225586
-0.027619331780309134 0.9873169209396317 -0.15634087801433866 184.88380432128906 0.5777031500334133 -0.1118716202503602 -0.808544254214963 245.7362823486328 -0.815779530849776 -0.11265006972409869 -0.5672862759116204 -1.0210456848144531
-0.33127792921774846 0.8744423689440396 0.35440862998625816 184.91307067871094 0.40938535585467173 0.4716318211502618 -0.7810038768727279 245.7355499267578 -0.8500932678388555 -0.11363964393653975 -0.514225113448412 -0.9776420593261719
-0.4921730415507356 0.714726024040895 0.496922939427626 185.9282684326172 0.34653649932399944 0.6845352628525886 -0.6413454050257203 244.8794708251953 -0.7985475263295014 -0.14345098281305585 -0.584588456713783 -0.9852509498596191
-0.4998538247235153 0.6725391629565544 0.5457446547598706 185.83934020996094 0.19170675854665845 0.7003927723212595 -0.6875307143740367 244.95738220214844 -0.8446269428788109 -0.239041918436573 -0.47902430897957177 -0.9452953338623047
-0.4466078227554383 0.7463927611030043 0.49339568180789795 186.10955810546875 0.23229648051128143 0.6292648906936446 -0.7416630248855522 244.49200439453125 -0.8640484927338967 -0.21661842837891016 -0.4544190342524531 -0.9234821796417236
-0.2847173243604997 0.743234396373373 0.6054243778181597 186.8339080810547 0.3096597182718743 0.6690131710849958 -0.6756716923140864 243.55001831054688 -0.9072193252399231 -0.004899894111701275 -0.4206293938241985 -0.8339004516601562
-0.32529313667086696 0.4070696847576929 0.8535096056788707 186.71290588378906 0.12888594688690733 0.9132621145296547 -0.38644627422177247 243.44097900390625 -0.9367885502768989 -0.015702926991378235 -0.34954345960697003 -0.7920913696289062
-0.11005651269786487 0.7499462962978871 0.6522791708171174 187.1466064453125 0.39329191253005735 0.6355614080837383 -0.6643667421635926 242.99981689453125 -0.9128028459373001 0.18341823579921757 -0.36489548534486993 -0.8503875732421875
0.12042015564427178 0.9586890318896476 0.2577097713496707 187.5364990234375 0.5479397116127215 0.1522845439488164 -0.8225396586864785 242.57090759277344 -0.8278049640781195 0.24025977151573097 -0.5069656631753593 -0.7546005249023438
-0.4143299728267799 -0.3798058587159779 0.8270901905489983 188.42051696777344 0.31809226963107223 0.7910220350856312 0.52259109063391 241.4813232421875 -0.8527297236629628 0.47961614828319205 -0.20693083068427004 -0.6157684326171875
-0.523812543020511 -0.5283260173752952 0.6682005979784399 188.64144897460938 0.19858511990093505 0.6870742330389289 0.6989227056319598 240.8716278076172 -0.8283624628918892 0.49879917567927784 -0.25498041574473196 -0.62432861328125
-0.5376987101086499 -0.7396240890448779 0.4047669750017022 188.45230102539062 0.09658212600460414 0.4228805090603782 0.9010238442978444 240.53244018554688 -0.8375870044860563 0.5235726138382049 -0.15594783728768163 -0.6149063110351562
0.2579457329387209 0.9496160859495933 0.1780260884378485 188.86422729492188 0.5223313167415015 0.017947960279427577 -0.852553732191055 239.47262573242188 -0.8127939433889719 0.31290119850774406 -0.49138462080393 -0.6154937744140625
0.016426520742687842 0.9864286130625403 -0.16336695121046718 188.73997497558594 0.5477362080158467 -0.14556936335689946 -0.8238899240070169 239.54525756835938 -0.8364898181357088 -0.07594834944473838 -0.5426938661638886 -0.558380126953125
-0.4698101246009201 -0.17168274569225894 0.8659119364312027 189.51206970214844 -0.4122153779491722 0.9100609124413872 -0.04321594414762897 237.93673706054688 -0.7806131750135206 -0.3772455042514317 -0.4983260985714011 -0.5523471832275391
-0.19248784384833317 -0.5855193418443528 0.7874741457957686 189.70553588867188 -0.5423197481677416 0.7322701368615882 0.41190986563566057 237.86065673828125 -0.8178249939430176 -0.3477751385405039 -0.4584918017753822 -0.5006866455078125
-0.5520903475785349 0.8319413972037626 -0.055405412454593905 189.5730438232422 0.12081230980934227 0.01406979712255177 -0.9925756528383424 237.35504150390625 -0.82498523254004 -0.5546850930280905 -0.10827656100594715 -0.43897247314453125
-0.10395018326706032 0.17341906344161784 -0.979346816931457 189.65093994140625 0.5921379813771067 -0.7803576427200635 -0.2010337296550778 236.2262725830078 -0.7991038545829883 -0.6008059402863938 -0.021569694184026236 -0.442657470703125
-0.2606824956425871 0.5324144422257744 -0.8053443351604144 189.8391876220703 0.2394641174103615 -0.7724594363312806 -0.5881864973761612 236.07281494140625 -0.9352548171158643 -0.34618099446991274 0.07387249914137942 -0.4769439697265625
-0.18666882415990235 0.9758120814306204 -0.11377843302137636 190.05528259277344 -0.05062185312323608 -0.12521412319834066 -0.9908374495032171 235.04603576660156 -0.9811178206887942 -0.1791987865073621 0.07277098900770748 -0.32250213623046875
-0.2659070022735941 0.7653463918059129 0.5861214606986684 190.2561492919922 0.07311320484226552 0.6222708554366367 -0.7793801651003502 234.2976837158203 -0.9612220999433814 -0.1643894249148234 -0.22142310529077558 -0.35817718505859375
-0.020891043248635943 -0.002204672041520469 0.9997793275184145 190.0238494873047 0.02161506660815399 0.9997628383690209 0.002656296640807975 233.86087036132812 -0.9995480744854189 0.02166578956577026 -0.0208384345617198 -0.23412322998046875
0.055257252504592846 0.5789544187666307 0.813485351457687 189.90122985839844 -0.15914163952458 0.8094217760923927 -0.5652524453347063 233.57290649414062 -0.985708158947197 -0.09822509545950703 0.13686217887677515 -0.228668212890625
0.05731210954192156 0.9057279604030402 0.4199668842230343 190.01193237304688 -0.2740702486134609 0.4187706770958416 -0.8657462785537378 232.9737548828125 -0.9600004275649102 -0.06548268281644476 0.2722337182024856 -0.218231201171875
0.0067479059371711725 0.9962543441009959 0.08620758450018928 190.1438446044922 -0.44878618483084226 0.08005694672087021 -0.8900459794789867 232.3034210205078 -0.893613689504833 -0.0326828264020409 0.44764540295632865 -0.118865966796875
-0.14454693979373956 0.9892634996227894 -0.021538581901708098 190.1211395263672 -0.44325281590990023 -0.08419657058133612 -0.8924336830769479 231.66603088378906 -0.8846655432332658 -0.11945152077899074 0.45066418850334367 -0.06774139404296875
0.03659257538885413 0.9885710292671821 -0.14624740517368273 190.0796356201172 -0.3222372873786637 -0.12685607730979503 -0.938120816458313 230.90093994140625 -0.9459514332402333 0.08145462382944008 0.3139124562796974 -0.4199676513671875
0.02228455461573675 0.994496436208868 0.1023730286425038 189.85504150390625 -0.35691610612619273 0.10356453433244672 -0.9283777681613339 230.2310791015625 -0.9338705969315526 -0.015850097676800623 0.3572596850896295 -0.018157958984375
-0.02117641888493399 0.9971157397631767 0.07288182763722979 189.70687866210938 -0.9674685090315107 -0.0020555751239569875 -0.2529831192851721 230.12408447265625 -0.25210363606175074 -0.07586814962448228 0.9647216078004067 0.32451438903808594
-0.30973504306041166 0.9164216409609391 0.25344738917342363 189.61178588867188 -0.8162375791151908 -0.11955904225255531 -0.565209562778112 229.32794189453125 -0.4876683478969471 -0.3819384916372159 0.7850494067670842 0.44998741149902344
-0.49352668901788077 0.5369919136666085 -0.6841572128419914 189.72569274902344 0.03092666624285423 -0.7752983337423579 -0.6308375662652208 228.0718536376953 -0.8691806190557584 -0.3324938771661779 0.3660230499638669 0.18061065673828125
-0.5308390486996521 0.11370219510678782 -0.8398105233941443 189.8188934326172 -0.3224663458851617 -0.943518101569073 0.0760857922542972 227.33795166015625 -0.7837253091148199 0.31119994029464526 0.537521382843036 0.1396636962890625
0.3378490821979413 0.1367211030704859 -0.9312171270080885 189.5603790283203 -0.6013054996151582 -0.7298002082199893 -0.3253050141246293 226.4056396484375 -0.7240785135540024 0.6698499802621851 -0.16435117934525567 0.154998779296875
-0.3711006669027726 -0.8848726804167597 -0.2815752731977307 189.59434509277344 -0.6641466302600074 0.04099533913202143 0.7464774850480942 225.7703399658203 -0.6489942592493361 0.464025561388066 -0.6028986065997297 0.191558837890625
-0.6190680555909831 -0.6273247618168496 -0.47245993032026756 189.93844604492188 -0.5171583906738888 -0.12710117534482193 0.8463997224607047 225.1497039794922 -0.5910177167415479 0.7683156476588235 -0.24574198676703496 0.2796173095703125
0.4439347892202836 0.8621677246007065 0.24410800391790272 189.72793579101562 -0.7824668533194641 0.5057493300970131 -0.3632674477059004 224.31297302246094 -0.4366549282629006 -0.02973936386782744 0.8991373887568341 0.16830825805664062
0.7849413456353624 -0.2985417006434701 0.5428995642741403 189.39279174804688 -0.5602063787551217 0.03229519058182695 0.8277232833908665 223.4632568359375 -0.2646429615807304 -0.9538500268082968 -0.14189513467202414 0.183563232421875
0.8568839501967512 -0.4656301748269508 0.2212203340243265 189.1905517578125 0.41639577862976873 0.8781580145000913 0.2354847279731021 222.4116973876953 -0.30391520434904207 -0.10966787068180218 0.9463659475623578 0.32527732849121094
0.18008996939300054 0.9830206314238562 0.03518580848966364 188.86599731445312 -0.9500090301921266 0.18309447554413133 -0.2529016717592725 222.01080322265625 -0.25504988821296004 0.012118218526774818 0.9668519552145995 0.4144268035888672
-0.47015039611850756 0.8582734609936794 -0.20573106518837025 188.82241821289062 -0.8582703000233894 -0.49894199737147343 -0.12012066998117078 221.2471160888672 -0.20574425174806532 0.1200980824696861 0.9712083985735158 0.3013420104980469
-0.20890038882482376 0.9326119590275774 -0.294271237853077 188.66969299316406 -0.97160388383868 -0.23211819511663623 -0.04590246622337789 220.42483520507812 -0.11111489755397626 0.27632603455798355 0.9546189827187755 0.3076629638671875
0.4555163937667265 0.8483155861853797 -0.26993606881021326 188.54188537597656 -0.8846013949222526 0.39729162988277505 -0.2442124749612375 219.55731201171875 -0.09992590810876598 0.3500286089165337 0.9313940013917821 0.3947296142578125
0.4030643601180793 0.9139433372882817 -0.04739934418281869 188.40728759765625 -0.9151582308693151 0.4022371729063486 -0.02628058607514895 218.8096923828125 -0.004953188341701612 0.05397066757662214 0.9985302363807445 0.41545915603637695
0.48351342289943094 0.8741572428041294 -0.04542999811972571 188.3441162109375 -0.8660936829167706 0.4852853538161748 0.1199160447278606 218.04965209960938 0.12687199173868255 -0.018634382860513936 0.9917440483752182 0.30811119079589844
0.5002323890422429 0.8657592325431306 -0.015116488329623826 188.17022705078125 -0.8618877610751537 0.49952050511702484 0.0873427288129417 217.29623413085938 0.08316876975132449 -0.030662945617828397 0.9960636222170194 0.38196659088134766
0.8486697790260178 0.5050989206746208 -0.1569544089895643 187.83026123046875 -0.4542739630016519 0.8480542665538222 0.2728353487336871 216.30606079101562 0.2709146963653027 -0.16024681373803323 0.9491713154010208 0.39868927001953125
0.6372354639159817 0.7679704230220606 -0.0644390633940389 187.7457275390625 -0.7001375134346187 0.6118332501509489 0.3680591478163742 215.6113739013672 0.32208450103873787 -0.18942413619452997 0.9275667473651605 0.3624725341796875
0.02043785243254037 0.9941024946900613 0.10650128749898893 187.4237518310547 -0.9588461646172942 -0.010683330772708333 0.2837250412676077 215.01132202148438 0.2831895598122405 -0.10791708157005313 0.9529730199322286 0.5132408142089844
-0.14471621762285308 0.8862626365826106 0.4399951765128507 187.32945251464844 -0.9011481638279079 -0.30169756909237344 0.31130461550279453 214.2185821533203 0.40864312448213935 -0.3514500189235906 0.8423144786907576 0.42462921142578125
-0.2575366648569651 0.9591998237485503 0.11666432348880909 187.1378936767578 -0.8669760137449353 -0.2826923910802926 0.4104115052191506 213.44674682617188 0.42664676003140267 0.004550840148489638 0.9044068951576218 0.4131965637207031
-0.2574426527861336 0.9637307867432021 -0.07032958985922155 187.07675170898438 -0.9134497222362372 -0.2189791784657849 0.3430127174683041 212.56204223632812 0.31517120025944456 0.1525486482463152 0.9366942000702485 0.7591838836669922
0.021194871644476698 0.9949816124157532 -0.09778736304104974 186.88900756835938 -0.9088745928072827 0.05992515877760879 0.41274198949813024 211.71890258789062 0.41653061347921405 0.08012843627593316 0.9055836138836675 0.4250297546386719
0.006028470031696154 0.9985738072755033 0.05304723340932049 186.79307556152344 -0.9202001722049431 -0.015223843775706847 0.3911519879211738 210.8318328857422 0.3914017125959851 -0.051172121355273686 0.9187960129282946 0.4062004089355469
-0.3452076342385848 0.8764994789201983 0.3355299580008019 186.65370178222656 -0.861183754291448 -0.437943021417446 0.2580086264764125 210.12130737304688 0.37308743024643165 -0.19988640134931335 0.9060083862458088 0.369415283203125
-0.51567966148721 0.8389652985668448 0.17381517347194325 186.6756591796875 -0.8546562587318518 -0.5179839704231343 -0.035430012632793675 209.15846252441406 0.060308922548084155 -0.1668227627913254 0.9841407418025934 0.3339977264404297
-0.41290593222470967 0.9032874971204714 0.11653492471992263 186.73580932617188 -0.9057515346547225 -0.393835517402711 -0.1565494896278942 208.22491455078125 -0.09551360428891104 -0.17019189986005065 0.9807710582076572 0.1066288948059082
-0.40973486419872546 0.8935021940095033 0.18376934009854828 186.4026336669922 -0.9116910539285529 -0.3943489872647387 -0.11536159859294365 207.5542755126953 -0.03060658828906694 -0.2148085322874278 0.976176485687821 0.12845611572265625
-0.4454087698872571 0.8801554734861216 0.16412608019428676 186.1375274658203 -0.8837124122793906 -0.4616124242026436 0.07724210124730406 206.81521606445312 0.14374769594974607 -0.11063594494638522 0.983410538684104 0.15518760681152344
-0.597866380917446 0.7920957332486249 -0.12304527596782494 186.04591369628906 -0.7970239335061899 -0.5710404485687082 0.1966358449438171 206.07144165039062 0.08549058420080849 0.21563199082643456 0.9727251433705374 0.12019586563110352
-0.3715222027396755 0.9056997996155972 -0.2041546615870582 186.0950469970703 -0.926826712298019 -0.3489117586850333 0.13875456757224977 205.23727416992188 0.0544380220278472 0.24076639638368122 0.9690552327551364 0.015890121459960938
-0.5368734203497555 0.8203994014239452 -0.1967530245388554 186.0869598388672 -0.8436394531966948 -0.5203198580640581 0.1324376015872408 204.56594848632812 0.006277223266463891 0.23709084218381596 0.9714672042949427 0.06296062469482422
-0.33940254478627363 0.9346723908274164 -0.10579902843392919 186.0103759765625 -0.9396239891992517 -0.3316547338266671 0.08433206063916437 203.95040893554688 0.043734100126635644 0.1280338211384963 0.9908050611148438 0.07804250717163086
-0.364397383516718 0.924123229919219 0.11493825651122652 185.9686279296875 -0.9299442531842184 -0.35458906864985473 -0.09731535523068939 203.12937927246094 -0.04917553106796691 -0.14234763193569183 0.9885944157370526 -0.060817718505859375
-0.2733873091541381 0.9598217486584213 0.06325812197457613 185.9192657470703 -0.9551702597984364 -0.26311793017274043 -0.13571562039131937 202.37742614746094 -0.11361845796369342 -0.09752520506978432 0.9887262919463856 -0.1440739631652832
-0.24400018733009055 0.9561588623078842 -0.16193868782033927 185.81991577148438 -0.9570690781618699 -0.26436473109104974 -0.11886996501028131 201.67762756347656 -0.15646944816567004 0.12598221694052497 0.9796151248349942 -0.09378814697265625
-0.02636930975367774 0.995281616088727 -0.0933764648020376 185.78582763671875 -0.9796278721517722 -0.04433068163924708 -0.1958673601414753 200.95420837402344 -0.1990826250743778 0.08630930043286925 0.9761745812365138 -0.12919235229492188
-0.3534976746082016 0.920059647952527 -0.16890718829009893 185.72933959960938 -0.9004803944132945 -0.38359416667521595 -0.20491601833440226 200.35308837890625 -0.2533267718261779 0.07966027555952604 0.9640953205850078 -0.271453857421875
-0.2421253203848529 0.8947878500584392 -0.37514001734862756 185.65687561035156 -0.9030982123005857 -0.3491772741679754 -0.24997769929357497 199.72604370117188 -0.35466737680257376 0.27826234849943093 0.8926259671550916 -0.19574356079101562
-0.2922523617644083 0.8298295853728788 -0.47536450885925613 185.57537841796875 -0.8558779348863579 -0.4487251895783001 -0.2571354989350603 199.0465545654297 -0.42668667382259456 0.331705537303487 0.841373828273982 -0.29468536376953125
-0.32428954924657816 0.8582971878857583 -0.3976961472240471 185.58033752441406 -0.7529631747483506 -0.48869536098294597 -0.4407077281222028 198.3227996826172 -0.5726104659559904 0.15653364309677328 0.8047449738000951 -0.34255218505859375
-0.10557804921766001 0.9592733415295427 -0.262007503240152 185.57095336914062 -0.8209393177211075 -0.2327686551275509 -0.5214186320124296 197.8068084716797 -0.561170127628864 0.160041898954168 0.812080463030695 -0.25788116455078125
-0.0749447210043907 0.9722277660910236 -0.221712560842258 185.37844848632812 -0.5571451248751059 -0.22522259616565016 -0.7992897422113631 196.9199676513672 -0.8270263590850516 0.0636235256651374 0.5585512047793478 -0.35459136962890625
0.011826471082653722 0.9888274873993765 -0.14859453134340772 185.2078399658203 -0.3582339197938314 -0.13455096849602782 -0.9238855424704553 196.1455841064453 -0.9335569577111392 0.06415790707478491 0.3526402836729027 -0.3233642578125
0.0687344371247891 0.9925453747355901 0.1006442062124045 185.14181518554688 -0.19862693379636592 0.11247814288876445 -0.9735995113715641 195.5197296142578 -0.977661965263962 0.04692916431475508 0.20487736627779618 -0.3157501220703125
0.0011328907040008551 0.9959512853596646 -0.08988745045380248 185.10350036621094 -0.48866691114187927 -0.07787281150720565 -0.868988190473851 195.33033752441406 -0.8724696937508531 0.04490949140655265 0.4866002168802407 0.122894287109375
0.02745128271752678 0.9991752166764052 -0.029921788997666954 184.79974365234375 -0.9217754524894601 0.013721102222126913 -0.3874812854082901 195.18930053710938 -0.3867511373803744 0.038218028906112284 0.9213918493244435 0.24771499633789062
0.38419199840244067 0.2770062434887674 -0.8807179170607243 184.68618774414062 0.4276556921685904 -0.89881424402169 -0.09614345375282814 193.64828491210938 -0.8182341457793992 -0.33970648479527155 -0.46378053739748193 -0.5418243408203125
0.6057573717025819 0.1162197488803069 -0.7871156056121478 184.28839111328125 0.4938784417456658 -0.8305433386565606 0.2574526119348695 192.68064880371094 -0.6238125450861443 -0.5446932463170551 -0.5605061783867642 -0.4889678955078125
-0.20003875597677154 0.8378811858267724 -0.5078775586150538 184.08204650878906 0.8415496347373533 -0.11853263877426777 -0.5270144455502488 192.0785675048828 -0.5017755557823566 -0.5328274880134571 -0.6814074842827722 -0.62310791015625
-0.4459271380018097 0.798210031654558 -0.4049811513633006 183.61599731445312 0.6938193379310493 0.022409258612554793 -0.7198003552662057 191.390869140625 -0.5654765370078897 -0.6019622666699843 -0.5638064522503263 -0.4725494384765625
-0.36600995869308905 0.8909118342634538 -0.2689104194835362 183.3828582763672 0.7410884933816381 0.10426116858506107 -0.6632627335397423 191.102783203125 -0.5628717039564317 -0.44204718333522464 -0.6984051349972861 -0.35833740234375
-0.41885519973973756 0.8934332471537186 -0.16228787549089008 183.26560974121094 0.8200881532587619 0.29545195921919715 -0.49006485354304996 190.3309783935547 -0.38989196264557413 -0.33835657622381143 -0.8564456111105258 -0.48748779296875
0.22468153702871835 0.9698008047353971 -0.09489260273060601 182.92388916015625 0.9552339337723609 -0.23844340736863784 -0.1751367273081644 190.023681640625 -0.19247425461134587 -0.051294645110476794 -0.9799604689449452 -0.61260986328125
0.8034802697531217 0.5327315213654481 0.26573780736113933 182.5393524169922 0.5948732360837087 -0.70093145995881 -0.39347289796288054 189.5504150390625 -0.023351426267940692 0.4742280196104679 -0.8800923226046155 -0.5425872802734375
0.641107227791924 0.29757632557991376 -0.707410667807117 182.69903564453125 0.3463432574069695 -0.9347479940892146 -0.07932550406344314 189.96713256835938 -0.6848560947539883 -0.19415076100944545 -0.7023372491031424 -0.6576385498046875
0.7242669099814452 0.6636459349868087 -0.1871136448295886 181.96524047851562 0.662502638053621 -0.7449938357630985 -0.07793868902527253 189.13731384277344 -0.1911222061350324 -0.0675148698470918 -0.9792415660456864 -0.678955078125
0.6759973834665037 0.7024378220158738 -0.22272997945502648 181.57579040527344 0.637435882255236 -0.7090519759049264 -0.30153074715326944 188.72845458984375 -0.36973373332701187 0.061857915151704676 -0.9270763532596195 -0.65057373046875
0.2001720079937097 0.9459559592120435 0.25514405822395597 181.05361938476562 0.9585732670593525 -0.13522192739223293 -0.25070365380562215 188.12570190429688 -0.2026535439979419 0.2947581272561503 -0.9338357390470348 -0.663116455078125
0.879601887389122 0.4450728672533173 -0.1679603004772406 180.82107543945312 0.45242774481021164 -0.8917791685815835 0.006249016713468378 188.152587890625 -0.14700222932812934 -0.08148654685805645 -0.9857739534262961 -0.5535430908203125
0.6861811025008168 -0.530124449274446 -0.49812002855961235 180.21995544433594 -0.6931247229536218 -0.6842893001468106 -0.22655302278948625 188.10060119628906 -0.220756909294429 0.5007157097456139 -0.8369887484385424 -0.6911697387695312
0.7383550489700924 0.5168493014986455 -0.4332419891939551 179.87896728515625 0.3385233570989303 -0.8396396942009522 -0.4247435939724127 187.82151794433594 -0.5832956011824905 0.16694904450907763 -0.7949177681865359 -0.62347412109375
0.6446751392481322 0.7523943930844338 -0.13526508082468275 179.07009887695312 0.7333265304567184 -0.6586445815752608 -0.16858088530394388 187.33004760742188 -0.21593092544541437 0.009486433294781257 -0.9763625571577552 -0.554840087890625
0.5186929409727085 0.7884561053106786 -0.33059734267443597 178.83314514160156 0.7930690156314423 -0.5881635631276204 -0.15844607743455377 187.36451721191406 -0.3193730881437217 -0.18000164723506737 -0.9303763956389933 -0.48779296875
0.8827562251781004 -0.2982089709594341 -0.36306040344359514 178.2771453857422 -0.3562201392990857 -0.9286703359725544 -0.10333740582365479 187.07749938964844 -0.3063472853920052 0.22055116577324668 -0.9260175613934171 -0.4683990478515625
0.802059355894954 0.24412802671535377 -0.5450709093259688 177.9673614501953 -0.04045556111223421 -0.8883395071436262 -0.4574016480325722 187.00411987304688 -0.595872584699502 0.38891442068903326 -0.7026246766116657 -0.458343505859375
0.4090866109903033 0.8833300098026848 0.2288585556418143 177.88662719726562 0.4304234345590441 0.03435162026257893 -0.9019731887188954 187.0503387451172 -0.8046016478300706 0.4674912405247019 -0.36615314875310134 -0.3509063720703125
0.06339000923978547 0.9683552453665464 -0.24139143626002085 177.50851440429688 0.06292459138233386 -0.24527477424860472 -0.967409314053086 187.07818603515625 -0.9960031137139813 0.04613462786662309 -0.07648132833353488 -0.153076171875
-0.1814590276264238 0.7213129224930905 -0.6684162543934354 177.18223571777344 -0.12397024153912256 -0.6910565913016221 -0.7120899991091818 187.02113342285156 -0.9755531766672715 -0.046351434315023365 0.21481979431918202 0.0994720458984375
0.11173186323683819 0.05726685419278758 -0.9920869408214616 176.47140502929688 -0.044076388648445784 -0.9970700613173941 -0.06251851556330565 186.9620819091797 -0.992760425632154 0.05071291980738378 -0.10888037960658566 -0.3738555908203125
-0.07035896574841338 -0.9779862779185966 -0.19644962749199318 176.217041015625 0.027309137894899527 -0.19875236806251118 0.9796691825187629 187.112060546875 -0.9971478460721113 0.0635636404910333 0.04069197317992479 -0.2512054443359375
-0.3257984150240061 -0.9383292542409742 -0.11573073664080241 175.71658325195312 0.11677493018331403 -0.16141020378964013 0.979954265153874 186.88543701171875 -0.9381998765980135 0.3057530976918536 0.16216052171631742 -0.3499412536621094
-0.5466937098216245 -0.794238844823294 -0.26516154512905654 175.4638671875 0.19896365577270808 -0.4308219039556567 0.8802306236172326 186.62356567382812 -0.8133507554081625 0.42845903473468994 0.3935522890686688 -0.228546142578125
-0.4086374129964159 -0.8968761612853953 0.16919992912992055 175.17498779296875 0.5152612414695315 -0.07368012781875904 0.853860112549994 186.4130859375 -0.7533401076133368 0.4361013529932977 0.49223398112944344 -0.18490219116210938
-0.7627396939201526 -0.16128262605018193 -0.6262715655791417 174.3965301513672 0.16215374335197144 -0.9851627058175131 0.05621927234729673 186.5023956298828 -0.6260465820013196 -0.058671608130966675 0.7775752822484724 -0.0637359619140625
-0.8521934251385614 0.3678759136750299 -0.3720667659014562 173.82533264160156 -0.0232892687976394 -0.7370650091009456 -0.6754204485488237 186.59027099609375 -0.5227083088200133 -0.5669237025356982 0.6366895156932748 -0.09525299072265625
-0.7880456465963178 0.39124543197238304 -0.4753010318117716 173.2206268310547 0.046651879476654584 -0.7318995293782727 -0.6798137105392613 186.5595703125 -0.6138466103367249 -0.5578979215381666 0.5585179031342744 -0.094024658203125
-0.7066881699848145 -0.36566159808799825 -0.6057090275761497 172.60903930664062 0.3271989451119768 -0.9279527370532618 0.1784504640312531 186.42030334472656 -0.6273218318543706 -0.07207852300853022 0.7754173107429221 -0.02902984619140625
-0.8632316399370401 -0.03444388736791137 -0.5036315661618075 172.0122833251953 -0.005932381611443991 -0.9969084362524969 0.07834779241955524 186.3921356201172 -0.5047731596073871 0.07062002797782051 0.860358570009265 0.07694625854492188
-0.7285074258718753 0.5939957500462578 -0.3412418195012417 171.32276916503906 -0.6108555025626841 -0.7887422375319424 -0.06885664617156523 186.2407684326172 -0.31005239144122926 0.1582868650902182 0.9374501495554237 0.03911399841308594
-0.9931335864816864 0.11279472819276026 0.031032703619636275 170.91763305664062 -0.10810558827697833 -0.9862457176164827 0.1250302614027408 186.2342987060547 0.04470862540171971 0.12081694324502083 0.991667487134482 0.09134864807128906
-0.9973608667202198 -0.0007790674198823646 0.07259954950994593 170.39370727539062 0.017829765459862063 -0.9719495996221719 0.23451242026371635 186.12599182128906 0.07038040209275678 0.23518794367113058 0.9693983856769138 0.11693572998046875
-0.981766664974612 -0.18571373986879383 0.04055394393364973 169.58412170410156 0.18964083200651025 -0.9422400471155699 0.27607978637981934 186.0697021484375 -0.01306025958800965 0.2787366148097413 0.9602787768059332 0.25205039978027344
-0.9696154720542719 -0.21704874483140793 0.11285246439525319 169.05618286132812 0.21765915108316067 -0.9759994975130598 -0.007033832810982487 186.00534057617188 0.1116706331258553 0.017743258476541814 0.9935868590495275 0.26993656158447266
-0.8549074515581404 -0.513218714391866 0.07576147086960656 168.3104705810547 0.5087027897950226 -0.8579578610241844 -0.07162248502787201 185.9967041015625 0.10175814918288882 -0.022690524559095943 0.9945503602986157 0.2872152328491211
-0.7502250125224617 -0.6608891448857671 0.019696922547235297 167.47000122070312 0.661039512068153 -0.7503494912651965 0.0015506265698536975 186.107421875 0.013754783545020221 0.014183762907654777 0.9998047943470811 0.3244636058807373
-0.8681567122631757 -0.49550900889658134 0.02783424248513537 166.66024780273438 0.4962632578043462 -0.867327219291596 0.0382919525399925 186.03346252441406 0.005167388683913849 0.04705652747744686 0.9988788621829745 0.4228382110595703
-0.9332877105249603 -0.35868617720561935 -0.017840282080075508 165.81503295898438 0.3587543993447342 -0.9334317479120512 -0.0006730086563329139 185.88926696777344 -0.016411286783082582 -0.00702839038981054 0.9998406229968112 0.39869630336761475
-0.9455397390913721 -0.31847228199851174 -0.0673053296380028 164.9918212890625 0.3191316025331826 -0.9477098754726768 0.001006079602254347 185.8133544921875 -0.06410633403668119 -0.020527969461779216 0.9977319181053362 0.4379425048828125
-0.9569565329168402 -0.1557806601182085 -0.2448807465704807 164.09988403320312 0.1814953990868609 -0.9796176749025806 -0.08607340546744693 185.76776123046875 -0.22648093566144123 -0.12681323649997125 0.9657250068369985 0.2906627655029297
-0.9848584024854454 -0.025142802173725567 -0.17152774280759736 163.3649139404297 0.05319653515764136 -0.9855232761954225 -0.1609782616512638 185.7544708251953 -0.1649971384631812 -0.1676654752055229 0.9719383893658423 0.2417469024658203
-0.9937596230351514 -0.1014260169659036 -0.04641739660370992 162.594482421875 0.10805156974736065 -0.9786430744112976 -0.17487878997161135 185.76246643066406 -0.02768880459978585 -0.17880295296564855 0.983495213059321 0.5600662231445312
-0.9749592910870722 -0.19476039409832155 -0.10734416432046945 161.7078399658203 0.20001521474371917 -0.9789564293445768 -0.04047497147547332 185.61099243164062 -0.09720233841846279 -0.06093191557454072 0.9933977084080674 0.546177864074707
-0.9195365494321988 -0.3615712998168406 -0.15400886145636594 160.91909790039062 0.3797603504784755 -0.9183563828389605 -0.11137158660720539 185.58651733398438 -0.10116625159998371 -0.16089670365703942 0.9817727029661742 0.5636100769042969
-0.9871333590457513 -0.08452453556909983 -0.13573258395050053 159.92884826660156 0.08093541916299501 -0.9962133162384593 0.0317566760553041 185.54026794433594 -0.13790282587373615 0.020362500730489945 0.9902364259004204 0.6138134002685547
-0.9854567987433771 -0.04524108161881223 -0.16379298624915217 159.0203094482422 0.03635881595639793 -0.9977217329725834 0.05682763461937973 185.4976806640625 -0.16599076574527805 0.05004585985019053 0.9848565771721034 0.6352643966674805
-0.9619514804237774 -0.20037695746679765 -0.18573751432290825 158.20704650878906 0.19971871025100227 -0.9795961817542678 0.022444542056731014 185.53529357910156 -0.18644512888831283 -0.015504696346892157 0.9823430247652861 0.6380891799926758
-0.9910835100608189 -0.047577519127025195 -0.12445824906065747 157.22427368164062 0.0527192732625644 -0.9978727401554599 -0.03834935046778765 185.5600128173828 -0.1223689270697188 -0.044568757312176584 0.9914834701392929 0.716792106628418
-0.9348141864416895 0.3533067484706964 -0.03601080827233098 156.33889770507812 -0.345613956860007 -0.9283820933013327 -0.13659312450121652 185.5259552001953 -0.08169106224631739 -0.11524335261740572 0.9899724945808185 0.7656354904174805
-0.8745814516617809 0.4848678593739848 0.0032316180562780364 155.39877319335938 -0.484760945662293 -0.8744965962079609 0.016202739931566925 185.43431091308594 0.010682226817071568 0.012604053585267424 0.9998635046162292 0.7886323928833008
-0.9929646328133179 0.11691348233171438 0.01877433436862569 154.5558624267578 -0.11787479288185772 -0.9910381939485633 -0.06283972738824897 185.435791015625 0.011259271067533447 -0.06461064760735813 0.9978470288730562 0.7300562858581543
-0.9795999311855019 0.1905701976126648 0.0637728359352917 153.6725616455078 -0.18997750305633077 -0.9816694015667582 0.015288373361625335 185.33126831054688 0.06551735002151401 0.002861085359178679 0.9978473285211149 0.746671199798584
-0.9953460549979767 0.07979028734969904 0.054034626348457876 152.8080596923828 -0.08519970487465783 -0.9906467367126726 -0.10658355093448568 185.2950439453125 0.045024894105774496 -0.11069125116821724 0.9928344302176364 0.7065591812133789
-0.9821911872814237 -0.17292086625085965 0.0734768374507182 151.9322509765625 0.17582111972368483 -0.9838003971457763 0.034981601377331556 185.2987518310547 0.06623749305202178 0.04727740042414723 0.996683220448362 0.7374019622802734
-0.9809415174054162 -0.1918731983519705 0.030633563040318886 150.97421264648438 0.18476965699988 -0.9699235051741858 -0.15845683312109968 185.2166290283203 0.060115832211710324 -0.1497767333894244 0.9868905799797093 0.7389802932739258
-0.9299391223607257 -0.3677018491563906 -0.002928963969494165 150.06480407714844 0.35514716334865104 -0.8960660565887838 -0.26633834608413687 185.2196044921875 0.09530855716235659 -0.2487186610538057 0.9638751509273554 0.8120927810668945
-0.9918047090379938 -0.11954322713005013 0.045086982349605106 149.00003051757812 0.11376756295730926 -0.986930541085947 -0.11412733542212652 185.28648376464844 0.058140869866342995 -0.10806259259860992 0.9924424997610954 0.8312759399414062
-0.9232391894272812 -0.382959752384374 -0.031164517633923243 148.04098510742188 0.38369800572935836 -0.914683882556318 -0.12700092673288782 185.3480224609375 0.020130561466820997 -0.1292099959190387 0.9914128995779872 0.6679191589355469
-0.9877014231041663 -0.14357542914613394 0.061903109320195576 147.15167236328125 0.14132911591683714 -0.9891831594958633 -0.03927795773645047 185.2109832763672 0.06687286289796349 -0.03004618304019087 0.9973090028133434 0.6335306167602539
-0.9909614456432299 -0.13345340306569103 -0.013623599335937037 146.14923095703125 0.12836568291146222 -0.9728443843848293 0.19260336243580056 185.13449096679688 -0.0389572162680275 0.1891137038426582 0.9811821147572746 0.5755233764648438
-0.7660903280608342 -0.5765693075310077 0.28403070760898014 145.3187713623047 0.6411506015187591 -0.716525786544423 0.2748030265281468 185.096923828125 0.04507233545953483 0.39263039977835446 0.9185912332186242 0.8001289367675781
-0.9711991861697525 -0.21690006895753913 -0.09862302403305684 144.18289184570312 0.22732728475195904 -0.7195070651232051 -0.6562254862812733 185.06398010253906 0.07137539065050277 -0.6597453624876848 0.748091979829674 0.7242660522460938
-0.9891875017916455 -0.030613577804980432 0.14342557356755342 143.236328125 -0.13699500183420044 -0.15620528882302423 -0.9781780396309063 184.96084594726562 0.05234936266709159 -0.9872500780439037 0.1503224122699451 0.7405014038085938
-0.9477121584966187 0.28961440471546085 0.13403417929389858 142.272705078125 -0.318624624924299 -0.8822614434116461 -0.3465445048778705 185.06166076660156 0.017888908002711777 -0.3711310308375033 0.9284081779691316 0.7431221008300781
-0.9991640467840951 -0.037150161278303846 0.01706086548293277 141.4029998779297 0.04039670119898283 -0.9612586261326449 0.2726718911399194 185.0312957763672 0.006270099382849706 0.27313315288074413 0.9619558028574667 0.7167434692382812
-0.9949073463620582 0.10058902800966105 0.006420249129029446 140.49765014648438 -0.09280072235902001 -0.9390097109106031 0.3311325848436384 184.95701599121094 0.039336981130372206 0.32885043752389465 0.94356239415096 0.743438720703125
-0.9760844519240933 0.21737873465947607 0.002372431218699655 139.43276977539062 -0.21634059403026665 -0.972379108720007 0.087610594676194 184.92022705078125 0.021351582767413974 0.08500208610810728 0.996151973983185 0.7119588851928711
-0.9973433973233071 0.058306530155425286 0.043663444170595096 138.5464630126953 -0.05888434167253507 -0.9981918993660351 -0.01206508789108105 184.88424682617188 0.04288102285855997 -0.014604128911436047 0.9989734417377382 0.6738274097442627
-0.9901977573955706 -0.13570708097095804 0.033045263247925685 137.6335906982422 0.13226358772858512 -0.9870839889587278 -0.09039658236066753 184.68882751464844 0.04488590658487071 -0.08513980805515076 0.9953574576373989 0.6226398944854736
-0.9982685938035066 -0.018287967320887326 0.05590496289989866 136.69544982910156 0.021373999845547227 -0.9982514113096451 0.05511145025222688 184.71961975097656 0.05479933171281777 0.05621094261415021 0.9969139196411377 0.6647129058837891
-0.9953308464843869 -0.07979464331052132 0.05430765080190067 135.7709197998047 0.0948877183675942 -0.9120064682642539 0.3990495241785848 184.7099151611328 0.01768691436250638 0.40233942976435894 0.9153197016983872 0.6478309631347656
-0.9616723918954261 0.27210139303604486 -0.03386801697728236 134.79931640625 -0.26872844173531074 -0.9107082532112322 0.31368057341100614 184.58273315429688 0.05450903841237093 0.3107592467502613 0.9489243675291349 0.6061592102050781
-0.9908847572906183 -0.05724452226390353 0.12194450557482911 133.98304748535156 0.07632387096385884 -0.984478489243825 0.15804040919109277 184.50547790527344 0.11100479489735704 0.16590710921167082 0.9798738524028601 0.6121749877929688
-0.9979946293977965 -0.024784200004748555 0.05824485490821886 132.98922729492188 0.028798198878383495 -0.9971926744335661 0.06911898290189891 184.46511840820312 0.056368283941556324 0.07065772064082271 0.9959066738803026 0.5827255249023438
-0.9983714090335173 -0.04160157033142948 0.039036380088176365 132.047119140625 0.039662040520747295 -0.9980006904726891 -0.049209189769459406 184.46961975097656 0.04100551385070117 -0.047580785638692384 0.9980253587318536 0.6136640310287476
-0.9659750622244937 0.2579071623997347 0.01939264662965551 130.9927978515625 -0.2578525374440705 -0.9661696947838726 0.00530940814903008 184.40130615234375 0.02010592186496413 0.00012831272592169016 0.9997978472880428 0.6600604057312012
-0.9972127582786166 0.0359644708022649 0.06537026515371122 130.09317016601562 -0.05397402443760325 -0.9526464437148154 -0.2992516632594113 184.30227661132812 0.051512322917555205 -0.30194587282728036 0.9519323350271327 0.6245956420898438
-0.9991820580963999 0.008885730796870998 0.03944944317031291 129.2146453857422 -0.014850246687178284 -0.9880240758933752 -0.15358351353049562 184.40240478515625 0.037612297876787056 -0.15404372510182787 0.9873478848942656 0.5918130874633789
-0.9906889506778324 -0.1311840230773963 0.03641641242742552 128.2477569580078 0.13472255930214277 -0.9831806005389289 0.12331155152292772 184.41070556640625 0.019627404819176242 0.12706950386752985 0.9916996048032508 0.5937004089355469
-0.983707638086082 0.14528340657894068 -0.10588680061235278 127.28866577148438 -0.17580263045539835 -0.9005445685829737 0.39763414732724894 184.31512451171875 -0.03758613968026749 0.4097709259678191 0.9114137755901056 0.6367225646972656
-0.9709578834185248 -0.23918308680871442 0.0056779936662047295 126.31382751464844 0.21330888693604455 -0.8546865487077933 0.4732971817072934 184.2775421142578 -0.10835177608846222 0.46076279628743455 0.880884520340697 0.6355476379394531
-0.9921444862782555 0.06607040015034381 -0.10622627062845928 125.41448974609375 -0.08177916092814298 -0.9851330702106696 0.15107945861429772 184.140625 -0.09466513183609958 0.15857974713460055 0.9827975257463668 0.5889434814453125
-0.9741435293530257 0.22103358591396108 -0.04678181396275891 124.48609924316406 -0.21613397174003543 -0.9720202431307924 -0.09199322368431584 184.0907440185547 -0.06580646229290989 -0.07950346433942726 0.9946600970575431 0.5442543029785156
-0.8539999630188341 0.5168781063998749 0.05933874188343915 123.42342376708984 -0.5165520326859041 -0.8287429701307593 -0.2153116043944395 184.08094787597656 -0.062113289173013 -0.21452764992729187 0.9747409023554836 0.5534877777099609
-0.9831134286750676 0.17512439783939826 -0.053098320502069245 122.57868194580078 -0.17008909586009374 -0.9814999141295149 -0.08790687136538534 184.16201782226562 -0.06751063492701098 -0.0773909803862357 0.9947124963156987 0.6264963150024414
-0.9753931916005109 0.22046506886946723 -0.0018097479798437031 121.6278305053711 -0.22014678118178768 -0.9743654058826662 -0.04634059294404521 184.04098510742188 -0.011979837839786619 -0.044801888659839535 0.998924058303655 0.5645506381988525
-0.46929685968852775 0.8798743206726336 0.07471035609176091 120.60969543457031 -0.8829789794815903 -0.46858001145514117 -0.02794449245108545 183.94082641601562 0.01042013820135465 -0.07908193653149345 0.9968136576282919 0.5654439926147461
0.45985401311816404 0.4883644234648442 0.7416430924056192 119.41634368896484 -0.8870351150454933 0.2138162959561914 0.409208133178952 183.7821044921875 0.04126731509739928 -0.846039468037647 0.5315206743177798 0.6103057861328125
-0.9594996165081212 -0.27698334188153917 -0.051387880291976745 118.92119598388672 0.28020803071595635 -0.9571823720490577 -0.07270052380020899 184.11196899414062 -0.029050739113727072 -0.08415542144552217 0.9960290756791552 0.8897438049316406
-0.9751010041440366 -0.19986651144617043 0.09608022335334966 117.97760009765625 0.22176063433605067 -0.8778438337851743 0.4245143396214312 184.06033325195312 -0.0005027684995699694 0.4352511701163883 0.9003089281664103 0.6416091918945312
-0.680335796488609 0.02966302887246791 -0.732300012791425 116.82695770263672 -0.7178267514203029 0.17463660846778067 0.6739635078609565 183.91156005859375 0.14787818960747612 0.9841860391719557 -0.0975186204651866 0.664764404296875
-0.8999285781430036 -0.36277819026949926 0.2419101876860478 116.12904357910156 0.4199479202263872 -0.870420265267193 0.2569286011905284 183.7377471923828 0.11735543676815233 0.33280707095399387 0.9356640182159297 0.6445503234863281
-0.7352515650411124 -0.6736761044414983 0.07460323323504622 115.17591094970703 0.6562161643254563 -0.7350708259300005 -0.17044420361095572 183.81910705566406 0.16966284738439605 -0.07636351989736176 0.9825391244354114 0.6522023677825928
-0.9733352976385431 0.03653880096298602 0.22645819568979117 114.18138885498047 -0.0870967865553934 -0.9721687355502092 -0.21749045815950538 183.81851196289062 0.21220873719668734 -0.23141492095993857 0.9494285577201121 0.6598715782165527
-0.8308073416235127 0.43725073601998476 0.34434133494899105 113.12696838378906 -0.4578703605110622 -0.8887012790191346 0.023764882394487354 183.76109313964844 0.31640779710674266 -0.13791965240579554 0.9385436992545008 0.6937942504882812
-0.7252802232393621 0.6014443463868365 0.33501238182666004 112.24979400634766 -0.567274162910134 -0.7978127474112661 0.20419315405442479 183.64224243164062 0.39008796683884994 -0.04194661210870611 0.9198216456792773 0.7276668548583984
-0.9142941937144512 -0.1804655971056289 0.3626269372252289 111.4429931640625 0.14267921176981033 -0.9813719995701212 -0.128653181027471 183.57188415527344 0.3790893956163729 -0.0658875308465148 0.9230114102275023 0.7099742889404297
-0.9034068353301854 -0.31034355300295036 0.2958766110867904 110.3807373046875 0.2649736570848742 -0.9465747431547731 -0.18380755336096102 183.64361572265625 0.3371128163238034 -0.0876534924060641 0.9373749593088422 0.7274904251098633
-0.815481123544983 -0.5756828577419266 0.05983129986805394 109.46527099609375 0.4662381465784553 -0.7146423277035658 -0.5214483043692024 183.63067626953125 0.3429468294311805 -0.39733561475976215 0.85118263693909 0.7770271301269531
-0.8132192576754318 -0.5790989704502799 0.05760921253797721 108.4723892211914 0.49107499321249576 -0.7359705726185246 -0.4660393409154515 183.54295349121094 0.3122815876531423 -0.35070172321074655 0.8828864657190335 0.7717990875244141
-0.8348831056078573 -0.44269854771007594 0.32709050097177916 107.5090560913086 0.4824296253734915 -0.8746402975956432 0.04760258799474959 183.5503387451172 0.26501293653814817 0.19754074434707086 0.9437933024715917 0.8281745910644531
-0.9634527771187334 0.26786224609082054 0.002926325576699043 106.3671875 -0.13150139623198473 -0.4824478906024046 0.8659973531381773 183.47230529785156 0.23337979572199197 0.8339627389592841 0.5000400193747401 0.8399124145507812
-0.9245858974088115 0.08989149021486183 0.3702167450287656 105.241943359375 0.3139658142061243 -0.3706434350448315 0.8740989140641081 183.4713592529297 0.21579246006899339 0.9244149306697286 0.31446883809409915 0.7962646484375
-0.9287443155254903 0.3677807163901288 -0.046597650484249256 104.14283752441406 -0.3264649872866991 -0.7518294954306842 0.5728638772660904 183.29653930664062 0.17565479912312104 0.5472565709537042 0.8183248970262421 0.8300628662109375
-0.7088248444235814 0.7053845125439859 0.0001714379444257147 102.97853088378906 -0.6919392617561855 -0.6953612035921546 0.19414647712275146 183.09107971191406 0.1370671294227414 0.1374972217972178 0.9809725358183359 0.6941165924072266
-0.5955345611016393 0.7059999581073341 0.3832788093358678 101.84117126464844 -0.797805767969547 -0.5756373006294963 -0.17929767070017422 183.0745086669922 0.0940454311915207 -0.4125600044556301 0.9060627459484092 0.8465156555175781
-0.7857042685133112 0.334821444017085 0.5201570946034247 100.72200012207031 -0.6149489680558312 -0.5140049933422736 -0.5980272849179016 182.9512481689453 0.06713098485074112 -0.789742659000717 0.6097540187874503 0.8249359130859375
-0.9300970354398899 0.1416541981237916 0.33890056479716046 99.77721405029297 -0.36563469938502885 -0.4451734831872447 -0.8173933180987939 182.9773406982422 0.0350823498578465 -0.8841689080830891 0.4658482271165256 0.8812942504882812
-0.9939403924321909 0.052611224368483867 0.09651194414263792 98.79901123046875 -0.09547785292382718 -0.8482788669323295 -0.52087133105697 183.0274200439453 0.05446536415740405 -0.5269298084056858 0.8481618366330502 0.9956474304199219
-0.9112042027853958 -0.41190367777623565 -0.006500850762959682 97.76375579833984 0.41098379147762704 -0.9078599045007124 -0.08296214162273978 182.89271545410156 0.028270549497765474 -0.0782671964131091 0.9965314957374533 0.9760513305664062
-0.9862656743575011 -0.16511496737273945 -0.004131238754020664 96.75421142578125 0.15813198833419484 -0.936741940467668 -0.31226400886804384 182.73135375976562 0.04768955702895135 -0.30862855428227454 0.9499863797086858 0.9387168884277344
-0.9041839276060527 -0.42711139875084436 -0.005222845583536839 95.60067749023438 0.42559927897285876 -0.8998093804328781 -0.095960057434241 182.7308807373047 0.03628606890633116 -0.0889883809387343 0.9953714830460172 0.9071354866027832
-0.9820581349052869 -0.1851125145339817 0.03598856247831004 94.60697174072266 0.18839107977592418 -0.9715555710009555 0.143487189385911 182.65003967285156 0.008403613937478434 0.1476926857360016 0.988997598507133 0.9105205535888672
-0.9360255627802837 -0.3363449438905412 0.10357714294728239 93.60340881347656 0.3519236133021149 -0.8925135269733012 0.2820804398927048 182.5677490234375 -0.0024323285626342006 0.30048574490139635 0.9537832043440566 0.8929309844970703
-0.9389748862665278 -0.34255291634635665 0.03136339368382743 92.4442367553711 0.3437161154617364 -0.930721966197327 0.12496340908312041 182.46885681152344 -0.013615980781972993 0.12811760667600292 0.9916655101025534 0.8874588012695312
-0.9987353227377503 0.049993280941100456 -0.005331695477589545 91.34007263183594 -0.05026965583173427 -0.9911769564105116 0.12264258144442955 182.36590576171875 0.0008466513335082652 0.12275550065695123 0.992436582477682 0.9353418350219727
-0.9973870584367727 0.07150686778917442 -0.010287056032879226 90.14303588867188 -0.07180386558689902 -0.9968993309555308 0.032185848244122565 182.22972106933594 -0.007953650081604455 0.03284039889216752 0.9994289607825975 0.8627116680145264
-0.9961472349148999 0.08132444175998318 -0.032818006396275884 89.17620849609375 -0.0817990273127086 -0.9965589580633161 0.013385149773242132 182.27362060546875 -0.03161653842680526 0.01601806093709457 0.9993717107371619 0.8691553473472595
-0.966287999519845 0.24928738418572063 0.06436848662021265 88.06295776367188 -0.2522226153305437 -0.9667444620361341 -0.042295359536073614 182.11277770996094 0.05168417842779523 -0.057104686395304326 0.9970294882760176 0.8576364517211914
-0.9964559292232924 0.06234884397248054 -0.05646417245510624 87.05944061279297 -0.07982979582564485 -0.9125082058119027 0.4011931928938697 181.9639129638672 -0.02651008891310168 0.4042788591816757 0.9142515076304671 0.8835563659667969
-0.9926972849149763 -0.12061102472198226 -0.002254160142523021 86.03919219970703 0.1200784925575217 -0.9861810024463574 -0.11414107954199057 181.8270263671875 0.011543662657404788 -0.11357821591049577 0.9934619935976621 0.8379116058349609
-0.994092756881379 0.09254025024991867 0.05670884234104799 84.9141845703125 -0.10612962442138653 -0.9381938395715247 -0.32943712937405145 181.8558349609375 0.022717692139714515 -0.3335095522975654 0.9424729624716683 0.8228569030761719
-0.9692516586419161 -0.24484636419370054 0.024525092477309537 83.8943862915039 0.24239532040562461 -0.967180933798789 -0.07619415949767538 181.8534393310547 0.04237606476950663 -0.06790654782293354 0.9967913371901976 0.889728307723999
-0.9964680614677316 -0.010701560535618057 0.08328792875827606 82.77070617675781 0.03685446830194722 -0.9469504707960891 0.31925938361345935 181.83761596679688 0.07545296972897711 0.32120131142504343 0.9440003002636759 0.8733940124511719
-0.9878433486291665 -0.13502674316837454 0.07702789883189867 81.79336547851562 0.143792302382946 -0.9819706912330792 0.12270833441392798 181.58291625976562 0.05907023230466276 0.13229263089292154 0.9894490221668334 0.8564176559448242
-0.9839659024442556 -0.17811720352015453 -0.009239298524309728 80.79476928710938 0.15600880779671128 -0.8344139748327767 -0.5285967938737567 181.48069763183594 0.08644278290817721 -0.5215626332607867 0.8488227523276952 0.872802734375
-0.997454084014156 -0.028245235833411788 0.06547943903391365 79.62637329101562 -0.01888487362582848 -0.7808085854263903 -0.6244848392655948 181.48373413085938 0.06876562972603067 -0.624131524261637 0.7782873046576233 0.8535423278808594
-0.9308760120948677 -0.3649346895394789 0.017103288487300774 78.70281982421875 0.3567938636015017 -0.9181796587416057 -0.172175065469601 181.56910705566406 0.07853654565021737 -0.15417128994683985 0.9849178769590177 0.9355192184448242
-0.9849080954448884 -0.14525475530189388 0.09411216493795818 77.5185317993164 0.16699875260070488 -0.9403942276379632 0.2962602120687268 181.47621154785156 0.04546933204843768 0.3075056953738993 0.9504592506550102 0.8714542388916016
-0.9923490331699116 -0.11306485262056028 0.04959572026528779 76.46053314208984 0.12146986912886189 -0.9659936665375648 0.22825710745369873 181.31704711914062 0.022101295449788918 0.23253510554581472 0.9723368538877039 0.8893947601318359
-0.8742353116788449 -0.4854215585891177 -0.008861730683384118 75.36023712158203 0.48234251242226084 -0.8704797011612505 0.0980346396759907 181.32261657714844 -0.05530208426428564 0.08143095433023005 0.9951435470086183 0.9084286689758301
-0.015574127241163194 -0.9279579327095837 0.3723593985412904 74.46422576904297 0.9950338802854641 0.022231998327130353 0.09702224144202679 181.3533935546875 -0.0983108521208545 0.37202125392474283 0.9230033385549228 0.875640869140625
-0.8622998235012768 -0.295440249170759 0.4112834467366597 73.32595825195312 0.49623797485284155 -0.3311108825341188 0.8025667920998398 181.2524871826172 -0.10093010801350383 0.8961476678747742 0.43212552650703895 0.8405838012695312
-0.10402394919071759 0.25287523983458543 0.961890394521833 72.29476928710938 0.9843396203086106 0.16456863957699383 0.06318761554670016 181.06527709960938 -0.14231841021268854 0.9533998510312334 -0.26603419736596734 0.804473876953125
-0.6950366235717765 -0.5685925929875298 0.4400301752080896 71.21893310546875 0.6990007387768734 -0.39113401381310975 0.5986753297304237 180.83946228027344 -0.16829158946105996 0.7236826973461252 0.6692991068860817 0.8137664794921875
-0.988181833642995 0.13270808656786268 -0.07671523588873741 69.88251495361328 0.013894309605030498 -0.4208633353643 -0.907017641011814 180.65185546875 -0.1526552056713675 -0.8973642608804593 0.4140456152115357 0.7891311645507812
-0.5494956252014763 0.43513476625291986 0.7132406978590432 68.69438934326172 -0.8253670912270428 -0.15018496944585177 -0.544255123698398 180.5333709716797 -0.12970629361695807 -0.8877512096024228 0.44167189999544465 0.8621978759765625
-0.8486576627989046 0.45309867725237596 0.2729134662211595 67.76853942871094 -0.5124706866610816 -0.576573362826571 -0.6363465664180005 180.57981872558594 -0.13097315253829744 -0.6799005412198217 0.7215131927852556 0.8593826293945312
-0.7118059854864188 0.6399736330572294 0.28942354433811834 66.5552978515625 -0.683518875215888 -0.536311522027391 -0.4951483601550857 180.5414581298828 -0.16166071337624138 -0.5502760219491614 0.8191838092995313 0.8747596740722656
-0.948981258076252 0.29983899871524733 -0.09762759174256054 65.5088119506836 -0.24522730270941048 -0.8963766171755994 -0.3692865150350014 180.65499877929688 -0.19823758933633484 -0.3265050306354667 0.9241733187794656 0.8801612854003906
-0.9372688811583629 -0.3036255257365543 -0.17128509723076238 64.47621154785156 0.3113930568169795 -0.9500748306298026 -0.01980354437795221 180.50250244140625 -0.1567207981677229 -0.07189823589597391 0.9850224541078842 0.8872613906860352
-0.922274185765155 0.34688846111611066 -0.17052484222457737 63.45362091064453 -0.37086896880556824 -0.9184546964950774 0.13746700863563435 180.37887573242188 -0.10893362313039485 0.19002464585056242 0.9757172232368624 0.9001064300537109
-0.9690048179158354 0.09176181709685073 -0.22936746015724005 62.32559585571289 -0.24189706764238994 -0.5409291226138476 0.8055318075496624 180.4901123046875 -0.050154476588954805 0.8360475185246933 0.5463598404410694 0.8896636962890625
-0.8413023253418136 0.16761819011560647 -0.5139207523702716 61.298431396484375 -0.5359924561474338 -0.38205776197886154 0.7528239857129586 180.29774475097656 -0.07016041852425531 0.9088102160814833 0.41126816898275675 0.8335952758789062
-0.921814003254662 0.34625058575942863 -0.17426840007547725 60.29389953613281 -0.3870799260854824 -0.8462274940501606 0.36615319080303393 180.11138916015625 -0.020689954694767615 0.40498093803886376 0.9140910050973539 0.8313369750976562
-0.7824798024970694 0.6169364743885313 0.08434894933072068 59.145973205566406 -0.6226759501754537 -0.7752978840799309 -0.10577264303343158 180.0320587158203 0.00014056046067113803 -0.13528701900120027 0.9908064405990333 0.8528718948364258
-0.11782805931446916 0.768378620250422 0.629055517724981 58.04594039916992 -0.9912748683810931 -0.12869927191662733 -0.028471612602320784 180.03851318359375 0.05908200871866631 -0.6269216803957157 0.7768388011007044 0.8820648193359375
-0.3419362631261141 0.9312978077855631 0.1255547098804072 56.893272399902344 -0.9348661899246671 -0.35068560708270763 0.055179814432173666 180.11410522460938 0.09541906987120133 -0.09850887370606336 0.990550959267658 0.901829719543457
-0.7514690619532981 0.6590243378883393 -0.031323649178636184 55.9266471862793 -0.6551318323485352 -0.7397280623774064 0.15363813320598085 180.05128479003906 0.07808028669696981 0.1359754235227969 0.9876305751783483 0.895136833190918
-0.6097945903533805 0.7371230690221305 0.2912046337048021 54.88425827026367 -0.7840729042015578 -0.6146938861673793 -0.08591337035281184 179.8233184814453 0.11567298073745338 -0.28071517134604623 0.952795231990312 0.8835926055908203
-0.5042134576654105 0.13955495853914074 0.8522283747072905 53.73956298828125 -0.8493495304006122 -0.2585475936405064 -0.46017226886348006 179.6052703857422 0.15612227361062447 -0.9558648206571064 0.24889411466084732 1.0142898559570312
-0.9829800495080422 -0.16697148360815095 0.07662079307120284 52.83736038208008 -0.04410683512942039 -0.19037619837760214 -0.9807198836498412 179.7490234375 0.17833902927859968 -0.9674075804711191 0.17977142120754883 0.9964599609375
-0.6517125773727556 0.7292033545607222 -0.2086460739902606 51.611026763916016 -0.7321989606428148 -0.533100897311816 0.42389634973530743 179.84613037109375 0.1978772309482358 0.42902902114277297 0.8813504980934272 0.9454345703125
-0.8678778530497524 -0.3167291367911059 -0.3827148887792492 50.56083679199219 -0.4367369764554351 0.8535972455206433 0.2839587220638501 179.8724365234375 0.2367463739581178 0.41358722942945303 -0.8791454703691259 0.8863677978515625
-0.9526154500653137 0.28792374833621576 0.09810055780108254 49.45469284057617 -0.22022041171240497 -0.8753011863597411 0.43052387090897626 179.46095275878906 0.20982558128616938 0.3885199458216444 0.897232119987168 0.6978836059570312
-0.8684444065918266 -0.027420928092499575 0.4950276814097532 48.30344772338867 -0.3305069840303096 -0.712226874217688 -0.619272164035564 179.38571166992188 0.36955303566140374 -0.7014135530089561 0.6094666368955675 0.8704833984375
-0.9469695940134782 -0.22554446050974955 0.2288630252952929 47.332942962646484 -0.2075656131349132 -0.11432795527335839 -0.971517181982357 179.36434936523438 0.24528576040584865 -0.96750132556828 0.0614498231547139 0.9362030029296875
-0.927879505104325 -0.3329686354012013 0.16784371256146147 46.221458435058594 0.2655034426757645 -0.9060201583439526 -0.32959883889618885 179.3085174560547 0.2618158626490566 -0.2612649240014064 0.9290818551407994 0.935943603515625
-0.797518172296507 -0.5138379904468352 0.3161254251565304 45.177757263183594 0.565764211681331 -0.8189382302508001 0.09618228430584158 179.28717041015625 0.20946508453067095 0.2555595715430078 0.9438292662104272 0.8978366851806641
-0.8661841223374357 -0.4982441503436345 0.03844259172943183 43.91643524169922 0.4686879271985806 -0.8366678682165868 -0.2834051961277526 179.28179931640625 0.17336866241862753 -0.22746350243997757 0.9582294411824938 0.9230384826660156
-0.9757893683352483 0.035631890394215916 0.21579035435077173 42.719669342041016 -0.1397850604935151 -0.8604292032392229 -0.4900221659026665 179.250244140625 0.168211906554564 -0.5083226874732729 0.844578474680256 0.9554672241210938
-0.8879661021538677 0.4115846984411568 0.2052175368597159 41.5635986328125 -0.4278311560383293 -0.9029634193068184 -0.04021896712554266 179.21591186523438 0.16875041732859086 -0.12351153550515337 0.9778896651711715 0.9079699516296387
-0.8176448559475791 0.5502408349731098 -0.1693868739618204 40.24565124511719 -0.5601097043539536 -0.6922081140023373 0.4551099273778302 179.09548950195312 0.13316909788306536 0.46699352290735474 0.8741756350594476 0.89324951171875
-0.909247528112339 0.4120453820152648 -0.05905536200461298 39.258148193359375 -0.39031607957265896 -0.7946624756221016 0.46493538031126713 178.90756225585938 0.14464539622342332 0.44579160265537454 0.8833728297572445 0.9416694641113281
-0.9865403389124657 -0.0054715582716456344 0.16342650258925917 38.078121185302734 0.04501292931059514 -0.9699135395826118 0.23925208866216557 178.85659790039062 0.15720049584322726 0.24338814224281624 0.9571051229213194 0.9727439880371094
-0.952267793461573 -0.23409597810508426 0.19592121521379596 37.03972244262695 0.2644282415827859 -0.9532509912379309 0.14625406919924533 178.7329559326172 0.152524603226045 0.1910801421888882 0.9696518058931317 0.9987983703613281
-0.9886370403233042 -0.06920504054308824 0.13344461347018496 35.9113883972168 0.012883101391404975 -0.9234644712096565 -0.3834675946048227 178.56466674804688 0.1497692498456086 -0.3773910873045353 0.9138627572145527 1.0449466705322266
-0.9835451554680921 -0.17543663337116241 0.04313832201928011 34.740013122558594 0.04375056404745395 -0.4629641177999143 -0.885296624739571 178.5688934326172 0.1752849545761883 -0.8688418804944542 0.4630215668822395 1.0182037353515625
-0.979686120300594 -0.11154817103897925 0.16664966615096757 33.53179931640625 0.10520222323694169 -0.9933648748790573 -0.046462001490676016 178.64781188964844 0.1707266760537878 -0.027986262601024898 0.9849208959044637 0.9577293395996094
-0.9773641846191837 -0.08475983868361534 0.19384277229240565 32.2861328125 0.1409570327860963 -0.944140234774215 0.2978763703092765 178.46414184570312 0.15776680744636146 0.3184571977940165 0.9347163460865362 0.9456272125244141
-0.9792448492924781 -0.14750150946473312 0.13900658200163493 31.123170852661133 0.1532656593949669 -0.9876777923353202 0.031657798057576576 178.4282684326172 0.1326241410316312 0.05230567113854439 0.9897853070147934 0.968696117401123
-0.953459434542311 -0.2735182074740698 0.1268971901281837 29.89270782470703 0.28159432327291006 -0.9582064034548786 0.05044923664970899 178.34237670898438 0.10779491538439327 0.08383482902850245 0.9906321101493901 0.9536170959472656
-0.9922897397694479 0.014322480692390935 0.12310945899928843 28.740976333618164 -0.012196541054925712 -0.9997635034670287 0.018005041561402896 178.2799835205078 0.12333822089918803 0.01636470843456806 0.9922297514100626 0.936091423034668
-0.9459418008902131 -0.31774225274335743 0.06506896456957525 27.70962142944336 0.2971440650531637 -0.9294261055033105 -0.2187978953569487 178.18995666503906 0.1299981304952555 -0.1876352185239366 0.9735982286534899 0.9196748733520508
-0.9690883737082779 0.18181923136084627 0.16676177934645772 26.32350730895996 -0.2134355455554034 -0.9568808236652485 -0.19703897379752905 178.07382202148438 0.12374567401292422 -0.22654107002719637 0.9661087680763591 0.8983135223388672
-0.9752357628979773 0.19464626258627876 0.10501447150747192 25.245180130004883 -0.1874022956404443 -0.9794144782571479 0.07501772703148378 177.9576416015625 0.11745461401533672 0.05348001721645303 0.9916371823429354 0.8717150688171387
-0.938219612374783 -0.3050386507504299 0.16338721034300538 24.07156753540039 0.34042139748327516 -0.8983645697193274 0.2775866927800073 177.87966918945312 0.062106610685547715 0.3160577817763161 0.9467049421481799 0.8743267059326172
-0.9446862728233572 0.3269698426618268 0.02566257837423848 22.90675163269043 -0.31479856129804384 -0.9259083611557581 0.20879552808079976 177.65635681152344 0.0920310368505945 0.18916772645342678 0.9776225547340067 0.9014205932617188
-0.9488299930418643 -0.1604309797660749 0.27199916366686316 21.854339599609375 0.29596542445595764 -0.7521390398358277 0.5888050036144767 177.64675903320312 0.11011862617550484 0.6391781954088676 0.7611341029562945 0.8287811279296875
-0.7780126110550178 0.0828470207981139 -0.6227621923208168 20.598979949951172 -0.6231394335149875 0.02440118118022319 0.7817300229335126 177.56529235839844 0.07996013655549605 0.9962634960199467 0.03264081892568907 0.8189620971679688
-0.9755734917009332 0.20226346329075928 -0.08570795592053702 19.536718368530273 -0.18534019038057448 -0.548426874748286 0.8153998877137033 177.30319213867188 0.11792105884930588 0.8113676444568486 0.5725182699341594 0.8156051635742188
-0.8237794191953147 0.5665544627038801 -0.020087540928346297 18.30443000793457 -0.5572912741867453 -0.8027935918394096 0.21201152000986548 177.0594940185547 0.10398992367313398 0.1858453380956793 0.9770606972356214 0.7457084655761719
-0.6365296065830257 0.046654554263316717 0.7698398616009368 17.12843894958496 -0.7515273336021873 -0.2618224787877379 -0.6055209793642423 176.8402099609375 0.17331106944464064 -0.9639877292621185 0.20171993218326043 0.7305221557617188
-0.8772138090448529 0.3363958681897973 0.3425401481371967 16.094202041625977 -0.4601958403547852 -0.7924697062075214 -0.40026435422545115 176.97825622558594 0.13680541561346599 -0.5087529701222362 0.8499733487884369 0.7350349426269531
-0.9912601633690484 0.020530772032646877 0.13031414319754608 15.04357624053955 -0.07077841095419622 -0.9163739528655873 -0.39401674463440906 176.85360717773438 0.1113270185550928 -0.39979653063682496 0.9098181296448166 0.7582893371582031
-0.9593570259831956 -0.27292918939103683 0.07171997124253557 13.993350982666016 0.2625418551507409 -0.9564226814603338 -0.12777882720635908 176.7550048828125 0.10346917894081281 -0.1037560213509402 0.9892061549761696 0.7170438766479492
-0.9530959661998958 -0.30261199615181966 0.005836008781550689 12.843254089355469 0.2898134069062057 -0.918006344898869 -0.2706890095715689 176.5653076171875 0.08727123461316053 -0.2563012495295915 0.9626491578444687 0.7640705108642578
-0.4500183759980919 -0.6444191814830955 -0.6182292291704565 11.858261108398438 0.8880779086185671 -0.250217579893942 -0.38562778807509523 176.52621459960938 0.09381412200576067 -0.7225753118178587 0.6848969479152409 0.72943115234375
-0.9302586838972718 -0.3669030465733702 0.0009671860705850882 10.685920715332031 0.35527408589907344 -0.9014264022144035 -0.24740809461166471 176.4223175048828 0.09164663071981179 -0.22980991233185746 0.9689108830391631 0.6199016571044922
-0.9497642750978375 -0.2774698751327732 0.14476978324803466 9.663036346435547 0.29521003144345725 -0.9478629356681538 0.12002871540469986 176.3164825439453 0.10391755906983521 0.1567364781419842 0.9821582445495303 0.5988903045654297
-0.9116822331563551 -0.3986457909510533 0.09958433161923909 8.62356948852539 0.4072674485148365 -0.9088286290548834 0.09035346363275959 176.1337890625 0.05448606360581125 0.12293110414874864 0.990918368234999 0.5050201416015625
-0.907604752846264 -0.4172899113706311 0.04607322952824984 7.588340759277344 0.40916032584859796 -0.9037844200375088 -0.12554501124669576 175.9557342529297 0.09402893364460287 -0.0950939112969628 0.9910175112841872 0.44994497299194336
-0.9469190733588978 -0.31515788911647435 0.06340168323297511 6.534812927246094 0.2937664306910356 -0.9284120392910294 -0.22749147126545435 175.8592987060547 0.13055861790083195 -0.19679072698458158 0.971713876130574 0.4806842803955078
-0.9796943787493181 -0.14465329972847418 0.13883208247610604 5.484554290771484 0.09920080384248797 -0.951464933923769 -0.29133087723487605 175.6798553466797 0.1742358308844433 -0.27164296860235937 0.9464945709537406 0.40234375
-0.8958630670961434 -0.4294172934231384 0.11414969611101286 4.601314544677734 0.4165385361845553 -0.9010733740641272 -0.12067486244415915 175.56622314453125 0.15467712463812552 -0.06056040506663651 0.9861072073825675 0.31037092208862305
-0.95977509894412 -0.2605927817286742 0.10451392996972061 3.5971450805664062 0.2665780149508547 -0.9626243451377126 0.047859503685805466 175.3785400390625 0.0881358121972333 0.0737954758715012 0.9933711825643183 0.2002725601196289
-0.9535020931292347 -0.23218693139553048 0.19215355132626408 2.5671863555908203 0.2628129786982632 -0.9526355133136651 0.15301933538398335 175.234130859375 0.14752320707574865 0.1964047037693776 0.9693616949886914 0.1472759246826172
-0.9870639247024141 0.11992541292985656 0.10640819463119586 1.5866154432296753 -0.09034365812755665 -0.964334802496133 0.24878989555622072 175.11495971679688 0.132449356311 0.23595822517629567 0.9626945953855015 0.13645172119140625
-0.984403746523766 0.13956973096457262 0.10709600379308955 0.5445305109024048 -0.11956727110150353 -0.9773427428990822 0.1746563213394749 174.9595947265625 0.1290462378812811 0.15912716016122191 0.9787878296074755 0.05165672302246094
-0.9914839722557391 -0.04013653740872517 0.12388943104566592 -0.3287496566772461 0.04875207189741921 -0.9965401908694824 0.06731183749924252 174.83824157714844 0.12075913317712113 0.07277847447325045 0.9900103663132306 -0.023660659790039062
-0.9235192101432199 -0.3826612149207454 0.026127822179087906 -1.275299072265625 0.3731335184954892 -0.9121156340647316 -0.16975407939094936 174.67471313476562 0.08878989735110268 -0.14702198709741146 0.9851400354458797 -0.03770160675048828
-0.9476401960560701 -0.3177394258430476 -0.03193299365459033 -2.2359848022460938 0.3191269502863521 -0.9386088175720322 -0.13103998312333717 174.58474731445312 0.011663979584421554 -0.13436943417668615 0.9908626578589446 -0.07135677337646484
-0.7542565469047854 -0.6561738948448314 0.023084219186128626 -3.0402450561523438 0.6562099608120845 -0.7521856815933 0.0600432155786553 174.50747680664062 -0.02203517148268681 0.0604360830149232 0.9979288206518246 -0.16473150253295898
-0.9296133969270373 -0.356327972877597 -0.09407076059391192 -4.168609619140625 0.33267166024284933 -0.9211865817948419 0.20185353103773315 174.5228271484375 -0.1585827819312072 0.15635107056261996 0.9748876058340683 -0.19974040985107422
-0.8916260999815631 -0.44994603149161483 -0.05051204387682118 -4.958553314208984 0.39382847961705547 -0.8257507770759309 0.40377565900016116 174.24403381347656 -0.22338761486301267 0.3401238346594408 0.913462506413028 -0.26712989807128906
-0.9466698153980835 -0.10884647672759797 -0.3032634252892141 -5.95706844329834 0.05419233095052893 -0.9815915045614096 0.1831428661974479 174.08200073242188 -0.3176152576314724 0.15694127142614983 0.9351416927090979 -0.3496866226196289
-0.7926895140210485 -0.5785248437352879 -0.19222991323447775 -6.652305603027344 0.5181854660793277 -0.8055211503777678 0.28743607817778816 173.76193237304688 -0.3211341730573439 0.12823681793907038 0.9383113350160691 -0.3630514144897461
-0.912350003921333 0.18029837977261237 -0.3675730738181381 -8.177010536193848 -0.15403545865398915 -0.9830076297591304 -0.09984526685122191 173.52845764160156 -0.3793290758984852 -0.034474542588805356 0.9246193584882882 -0.4562947750091553
-0.9802010412807638 0.1373153865467497 -0.1426548396992651 -8.415761947631836 -0.1299376015051615 -0.9897141503081182 -0.05985081783038113 173.48797607421875 -0.14940595164581685 -0.040129606245219086 0.9879612726799626 -0.021653413772583008
-0.6675840151223988 0.730443683945923 0.14416520848167494 -9.638153076171875 -0.7180199693861955 -0.5804113814900518 -0.38414834608449877 173.28994750976562 -0.1969236052780444 -0.3599647938622854 0.911946512063059 -0.2091522216796875
-0.3700136900288483 0.9290219708887271 0.0028366877270198376 -11.197967529296875 -0.8506893675023852 -0.3375847876659287 -0.4029443027949916 173.24314880371094 -0.3733864877169865 -0.15150804844157673 0.9152201057930259 -0.7697067260742188
-0.31538197571328735 0.948217760417754 0.03764688863003912 -11.894187927246094 -0.870197226711868 -0.27315163518796964 -0.41005483879246235 173.34112548828125 -0.37853797169921716 -0.1620841232893509 0.9112835678093649 -0.7733554840087891
-0.32142158453224506 0.9467560946574995 0.01846787008998152 -12.379814147949219 -0.8798164593629816 -0.2913703710181093 -0.3755346917752823 173.37557983398438 -0.35015876803354196 -0.13695329175178253 0.9266243214202741 -0.7217178344726562
-0.3422343202804147 0.9384704108129069 0.04635685548930496 -12.973411560058594 -0.867963059707596 -0.29685554442303136 -0.39814182489200245 173.4224090576172 -0.3598830323941805 -0.17649383494603835 0.9161518046813037 -0.7694358825683594
-0.3102239879920112 0.950337387593851 -0.024898333591370947 -13.549934387207031 -0.8789946116927831 -0.2967145840405658 -0.37326790410198324 173.42994689941406 -0.36211814355177774 -0.09391115673299233 0.9273894245416461 -0.7519493103027344
-0.3743955034510124 0.9267736351513184 -0.030309011598438712 -14.046554565429688 -0.8626654353703561 -0.3601118274579817 -0.3551447850414631 173.42593383789062 -0.3400534569930692 -0.10681807390738782 0.9343198303973748 -0.782989501953125
-0.35535373177467766 0.9297186224045146 -0.09667992794816113 -14.649192810058594 -0.8543911173818035 -0.36502056399040617 -0.3698321327348378 173.41021728515625 -0.37912998279334664 -0.048818756829490884 0.9240547522353529 -0.7495408058166504
-0.366976543215977 0.9248799236309954 -0.0996260186576598 -15.206748962402344 -0.8562864480703697 -0.3777080185660275 -0.352292735607698 173.3456573486328 -0.36345802450940895 -0.04397476066165326 0.9305721276958967 -0.7301697731018066
-0.46374964141253927 0.8859653034971308 -0.0013232871866654533 -15.607681274414062 -0.8677004566763385 -0.4544898037111391 -0.2013328979731931 173.2902069091797 -0.1789753825904979 -0.09221984234343211 0.9795219819405473 -0.7334985733032227
-0.4713021845901752 0.8723099641861161 -0.13019054183059897 -16.16480255126953 -0.8152544829425157 -0.4871973194534835 -0.31304775986975464 173.43539428710938 -0.336503163198594 -0.04140167024356506 0.9407717698030607 -0.7324638366699219
-0.439477647272898 0.8907152420271233 -0.11612818421055796 -16.76929473876953 -0.8326264781782023 -0.45245853679160825 -0.31939696354373864 173.3347930908203 -0.3370349319937649 -0.043676425047843415 0.9404785082664029 -0.6979184150695801
-0.37075455693024856 0.9273582744233512 -0.0504746409001566 -17.320823669433594 -0.8578051016410898 -0.3627650626249738 -0.36410426657376405 173.34556579589844 -0.35596554062714403 -0.09169591156231263 0.9299894589127242 -0.7034997940063477
-0.30625026422584395 0.933474471011794 -0.18664454889134158 -17.776718139648438 -0.8328382434037042 -0.3576943659487301 -0.42241590984806515 173.39395141601562 -0.4610761715658634 0.026079734235371466 0.8869772327835586 -0.65138179063797
-0.7016766008387292 0.6514867964121105 0.2884699324645322 -18.92064666748047 -0.6901045514758646 -0.7221338234861163 -0.04773310182271788 172.9512176513672 0.1772164097020989 -0.23256761399216258 0.9562984100448404 -1.0309257507324219
-0.6845648953305492 0.6243992935893524 0.376160107196646 -19.455745697021484 -0.6758687075517323 -0.7369921081626236 -0.006642488868095486 172.76858520507812 0.27307946505262065 -0.2587820601802403 0.9265308689382373 -1.23406982421875
-0.6899762584323882 0.6058248520159972 0.39611742132786526 -19.85199737548828 -0.6731348678018318 -0.7382437836575514 -0.043423100308394136 172.87310791015625 0.266124430575347 -0.2966013563198552 0.9171725153318593 -1.1419315338134766
-0.8431683319749947 0.3489487135375219 0.4090256217830541 -20.376039505004883 -0.46547635328013637 -0.854508480247671 -0.2305363783046876 173.03005981445312 0.2690704898191759 -0.384772728380436 0.8829218646081569 -1.1368064880371094
-0.8462778572517596 0.42271830727356574 0.32422680490844913 -20.859676361083984 -0.447781977765896 -0.8941376693126527 -0.0030213745546987525 172.9718780517578 0.28862620933212724 -0.14773984233072815 0.9459745505428032 -1.2321720123291016
-0.9335238533159694 0.2365589677040136 0.2693938939339868 -21.30352020263672 -0.21702650789117764 -0.9709713950104205 0.10056860814428537 172.7615203857422 0.285364171126414 0.03541757854977759 0.9577645248008538 -1.3176687955856323
-0.9547353298467044 0.1638089814026247 0.24828827510444196 -21.897245407104492 -0.1183598946497885 -0.9749871070833996 0.18812516142088587 172.6993865966797 0.27289445813536684 0.15022236395749455 0.9502430510590575 -1.4333114624023438
-0.9490490659930245 0.2831915147027695 0.13823326784142448 -22.35588836669922 -0.16881343635556878 -0.8272851920510201 0.5358182851666515 172.71868896484375 0.2660975273158175 0.48518221011642404 0.8329407715695937 -1.4424934387207031
-0.9737090327585319 0.09611226309824984 0.20652639639178594 -22.911827087402344 0.04028785026977284 -0.8196797318422332 0.5714035582035567 172.68833923339844 0.22420439033409817 0.5647013105077566 0.7942574023990824 -1.4978065490722656
-0.8349179536667154 -0.23197820447635992 0.4990973084408576 -23.11830711364746 0.4751297171055599 -0.7614934644849282 0.4408848551151785 172.58828735351562 0.2777836614492923 0.6052386440030622 0.7460043037658426 -1.5420455932617188
-0.9639441353097586 -0.11284213553681363 0.2409945153928053 -23.64143180847168 0.21231566503231544 -0.8720881768555073 0.4408903153514751 172.37857055664062 0.1604174628393284 0.4761605446026885 0.8646024366030112 -1.6359939575195312
-0.9730829959279675 -0.009680232465428235 0.23025154969134592 -23.967451095581055 0.07900873479452801 -0.9525786485449571 0.2938563223114844 172.35498046875 0.2164881125189534 0.30413847411282635 0.9277029081027517 -1.7223072052001953
-0.9338676837571349 -0.18034839356502286 0.30881322214665585 -24.26473617553711 0.2886131424513389 -0.8899862718381708 0.3530253389545244 172.27459716796875 0.2111719755044389 0.4188065100713088 0.8831803348600124 -1.8411884307861328
-0.9264023319059419 -0.2617765262526157 0.27065064149627754 -24.643428802490234 0.3199782869239459 -0.9262013472191483 0.19941153503910303 172.29335021972656 0.19847572984234085 0.27133763969001445 0.9417978923054574 -1.9582691192626953
-0.8972964825357785 -0.4220221839450846 0.12944612271960954 -25.04203987121582 0.429473957939985 -0.9024001628545384 0.03501521856945079 172.3359375 0.1020350032110701 0.0870127711219654 0.990968029646463 -2.0426230430603027
-0.8591279200104562 -0.4932646719596529 0.13634214482339324 -25.326623916625977 0.4874243418294392 -0.8698781126627624 -0.07569398986979334 172.30323791503906 0.15593821869780722 0.0014256601300284347 0.9877657816722285 -2.111186981201172
-0.9421787511066162 -0.21296987541351742 0.2587335175997268 -25.609439849853516 0.2293778558690353 -0.9727219684214268 0.03460883394841548 172.25550842285156 0.24430513748200494 0.09195544745525298 0.9653285427683174 -2.1522841453552246
-0.9766146055015436 0.12337231640098277 0.1760772099589276 -25.89447784423828 -0.06300772077683432 -0.9472508080730152 0.31423865727743944 172.151611328125 0.20555763046788836 0.29579583863008513 0.9328723827006306 -2.2357025146484375
-0.9823179322383027 0.15993431395939878 0.09732674463579835 -26.197952270507812 -0.077333312501 -0.8200506548718038 0.5670418699019927 172.09898376464844 0.17050231312415712 0.5494887975770409 0.8179187139053915 -2.2466659545898438
-0.9746413515602791 0.018243022725210736 0.22302786361932472 -26.362289428710938 0.14312385866006855 -0.7153329459912822 0.6839695442500976 172.0615997314453 0.17201685066005998 0.6985456094638925 0.6945820574904837 -2.2580795288085938
-0.9858820306120826 0.13549705846590668 0.0983726021983921 -26.646242141723633 -0.07102612757947957 -0.870443048449288 0.48711824910115376 172.03317260742188 0.15163083761972668 0.47325410357797937 0.8677779914985994 -2.3133087158203125
-0.9469673434831305 0.29631291114151975 0.12430409915743076 -26.90408706665039 -0.25936330100207255 -0.9332104653822206 0.24869440161452638 172.04873657226562 0.18969324835062226 0.20326555535047464 0.960572530076856 -2.311678886413574
-0.9634307201806236 0.21014205205208855 0.16625752726292417 -27.08864402770996 -0.15611526648902654 -0.9444777011544063 0.28911917195362197 172.0257110595703 0.21778262323083744 0.2525909538788456 0.9427452142743922 -2.2868385314941406
-0.9648162134510895 -0.029197871482539592 0.2612989830879384 -27.16195297241211 0.1603962020208079 -0.852827884334402 0.49694834548372124 171.87265014648438 0.20833322500072282 0.5213751854495924 0.8275053977819125 -2.35223388671875
-0.9390524242213795 -0.19555339435330746 0.28273559118167346 -27.283601760864258 0.27840347116761044 -0.9150809287497069 0.29175058025717693 171.70233154296875 0.20167313109528517 0.3526836596661004 0.913751708287733 -2.362598419189453
-0.9667092679954234 0.11473251999905885 0.22871300799564878 -27.595306396484375 -0.11953695312485423 -0.9928035209395012 -0.007217038710955715 171.6929931640625 0.22623905058450575 -0.03431643432518292 0.9734671408557284 -2.3598899841308594
-0.8236177077754587 0.49966919594290793 0.26829939631774674 -27.912418365478516 -0.5292620848628701 -0.8471551626315859 -0.047008254097123156 171.75733947753906 0.2038026421941276 -0.18071752834857896 0.96218795356327 -2.362621307373047
-0.8259254938353164 0.5077192416238182 0.24508825006071622 -28.095726013183594 -0.5181673601251232 -0.854918126015596 0.02485125169770818 171.76051330566406 0.22214784611571226 -0.10647144920079196 0.9691822145351376 -2.364164352416992
-0.9137553270741469 0.3252208432691356 0.2434801949788344 -28.18475341796875 -0.33566293111173295 -0.9419809907438045 -0.0014865244029556302 171.658203125 0.22887026657278772 -0.08308559550627823 0.9699047298050815 -2.338014602661133
-0.962434091647426 0.15526254632924708 0.22274236449798318 -28.317920684814453 -0.17183318278915166 -0.9834797530063969 -0.05692919039496848 171.59042358398438 0.210223634559352 -0.09306512307967464 0.9732137002420491 -2.3473854064941406
-0.9805016044261002 -0.05506747660445121 0.18863768642098452 -28.481901168823242 0.04158357520819638 -0.9963379326357952 -0.07470963969886366 171.64755249023438 0.19206095384212726 -0.06540869217044451 0.9792008440548877 -2.3651628494262695
-0.9001213076574983 -0.42366599832427837 0.10143349232303878 -28.649951934814453 0.41034156276183636 -0.9027376168341044 -0.1291688701772055 171.65884399414062 0.14629228746290532 -0.07464527457632136 0.9864211319777656 -2.3693761825561523
-0.5663060229830366 -0.7859020617996291 0.24830513001593119 -28.852252960205078 0.816487093278407 -0.57605097578232 0.038911435465875194 171.62974548339844 0.11245583507721847 0.2247737141200654 0.9679000271710692 -2.261298179626465
-0.20297876908589524 -0.11730752515886739 0.9721309396585815 -28.881919860839844 0.9564400037398424 -0.23648417036818664 0.1711658739685022 171.59535217285156 0.2098145336875057 0.9645279579703081 0.1601988756112923 -2.254638671875
-0.7053822228776501 0.12368260793218033 0.6979531016789595 -29.2078800201416 0.6683264151259413 -0.21202232608874505 0.7130121570385921 171.63609313964844 0.23616884318870981 0.9694065946418007 0.06689642570342756 -2.2905731201171875
-0.9555631857247235 -0.0793019663832255 0.2839193480821112 -29.52802276611328 0.21904546690651372 -0.8355619632189286 0.5038405393072665 171.6498565673828 0.19727666236867616 0.5436427170021534 0.8158029876969022 -2.205883026123047
-0.9516425625900098 -0.15226828212569277 0.26681604772878603 -29.74764060974121 0.15189415394749756 -0.9881481479193996 -0.022167628651579646 171.5869598388672 0.2670292101319503 0.019432138892846104 0.9634924975911104 -2.2212705612182617
-0.9430543149038166 0.15873879591130388 0.2923192669221825 -30.048683166503906 -0.1139202171989396 -0.9797716993137211 0.164528421062288 171.53573608398438 0.31252318834710363 0.12185816302789287 0.9420614867665635 -2.071622848510742
-0.8679009087747818 0.4967306653705533 0.0025804318311335728 -30.403545379638672 -0.392146450332974 -0.6883387825278928 0.6102547680758148 171.4657745361328 0.3049084682968909 0.5286287606142381 0.792201022097484 -1.97467041015625
-0.9293973658720442 0.3690472282032895 0.004967863280590623 -30.681434631347656 -0.2600374677650551 -0.6643037986475824 0.7007717020975734 171.28668212890625 0.261918024710869 0.650003543419466 0.7133683073095517 -1.8560295104980469
-0.9514520974289461 -0.05434424372885513 0.3029613993095468 -30.895923614501953 0.204661298713346 -0.8468763733813297 0.49083007346479257 171.32725524902344 0.22989706197997928 0.5290057763219849 0.8168844652158274 -1.5388107299804688
-0.6189946384807589 -0.5702674115606118 0.5400376994655414 -31.176776885986328 0.7752758408863117 -0.5536769302568819 0.3039559629935529 171.0726776123047 0.12567023541832298 0.6068252929907221 0.7848375983072087 -1.8379554748535156
-0.4019797104034908 -0.7644753207060988 0.5039740037494324 -31.54632568359375 0.9154212248671705 -0.3477941852008384 0.20259117898658438 171.14186096191406 0.02040327146844234 0.5427860432728463 0.839623140308551 -1.6851043701171875
-0.602857518669587 -0.7934690680234615 0.08348443132421436 -32.037559509277344 0.79783922460651 -0.5990264877552338 0.06796939492824106 171.2254180908203 -0.003922226769442871 0.10758301472633927 0.994188368006567 -1.5469465255737305
-0.9984739715608353 -0.014820627789729124 -0.0531984690329607 -32.61878967285156 0.04235245609867441 -0.8237091137384138 -0.5654286563366655 171.1414031982422 -0.035440056122168134 -0.566818881951012 0.8230798001930691 -1.5116157531738281
-0.8890050119382462 0.1907662190782639 0.4162671478837393 -33.11895751953125 -0.4566377679890777 -0.3019665976406718 -0.8368381699918273 170.9913787841797 -0.03394167931367523 -0.9340366286007744 0.35556087922811075 -1.5713577270507812
-0.9867598329566349 0.014992646134616275 -0.16149381605893304 -33.46112823486328 0.16167309217840414 0.011626431624647196 -0.9867758800017109 170.976806640625 -0.012916784772827705 -0.9998200071260627 -0.013896403188338643 -1.4086990356445312
-0.8444096339693626 -0.08023886728151866 -0.5296546933966557 -33.773460388183594 0.534388038724972 -0.19527224197334164 -0.8223735012647126 170.95103454589844 -0.03744054122745075 -0.9774612399947546 0.2077684532851703 -1.3110275268554688
-0.9011256110223985 -0.12175739776641017 0.4161102849590009 -34.49365997314453 -0.42724365751523863 0.08617514240027341 -0.9000203897386403 170.94935607910156 0.0737257775307269 -0.9888119037114413 -0.12967470380164736 -1.3928375244140625
0.894138278230068 0.0022086527648998433 0.44778550809146733 -35.41096878051758 -0.44192451262307597 -0.15698399738388263 0.8832093464792103 170.9878387451172 0.07224586179585812 -0.9875986768006229 -0.13938934333381642 -1.3763351440429688
0.8788883976451284 -0.44772138939786943 -0.1646230298604067 -36.05889892578125 0.4738977340180308 0.8589486561223378 0.19397975110357757 171.07659912109375 0.054553846586237166 -0.2485010334410534 0.9670941599458525 -1.2834625244140625
0.8537080444184493 0.49229869130475923 -0.16977801222434052 -36.518707275390625 -0.5150599966753325 0.8463128885647102 -0.13589589572191968 170.89353942871094 0.07678394832276722 0.20346128179306694 0.9760674833694076 -1.239105224609375
-0.924042843528122 -0.22071036515202147 0.31214060620003303 -36.38692092895508 0.3559202040087459 -0.7946780125479889 0.49173942769636775 170.8699951171875 0.1395192879240553 0.5654854472815724 0.8128718085958725 -0.9287071228027344
-0.6671241253827713 -0.5947385911237291 0.44858824055076835 -36.947296142578125 0.7362492170086099 -0.6181378692208155 0.27539547035011047 170.60955810546875 0.11350106513368513 0.5139957031564676 0.8502505074095559 -0.9989280700683594
0.06006323844014033 0.9890103849886216 0.13509576519173827 -37.92589569091797 -0.9859767638005283 0.03767174901039777 0.16257509210187995 170.36505126953125 0.1556991606705701 -0.14296607188824914 0.9774039459994645 -1.0219745635986328
-0.4996929811204399 0.83437612467218 0.23264437924867698 -38.70880889892578 -0.8657765658672595 -0.472673763119713 -0.1643485675427209 170.63893127441406 -0.02716362667359766 -0.28354187739253606 0.9585750576510186 -0.6832752227783203
-0.6038772626316482 0.7320737847665288 0.31527801276669665 -39.118263244628906 -0.7685131512859193 -0.639694252263106 0.013371608808647031 170.43527221679688 0.21147053690075368 -0.23422048859814937 0.9489051452825783 -0.8709850311279297
-0.7416985318593055 -0.3569140389841592 0.5678870104288047 -39.44380569458008 0.6516114604491665 -0.5841490269733298 0.4839136481826244 170.94952392578125 0.1590150698803595 0.7289597266393574 0.665831753890439 -0.8357124328613281
-0.3429871825637092 0.8264166919083695 0.4465369457639938 -40.227054595947266 0.9060709319692526 0.16567264991739977 0.3893430868908766 170.88552856445312 0.24778066679500804 0.5381338350304447 -0.8056157376553957 -0.7325820922851562
-0.698620386938892 0.6878825439626067 -0.19684298479977808 -40.960357666015625 0.6941506563223624 0.7183200608858386 0.04659566992971609 170.18515014648438 0.17344861279522178 -0.10408600213524358 -0.9793271582463724 -0.660552978515625
-0.660116251826206 0.2925557735825109 0.6918508895842076 -41.66764450073242 0.7447125780323132 0.13443938744964806 0.653704235279709 169.90298461914062 0.09823293844422398 0.9467508491919624 -0.3066155889039422 -0.62164306640625
-0.5883944167688654 0.046926138572686904 0.8072112163702159 -42.649513244628906 -0.7859670016025082 -0.2676092317739377 -0.5573519278349411 169.76437377929688 0.18986279969280262 -0.9623841419038551 0.19434217428234868 -0.5643844604492188
-0.6748207040849463 -0.5790868349037434 0.45746634300182354 -43.38816833496094 -0.7171212876321066 0.36821249319724014 -0.5917403304476905 169.94000244140625 0.174224212333323 -0.7273774793699879 -0.6637529106092086 -0.4992218017578125
-0.984271300847214 -0.17557296709958528 0.019599478370140117 -44.174156188964844 0.15577504951931806 -0.9148656774854179 -0.37249822295737445 170.00973510742188 0.08333150830140808 -0.363586200759869 0.9278259181232315 -0.22015762329101562
-0.5105654245555102 -0.6455354082145597 0.5679850209201946 -44.781005859375 0.8501840129470144 -0.47772330742910735 0.221286207587156 170.06292724609375 0.12849160041715957 0.59587287090474 0.7927328871328478 -0.4258689880371094
-0.6815531431677953 -0.14770554384951617 0.7167066243270097 -45.51821517944336 0.7240217827602166 -0.2782497677064613 0.6311652120166462 169.8029327392578 0.10619685083285851 0.9490838419694114 0.29658403494754165 -0.33123779296875
-0.9739167228591885 0.2191200572316594 -0.058928918656397565 -46.37501907348633 -0.16973844105922686 -0.5311968697913865 0.8300715313457122 169.5994110107422 0.15058246432437403 0.8184230483329674 0.5545346115395968 -0.30591583251953125
-0.9919491005568413 -0.1184102617115893 0.04489979761499001 -47.29112243652344 0.0899251842210868 -0.9082656701929812 -0.40861587535446897 169.50294494628906 0.08916525751254091 -0.40128852745909427 0.9116013792126658 -0.2664642333984375
-0.9812439044501434 -0.17225470527199038 -0.0865373704886957 -48.186134338378906 0.18989159604999722 -0.7864294144221505 -0.5877669247935089 169.40966796875 0.03319008479987238 -0.5931754315911049 0.8043887900932508 -0.2511138916015625
-0.9988907744563972 -0.019019516949294452 0.04307526762440646 -49.02989959716797 -0.02607032268195812 -0.5384039519766745 -0.8422835168582828 169.45880126953125 0.03921171994643079 -0.8424722205930081 0.5373108956162422 -0.14516448974609375
-0.9947012497954154 -0.000744077793382189 -0.10280500962344356 -49.86767578125 0.06140199662298353 -0.8063331683064919 -0.5882657702939429 169.27516174316406 -0.08245737363116805 -0.5914611297769721 0.802106298128121 -0.3022918701171875
-0.9811815489403883 -0.15372736502300663 -0.11683606147942369 -50.792884826660156 0.191430066303614 -0.6953547980003643 -0.6927021254571597 169.37416076660156 0.02524475656318253 -0.7020324794060144 0.7116973374441623 -0.0958251953125
-0.9623861086081511 0.26417091289985506 0.06345633723842795 -51.85053253173828 -0.27140385674215983 -0.9454288534617685 -0.18028929415649453 169.28823852539062 0.012366264736818604 -0.1907302068882195 0.9815645998490552 -0.012176513671875
-0.8475380908004808 -0.3935903936919337 0.3560418327046764 -52.78746032714844 0.5298002868407757 -0.5876363918420786 0.6115514099781432 169.27130126953125 -0.03147762230073753 0.7069441795334706 0.7065685291024788 0.08747100830078125
-0.9726074664401302 -0.22886250378024067 0.04070221846964216 -53.775962829589844 0.22083402803612404 -0.8550475605935971 0.4691758744695631 168.89471435546875 -0.07257443273117292 0.46531239343733166 0.8821662701709755 0.058269500732421875
-0.9961300521290614 -0.08613101846326188 -0.017503339790861758 -54.638755798339844 0.07685494936252935 -0.9502149316037304 0.30196837668173265 168.59384155273438 -0.0426407786495061 0.29945455651200065 0.9531572444147737 0.11718940734863281
-0.9701691130193311 0.19796630105819368 0.1399329689123378 -55.65047073364258 -0.23927832852624564 -0.6891796216117672 -0.6839424907495861 168.49647521972656 -0.03895861446420726 -0.6970228065138173 0.7159898278318144 0.209747314453125
-0.989187358597653 0.1460411256276693 -0.013429788382611722 -56.75064468383789 -0.1323179403737602 -0.9282120878526211 -0.3477273107185061 168.43580627441406 -0.06324817978285584 -0.34219045806346177 0.9374995243542655 0.2142791748046875
-0.9911320167859567 0.11989119498673355 -0.05730119253955248 -57.63198471069336 -0.10450817107031139 -0.9696352497756362 -0.22110071137849846 168.29928588867188 -0.08206928464011584 -0.21315155114892453 0.9735661501723789 0.1769256591796875
-0.9215890592397429 0.3689522470466356 -0.12061444892235929 -58.693607330322266 -0.3851427889779753 -0.9078564717005666 0.16571559639836334 168.1395263671875 -0.04835946637291182 0.19917546583511955 0.9787698891064696 0.18803787231445312
-0.841846455199367 0.5394331719414794 -0.017504253123589067 -59.661190032958984 -0.5396876264623357 -0.8410187184144913 0.037746272927233565 168.03753662109375 0.005640187205302661 0.041223394882045114 0.9991340350536999 0.2048705816268921
-0.8652546631150523 0.4940674266335595 -0.08503967249084006 -60.627201080322266 -0.5007440348444392 -0.8434975453952928 0.19433811381153895 167.93724060058594 0.024285376780443648 0.21073506792133076 0.9772415011770753 0.22967147827148438
-0.9431487641758177 0.3306067577016046 -0.034199128580423635 -61.637271881103516 -0.3305931242733133 -0.9224969140959781 0.19926773363143194 167.84059143066406 0.03433066875022232 0.19924511347942805 0.979348145420071 0.2533988952636719
-0.9950879157481355 0.08491855410322757 0.050881028891414756 -62.59239196777344 -0.08098291339454813 -0.9938917153287853 0.07497350157846541 167.71719360351562 0.056936874432681014 0.07048473146591575 0.995886587398392 0.26593589782714844
-0.8446011068630074 0.409027775068047 0.3454638179443194 -63.70362854003906 -0.5239843704360314 -0.7640101270706438 -0.37646899642899495 167.4929656982422 0.10995157945449686 -0.4989837722375167 0.859607960188294 0.3017234802246094
-0.9752414541027318 0.19330642539529905 0.10740918070854674 -64.71979522705078 -0.20202017106038642 -0.9763384019768001 -0.0771438611304919 167.35568237304688 0.08995530381429312 -0.0969327123641967 0.991217479965622 0.3325796127319336
-0.810589380813477 -0.4152679048326671 0.412913335856703 -65.53868103027344 0.5806284390192334 -0.6617239189599406 0.47433329092357174 167.42491149902344 0.07625923887970412 0.624238754237659 0.777502737096985 0.362640380859375
-0.9639207219545858 0.239028092037628 -0.11714270358584605 -66.62962341308594 -0.23402332646798477 -0.5512643392734091 0.8008375059363233 167.20452880859375 0.12684606598317974 0.7993579920550635 0.5873132691181836 0.34738922119140625
-0.9337559827648226 -0.3545455446399421 0.04896142794963677 -67.55286407470703 0.3459463516178503 -0.9291322751589165 -0.13051565829552644 166.97445678710938 0.09176538810030335 -0.10493174940875996 0.9902365583600811 0.38127803802490234
-0.9377537195110095 -0.34707673196432276 -0.012478127753491434 -68.64456176757812 0.32918789368862733 -0.8768208560609163 -0.35045758234834484 166.9812469482422 0.11069458971472723 -0.33275054997034575 0.9364954774596195 0.4217033386230469
-0.9884791166183375 0.06655607432927305 0.13593868095324113 -69.7846908569336 -0.10710686744040626 -0.9421783319291599 -0.31753442300054435 166.882568359375 0.10694463500584796 -0.3284361122243741 0.9384522178728141 0.3851890563964844
-0.5035919246901701 0.862579191206034 0.0485006421111496 -70.90287780761719 -0.8576103286560867 -0.5058970389165398 0.09258893129243698 166.46334838867188 0.10440161669844278 0.005032386493590009 0.9945224871851466 0.417144775390625
-0.9292980843583393 0.3054276841742196 0.20765115012417829 -71.95952606201172 -0.36336079651807274 -0.8567656754926322 -0.36595287791108483 166.43865966796875 0.06613623788569002 -0.41553159571520765 0.9071711475794966 0.4439811706542969
-0.9576041998550353 0.22720076736567568 0.17712709484561123 -73.1014633178711 -0.28468985794707985 -0.840456059501365 -0.46106973098383913 166.5235595703125 0.04411214347625304 -0.4919485982863316 0.8695060065589221 0.4590263366699219
-0.9647297013575854 0.26107409294622014 -0.0337182637573866 -74.08006286621094 -0.2594193617113539 -0.9211368094670208 0.29018713447393113 166.3736114501953 0.044701209019197795 0.28869931804080534 0.9563757136580769 0.4653205871582031
-0.903294434664815 -0.4220478960880258 0.07703724885562546 -74.97623443603516 0.4250698761780007 -0.9047427094250412 0.027499638329524685 166.15692138671875 0.058092724756132204 0.057586484090509406 0.9966489011585282 0.4489753246307373
-0.8185423984252682 -0.46259886199435174 0.3405739785446623 -76.05427551269531 0.5731509309243024 -0.6974722690606858 0.4301516526435109 166.06234741210938 0.03855324060069318 0.5472976582928789 0.8360495923486335 0.44512939453125
-0.8627684535118948 -0.4690640492740731 0.18870483116047504 -77.14042663574219 0.5052470547354244 -0.7859378465383141 0.3564086349401435 166.05044555664062 -0.01886820886762869 0.4028406869437686 0.9150756097923276 0.3779335021972656
-0.5051563660398111 -0.7428963191821256 0.4392289890195107 -78.20164489746094 0.8614937136444665 -0.46439909845791916 0.20533401740222648 165.6875 0.051435660786251475 0.48211879894598697 0.8745946698341812 0.4284515380859375
-0.5633422777040572 -0.5479649057056439 -0.6183687736829939 -79.17394256591797 0.8237373767618279 -0.3144756350983159 -0.47176456952070217 165.41549682617188 0.06404851502374903 -0.7751383986389242 0.6285365945422248 0.45909881591796875
-0.9704678515500708 -0.2192282926655132 0.10065338942506763 -80.28453826904297 -0.21547591668900673 0.600202937196962 -0.7702769394881117 165.1258544921875 0.10845403835184028 -0.7692173879178135 -0.629716072281845 0.491119384765625
-0.990516971098245 -0.09862358998159676 -0.0956531100670554 -81.36711120605469 0.12603910251822542 -0.9293847989283662 -0.3469265630609459 164.92196655273438 -0.05468340335749586 -0.35569268058258113 0.9330018447876826 0.2316131591796875
-0.7931161907665479 -0.6063142527672947 0.05787689379361646 -82.39106750488281 0.6089208051914736 -0.787227675074959 0.09740657370548403 165.24147033691406 -0.01349670140915395 0.11249717546370483 0.9935603779155852 0.4475240707397461
-0.9540318550105734 0.17728768582591542 0.24164497942141425 -83.4504623413086 0.29721859108952475 0.4560194444072863 0.8388726813010587 165.18020629882812 0.038526987110881955 0.8721326405868326 -0.4877502726674752 0.4777984619140625
-0.9957860782901193 -0.037259116797686745 -0.08379644681632073 -84.5440444946289 -0.07895024125792803 0.8131871664327228 0.5766224863413099 164.89224243164062 0.04665775057693081 0.5808083940204165 -0.8127020756381305 0.4825439453125
-0.9995137264600429 -0.014078534837504486 0.027822751028390588 -85.49603271484375 0.026875700044139278 0.063494433949548 0.9976202451857941 164.45071411132812 -0.015811621203914834 0.9978828847686765 -0.06308518780703 0.4244384765625
-0.6601918928462681 0.7340723617528452 0.1590107931263209 -86.7138900756836 -0.7505600496980956 -0.6527699590750532 -0.10271802337635652 164.1192169189453 0.028395006907094233 -0.18716075507368904 0.9819188231941542 0.4745979309082031
-0.9639674100243146 0.23754245090527604 0.1197514777734692 -87.66385650634766 -0.2659711744242017 -0.8692701654218414 -0.41668778945740126 164.08128356933594 0.005115348123640791 -0.43352389037445127 0.9011275546159795 0.4418983459472656
-0.07961090201613874 0.9024931294833505 0.4232827134617299 -88.89102172851562 -0.9950302354542568 -0.09742416011789123 0.02057580028017339 163.80313110351562 0.05980748123790913 -0.4195410400195333 0.9057639763908174 0.479949951171875
-0.7872805187481817 0.596655686067078 0.155535774288163 -89.8535385131836 -0.6115185539366226 -0.7878515104507082 -0.07304146542751885 163.79776000976562 0.07895848903604864 -0.15261713457001477 0.9851261681859751 0.4748554229736328
-0.9972657853027805 0.07365562462114801 -0.005983512855928087 -90.91453552246094 -0.07386077770414663 -0.9909083984509163 0.11245057312605769 163.84556579589844 0.002353504061427691 0.11258505602924729 0.9936393038610764 0.22771644592285156
-0.9244742193524641 0.2707319222097611 -0.26842437305367844 -91.9837646484375 -0.3742258615730882 -0.5099295719364737 0.7745494407683509 163.6945343017578 0.07281773329713259 0.8165023318774374 0.5727316297849937 0.4602813720703125
-0.8980505588399734 0.4158816109329031 -0.14334461780989605 -92.99962615966797 -0.43358283072211634 -0.7818613227307607 0.44799419741856267 163.56785583496094 0.07423693602384415 0.46447320450760016 0.8824701239272823 0.4607391357421875
-0.9951605486314538 0.06916708105756639 0.06979539630605897 -94.11404418945312 -0.05690293464633234 -0.9847296507440303 0.164528328789225 163.37039184570312 0.08010954048163688 0.15976053906868284 0.9838999093811853 0.27808666229248047
-0.9867376432074116 -0.06582005300361868 -0.1483797294110073 -95.20348358154297 0.11833489094204322 -0.9173899606256689 -0.37999014951570564 163.42483520507812 -0.11111110234003467 -0.39250908367302073 0.9130120164438955 0.2915611267089844
-0.9980866013666247 -0.019720332775212387 0.05860242868393304 -96.25767517089844 -0.034010395324265946 -0.616422889148073 -0.7866804400417171 163.2782745361328 0.05163747846581709 -0.7871682985293409 0.6145727301207846 0.49317169189453125
-0.9515857319568266 0.28847228993432156 -0.10615240306389255 -97.20874786376953 -0.29509811905931743 -0.7606913888763729 0.5781571680927149 163.11056518554688 0.08603310330241097 0.5814914864633733 0.8089907022375307 0.43912506103515625
-0.6872457560619951 0.11341081319210672 0.7175174271234683 -98.1764907836914 0.7230005024895108 0.01099239307517956 0.6907600456702716 162.96263122558594 0.07045242490284959 0.9934873701993325 -0.08955055041551964 0.48760986328125
-0.781924656731958 -0.204042315498013 0.5890335853589499 -99.17559051513672 0.6186290390098336 -0.3703436037389898 0.6929240414817401 162.62442016601562 0.07675899483695586 0.9062076741320544 0.4158072967803629 0.48148345947265625
-0.9965740368443856 -0.07816383712452858 0.027029680975830122 -100.1620101928711 0.03640833000100242 -0.7080656419288898 -0.7052074022770656 162.26754760742188 0.07426050494188073 -0.7018072821550081 0.7084856499040594 0.27092742919921875
-0.9881335394364548 -0.11667786563995648 0.09989186108231517 -101.32569885253906 -0.11187334958747129 0.10109961074858452 -0.9885662458118647 162.1300048828125 0.1052447713326592 -0.9880107005372911 -0.11295305985650562 0.411834716796875
-0.9820540318374141 -0.005044783058731017 0.18853230151825465 -102.57223510742188 -0.17658009643110062 -0.3265642153032237 -0.9285339427440299 162.32672119140625 0.0662521554084314 -0.9451615541521358 0.31981289601336743 0.49517822265625
-0.9693025032136652 0.24431597851659795 -0.027610865709001356 -103.74075317382812 -0.21843454450026809 -0.8041408844697832 0.5528506016032865 162.1788787841797 0.11286720973198398 0.5419106389116498 0.8328228217344217 0.4795570373535156
-0.9540274496976253 -0.09408302069278253 0.2845698691723467 -104.64410400390625 0.2803038695544221 -0.6162405503251482 0.7359873129665865 162.02610778808594 0.10611958318926157 0.781918134686925 0.6142822353865178 0.476715087890625
-0.5169910317940134 -0.7727010989984036 0.36831139630918386 -105.52152252197266 0.8490686540972967 -0.517522160634927 0.10608126074459187 161.91690063476562 0.10864020284391332 0.36756472199929113 0.9236305979489945 0.5119972229003906
0.09402663628660812 -0.9926682219042694 0.07595257000288003 -106.50164031982422 0.9901685995376542 0.0853080089801902 -0.11085435532028776 161.7523956298828 0.10356223326225991 0.08562911201952447 0.9909301282211986 0.48835861682891846
-0.9653990597217386 0.22263190769551255 0.1357928170568666 -107.70818328857422 -0.217177272454107 -0.9746411854288286 0.05393136374394748 161.5538330078125 0.14435611458396017 0.02257417422064813 0.9892682744536379 0.5283808708190918
-0.961293611527526 0.2737406716423351 -0.031315126140083804 -108.829833984375 -0.1909263424802659 -0.5798700783641723 0.7920213532254273 161.28567504882812 0.1986497525381653 0.7673439495472237 0.609689707072207 0.5273590087890625
-0.6030533463602201 0.7479997748712844 -0.27716961997348877 -109.93759155273438 -0.7890970314011289 -0.5084860576867667 0.34462705084206036 161.1704559326172 0.11684406907355724 0.42654222057221725 0.8968886205051639 0.6706581115722656
0.572882238029039 0.6672775047818581 -0.4759691932918941 -111.22410583496094 -0.7917710644468173 0.6006684012274321 -0.1108875704109086 161.02001953125 0.21190687307303896 0.44038415432322 0.8724432782510443 0.515838623046875
-0.3540967432991476 0.7749049952814073 -0.5235816504355931 -112.19886016845703 -0.9267801013481101 -0.21576119075850714 0.30745040625710374 160.8747100830078 0.12527625525263966 0.59411224263635 0.7945668650399929 0.3895149230957031
-0.9686355162990999 0.14800276055985523 -0.19960064987529072 -113.0835952758789 -0.18379856562241276 0.11382576506710299 0.9763512597841171 160.7349090576172 0.16722237840408757 0.9824148197546447 -0.08305298361485455 0.6507034301757812
-0.9658438577934486 0.00245980390000769 0.2591130867544934 -114.05952453613281 0.0977876000568715 -0.9225582105496978 0.3732612133914486 160.35801696777344 0.23996505503465596 0.38585009720371033 0.8908066427963487 0.5938072204589844
-0.9077954136399536 -0.4118032556031916 -0.07953342472745821 -115.11520385742188 0.35525988110106715 -0.6541932890084098 -0.6676987026319694 160.21328735351562 0.22293026679731365 -0.6343888549548864 0.7401708430184931 0.6652145385742188
-0.986038738433464 -0.16467779542769995 0.02467448077702253 -116.16168212890625 -0.01659688781429157 -0.05024802513853787 -0.9985988580428865 160.03250122070312 0.1656869023894854 -0.9850666777750375 0.0468133604201585 0.687164306640625
-0.9597991816251921 -0.13045632268068497 0.24852903014385413 -117.28538513183594 -0.24090594957175437 -0.07153406283363993 -0.9679086740573433 159.84408569335938 0.14404809756655274 -0.988870075251115 0.03723063067302303 0.6642913818359375
-0.9773117568549045 -0.1956462188435521 0.08114361937577658 -118.2669448852539 0.13302120417712432 -0.8650821520570987 -0.4836716132165776 159.9628143310547 0.16482441916308332 -0.4619041320928833 0.8714800534740152 0.7181663513183594
-0.7267712898312365 0.34614573774167406 -0.5932846033062993 -119.43029022216797 -0.6502059225936971 -0.0682370275708447 0.756687495794912 159.67811584472656 0.2214401736386601 0.9356959101714445 0.27465872130211355 0.7513504028320312
-0.8414646994892874 0.1322642164437847 -0.523873397455831 -120.40180969238281 -0.49822947023220354 0.18520518055005858 0.8470339049232669 159.35992431640625 0.2090563428971749 0.9737582955466577 -0.08994569110594992 0.780181884765625
-0.965979979737187 0.25217404492853424 0.05736662628502463 -121.49761962890625 -0.13222093529288823 -0.6722036109199504 0.7284640895311546 159.14247131347656 0.22226178937734203 0.6960966574625694 0.6826779185327592 0.7250022888183594
-0.9341411927085468 0.2945315928710787 0.20157225227168288 -122.48114013671875 -0.28004770301051957 -0.9550102056031413 0.09761552761921544 158.87600708007812 0.2212544149245064 0.03473683915774622 0.9745972685585279 0.689915657043457
-0.9660782784727671 -0.11960432735591121 0.22888329939258334 -123.49878692626953 -0.11788780534798636 -0.5843123151023184 -0.8029206584526296 158.70828247070312 0.22977211583072954 -0.8026667573143347 0.5503915438023743 0.7210464477539062
-0.9214704805779117 -0.38532665143256395 -0.04914799201676501 -124.65961456298828 0.32858902632400877 -0.7057287960079361 -0.627675169386705 158.625244140625 0.2071748179749472 -0.5945336308241581 0.7769223620260207 0.7911376953125
-0.9743201496134106 -0.1229501075312494 0.1886359380270774 -125.54875183105469 0.11761030019356629 -0.9922823524800157 -0.03928804201159998 158.33187866210938 0.19201058133780124 -0.016093601672100513 0.9812608891826574 0.8427953720092773
-0.9674263715299768 0.17202508078337808 0.18572449286460693 -126.62736511230469 -0.13561860888389438 -0.9716682034717271 0.19356780539754911 157.95846557617188 0.21376110168302484 0.16207490226280682 0.9633472465646854 0.8510065078735352
-0.8966377927544408 0.39794942975424014 0.19410543517047538 -127.66667175292969 -0.3819114078055003 -0.9169297653417444 0.11568700021331016 157.8382568359375 0.2240186268872866 0.02959825651298941 0.9741353078597069 0.8428850173950195
-0.8221339037601113 0.5690098382765504 0.01799022603120183 -128.99111938476562 -0.5279705604960546 -0.7738965287368794 0.34975884557576253 157.61138916015625 0.21293879763359658 0.27805029536668724 0.9366670175194897 0.7759246826171875
-0.782820704488991 0.5809130337044293 -0.22300625976791685 -129.96087646484375 -0.6011613080106621 -0.6135478171086488 0.5120196850435745 157.31149291992188 0.1606139046728797 0.5348823453746889 0.829520373608872 0.816802978515625
-0.9335293361868111 0.35656486276787364 0.03720856242774652 -131.02841186523438 -0.3174327831084625 -0.870359891992593 0.37644400196929406 157.1360321044922 0.16661154427778357 0.3396103017429971 0.9256918689625631 0.8636932373046875
-0.9495583790464132 0.2214010870916822 0.22208206460083596 -131.99273681640625 -0.2773825597355954 -0.9233496473957953 -0.26548887774931257 156.75148010253906 0.14627986989766362 -0.3136988799608343 0.9381871947399627 0.8692398071289062
-0.9801952736229381 0.16474448659901453 0.1098930375523421 -133.14364624023438 -0.12493590322669784 -0.9449905655533063 0.3022976200703064 156.68817138671875 0.1536497499255451 0.28258111251544976 0.9468577872084847 0.9031734466552734
-0.52175653797848 0.7816793632302496 -0.3416833156252474 -134.3809814453125 -0.8383679517231702 -0.3957273031312608 0.37488542126889285 156.3271942138672 0.15782678036444547 0.4820552609985817 0.8618082343209434 0.9069023132324219
-0.5068350345791971 0.8492055402045029 0.14821672715683124 -135.52410888671875 -0.8481006373796782 -0.5220100976957712 0.09072357345163945 155.9532470703125 0.1544135894255673 -0.07972081528452843 0.9847847658301191 0.9006767272949219
-0.9447814382774999 0.08548541290586184 0.3163546713209928 -136.4734344482422 -0.30978265552960627 -0.5478330467441346 -0.777118819247137 155.89926147460938 0.10687722030126146 -0.8322086259318353 0.5440643920578909 0.896942138671875
-0.9753370032389725 0.015657063545487862 0.22016490745337594 -137.5560760498047 -0.14565563547740135 -0.795109948698496 -0.5887143665092182 155.7513885498047 0.16583777002388636 -0.6062631654997755 0.7777806941495121 1.010955810546875
-0.986654971514934 0.05767870719898093 0.1522666540011917 -138.600341796875 -0.026848360535762554 -0.9799859642680286 0.19724775125258925 155.56394958496094 0.1605961790373797 0.19052736436931006 0.968456602386022 1.0088682174682617
-0.990054483303786 0.09623719264222957 0.10261833580026468 -139.78302001953125 0.010765106971197952 -0.6754596544892265 0.7373183624657625 155.23773193359375 0.14027199493117704 0.7310900477435301 0.6677058555444835 1.0002555847167969
-0.9347615737831088 0.3354933780791179 0.11689736285985101 -140.8784637451172 -0.3361837981222782 -0.9416869914267452 0.014354931477523508 154.9317626953125 0.11489671039070228 -0.025880561097224294 0.9930402522046565 1.0000762939453125
-0.8484222559618426 0.5291163919772239 -0.014680576610700324 -141.97288513183594 -0.5192361305346931 -0.8265512590209343 0.21727139010525012 154.7489013671875 0.1028276049316382 0.19196056874241998 0.976000831819374 1.028223991394043
-0.8655560941789714 0.47277752236831366 -0.1652091467592587 -143.15255737304688 -0.49080647192490906 -0.7351683806122488 0.4675857774404471 154.49081420898438 0.09960750446762076 0.48580743766562745 0.8683717398456093 1.0402717590332031
-0.6869894426680946 0.712673829618229 -0.14192081679538168 -144.26953125 -0.7151051975401769 -0.6283384766248997 0.30629285862345046 154.19569396972656 0.12911259471331762 0.31190827396846643 0.9412986595743174 1.0468807220458984
-0.25196120751773615 0.9467282133597489 0.20055233714634763 -145.50332641601562 -0.9509041469599521 -0.2806888061047427 0.1303652462194597 153.9815216064453 0.17971325271267696 -0.15785906421917031 0.9709704746506342 0.9810466766357422
0.5842382285307595 0.7837719960301737 0.21063511236761462 -146.71969604492188 -0.8002499344655225 0.5131200858682188 0.3103350123117253 153.80392456054688 0.13515078509267714 -0.3498703127123954 0.9269978584502576 1.0890998840332031
-0.880712500570066 0.4703918480390139 -0.05547071874478502 -147.7493896484375 -0.46998401144909907 -0.8533348950777315 0.22568691992423986 153.6235809326172 0.05882618738142866 0.22483564250607233 0.9726193569619345 1.0967998504638672
-0.9237153576170617 0.010658072674598701 0.3829312517792808 -148.68545532226562 0.37795708188945176 -0.1375679753367405 0.9155454638691409 153.36138916015625 0.06243702709125576 0.9904349840593341 0.12304535748817533 1.1128158569335938
-0.9373975114068864 0.33048305435025954 -0.10984924394596288 -149.66717529296875 -0.3439844905876058 -0.8293404081191165 0.4403057547841076 152.7762908935547 0.054411173883327085 0.45052795501293896 0.8911026797785414 1.1316452026367188
-0.879562018859969 -0.2870261186455716 0.3794557447110717 -150.80853271484375 0.4752783833782901 -0.5668163054545671 0.6729262471951545 152.83338928222656 0.021934294433485352 0.7722274814367158 0.6349674036055803 1.1663436889648438
-0.9996030327629911 -0.01648737591107802 -0.02284607902019819 -151.99945068359375 0.016948940641116832 -0.9996531123858966 -0.020159075086264015 152.61585998535156 -0.022505783749388372 -0.020538289431121973 0.9995357264075503 1.2278180122375488
-0.9322533165348039 0.2100198956269381 0.29461058577503424 -153.11392211914062 -0.3578482071899374 -0.6553459918810414 -0.6651813974671885 152.21539306640625 0.05337053888435467 -0.7255434338248155 0.686103717533209 1.3142547607421875
-0.9720644686524126 0.031680392581137154 0.23256616587416115 -154.08230590820312 -0.19000457803662524 -0.6879378600354552 -0.7004568231197141 151.9971160888672 0.13780032332555245 -0.7250778257923376 0.6747393700056562 1.341949462890625
-0.9584859719226545 -0.27292108520927194 -0.08257555858531763 -155.10842895507812 0.27224015701680937 -0.789791470377397 -0.549649643160597 151.76797485351562 0.08479350526394634 -0.5493118554767428 0.8313041241914723 1.3165512084960938
-0.9714528548839908 0.19606995175570308 0.13355120649496321 -156.27081298828125 -0.20797396184779504 -0.9747068986727573 -0.08181254716158817 151.49681091308594 0.11413230012172682 -0.10725220602976643 0.9876592440567105 1.3609600067138672
-0.9917896380466735 0.013307052337625636 0.1271858334144645 -157.33016967773438 0.05526595201614133 -0.8522944860161703 0.5201343899937606 151.28237915039062 0.11532124006876524 0.522892944554156 0.8445614128791858 1.3592338562011719
-0.9966139488090895 0.07898508458144236 0.02284717603590984 -158.47012329101562 -0.04515009590044124 -0.7579332379255406 0.6507677586419651 150.94534301757812 0.06871758056956324 0.6475326735087337 0.7589330213261887 1.3761444091796875
-0.8020583850232342 -0.5887955712599262 0.10011055028626213 -159.4705810546875 0.5962738978175603 -0.79898194993616 0.07800822044928915 150.62777709960938 0.034055627954490256 0.1222604553439437 0.9919136027213846 1.3252477645874023
-0.8857587650076489 -0.46375841188262756 -0.01896168822198183 -160.67279052734375 0.4635638996237038 -0.8818643945817305 -0.08616089910546754 150.42684936523438 0.0232362040314054 -0.08510772571923833 0.9961007749445382 1.2846927642822266
-0.9304526522014005 0.355985319674338 0.08678890590241875 -161.91632080078125 -0.35952725072981107 -0.932690205582134 -0.028794728576950333 150.16078186035156 0.07069666183097395 -0.057995108306787786 0.9958104987488537 1.3149690628051758
-0.9956645874665481 -0.0907378504044444 0.020461470354051003 -162.81353759765625 0.08163223443775039 -0.9578543157199501 -0.27541112569641524 149.81141662597656 0.044589321207764515 -0.2725467893053358 0.9611087555909498 1.2981815338134766
-0.852278064085696 0.5126126481219878 0.10416513074777606 -164.10366821289062 -0.521301785563515 -0.8488023046634348 -0.08819918347883163 149.61148071289062 0.043203586038999375 -0.1294716980015504 0.9906414737784635 1.3475303649902344
-0.9707263100375649 0.24018751355385218 0.0006239660819728982 -165.14720153808594 -0.2399985701524752 -0.9698529003544722 -0.04226154278757185 149.0773162841797 -0.009545539566772385 -0.04117414245417143 0.9991063870617296 1.1618428230285645
-0.8961691900419478 0.4305405022474435 0.10731103738236128 -166.39793395996094 -0.4409174538002623 -0.8911909622534323 -0.10663239532194316 148.9070587158203 0.049725061627443244 -0.14287597671519406 0.9884907048241912 1.4402828216552734
-0.7967856280347418 0.6022165648693154 -0.049677680645174964 -167.54588317871094 -0.6003945323474098 -0.7797191947194133 0.17766367921847426 148.8558349609375 0.06825736945280954 0.1713860740641187 0.982836581091827 1.4916839599609375
-0.9384214372299673 0.19498115163943788 -0.2852149306270636 -168.44058227539062 -0.3372154884455806 -0.3372966456508717 0.8789292845189983 148.61427307128906 0.07517260471508688 0.9209849745452031 0.3822770672723129 1.5751800537109375
-0.9931881283850335 0.04752331383114791 0.10639020762053679 -169.4566650390625 -0.003116840028445162 -0.9235579382563079 0.38344624133246535 148.13865661621094 0.1164801568649003 0.3805026535075207 0.9174149027187558 1.5096988677978516
-0.974369327628414 -0.14104069908322728 -0.17524820849031997 -170.50169372558594 0.22193571835752549 -0.47551488635082567 -0.8512520953136562 147.83154296875 0.03672805867563979 -0.8683277687952144 0.4946290889596394 1.47296142578125
-0.9980043052501362 -0.05804899972589238 0.024853980224836918 -171.6879119873047 0.032064016857262775 -0.8049376125000858 -0.5924924799570362 147.5759735107422 0.05439949930992386 -0.5905131273845529 0.8051924868386096 1.5132217407226562
-0.1491754713813907 0.9842165250300571 -0.09520772340466288 -172.92236328125 -0.9794442365754507 -0.13385454057175755 0.1509037753253908 147.26318359375 0.13577800328945847 0.11576179778356338 0.9839530171693387 1.5082321166992188
-0.2683369990330033 0.9435624171205308 -0.1941268140871406 -173.98097229003906 -0.9503389910789632 -0.2263118553425973 0.21363226855138087 147.06044006347656 0.15764218022147508 0.2418117224806369 0.9574319996145768 1.5327539443969727
-0.26296080126354576 0.9496674173915288 0.1702451565940652 -175.18907165527344 -0.9520540604930671 -0.28400817898843583 0.11372079918087125 146.8291778564453 0.15634795456768025 -0.13217848014172515 0.9788177391577688 1.518686294555664
-0.5783709951525605 0.8088325949740319 0.10619239743884996 -176.25770568847656 -0.7789945318689858 -0.5862416495355506 0.2224595416430964 146.62130737304688 0.24218693458660556 0.045940849550377916 0.9691413349239278 1.4591379165649414
-0.8728265184778661 0.4858743025283082 -0.04582609283407535 -177.2620391845703 -0.4538664008307003 -0.7736236225516351 0.44216714127925827 146.37623596191406 0.17938550342431062 0.40673413032682104 0.8957612340286284 1.4397430419921875
-0.9687091159877491 0.2481795085288493 -0.0030951815153330564 -178.2180938720703 -0.22209511557079237 -0.8611931212983234 0.4571872345856216 146.01853942871094 0.11079895415494873 0.4435688665526816 0.8893650838566463 1.5798797607421875
-0.947181085439651 0.2071566527059573 0.24481444529485666 -179.426025390625 -0.30525715352207883 -0.8164009675328532 -0.4902117200098542 145.66201782226562 0.0983161309702684 -0.5390506297659665 0.8365156047199312 1.6169319152832031
-0.9532443997319002 -0.09794980019512917 0.28588625539102624 -180.49925231933594 -0.28606760486156785 -0.0124890156732702 -0.9581280446455361 145.40042114257812 0.09741888845873113 -0.9951129891269869 -0.01611518048978099 1.668304443359375
-0.7066498992278173 0.7027387202190308 0.08248764165761094 -181.74891662597656 -0.7075514681559173 -0.7024958015249522 -0.07661963684474773 145.23162841796875 0.004103636402241491 -0.11250751061477476 0.9936424005765578 1.411118507385254
-0.38255961941160943 0.5830870346914023 -0.7166991332284642 -182.8845672607422 -0.9202624791489173 -0.171417420698029 0.35175707150237023 145.17884826660156 0.08225027091951226 0.7941193725479957 0.6021705033274585 1.5952529907226562
-0.5945339192143454 0.8024905947195963 -0.050381189845211415 -183.5909423828125 0.8040324379087481 0.5939474977315321 -0.027535590223687477 144.91043090820312 0.007826729466738534 -0.05687895326955792 -0.9983504029051194 1.637969970703125
-0.9936040484020661 0.11288115923137128 0.0029730270107879743 -184.7337188720703 0.11087288312090214 0.9702593357203091 0.2151837011393835 144.3893585205078 0.021405578419744883 0.2141370246785141 -0.9765690635456101 1.603668212890625
-0.9616776360153455 0.19025520958267014 0.19743120223153932 -185.81675720214844 -0.2737782608675253 -0.705417377973759 -0.6537826754579692 143.7670135498047 0.014885841067604669 -0.6827805489901431 0.7304718568544778 1.6504898071289062
-0.8731080270221145 -0.4859092198579709 0.03968127022372463 -186.95144653320312 -0.48594500313231187 0.8608364579377321 -0.15105643520206796 143.34097290039062 0.03924063047770188 -0.15117150109143346 -0.9877283787446198 1.6351318359375
-0.4181774411809397 -0.6829398964761072 0.5989329891470045 -188.177001953125 -0.9075077408652245 0.285458262908289 -0.3081286750808482 143.26962280273438 0.03946299478066145 -0.6723887848102363 -0.7391454485447065 1.6223602294921875
-0.9647945764766288 0.1556147801663053 0.21202703930177097 -189.25579833984375 -0.2621456916398728 -0.5038859368264477 -0.823030132512283 143.0548858642578 -0.021238209810033118 -0.849636982988809 0.5269401631890848 1.6038436889648438
-0.7365365224907454 0.5135524389963904 -0.4402020484256046 -190.6337432861328 -0.6730443927828595 -0.6211643024963913 0.40145504685795586 142.9449462890625 -0.06726957990645996 0.5919618245335001 0.8031537847225636 1.6018600463867188
0.33995252201918713 -0.8441717062783858 -0.4144953716169003 -191.60459899902344 -0.9399817447444929 -0.29120647034971614 -0.1778569964144187 143.02914428710938 0.02943810999185717 0.4500810170908102 -0.8925023673551845 1.5638580322265625
-0.4605117950308097 0.8762150297174511 -0.14204262858292804 -192.61480712890625 -0.8560149930035279 -0.39603294342351897 0.33225929554562306 142.27188110351562 0.23487702823109685 0.274599944320005 0.93243104420047 1.30999755859375
-0.12384819136124009 0.9513272505403192 -0.28220221096927384 -193.60137939453125 -0.975247401652656 -0.064195256017121 0.21159270940804947 141.8766326904297 0.18317786729376626 0.3014223473538304 0.9357298955625037 1.5550403594970703
-0.2627000980664106 -0.044643750219412026 -0.9638441751871746 -194.5481414794922 -0.9436492047524533 0.22027385961855758 0.24699312771574544 141.160400390625 0.201282977039691 0.9744159082933174 -0.09999400391497726 1.573822021484375
0.6588128309077618 -0.19330378780887914 -0.7270483473951652 -195.98910522460938 -0.7398470140219745 0.008683764048740938 -0.6727191004310152 141.36245727539062 0.13635266654550365 0.9811005238306042 -0.1372942550336504 1.524505615234375
-0.8549603127545612 -0.11697441309744014 -0.505331426189914 -196.7413787841797 0.5127186639483393 -0.3380328571537272 -0.7892105923791939 141.6107177734375 -0.07850117995070521 -0.9338365885769295 0.3489796420729292 1.5913619995117188
-0.6080270569205635 -0.7903716689268612 0.07493812788084475 -197.78395080566406 0.689070999507662 -0.4784932994529316 0.5442658541706973 141.15560913085938 -0.3943149194362665 0.38256605617385236 0.835559068512547 1.2884063720703125
0.24800907007530992 0.9091582981645964 -0.33454848682789556 -198.43772888183594 0.9638373558214194 -0.19680762509474403 0.17967835213998704 141.57147216796875 0.09751437167697136 -0.36701218996515805 -0.925090806209544 1.3395442962646484
-0.7277574885162431 0.4006136152038969 0.5566666589816514 -199.60752868652344 0.6734416006306299 0.2638180159001835 0.6905624265962821 141.0491943359375 0.12979001675238905 0.8774444630857011 -0.4617854109341915 1.353363037109375
-0.8822202833010407 -0.12161564668771471 0.4548593257403443 -200.6732177734375 0.4660853028440658 -0.3624761109133435 0.807078409753286 140.4197540283203 0.06672227667718739 0.9240241898878333 0.37646704277684967 1.44354248046875
-0.9871180529454012 -0.08812919070124531 0.1335334987769864 -201.7411346435547 -0.15565313150210064 0.7220700655601412 -0.6740822821255302 139.96095275878906 -0.0370142162266021 -0.6861836971018159 -0.7264859817152797 1.5379791259765625
-0.9764388787248369 -0.03342959394492344 -0.21318906717573605 -202.5582733154297 0.1642323229046222 0.5257291773866756 -0.8346475760209702 139.7194061279297 0.13998164246762806 -0.8499948789804599 -0.5078521886130433 1.0234222412109375
-0.9476628973909533 0.16812399580798304 -0.27142099208082837 -203.6562042236328 0.31685765978515373 0.599614080120165 -0.7348905893785309 139.78488159179688 0.03919510612384618 -0.7824303655630998 -0.6215033923485331 1.5012969970703125
-0.9727749369908657 0.18091711800180196 0.14483755858319142 -204.75772094726562 -0.22211531568714096 -0.9061646809033331 -0.3599032614753056 139.6132354736328 0.06613401923079419 -0.3822755125525078 0.9216787531472658 1.4886589050292969
-0.9341295021407938 0.26482983003557314 -0.23930573405901134 -205.88246154785156 -0.3348750756749205 -0.418208981682463 0.8443695466629726 139.38925170898438 0.12353443617837555 0.868888030049584 0.4793462572239864 1.4270477294921875
-0.5166279082750478 0.8457074150268996 -0.13369582102619598 -206.7647705078125 -0.8535959511152161 -0.496540385421722 0.15754871591021447 138.9189453125 0.0668547427716139 0.19551627506109925 0.9784190459895874 1.4482917785644531
-0.915744185548617 0.3308181691549302 -0.22797351949487585 -207.8040771484375 -0.39632987173231377 -0.6508523406748363 0.6475444875919607 138.91390991210938 0.06584238305641946 0.6833378151361647 0.7271273691715813 1.3126220703125
-0.9820140387032281 -0.046264664202659705 -0.18305192879614646 -208.67213439941406 -0.18484571758957716 0.43315578187559906 0.8821610563363884 138.63502502441406 0.03847711629746474 0.9001309068540828 -0.43391688380089305 1.3119659423828125
-0.938894920864761 0.28124309374425577 -0.19844054473699135 -209.4646759033203 -0.34230993148355954 -0.7025373551903733 0.6239111918933944 137.75511169433594 0.03605881836770142 0.6537152184118671 0.7558810586558247 1.31903076171875
-0.9875380257652774 0.11349796190960748 0.10902687884179767 -210.5330047607422 -0.15689235079893732 -0.6554469876878065 -0.7387652107346176 137.75218200683594 -0.012387006434241038 -0.7466642210346939 0.6650857862699009 1.37542724609375
-0.9239894609414145 -0.3823397778709188 0.0077311271371880465 -211.34707641601562 0.3805021209242605 -0.9171515505951844 0.1185376278360123 137.73883056640625 -0.03823103505444604 0.11246922911830615 0.9929194632296218 1.3855466842651367
-0.9618575439250643 0.011364831998059849 0.2733146644219788 -212.30438232421875 0.2715156729685819 0.1613136640595226 0.9488188136415242 137.33116149902344 -0.0333062235454739 0.9868377487618455 -0.15824649472197352 1.2799758911132812
-0.9949573186303079 -0.0922904473958997 0.03927349517744129 -213.25357055664062 0.09718153218383868 -0.7901848228114982 0.6051146136070116 136.98565673828125 -0.024812978587613405 0.6058798718540055 0.7951690996107587 1.2358665466308594
-0.8564153919587748 -0.4126193356390772 -0.31031912650183974 -214.16026306152344 0.5140177559873373 -0.6251451085597738 -0.5873494188075195 136.97047424316406 0.04835724295118998 -0.6625246237692266 0.7474775581605139 1.2960891723632812
-0.9665775197330041 0.07904385793426734 0.24388515098230512 -215.11431884765625 -0.23527364148224417 -0.6514133185052015 -0.7213230913382197 136.6902313232422 0.1018538755790807 -0.7545944321268933 0.6482384060148033 1.2544174194335938
-0.9561390517953395 0.2260217334828159 0.18631234426449528 -216.0936737060547 -0.2782845679433967 -0.8994418652180242 -0.33698965909605966 136.58090209960938 0.09141013552372573 -0.37405682333910767 0.9228898526026762 1.2422294616699219
-0.9905852764552396 0.08968617644775538 0.10342726828200811 -216.97900390625 -0.09078319024202479 -0.9958529718794327 -0.005938919799269495 136.44659423828125 0.10246571348298282 -0.01527246388386335 0.9946192886764961 1.2307920455932617
-0.40580218367424004 -0.47224921133393655 0.7824993738781476 -217.60389709472656 0.897483550830658 -0.3677400504370252 0.24349647080187353 136.23040771484375 0.17276534291810902 0.8010917161592978 0.5730656145567793 1.2518043518066406
-0.9183245644739433 -0.2904508868924465 0.2689205767269097 -218.65467834472656 0.3391517899481315 -0.9276713075969574 0.15621142223387427 135.83790588378906 0.20409815692142103 0.2346576812395931 0.9504102877055449 1.202479362487793
-0.8124201397056087 0.4583490773263925 0.3604020531500394 -219.58265686035156 -0.5111715920300227 -0.8572337254192338 -0.06208013776847998 135.6570281982422 0.2804944208040709 -0.23466244547840648 0.9307289705278774 1.2308311462402344
-0.19495876439965398 -0.5657453103528052 -0.8012011757340154 -220.22616577148438 0.945917314696622 0.10749780410508356 -0.30607949272977614 135.5418701171875 0.25929040464485414 -0.8175429443927662 0.5141906457071294 1.2586441040039062
0.10330156566986032 0.7762805784737733 0.621865942156812 -221.5680389404297 -0.9564221171393809 -0.09414192722750125 0.27639470216434386 135.12339782714844 0.2731034975550113 -0.6233183464509253 0.7327269058802905 1.2718887329101562
-0.7376269926314987 0.6133699948651434 0.28228295935204 -222.374267578125 -0.6413801396267507 -0.7671704861126616 -0.008997873639514917 135.1116943359375 0.2110401294393587 -0.1876877583562574 0.9592889914563922 1.4793281555175781
-0.9427173927604792 0.10712006960758307 0.31592595346718677 -223.22378540039062 0.0560291131190848 -0.8827450688373099 0.46649960549447633 135.08522033691406 0.32885354775336284 0.4574783427996125 0.8261772872691109 1.2049331665039062
-0.35795038217999864 -0.3105432450643809 -0.8805875407034082 -224.0807647705078 -0.8189763814253633 0.5573954079559698 0.13633798391136515 134.68421936035156 0.44849661154194964 0.7699826310602609 -0.45384748242213224 1.29888916015625
-0.6295308731018574 0.651843422176271 -0.42283688672718833 -224.86012268066406 -0.6389688038744354 -0.12471385326785597 0.7590555463721723 134.20545959472656 0.4420517475215844 0.7480284805865426 0.49501883271700076 1.2530632019042969
-0.6342989940754336 0.15493420679949682 0.757403576488984 -225.6007843017578 -0.5999378834397966 -0.7165512218879924 -0.3558495221643588 134.02117919921875 0.4875851947390021 -0.6801100925396095 0.5474586193467901 1.3656387329101562
-0.8893455831597129 -0.4315908627721366 -0.15097602752063863 -226.32974243164062 0.011809150436297156 0.3084017961376435 -0.9511828825757158 133.77801513671875 0.4570831190060324 -0.8477131940171025 -0.2691790538081281 1.3369140625
-0.8872255923932044 -0.4611432608319309 0.013328210375787769 -227.2681884765625 0.17943895972590782 -0.3715624823005183 -0.9109022897540444 133.69300842285156 0.4250087151283036 -0.8057842234345189 0.41240681047846156 1.256134033203125
-0.9343360887894028 0.27579592764356486 0.22572700210862492 -228.1587677001953 -0.13450195917616653 -0.8594018280201903 0.4932927335500985 133.36013793945312 0.3300383252949488 0.43054047927085926 0.8400652352917151 1.207310676574707
-0.9278465016011025 0.32249807737165026 0.18733888960433343 -229.02352905273438 0.09097880190331083 -0.29141577349848047 0.9522603134440293 133.18077087402344 0.3616956276634177 0.9005952681687106 0.24104861725655036 1.2275543212890625
-0.41864751559513025 -0.3824869272388892 0.823673483959134 -229.65829467773438 0.8724188928802675 -0.42129017626732346 0.24778995687116917 132.8896484375 0.2522291280395536 0.8223249588039998 0.5100609072418767 1.2371139526367188
0.03141280140980601 -0.9704025925661268 0.23944110810077546 -230.3641357421875 0.9863281222655129 -0.008677045377628478 -0.1645647110157625 132.58038330078125 0.1617716635748515 0.24133693713241186 0.9568627966640624 1.2158102989196777
-0.3055601699817317 -0.9246966408644262 0.22708831959125864 -231.3505859375 0.940910465136096 -0.32980607477866003 -0.07691196029531648 132.25132751464844 0.14601533863985217 0.19016854475212047 0.9708323467359079 1.122973918914795
-0.5747386960343153 -0.8183294244561444 0.0035191405272870513 -232.12429809570312 0.8064828928022246 -0.5671373313856982 -0.167154392601764 131.9519805908203 0.13878319386053475 -0.0932319710077218 0.9859244518135681 1.190195083618164
-0.25644293584366684 -0.9255024909759259 -0.27871519487325647 -233.04869079589844 0.9662132907645452 -0.2531778408744827 -0.04829966501005363 131.84103393554688 -0.02586305097681435 -0.28168443352001443 0.9591584762210463 1.1656265258789062
-0.8625303134472675 -0.48797664308333677 -0.13386655366325165 -233.7993621826172 0.49886999846818814 -0.8643409644557007 -0.06358790602102704 131.44400024414062 -0.08467693318081629 -0.12162850393269983 0.9889571901847849 1.0593805313110352
-0.930471773119817 0.288522464447683 0.22578101544704615 -234.62313842773438 -0.3618781389993913 -0.6276634386884966 -0.6892625191086985 131.10903930664062 -0.057153232118586306 -0.7230445319914725 0.6884330852128125 1.12017822265625
-0.9806737617492286 0.19147755016437734 0.04019105372673708 -235.38185119628906 -0.18672000936535804 -0.8545990463587633 -0.4845576416333695 130.9629364013672 -0.058434673946362564 -0.48269743913319113 0.8738355515399001 0.8993682861328125
-0.3180261425492539 -0.5715894954375971 0.7564025524551297 -236.1335906982422 0.9277514535118767 -0.02328753640989789 0.3724713830008397 130.8463592529297 -0.1952859778935554 0.8202092046260827 0.5376990305782661 1.0522079467773438
-0.2828058988006955 -0.7969684343460721 0.5337247776330996 -236.9671173095703 0.9202861240877558 -0.06861072441755217 0.385183097119324 130.38412475585938 -0.27035952621475484 0.6001115589212305 0.7528425090509064 0.9811859130859375
-0.023000843492039513 -0.9361501368234094 -0.3508473778214206 -237.78781127929688 0.8902216639082549 -0.17887990249087343 0.4189359970129972 129.8679656982422 -0.45494653565784304 -0.30269605516155573 0.8374955211119397 0.9152603149414062
-0.6105711700521823 -0.6131322102053447 -0.5012701258900413 -238.75732421875 0.720583022402282 -0.6927009236025539 -0.030422660399129692 129.5477294921875 -0.3285771661675551 -0.3797819417098153 0.8647558745821973 1.2657194137573242
-0.5065268661359587 -0.5451540188153687 -0.6680102017573817 -239.73275756835938 0.5491443822065538 -0.8012678803068302 0.2375083819143698 129.5977783203125 -0.664733767288429 -0.2465296731796245 0.7052319752170065 0.9330635070800781
-0.7705521283910055 0.1189417052981468 -0.6261807152674542 -240.64578247070312 -0.2429263343092593 -0.9630840838487285 0.11599932558563227 128.97715759277344 -0.5892675228885075 0.24149931299700284 0.7710005630937101 0.862213134765625
-0.5278912778228246 0.6937022203436094 -0.49000819206308355 -241.4400634765625 -0.5856619765551581 -0.7151590364043503 -0.38150701417759875 128.81297302246094 -0.6150860492777338 0.08558494107930192 0.7838012310811726 0.9170455932617188
-0.5225145834867346 0.8525635137161852 -0.010675444889828412 -242.06729125976562 -0.6109210423221149 -0.3830933754969598 -0.6928311090723377 128.68557739257812 -0.5947722169803702 -0.35549250446423863 0.721020865979618 0.9621982574462891
-0.7794069508967114 0.21399198235428263 -0.5888397374345383 -242.67507934570312 0.009188774794948992 -0.9358553741453726 -0.3522645101354844 128.5678253173828 -0.6264506136254152 -0.27996812349142436 0.7274458595091676 1.0035781860351562
-0.7490015851538974 0.10246892501575894 -0.6545966275830206 -243.41827392578125 0.20119810932529208 -0.9061406994211494 -0.37205961035360724 128.36119079589844 -0.6312811942715202 -0.4103768417670093 0.6580842662611364 0.8783035278320312
-0.8304703685253253 0.482995038039843 -0.2775513650305136 -244.02809143066406 -0.28313533888150133 -0.7950613246736672 -0.5363877980385194 128.22088623046875 -0.4797430008638669 -0.3668695725145991 0.797027835075468 1.1166248321533203
-0.675594615469405 0.6077727373531978 -0.41735382504410745 -244.85842895507812 -0.36348458473771705 -0.7670722516509709 -0.5286578453074908 128.08718872070312 -0.6414443640775059 -0.2054567119305432 0.7391459039431211 0.8193435668945312
-0.8679438619847676 -0.2033464910049263 -0.4531265353507234 -245.59906005859375 0.05834642719596661 -0.947772381803793 0.3135653149240698 128.0345001220703 -0.49322322215851994 0.2457187760142654 0.8344777625782598 1.0410385131835938
-0.7218815270450036 0.27424888585606566 -0.6353539246104334 -246.2589111328125 -0.14467243067946914 -0.9576402889964033 -0.2489878806130521 127.79257202148438 -0.6767251648287271 -0.08782155485751751 0.7309790871084754 0.775634765625
-0.3896852007171449 0.8596643038815983 -0.33033729576571463 -247.05287170410156 -0.5533884307537118 -0.5052904543907053 -0.6621501350974557 127.50617980957031 -0.7361431172333153 -0.07522527057712308 0.6726324922397191 0.5926742553710938
-0.7371062790898194 0.5212988969840333 -0.4300253403342547 -247.68077087402344 -0.4117491060990775 -0.8510342447621936 -0.3258886126710377 127.33098602294922 -0.5358516650650365 -0.06315199320111098 0.8419470403782858 0.5622825622558594
-0.43423741804062077 0.8194762379813667 -0.37402748583135104 -248.49993896484375 -0.5815735429493476 -0.5721274154675322 -0.5783099814215427 127.35513305664062 -0.6879026667449097 -0.03359934306423429 0.7250248307685009 0.569061279296875
-0.3806245903811019 0.15403104744951013 -0.9118110317488076 -249.2791748046875 -0.49931539212954434 -0.8641666806441921 0.06245067851447428 127.3290023803711 -0.778337369255606 0.47905154679429396 0.4058331616985687 0.5135040283203125
-0.560022969444636 0.26538725081740006 -0.784820922757539 -249.781494140625 -0.4313802346966234 -0.9021660168930873 0.0027515588942238767 127.27556610107422 -0.7073085372081259 0.34009717003651274 0.6197165062556079 0.49675750732421875
-0.719735649350693 -0.1927921148093626 -0.6669421230669644 -250.22105407714844 0.021599264620602174 -0.9664213558905181 0.25605318714396397 127.17758178710938 -0.6939121463280388 0.16988514751462583 0.699732070032772 0.5189056396484375
-0.2914158242420497 0.9378589146113943 -0.18840773249860054 -251.06832885742188 -0.6003369210112532 -0.33264465024353007 -0.7272847571172434 126.92296600341797 -0.7447633172035629 -0.09883416893107871 0.659969248071187 0.44507598876953125
-0.6282118755302087 0.6664630606288456 -0.4014683402960303 -251.4685516357422 -0.416082774452302 -0.7237899928829813 -0.5504572381271126 127.02513122558594 -0.6574381828331027 -0.17875971307787888 0.731997268255437 0.45488739013671875
-0.4139807620475699 0.8741725289801369 0.2538549157116817 -252.14175415039062 -0.6385069381540572 -0.08009832100530762 -0.7654365740551345 127.10344696044922 -0.6487902731882191 -0.478964141192848 0.5913243888660042 0.34992218017578125
-0.7568447648760253 0.5849796449795883 -0.29152155467359275 -252.4505615234375 -0.26495198075778065 -0.6823346609984551 -0.6813368170682188 127.17444610595703 -0.597483430542038 -0.4384269897710195 0.6714129317104633 0.3545646667480469
-0.8975486893433147 0.40140846652795925 -0.18242147148230664 -252.8681182861328 -0.3136287407214404 -0.8720357880030665 -0.37575337315233015 127.00428771972656 -0.3099086369425371 -0.2800443312076554 0.9085878104547054 0.5962867736816406
-0.5970468802954225 0.7578348886046944 -0.26309941912329243 -253.57040405273438 -0.7248573697572112 -0.6501486885359398 -0.2277904218874344 126.85533142089844 -0.34368127129385634 0.05470799218128905 0.9374914502827909 0.29131317138671875
-0.25492144168863656 0.9631721894207564 -0.08552421934056821 -254.03521728515625 -0.9426300030359241 -0.26724931161544624 -0.2000661960891044 126.89215850830078 -0.21555448486144035 0.029616531996448897 0.9760425836451105 0.3049278259277344
-0.35348132988325903 0.935078179210514 0.026071980905046324 -254.412353515625 -0.9306037030315607 -0.3486856694932578 -0.11133306693874018 126.89142608642578 -0.09501419540210788 -0.06361684253709202 0.9934410903610247 0.27988767623901367
-0.7764461770702099 0.58851270632648 0.22535334167777232 -254.58221435546875 -0.6252122270344306 -0.7642123596933509 -0.1583955190608881 126.77870178222656 0.07900003341584154 -0.26387925985988914 0.9613151049141447 0.30846405029296875
-0.906775945128221 0.33143475714903536 0.26059237726837275 -254.9830780029297 -0.4030088678088821 -0.8629515387866752 -0.3047925428436739 126.86107635498047 0.12385975054159004 -0.3813995850276581 0.9160748434142845 0.21176910400390625
-0.9768130706951202 0.1947438576867691 0.08894411061135868 -255.46041870117188 -0.2091941606346533 -0.9565645347017525 -0.20303224893396307 126.90975952148438 0.045541498389195134 -0.21693114309405945 0.9751240183076058 0.3468456268310547
-0.9309713917124514 0.0681701369590022 0.35867129832197664 -255.67242431640625 -0.12853162976671997 -0.9807170003200754 -0.1472201936987721 126.9521713256836 0.34171901902365975 -0.1831583951397916 0.9217814894688022 0.41640472412109375
-0.7923886219383235 0.28370098984737285 0.5400314992500953 -256.2069091796875 -0.30450027800693574 -0.951046012512956 0.05283050990578922 126.7578125 0.5285828719476103 -0.12257744671360907 0.8399850695344466 0.07427215576171875
-0.5060168012499933 0.6210143166684275 0.5985718130229412 -256.46929931640625 -0.5091643861354253 -0.7752288631486439 0.37386071956357864 126.70529174804688 0.6962030054115398 -0.11559164430921154 0.7084772028949361 0.0590972900390625
-0.5039420014623859 0.4384598245759451 0.7441743353508747 -256.7659912109375 -0.1837011358909143 -0.8962706423518763 0.40367416108854814 126.7020492553711 0.8439765114234357 0.06672269397279071 0.5322139891759149 0.003997802734375
-0.34626769366006765 0.46069543171317034 0.8172260418794505 -256.93798828125 -0.06841064467451491 -0.8811977302622267 0.4677718929947773 126.72381591796875 0.935638107401871 0.10606733417653014 0.3366467771984896 -4.57763671875e-05
-0.7629966897623002 0.08314024901345286 0.6410333457830049 -257.54736328125 -0.03809709045466453 -0.9957539818714101 0.0838010697194319 126.65531158447266 0.6452787483798468 0.03951843343571487 0.7629243935726042 0.103118896484375
-0.17659023259056725 0.22225936229688864 0.9588621723819274 -257.6099853515625 -0.020961030598355593 -0.9748000675242559 0.22209336674236846 126.723876953125 0.9840612404468857 0.019120779954953718 0.17679895594728515 -0.1249542236328125
-0.074072138551373 0.2088428807114513 0.9751399742942392 -257.85528564453125 -0.017365018290040043 -0.9779480301913572 0.20812521804104278 126.75043487548828 0.9971016871062918 -0.001517043502197793 0.07606526243167551 -0.1632080078125
-0.4621147691076622 -0.16051674683505576 0.8721721814860086 -258.4598388671875 0.04763292973117588 -0.9865556166119557 -0.15633016131453747 126.6762924194336 0.8855399732241325 -0.030698360166221628 0.4635478039051723 -0.3621826171875
0.41582004918346865 -0.09900099172623486 0.9040423056109043 -257.88140869140625 -0.03539938743635162 -0.995065853189023 -0.09268673684153994 126.77284240722656 0.9087577070188669 0.006538459636931351 -0.41727290647654974 -0.0570068359375
0.2972910922990213 -0.7445044471861711 0.5977718081004393 -258.1138000488281 -0.26896138415781656 -0.6660265343540689 -0.6957502636494072 126.7837142944336 0.9161210511016358 0.04606282293044939 -0.3982467025250954 -0.303009033203125
-0.051501677688030434 -0.9961413382356348 0.0710634326038167 -258.7032165527344 -0.38976491434081445 -0.04546542237128787 -0.9197913931525441 126.78174591064453 0.9194731582510802 -0.07506883259195768 -0.3859193978398401 -0.347686767578125
0.22301097446909668 -0.4107392705853258 0.8840584578326132 -258.52398681640625 -0.46360146797877755 -0.8424619266303602 -0.2744659925495033 127.00215148925781 0.8575195532197888 -0.3486418703731612 -0.3782975840108386 -0.2884979248046875
0.4390726363998554 0.2966144104096661 0.8480773027868428 -259.3789978027344 -0.46872548503914313 -0.7296700774968701 0.49787347557439854 126.9171371459961 0.7664930786639238 -0.6161180646134614 -0.1813474312397675 -0.2621612548828125
0.5607821820798382 0.20215442867762845 0.8029053065136617 -259.864990234375 -0.0733370110404108 -0.9537960477001242 0.29136709183310505 126.7000961303711 0.8247090560151707 -0.22227614887262204 -0.5200464273206018 -0.0299072265625
0.6167361499953199 -0.1739115968174129 0.767718228115868 -259.5215148925781 -0.15632776993067568 -0.9829229119313794 -0.09707820326334646 126.78873443603516 0.7714908616681418 -0.06014404120738401 -0.6333913045422968 -0.4024658203125
0.5499651273415929 0.10761846869013711 0.8282249838690787 -260.2965393066406 0.03939863044761522 -0.993902374485611 0.10298455180616534 126.52081298828125 0.8342578178399038 -0.024006982081354662 -0.5508516662263514 -0.34881591796875
0.4487230515788276 -0.4574675557627861 0.767705059515832 -259.992431640625 -0.27736141192831276 -0.8879158585264122 -0.3669823910631642 126.68017578125 0.849540034462719 -0.0482583008582628 -0.5253121607609668 -0.4343414306640625
0.449184837860217 -0.01195473304380508 0.8933588673060461 -260.4277648925781 -0.19916195437026085 -0.9760901549441737 0.08707769721620262 126.57828521728516 0.8709578045852212 -0.21703707927197574 -0.44082582598253184 -0.185699462890625
0.192445616335664 -0.5223619435573326 0.8307241929041145 -260.70599365234375 -0.4662868022295252 -0.7935500387310905 -0.39096669179924814 126.63336944580078 0.8634473364483499 -0.31211590147394086 -0.3962857065645431 -0.38824462890625
-0.15711405739454268 -0.9874973649177754 0.012811215768777418 -260.6127014160156 -0.426972671640592 0.056224044071896684 -0.9025149275997026 126.89392852783203 0.8905108144436649 -0.14726782115809023 -0.43046797582425234 -0.409637451171875
0.16792554874557225 -0.9543018875410905 0.24720217942811595 -261.3733215332031 -0.3748693846094682 -0.2937413274971041 -0.8793116495320403 126.51106262207031 0.9117422632306879 0.05499036238970495 -0.4070652349233866 -0.407989501953125
0.07169543001414225 -0.6241729176148549 -0.7779896748873001 -261.232177734375 -0.31179096563003084 0.7268836167577085 -0.6119040786273008 126.30929565429688 0.9474419027394663 0.28644087802789675 -0.14249724322957041 -0.48638916015625
0.09179337532154223 0.2130428215860235 0.9727213025413519 -262.29034423828125 0.13842415781275685 -0.9700911259516816 0.19940401170394662 125.99346160888672 0.9861098969085076 0.11634415980385293 -0.11853821197667887 -0.42147064208984375
0.23915668564866954 0.17930305361227758 0.9542821881785578 -262.22552490234375 0.0017578034208973747 -0.9828804744204125 0.18423594418635797 126.26390075683594 0.9709793972256452 -0.04238381729408093 -0.23537761617219477 -0.45139312744140625
0.14731346000588855 0.2993847119864985 0.9426916456243022 -262.40673828125 -0.10022793383853616 -0.9436655272079286 0.31535651893981864 125.94668579101562 0.9839985293584292 -0.14094029582821055 -0.10900792279602897 -0.4315185546875
0.07111819470835994 -0.8483739296306227 0.5245987780242334 -262.5040283203125 -0.09324238338765323 -0.5292819289089439 -0.8433068822620966 125.6199951171875 0.9931002267251849 0.011059622666385827 -0.11674598247847108 -0.490875244140625
-0.08706003502720916 -0.9868886403222983 -0.13590938857881235 -262.6109619140625 0.10751896180946269 0.12632204438903338 -0.9861452296456088 125.51335906982422 0.9903838766622146 -0.10046667459501468 0.09511164041978781 -0.42584228515625
-0.11628288397911207 -0.9692651759253237 0.21680246684932325 -263.2256774902344 0.2782195078572461 -0.24133196309524269 -0.9297057540083682 125.19481658935547 0.953452776146345 -0.04779019069901236 0.297731256894166 -0.3572998046875
-0.3137111476317048 0.050060883801987865 0.9481978821767967 -263.45440673828125 0.22617539934183117 -0.9659256032995497 0.12582693520452626 125.18734741210938 0.9221876189714118 0.2539323469024077 0.291699089152629 -0.3488922119140625
-0.2315224833724303 0.8005383255221303 -0.5527528643646151 -264.18524169921875 -0.23791233635822234 0.5043448992068684 0.830080684543729 124.75596618652344 0.9432894889171801 0.32368906687473625 0.0736907598286769 -0.4240531921386719
0.27835495291790957 0.38955130078310374 -0.877934111562058 -264.5763854980469 -0.17728752729342898 0.9191915541923995 0.3516475783615505 124.663330078125 0.943974392053222 0.05776392264686439 0.3249241086595408 -0.559138298034668
0.1409128989992633 0.9023368901784391 -0.40734713883704543 -264.79736328125 -0.6141536648349234 0.40238694937764996 0.6788961768491417 124.05049896240234 0.7765042375064389 0.1545085097774626 0.6108750195751106 -0.17420387268066406
0.013578079738413185 0.5778039426058029 -0.81606264444576 -264.68084716796875 -0.4695079757255454 0.7242565776375846 0.5049897726477179 123.91941833496094 0.8828238196156227 0.37629112885887056 0.28111757302132323 -0.4406929016113281
-0.010262061879536821 0.22605002940671748 -0.9740616378295589 -264.6497802734375 -0.46469730416092725 0.8614567886854739 0.20481361461894448 123.81166076660156 0.8854101341138735 0.4547456271729647 0.0962045163987626 -0.37810516357421875
0.21477145284828184 -0.8185186902930973 -0.5328230256682894 -264.7158508300781 -0.40858744756432996 0.4202181372695981 -0.81023022333318 123.10308837890625 0.8870904805792382 0.39171912226816485 -0.2441856025959646 -0.4877166748046875
0.0007966965732369435 0.5746983110139877 -0.8183649653988372 -264.645751953125 -0.33796778360206936 0.7703654266324531 0.5406615269246585 123.24644470214844 0.9411573420643728 0.2761502503476473 0.19484326190878848 -0.4414558410644531
-0.09243664140281882 0.9376697253493522 0.3350088856872855 -264.99163818359375 -0.22682575025879137 -0.3474329065017544 0.9098573814061626 123.02362060546875 0.969538831788445 0.008115518653369014 0.24480316993716345 -0.40393638610839844
-0.15591621280852694 -0.0642366715212227 0.9856793518255927 -265.2992248535156 -0.220131813930795 -0.9705278230327699 -0.09807002199862293 122.83891296386719 0.9629289273248488 -0.23227009009157223 0.13718048756973036 -0.35736083984375
0.0704052426166448 0.6751412207493681 0.7343210700076259 -265.44580078125 -0.16322243771027262 -0.7184288835137553 0.6761792478042307 122.77030944824219 0.9840739492741426 -0.16746423910265773 0.05961703600280996 -0.31734466552734375
-0.13277717626995392 0.9901789952653224 0.0437696104293141 -265.5452575683594 0.2527175918151569 -0.008879143226733999 0.9674993434637085 122.81568145751953 0.9583861644707341 0.13952318141052938 -0.24905670358406176 -0.2695140838623047
-0.05603584501372666 0.9282313271638982 -0.36775887119843287 -265.7613525390625 0.10437419198650955 0.37176548387377306 0.9224404875368721 122.59065246582031 0.9929582126760222 0.013305197166795402 -0.11771558778510105 -0.27310752868652344
0.025640202802800285 0.7379314486621311 0.6743884318963662 -266.045166015625 0.022620591043951643 -0.6748657670348699 0.7375937264817665 122.1448745727539 0.999415273477974 -0.0036569878103661635 -0.03399614065009836 -0.1471567153930664
-0.01846632942828107 -0.10150495798321388 0.9946636306723357 -266.014404296875 -0.022154457970803385 -0.9945474705381577 -0.10190441029794889 122.34831237792969 0.999584000807069 -0.023918034011573587 0.016116853897554028 -0.195404052734375
0.13069661849570702 0.5693685203220284 0.8116266888047063 -266.43060302734375 0.12925689410950048 -0.8214470817426744 0.555443378951995 121.69628143310547 0.9829603497796608 0.03231377357641918 -0.18095516239748155 -0.14864015579223633
0.0068564255765278526 0.9939143308751226 -0.10994222259610092 -266.585205078125 0.2490801343396431 0.10478201145604468 0.9627979106502934 121.2368392944336 0.9684586083595204 -0.03398577579344597 -0.2468458849931647 -0.1184234619140625
-0.22128636354029574 0.25308739662406254 -0.941795686431599 -266.41680908203125 0.2474838250025544 0.9486962092038809 0.19679242618630302 121.43110656738281 0.9432836803810491 -0.18953171848595937 -0.27256857121565203 -0.15412521362304688
0.012851786747792582 0.6358367623967762 -0.7717165562317392 -266.5870056152344 0.3631504468192206 0.7161142052438549 0.5960723093912036 120.72370910644531 0.9316418756970888 -0.28790980641990627 -0.2217010573156169 -0.12958908081054688
0.3654236967947958 0.8583703620188059 0.3600914375940218 -266.42767333984375 0.05635621819690384 -0.40653700003281923 0.9118945357193772 121.21709442138672 0.9291337355253915 -0.3129344807016633 -0.196932760851546 -0.09232521057128906
0.30635358474985735 0.1040254335787582 0.9462167776358987 -266.6602783203125 -0.2554840640352598 -0.9485562368278972 0.18699988930190803 120.46539306640625 0.9169925703815378 -0.2990313942442331 -0.2640167629553298 0.023677825927734375
0.2394169527987595 0.6614090930912678 0.7107865602898965 -267.1881408691406 0.34004515479756525 -0.7428315860006491 0.5766892816226601 119.82717895507812 0.9094222426415884 0.10363033540400396 -0.4027554322076825 0.04758453369140625
-0.2807302772060131 0.7006343945002047 -0.6559740518520275 -267.40216064453125 0.001958756336281009 0.6838749624673505 0.7295966001729278 119.6145248413086 0.9597847022814284 0.20353496248460967 -0.19335677984735478 0.00812530517578125
-0.0763915054761043 0.8647403854072615 -0.49637526503321594 -267.6866149902344 0.11565424259188878 0.5021544552816167 0.8570093343781733 118.83441162109375 0.9903476329358248 0.008060327941458167 -0.13837122913339062 0.16705322265625
-0.21460991862287063 0.7545004441733281 0.6202190440247184 -268.1854248046875 -0.37032812048145786 -0.6504583530287397 0.6631447912453287 118.19544982910156 0.9037696974392071 -0.08736710317614005 0.41900754560419795 0.7065086364746094
-0.3471563886700203 -0.6863343371663149 0.6390834213403325 -267.95867919921875 0.1268054012648055 -0.7095608119966085 -0.6931405660389421 117.96107482910156 0.9291947223352388 -0.15958894606202723 0.33335947006069866 0.2595634460449219
-0.667881922156208 0.006453390775875076 0.7442392705336254 -268.128173828125 -0.24455794482857646 -0.946340427852908 -0.2112609907966878 117.17144775390625 0.7029403599724175 -0.3231070230723392 0.6336218919538521 0.4151802062988281
0.26152639311874243 0.9611775980409707 -0.08798619622697201 -268.147216796875 -0.7324562323733332 0.2570043224431266 0.6304416276730234 116.2525634765625 0.6285792021374574 -0.10043108716796623 0.7712339355672166 0.44495582580566406
0.6323015364071776 -0.3729191576367032 -0.6790626399122943 -268.3853759765625 0.34862493247049436 0.919724504259349 -0.1804646578276145 115.51101684570312 0.6918492780346497 -0.12263008657106306 0.7115521332625654 0.5159378051757812
0.2539170658790161 -0.8538212399985868 -0.4544396701242823 -268.4263610839844 0.6118778653009437 0.5056725916857915 -0.6081946300096168 115.02732849121094 0.7490871789118749 -0.12363057932829519 0.6508332184552341 0.6824798583984375
0.3537769291951179 0.07887395419371765 -0.9319982745258275 -268.6405334472656 -0.37416240643710263 0.9251706434321154 -0.06373204955594663 114.5966796875 0.8572306445633338 0.3712656459750249 0.3568156977212164 0.6337890625
0.326152097662306 0.2479599890741102 -0.9122174373518879 -268.39117431640625 -0.4140462081333247 0.9049701463936458 0.0979529053508854 114.19413757324219 0.849817949163757 0.3457526253763391 0.39782480481296756 0.8914337158203125
-0.17126944088761997 0.8520574516762823 0.49463610630539473 -268.14422607421875 -0.5032658466222096 -0.5072735710983803 0.6995691614763525 113.5428466796875 0.8469889410385902 -0.12911863966142179 0.5156918756877127 0.87042236328125
0.4911447360857563 0.6566514018268161 -0.5723511026407919 -268.1692199707031 -0.09494302904179791 0.6935007629907639 0.7141726072649365 112.81427001953125 0.8658883700868267 -0.2964213693546839 0.40295372232835003 1.0980205535888672
0.12983374614121754 0.48207892189779744 0.866454333144451 -268.6074523925781 -0.5091616450380994 -0.7174231505399775 0.47545603612888254 112.11023712158203 0.8508217307903192 -0.5028955519102849 0.15231036170863607 1.128366470336914
0.3999257294175105 0.8985559329923279 -0.18071150000528213 -268.5068359375 -0.42025081565194655 0.35499069902485564 0.8350873340853147 111.32244873046875 0.8145235803178111 -0.25802875593648716 0.5195887779928691 1.1184654235839844
0.41751722079409015 0.8649149706466257 -0.2785703930638098 -268.6260681152344 -0.7609212270690924 0.5003616274553903 0.41308247114330565 110.37275695800781 0.49666714863784345 0.039501080004725575 0.867041756862041 1.2719192504882812
0.026521526465181022 0.6625973173747212 -0.7485061146321919 -268.4126281738281 -0.7391248407185299 0.5171315905277253 0.4315893741869382 109.76830291748047 0.6730461191231731 0.5417930537447747 0.5034572558292782 1.3672561645507812
0.23666142759538072 0.9412597531629723 -0.24087641180509353 -268.37872314453125 -0.8094190874832297 0.32813918020762695 0.48699632363138284 108.86773681640625 0.5374310276736285 0.07971672025520832 0.8395314973277779 1.4923095703125
-0.48000102001631595 0.8108083967194893 0.3349459129359063 -268.3232421875 -0.7665259386122917 -0.5733254316746278 0.28937162063624566 107.96766662597656 0.42665794990582534 -0.11784605722837409 0.8967024593352498 1.5057377815246582
-0.15958936732357848 0.8832344861302476 0.4409399917760894 -268.42431640625 -0.9324005730217059 -0.28158805034752127 0.22657745106315577 107.07263946533203 0.32428445116294874 -0.3749733489352539 0.8684667997812154 1.5195083618164062
0.08058220701149116 0.986893031434236 0.13981649552074163 -268.4449462890625 -0.9700796593726565 0.04542018474912651 0.23850044295301936 105.98939514160156 0.2290239340867858 -0.15485203041581208 0.9610249145009262 1.5983600616455078
0.24880947684380839 0.8753918031351884 -0.4144671702758056 -268.22491455078125 -0.9482787005426823 0.30726740646993234 0.07971353096133105 105.01371002197266 0.1971328240800909 0.37319690771088215 0.9065664441976897 1.6243247985839844
0.08092578368322417 0.9854288307828427 -0.14960293111171097 -268.2221984863281 -0.9843497987116829 0.10259007522366986 0.14328555489605643 104.11844635009766 0.15654549278572366 0.13566611930604144 0.9783088534613769 1.7596092224121094
0.37804012925775754 0.9110477757416813 0.16455276049617973 -268.1080017089844 -0.9136847933231227 0.3385081459038548 0.22492739630115569 103.00951385498047 0.14921715424461268 -0.23538093693600107 0.9603801619183259 1.858438491821289
0.7095253770487677 0.7031350417938583 0.04663531200016693 -267.97625732421875 -0.6889510179440407 0.6782631629017313 0.2555495582551643 102.02313232421875 0.1480548351040047 -0.21344834235029442 0.965670529192145 1.9651832580566406
0.778803904800409 0.6272073884829191 0.00868157244234534 -268.0205383300781 -0.6109457096848719 0.7553297426098 0.23711246223398108 101.0973892211914 0.14216123833620503 -0.1899680809016333 0.9714434160326925 1.9346027374267578
0.8665877370527189 0.4975977466517747 -0.0377117556860444 -267.93389892578125 -0.4613416909511209 0.8276665450137856 0.3195808731061725 100.040771484375 0.19023548086571054 -0.2595468604934749 0.946808264131536 2.081806182861328
-0.0191369948432919 0.7834314242390632 -0.6211835308048022 -268.0880126953125 -0.982633901433434 0.09995343799447243 0.15633274125017274 99.0676498413086 0.18456541166230506 0.6133877352440608 0.767913468478113 2.1702041625976562
0.3296695538693778 0.3598217123345188 -0.872838083830111 -267.8709411621094 -0.936357794979364 0.2427472980654674 -0.2535898835981005 98.049072265625 0.12063194035141955 0.9008896073407493 0.4169482586034886 2.277008056640625
-0.2449248159470231 0.39139391066477563 -0.8870302369298639 -267.6423645019531 -0.9625610370957205 0.011430708765455433 0.2708239072946296 97.0665512084961 0.11613821248205802 0.9201522404426633 0.3739408643219131 2.27008056640625
-0.7483219634066829 0.662740360351724 0.02809722128670402 -267.55999755859375 -0.6536302957461989 -0.7439305635703868 0.13904946266916393 96.01424407958984 0.11305607266265488 0.0856885718559583 0.9898867577088719 2.322770118713379
-0.4388468471813697 0.8175672108816372 0.37282341719665685 -267.63250732421875 -0.8906186726533125 -0.45080714344011363 -0.059760349267863805 94.86170196533203 0.11921335764176666 -0.35826913782041814 0.9259759177458077 2.400226593017578
-0.09210033168634235 0.9951436820667994 0.03473587404685238 -267.6642150878906 -0.9911052067873769 -0.09498030971095928 0.09321593128945924 93.5169906616211 0.09606246916572914 -0.025841687439935417 0.9950398028260177 2.251338005065918
0.4538385422576819 0.12720048985257426 0.8819583963785864 -267.51025390625 -0.8813711595057725 -0.08165869190393577 0.4653135902034116 92.29952239990234 0.13120768557090212 -0.988509935922651 0.07505098153471429 2.47589111328125
0.8210850523693113 -0.09049990051959156 0.5635859338039134 -267.64141845703125 -0.5466963296317455 -0.4086063885628489 0.7308652012463063 91.04841613769531 0.16414158505041587 -0.90821285348291 -0.3849765613976607 2.4767913818359375
0.8114613517122418 0.5830498233636924 -0.039791684469353064 -267.87603759765625 -0.5594691578787808 0.794710673465147 0.23543408177870126 89.78937530517578 0.1688926761578171 -0.16878343803862825 0.9710753909888311 2.4592885971069336
0.14297834351432853 0.8471065397841971 -0.5118278065333524 -268.02490234375 -0.9711374215631589 0.21983274399922598 0.0925509216887109 88.83069610595703 0.19091700219089394 0.4838223588473509 0.8540881824225336 2.5427780151367188
-0.2439985738184875 0.6724816936389271 -0.6987367656672033 -267.8782043457031 -0.9536000337033621 -0.03532760380240002 0.2989965486933373 87.6557846069336 0.176385009837828 0.7392701347478476 0.6498984506631851 2.460693359375
-0.5280719547382813 0.8481110518025097 -0.04298435098186336 -267.5379943847656 -0.8324707377710334 -0.5070079781469787 0.2234622582233176 86.5455322265625 0.16772740197666725 0.1537873658846987 0.9737643270937809 2.4534244537353516
-0.8281179868501014 0.484709586366279 0.2815621010362833 -267.4709777832031 -0.52815865234586 -0.842970401362414 -0.10222201513908787 85.43923950195312 0.1878005266434055 -0.2333613492237343 0.9540825136647972 2.5074310302734375
-0.15656369059601877 0.9229828942757019 0.3515542456882041 -267.0902099609375 -0.9810682572905516 -0.18641160295912645 0.052495607617102064 84.24900817871094 0.11398633832101919 -0.33667980509180684 0.9346945081252531 2.589153289794922
0.2911358357431369 0.9114401309176382 0.2907177547020188 -266.85260009765625 -0.9432254075954042 0.22267807297624448 0.24645548539659162 83.0138168334961 0.1598929504782135 -0.3459643963884497 0.9245230558612081 2.521087646484375
0.07487252695933616 0.9758122032189495 0.20538901809907706 -266.918212890625 -0.9774631255586624 0.031048757641596703 0.20881047105450382 81.7381362915039 0.19738273196967832 -0.21639435920996855 0.9561451450602535 2.4855289459228516
0.6568135520661256 0.7269450568875484 -0.20036676892398667 -266.7447509765625 -0.7250341107533682 0.6818393867576961 0.09705971826644483 80.46641540527344 0.20717503726644218 0.08152260381420726 0.9749013124419313 2.465250015258789
0.3486853838401451 0.9347187048940424 0.06869822281147259 -266.6434631347656 -0.9170258852727668 0.32510634980594694 0.23101815308661702 79.25193786621094 0.1936027604037428 -0.1435507019734049 0.9705210802074283 2.432229995727539
0.01718797552301532 0.9789447029314831 0.20340069345951284 -266.52655029296875 -0.9864419732395067 -0.016603548697589565 0.163268354563875 78.21223449707031 0.16320786417562316 -0.20344923389641273 0.9653867630634854 2.407878875732422
-0.2667320949338828 0.9471844247182922 0.17803273604385225 -266.4107666015625 -0.9549545134933021 -0.2846724165570967 0.08380627906257186 77.09587860107422 0.13006101141753793 -0.14765934045166496 0.9804493115334552 2.398479461669922
-0.3225535629218782 0.9441998697994176 -0.06667686943134753 -266.23883056640625 -0.9450171493591688 -0.3172219934510695 0.07945309489252218 75.95215606689453 0.053868232414591474 0.08863866392095866 0.9946061536079671 2.3029165267944336
-0.3734924918045203 0.9220818343665523 -0.10133335727619303 -266.1282958984375 -0.9232702367715014 -0.35892883821773286 0.13690200505312022 74.80081176757812 0.08986338774799368 0.14468994376556676 0.9853879397047496 2.356363296508789
-0.4261858631172985 0.8969763759027292 0.11746910722130008 -265.87371826171875 -0.9016731906596747 -0.43169383959684277 0.02501771571781606 73.57612609863281 0.07315098990830762 -0.09525654794575245 0.9927613624375666 2.3422412872314453
-0.23136534993079944 0.9723718431918742 -0.031033424223510395 -265.874267578125 -0.9721196637179028 -0.22981995335337352 0.04654189997889317 72.39361572265625 0.038123932960685586 0.04093638489523482 0.9984341631411251 2.336416721343994
0.15400558769672407 0.87094234796357 -0.46662801617765115 -265.6549377441406 -0.983849061482826 0.17877527711835411 0.00896797137694999 71.17396545410156 0.09123213895085833 0.4577104180756206 0.8844082032678642 2.332866668701172
0.12868495274715686 0.9055501832687491 -0.4042512195632767 -265.40570068359375 -0.9877455089033136 0.1533421719765612 0.02906867617977424 70.05256652832031 0.08831190507398107 0.39555662537169733 0.9141859567652298 2.3060989379882812
0.3788582037940099 0.8999144983573728 0.2159174774402826 -265.233642578125 -0.9170908202335235 0.33377700456928183 0.21803059112005618 68.94184875488281 0.12414060118019378 -0.2806186146123527 0.9517574818574658 2.239816665649414
0.6527311553147875 0.7027360962426664 0.2830265321821267 -265.0526123046875 -0.7466094547776058 0.5333197700622647 0.3976736663363807 67.65518188476562 0.1285159947948449 -0.4708842765461072 0.8727838433332393 2.2300071716308594
-0.04147072022036069 0.9254350128753651 0.37663007886887756 -264.96868896484375 -0.9945658262712439 -0.07426332173653571 0.0729642121731838 66.65406036376953 0.09549343735462754 -0.3715575271596958 0.9234857916790975 2.2524757385253906
0.19054012629861466 0.8633164253910909 -0.46731061396041196 -264.79522705078125 -0.9759572757703335 0.21791251477829227 0.004640234255905401 65.46290588378906 0.10583882152148663 0.45519104291819024 0.8840810247403759 2.2500572204589844
0.11803240409754695 0.9251100559857669 -0.360887428288884 -264.6255798339844 -0.9824882481414959 0.16156101214021562 0.09281638659247168 64.31730651855469 0.14417071077998966 0.3436123159466786 0.92797919291488 2.1283226013183594
-0.3707038177698151 0.9237079530158446 0.09665555869251445 -264.5419616699219 -0.9263193759170477 -0.37525160306550676 0.03344619854959086 63.20549011230469 0.06716467294296231 -0.07713528331474298 0.9947557764478774 2.2209768295288086
-0.18949536991964822 0.9148770739231236 0.3564988701088394 -264.3063659667969 -0.978079485185374 -0.2078013601944504 0.013383398703242982 62.168495178222656 0.08632511476117097 -0.34614813925716803 0.9341998930904836 2.1658897399902344
0.08992112809436881 0.9936543598092497 -0.06756629303362828 -264.2356262207031 -0.9880525746752312 0.09752855087710566 0.11933269225764645 61.04460525512695 0.12516509257729355 0.05602851948679185 0.9905526258630764 2.163022041320801
-0.20357927480860605 0.6700830807133691 -0.7138236083305753 -264.1273498535156 -0.9703486786708564 -0.041058291576246686 0.2381966802761178 59.83540725708008 0.1303031874902731 0.7411497025800662 0.6585728491938869 2.1210479736328125
-0.27138707239278165 0.5776151441071606 -0.7698764850520758 -263.8367919921875 -0.9542014679190538 -0.0568438962967765 0.29371470864586324 58.785831451416016 0.12589128468324606 0.8143276470511519 0.5665879169987096 2.0996932983398438
0.19744437925175823 0.9795677683493846 0.03824531752900206 -263.44256591796875 -0.9759759119702538 0.19275476174194067 0.10157076882469289 57.58611297607422 0.09212348427908801 -0.057381086054675026 0.994092890331415 2.1221065521240234
-0.414814108053813 0.5898010024436116 0.6928665335228933 -263.3923645019531 -0.9094064229290455 -0.2939689287119587 -0.29421459326033017 56.499141693115234 0.030153170561611264 -0.7521416398980012 0.658311278831396 2.0872650146484375
0.07261464824588998 0.7429170575979482 0.6654332110663943 -263.2750244140625 -0.9969001434045057 0.03380464481078077 0.07104470472380658 55.36674880981445 0.030285589645928646 -0.6685293497814615 0.7430688336490603 2.0727920532226562
0.2582006348411887 0.9536874498873539 -0.15431357715691563 -263.2677001953125 -0.9653048504780389 0.2611218646806156 -0.001384712710043215 54.1220588684082 0.03897406587948214 0.14931717822499357 0.9880209524477441 2.0703563690185547
0.4104462022149262 0.6456596260669712 -0.6439390983271654 -262.99786376953125 -0.9118783891919541 0.29326513385958675 -0.2871817622813222 53.01426696777344 0.003423216620525471 0.7050668113940534 0.7091326202189484 2.0669479370117188
-0.14515146283511804 0.56334271061593 -0.8133732496417139 -262.80670166015625 -0.9880425725148186 -0.12572824324743004 0.08924283583691422 51.89365768432617 -0.051989688738486306 0.8166011261600192 0.5748562194314885 2.005584716796875
-0.5571237678225064 0.8168781028187913 -0.14940974687893183 -262.6557922363281 -0.7956978145138158 -0.5766004637506693 -0.18546399429660326 50.678184509277344 -0.2376512051414666 0.015558609760693023 0.9712259440300816 2.363368034362793
-0.7148120974165901 0.6569734202331033 0.23964471722555025 -262.5908203125 -0.6770305698029965 -0.5643078642321202 -0.4724259115649916 49.79443359375 -0.1751378683755334 -0.49994255617320826 0.8481651770662794 2.1073532104492188
0.38966568761210524 0.9035244480109267 0.17833738739909746 -262.34320068359375 -0.8932681221188435 0.41792231558654175 -0.16556871727792657 48.457550048828125 -0.2241265577839007 -0.09478665508041498 0.9699395734346581 2.0404129028320312
0.6211730836510466 0.7331451838451513 -0.2768431677901938 -262.1571350097656 -0.7638506189225245 0.4874706762128329 -0.4229711240785592 47.3536376953125 -0.17514631631617703 0.47420510250023984 0.862817065572773 2.0366172790527344
0.972699840592233 -0.08760451947741696 0.21489641290392694 -261.937255859375 0.20263636663456122 0.7719583885606907 -0.6025103727305656 45.998260498046875 -0.1131084569295677 0.6296075718238403 0.7686356630244915 2.008087158203125
0.9350474025334305 0.25990242593569657 0.24111632878804498 -261.63922119140625 -0.26878973421513275 0.9631900253987546 0.004129618978169124 44.949684143066406 -0.23116754485879523 -0.06867098342885697 0.9704874353843386 1.7784156799316406
0.8821784425759516 0.14708565439640342 0.44735556968148993 -261.439697265625 -0.45523017833162427 0.5094986687857 0.7301894214803151 43.96730041503906 -0.12052667833482422 -0.8478071223906893 0.5164265708047878 1.98065185546875
-0.7734242283153766 0.025708094770789502 0.6333672370102672 -261.3611145019531 -0.6269805991779914 0.11608595419063866 -0.7703371855843749 43.20840072631836 -0.09332894143389164 -0.9929064130636406 -0.07366521287503469 1.9604339599609375
-0.8802334573751246 0.26374091648196873 -0.3944994163375724 -261.29010009765625 0.4546565557428288 0.23059090428883144 -0.8602995124834877 42.34962844848633 -0.13592820471668893 -0.9366261601260718 -0.32288536561756376 2.0169525146484375
-0.9953081790897615 -0.05278076054908204 -0.08109142958959148 -261.42242431640625 0.04214228461793382 -0.9909150328885921 0.12771619099621465 41.265838623046875 -0.08709567431396503 0.12369959139488289 0.9884901388504261 1.803445816040039
-0.9144914862417264 0.03007641186625004 0.40348572594411525 -261.36456298828125 0.403782895313473 0.13138507631800966 0.9053713796962987 40.258907318115234 -0.025781680388734213 0.9908750532585641 -0.13229487437603438 1.8714447021484375
-0.20238500742490736 -0.8754193823534224 -0.43895468304777485 -261.1465759277344 -0.978906570235873 0.1936430501937282 0.06514826061153783 38.91914749145508 0.027968473656240028 0.4428806544788579 -0.8961442352488346 1.9304351806640625
0.9826545347777911 -0.09065251754139704 -0.16177820107804816 -260.67315673828125 -0.18155571400730097 -0.29253990120840184 -0.9388599090984113 37.54132080078125 0.037783435417413004 0.9519467040041605 -0.3039241430746709 1.890350341796875
0.808350580234016 0.4663950319856498 -0.35922835853316865 -260.4469299316406 -0.5740862073880082 0.4893876492359118 -0.656448593008014 36.514156341552734 -0.13036244061148478 0.7368686469883579 0.6633477452764608 1.8479843139648438
0.7401448799593134 0.4727351599169282 0.4782332331073722 -260.23846435546875 -0.6722514262719217 0.5030050127218441 0.5431979170174208 35.49628448486328 0.01623504066459039 -0.7235381301320714 0.6900934702629821 1.9315719604492188
0.18006971791353615 0.27297723959501 0.9450176312395594 -260.1728515625 -0.983637177495144 0.044377345182679384 0.17460971990105167 34.478858947753906 0.005727105719811054 -0.9609963984831711 0.2765015775044481 1.7913665771484375
-0.25658959966379435 0.5668282068825057 0.7828585831596514 -259.9703369140625 -0.9663810033586879 -0.16421691718349085 -0.19783973427551377 33.45975112915039 0.016417481287612556 -0.8073032812971304 0.5899083643372562 1.8224716186523438
-0.8214438778317062 0.404784944591966 0.40172018147522554 -260.07122802734375 -0.5702890492841001 -0.5823144456661741 -0.5793792252360572 32.48388671875 -0.0005965227962527742 -0.7050241378847788 0.7091830575813118 1.8137893676757812
0.20989842263662295 0.9772525852465236 0.030332108460239364 -259.81304931640625 -0.9774747481396632 0.20904474371498116 0.029041554270387043 31.2164249420166 0.022040166150907203 -0.03574464650998754 0.9991178865989321 1.808239459991455
0.16146532953616932 0.6327331572099667 -0.7573491263115602 -259.8413391113281 -0.9855651983288846 0.1429613332388605 -0.09068239653600657 30.146541595458984 0.05089388176119325 0.7610590049172763 0.646683078357245 1.7677536010742188
0.641021732666907 0.7375055514345522 -0.2125481118521964 -259.65777587890625 -0.7638724672770875 0.6399986735580321 -0.08306955868412205 29.042404174804688 0.07476624896791158 0.21560904305519482 0.9736132438335521 1.7572021484375
0.17683256357723043 0.9567430964241285 -0.23102573861688236 -259.58544921875 -0.9820058650883213 0.1873115384619385 0.024059686015401788 27.984777450561523 0.06629272502200169 0.2226140943511732 0.9726501116050748 1.7144546508789062
0.1988536972546494 0.9791957746100213 0.04040844062861852 -259.379638671875 -0.9764447172441533 0.19443465074586463 0.09354614238609266 27.0078182220459 0.08374318631471889 -0.058058604661272974 0.9947945904409836 1.731311321258545
0.0397066278766543 0.9643572993936959 0.2616073064896363 -259.38983154296875 -0.9918134672715943 0.006237802669988024 0.1275426828812552 25.923017501831055 0.12136486246588439 -0.264529939560625 0.9567102389097175 1.7782154083251953
-0.23088802565692534 0.9032293990746652 0.36175595676569927 -259.3209228515625 -0.9673372990484732 -0.25307833194144347 0.014488194205682231 24.949989318847656 0.10463875705421952 -0.34659487957694357 0.9321602437205699 1.7355728149414062
-0.27542997159002763 0.9489966044564854 0.1534398106098211 -259.1421813964844 -0.9525587449690233 -0.2909220520294932 0.0894214573018598 23.94692611694336 0.12949968391064148 -0.1215310839785857 0.9841036670463301 1.6885356903076172
-0.05565520946645269 0.9981506124157346 -0.024451024382207268 -258.9541015625 -0.9876933820507879 -0.05145410980964865 0.14769650516099805 22.776979446411133 0.1461652513845934 0.03237019489886694 0.9887304434323279 1.6322355270385742
0.19082083221274776 0.9780077095617977 -0.08419222072923582 -258.82012939453125 -0.97347241131734 0.19956960519702022 0.11190816362316462 21.706022262573242 0.12624925503795212 0.06060439521347831 0.990145561462137 1.6933565139770508
-0.08458444857091535 0.9635984761746544 -0.253620676944601 -258.68505859375 -0.9862639266331629 -0.04472304212855499 0.15900728450263588 20.59119987487793 0.14187648882774367 0.26358646819715725 0.9541452906666048 1.7218437194824219
-0.0431228327177699 0.9854285835788975 -0.16453245261674998 -258.619873046875 -0.9899875900893901 -0.019992015593267798 0.13973149530982737 19.581941604614258 0.13440607414621192 0.1689107041552026 0.9764241810065933 1.700540542602539
0.0021862249321203953 0.9856195112213487 -0.16896567556854916 -258.5032958984375 -0.9899760832875723 0.025994336327353262 0.1388223649038527 18.455081939697266 0.1412181820416343 0.1669684807941022 0.9757965727968948 1.6863155364990234
-0.224436426073368 0.9514616716299948 -0.2105919705745441 -258.548828125 -0.9659255866145591 -0.18862151168739016 0.17722778126491257 17.45119857788086 0.12890326518259182 0.24319254254154204 0.9613747112741455 1.6208000183105469
-0.34011611968658506 0.9323440692231202 0.12270110722326064 -258.1903381347656 -0.9365289460761288 -0.3476279821468712 0.045478777358563996 16.468788146972656 0.08505620665698485 -0.09944507334688947 0.9914010889121294 1.5708436965942383
-0.04807072300320725 0.9805272748316941 0.19040868914280268 -258.064453125 -0.9980835905465576 -0.05458994347945689 0.02913905201961034 15.25326156616211 0.03896603484627058 -0.18864305283270108 0.9812723611446101 1.5811824798583984
-0.27382826182940656 0.9564182369739398 0.10140137576555111 -257.91900634765625 -0.9590675260494856 -0.2794451674690317 0.04582443513589463 14.26400375366211 0.07216344989539367 -0.08470274117090498 0.9937896568878796 1.5140867233276367
-0.10580099510608032 0.9927570416327045 0.05691753440938548 -257.68060302734375 -0.9930774947042631 -0.10842531993548166 0.045177865252716616 13.217544555664062 0.05102194573384431 -0.051743659375510405 0.9973561824984912 1.4892520904541016
-0.25643812586544334 0.9577915241849576 -0.12990336332087166 -257.6633605957031 -0.9662442296840298 -0.2505897567172253 0.05980687611568889 12.182624816894531 0.02473006682026005 0.14085513845031433 0.98972130105763 1.4375572204589844
-0.27635027695481384 0.9415795323438954 -0.19250586665878253 -257.4989013671875 -0.9610569489257579 -0.270696280157555 0.05561532909527235 11.169898986816406 0.0002556335476396332 0.20037841245980997 0.9797185445175444 1.5097332000732422
-0.14200297812409535 0.9493972801519331 -0.2801427469059302 -257.2945556640625 -0.9898309387072909 -0.13380277436193622 0.04828592290608699 10.03786849975586 0.008358647123277718 0.2841507029960707 0.9587431934595978 1.4061164855957031
-0.38489971773718173 0.9223540891379797 -0.03339373498555777 -257.111083984375 -0.9221396271357895 -0.3858301496091378 -0.028170972976763867 9.024726867675781 -0.03886792188559933 0.019950686781115425 0.999045171523919 1.4125823974609375
-0.3419266117289002 0.9394569414093508 0.02251327229395294 -256.89752197265625 -0.9361107396946562 -0.33841354327783174 -0.0957755540546059 7.923610687255859 -0.08235821282615075 -0.05382312666438903 0.9951483285501472 1.411849021911621
-0.4012559946953533 0.886578146203652 0.23015824424759904 -256.74798583984375 -0.9032400314248409 -0.34124605728937824 -0.26020871241391225 6.898021697998047 -0.15215476447582668 -0.3122984454949292 0.9377198987910813 1.4130973815917969
-0.0978808548360608 0.9918137898770547 0.08200453930286868 -256.7226867675781 -0.9812686976479581 -0.08244442962312593 -0.1741110537570711 5.874443054199219 -0.16592492661695601 -0.0975106262610962 0.981305557149926 1.4944038391113281
0.03780699483192046 0.9992808191611284 -0.002911288107144125 -256.468017578125 -0.9804221663317945 0.03652978539305557 -0.19348888997668046 4.795270919799805 -0.1932433877447034 0.010169524856204634 0.9810981469033304 1.3764574527740479
0.21180485358285878 0.9197607172884926 -0.33042234629592027 -256.3992614746094 -0.9615865486879497 0.1357186484850878 -0.23860376743835868 3.912721872329712 -0.17461389801828753 0.3682671196106686 0.9131754022270422 1.33575439453125
0.1202266604716487 0.9431358177439485 -0.30990382282296647 -256.2530517578125 -0.9756190244011699 0.054511635010751014 -0.21259351089570944 2.8765926361083984 -0.18361119066751996 0.32790747313366975 0.9266949982193424 1.3459091186523438
0.12741303404554744 0.990774453360891 -0.04617251696340317 -256.1454772949219 -0.9852342517512306 0.12105833071174393 -0.12107167191989487 1.8029741048812866 -0.11436515173557373 0.060916854258190434 0.9915693364237246 1.3495969772338867
-0.019180804207019064 0.997947943158872 -0.06109009326354689 -256.0496520996094 -0.9972661413838315 -0.023457171824187717 -0.07007142312964994 0.7764034271240234 -0.07136063340088783 0.05957905533815881 0.9956696219959895 1.3460454940795898
0.307681318034678 0.9510947415810576 -0.0274043622313061 -255.9230499267578 -0.9508045928110485 0.3062397145025356 -0.04677460369497241 -0.2564544677734375 -0.036094775547986915 0.04044786518800231 0.9985294874864105 1.2393393516540527
0.11647591439742333 0.9460126554997479 0.3024787876853513 -255.7669219970703 -0.9927107031152647 0.1203839104272002 0.005759690152528252 -1.3068842887878418 -0.030964839506792435 -0.3009447951777394 0.9531387144428387 1.2176513671875
0.10896008983660488 0.9935315148009869 0.03198168100733826 -255.81332397460938 -0.9932876633102468 0.11007716895400799 -0.03553357272693487 -2.3209168910980225 -0.038824177241360606 -0.027895267919970365 0.99885661497995 1.3376893997192383
0.22549994978905075 0.9595040691741535 -0.16882450616950342 -255.74069213867188 -0.9723905447761191 0.2109844488517214 -0.09971053491350652 -3.3282365798950195 -0.06005331860220429 0.18664807414215784 0.980589667161492 1.3528385162353516
0.2793402176889637 0.9215864558288358 -0.2695319038895534 -255.5051727294922 -0.9569589720739298 0.290222713555706 0.0005498213983333444 -4.44755744934082 0.07873098849049084 0.25777738645817583 0.9629913034301516 1.352783203125
0.13916881547067184 0.9695257678275826 -0.20162298063173936 -255.30618286132812 -0.9900725651913602 0.13217488801821187 -0.04781333111981552 -5.218855381011963 -0.01970676167943533 0.20627550629124586 0.978295486572641 1.2353572845458984
0.21600387499264284 0.957788197377668 0.18969474149854695 -255.2127685546875 -0.9763871968239309 0.21252765180206357 0.038730338209308976 -6.256795883178711 -0.0032199171525642 -0.1935814200369928 0.9810789295209598 1.1310157775878906
0.458898744020893 0.8081952699446713 0.36909666535354524 -255.120849609375 -0.887277939740537 0.39518017029569114 0.23784551846704324 -7.162628173828125 0.04636593993261659 -0.43663833849552025 0.8984415178352103 1.1982955932617188
0.5994234689055242 0.7995188890705868 0.0382236961138351 -255.07952880859375 -0.7895284893993287 0.5827282253046159 0.19254241054933047 -8.095268249511719 0.13166726758037545 -0.14559313669492646 0.9805439149753826 1.146820068359375
0.5645634934846364 0.751749736522505 -0.34079377262908955 -255.00970458984375 -0.779270246905587 0.6215469621153396 0.08010777847936032 -9.103569030761719 0.27204033545069867 0.22034452006695607 0.9367189270877013 1.1451072692871094
0.1514721056667419 0.9882458407098788 -0.020648475113393405 -254.93923950195312 -0.9072019612855006 0.14728395788377718 0.39407110676860213 -9.877532005310059 0.39248032134697486 -0.040958443204238304 0.9188479761558277 1.12868070602417
0.05111706788384668 0.9975452855118137 0.04785863270207691 -254.25775146484375 -0.9905738125010162 0.044545219712633644 0.129534726571506 -11.156935691833496 0.12708488249260744 -0.054028943668253324 0.9904192576318036 1.2158737182617188
0.08921946787939794 0.9959525385802581 -0.010882437542046042 -254.35888671875 -0.9320790599312458 0.08733902303417507 0.35156865772295587 -12.028810501098633 0.35109615860758453 -0.021223476411165537 0.9360988470562404 1.2709078788757324
0.03191403528530723 0.9964030213238905 0.07850167799754948 -254.6898651123047 -0.8313808100662029 -0.017131797427110573 0.5554389706984746 -12.68649673461914 0.5547859434101342 -0.08299108755486473 0.8278436062330785 1.0515236854553223
-0.07623139496615405 0.9627089775797221 0.25957696143710574 -254.53749084472656 -0.8455168170090398 -0.2003968688726655 0.4949165657976442 -13.67194938659668 0.5284790313497939 -0.18174850600056713 0.8292631632902463 1.0138111114501953
0.0498932542633902 0.9712933284633454 0.23259392352682953 -254.35704040527344 -0.8000929015333293 -0.10052103795829187 0.5913940055866022 -14.461791038513184 0.5977976347351895 -0.21560331864417948 0.7721095757045301 1.036691665649414
-0.007196066129509071 0.9970415670097121 0.07652666389617241 -254.19395446777344 -0.7623025975706934 -0.054998785493956426 0.6448797433096836 -15.5029935836792 0.6471807833745016 -0.05369587739303433 0.7604431513149152 1.0015676021575928
0.49614063019742316 0.33368442096546885 -0.8015604670093476 -254.11585998535156 -0.5949129198115766 0.8030742214704711 -0.03391773357495034 -16.557640075683594 0.6323947287166208 0.49368664354480607 0.5969509235078669 1.098114013671875
0.19550160478159312 0.3000287737537285 -0.9336818823601838 -253.88800048828125 -0.7362799393526184 0.6737984385984359 0.06234994025028895 -17.347549438476562 0.6478201705988527 0.6752617263418266 0.35263384338876164 1.0945892333984375
0.4450136834092355 0.7702030034320018 -0.4568918417775354 -253.307373046875 -0.5157043300557327 0.6375127996810501 0.5723866474723158 -18.287010192871094 0.7321283122105802 -0.019098789154105233 0.6808989430984118 1.0751142501831055
0.40593630482788173 0.8969792819489126 0.17505394647678857 -253.1273651123047 -0.4006990569527779 0.0025338145638275633 0.9162062243517618 -19.027008056640625 0.8213744469971291 -0.4420653204427706 0.3604473197042684 1.0237159729003906
0.41637902233335894 0.847676221274881 -0.3287453933454506 -253.0631866455078 -0.5198937294107382 0.5186174213256918 0.6787830878983976 -20.130889892578125 0.745881371184527 -0.11171836994258694 0.6566429668680392 0.992964506149292
0.2677304741331594 0.3764095801764114 -0.8869251497008367 -252.89462280273438 -0.3373538972412567 0.8988819227059682 0.2796491320361239 -20.947189331054688 0.902503596245782 0.22433706110190427 0.36764132218725254 0.9892807006835938
0.21864364417233006 0.7582749439680605 -0.6141775526777892 -252.61630249023438 -0.4032299323569779 0.6433632340860876 0.6507606093469989 -21.855640411376953 0.8885947211830773 0.10537010191000518 0.4464264363913102 0.8076934814453125
0.310821026270486 0.9406513672183271 -0.13625452278164385 -252.12728881835938 -0.7293549819812405 0.32797028649303184 0.6003972030554628 -23.140710830688477 0.6094518848008479 -0.08723815981535998 0.7880088220221418 0.6987810134887695
0.10954949202490144 0.9886419771323242 0.10288804521894368 -251.89968872070312 -0.706656491850227 0.004669345086386223 0.7075413766999034 -23.768766403198242 0.6990246857751279 -0.15021730349182016 0.6991417956385031 0.5945403575897217
-0.020491252960771478 0.9463396741686354 0.3225233784495296 -251.75479125976562 -0.4068790874219885 -0.30256228829159254 0.8619196423811243 -24.40353012084961 0.9132521649417249 -0.1135662044719119 0.3912457034027292 0.9383573532104492
0.16597136578617605 0.813722321758547 -0.557054296106718 -251.46180725097656 -0.24711954151001497 0.581184518969772 0.7753428190895655 -25.336532592773438 0.9546650920312061 0.008974295613277117 0.2975466754566318 0.9316635131835938
0.38773281502149154 0.7967816674389946 -0.46346762409972675 -251.10525512695312 -0.4319587664361101 0.6012353658904784 0.6722556499588063 -26.23931884765625 0.8142941042734525 -0.06045667238343766 0.5772955070930466 0.7413425445556641
0.2185492885673696 0.8803180401241116 -0.4210419892347311 -250.6992950439453 -0.4956796169593044 0.4718109664695532 0.7291749647719286 -27.158100128173828 0.8405581037606942 0.04934126215561324 0.5394696599912892 0.7283592224121094
0.014300073896016896 0.8903954880288139 -0.45496305650513996 -250.6795654296875 -0.20124794844263244 0.44826127129799054 0.8709541296198906 -27.794170379638672 0.9794359453962267 0.07910567332524332 0.18560043457265898 0.9641304016113281
0.022040990182670528 0.8107420121624518 -0.5849885336197163 -250.05953979492188 -0.22264683898516502 0.5744167164663159 0.7877016065325562 -28.917068481445312 0.9746499781160831 0.1128841244765389 0.19316985944883808 0.929412841796875
0.05596358010114305 0.9792514151017071 -0.19476843615834433 -249.70433044433594 -0.21322362830477232 0.20229573735401804 0.9558305911514564 -29.77300262451172 0.9753992833885061 -0.01196246921409888 0.22012073345210012 0.9581489562988281
0.043469837433864345 0.982566818286544 0.18075624701716647 -249.4182891845703 -0.21783741231499165 -0.16725209701742594 0.9615475016031095 -30.44717788696289 0.9750165306441638 -0.08117378668961461 0.20676939165429498 0.9672298431396484
0.04565842521680519 0.975144069125192 0.2168164031079844 -248.86012268066406 -0.15412347223518658 -0.20756753147506202 0.9660029374611231 -31.324993133544922 0.9869960807991542 -0.07752266976382927 0.14081538324983245 0.9368896484375
0.0739806863083442 0.9871031995661621 0.14196524736565735 -248.4806671142578 -0.09430505075041001 -0.13479274550716835 0.9863759289244656 -32.00891876220703 0.9927907208754063 -0.08636080803747531 0.08311675750897274 1.0086784362792969
0.05287386134833649 0.5937931685242304 -0.8028785884553604 -247.77838134765625 -0.04211002819709242 0.8046138599223828 0.592303369858761 -33.147705078125 0.9977129348221145 0.002491873744632389 0.06754768873828199 0.9532394409179688
-0.004405084915048985 0.4711326519352286 -0.882051370106849 -247.39524841308594 -0.01983612984353289 0.8818452065374772 0.4711215975305144 -33.87799835205078 0.999793540277052 0.019571816148541005 0.005460845440588669 0.9230575561523438
0.11295558021865265 0.9845278673046448 -0.13396236560331104 -246.70228576660156 -0.3187533951174456 0.16360504347996857 0.9336110875782373 -34.86161422729492 0.9410830515945812 -0.06275562324194722 0.33230170290407124 0.8067245483398438
0.011491661626349431 0.861889618557433 0.5069657060748668 -246.1451873779297 -0.15034907704996398 -0.4997460091747613 0.8530234940165033 -35.45109558105469 0.9885661822777926 -0.08602448335690355 0.12384139663250074 0.9261627197265625
-0.0046276579503429505 0.7655057887341258 0.6434123655918019 -245.76104736328125 -0.3649446980288912 -0.6003339713390442 0.7116280561057812 -36.335777282714844 0.9310176970189642 -0.2315167602374297 0.28214541918427183 0.9941444396972656
0.010189673982684277 0.6137072529794427 -0.7894679082676843 -245.0111846923828 -0.2922371700846831 0.7568676055424144 0.5845929045937763 -37.19304656982422 0.9562915909726606 0.22475505627442122 0.18706030501968912 1.0210800170898438
0.10050994107527511 0.268633937493669 -0.9579841122751946 -244.33657836914062 -0.2688526198369137 0.9343731811484981 0.23380553277727295 -37.725013732910156 0.9579227633540572 0.23405675802480908 0.16613673125183148 0.9730758666992188
0.016831369020548603 0.9901286382956924 -0.1391473486761864 -243.7672882080078 -0.38237327603919363 0.13496249188569165 0.914098355514908 -39.0152587890625 0.9238546329309328 0.03782070082273331 0.3808703346302105 0.965057373046875
-0.019437030665911126 0.9865522394207105 0.16228641573734232 -243.1230010986328 -0.492730276499268 -0.15068885074800892 0.8570354396879976 -39.84709930419922 0.869964985766581 -0.06330520637534759 0.4890331015237387 1.0051498413085938
0.18671579060654814 0.899190611496075 -0.3957189125319722 -242.35838317871094 -0.5762080112005965 0.4264789084667279 0.6972087696388234 -40.66829299926758 0.7956893497882356 0.09783652094357892 0.5977511805117843 0.9494247436523438
-0.4275595430829675 0.8621157131389992 0.2719362687791368 -241.57968139648438 -0.5946793102288099 -0.4948019146230189 0.6336620418418492 -41.47905731201172 0.6808445895389569 0.10921338033514794 0.7242396581597141 1.0073776245117188
-0.40542649838611733 0.5605097652620179 0.7221205975820726 -240.80514526367188 -0.6639264783572185 -0.7235540015394237 0.18886830912694158 -42.21797180175781 0.6283557795887247 -0.4028627680764329 0.6654852397726345 0.9208602905273438
0.08623394783661309 0.9496574702973348 -0.30118830546516717 -239.9552001953125 -0.8760577185993323 0.21624444256791908 0.431000249119444 -43.24833297729492 0.47443290349958356 0.2266914867544798 0.8506023688598559 1.03369140625
0.25109805415951086 0.9119924054157027 -0.32437573839821676 -239.15347290039062 -0.9037622532516283 0.3408984498765821 0.25884751586461757 -44.170494079589844 0.34664615502677554 0.22816244067730448 0.9098232486968711 1.0182914733886719
0.6254801237210741 0.6803240675428954 -0.3820127981517891 -238.18978881835938 -0.755988686773124 0.6495513420405539 -0.08101950088937021 -45.018348693847656 0.19301740932081027 0.3394734410454005 0.9205987521846191 0.8756217956542969
0.6764630448140474 0.42924572472549527 -0.5984528860368148 -237.4365997314453 -0.7043367260301034 0.6144930244065827 -0.35539850776395515 -45.93989181518555 0.21519183387411184 0.6619263031188105 0.718015350722644 0.91839599609375
0.5193966070986218 0.6879359835693111 -0.5069233147577301 -236.572265625 -0.8343045456418867 0.536549005621813 -0.12669289517383792 -46.550682067871094 0.18483259900711554 0.48873228569101984 0.8526298512646073 0.99462890625
0.7131991394811625 0.7009613010940582 0.0004917436880015891 -235.66030883789062 -0.6817876868473046 0.6935274802384774 0.23277711274408006 -47.38142395019531 0.1628267100531457 -0.16635170129155177 0.972529986155016 1.0843186378479004
0.4228735077251844 0.9057070215809124 0.029542977562037873 -234.94512939453125 -0.8959885264738683 0.4130135722745043 0.16316969554497252 -48.08709716796875 0.13558228826577856 -0.0954703104430138 0.9861555977291463 1.114139199256897
0.4900187233483868 0.8497349063788381 0.19450511471260612 -234.0901641845703 -0.864642187146584 0.4454308288965184 0.23234729366818918 -48.92450714111328 0.11079503136146657 -0.2820318520130438 0.9529860940620822 1.0957775115966797
0.6592112962992969 0.7487334262302743 0.0695609321162039 -233.31971740722656 -0.7506701091207235 0.64984935454411 0.11912264130418182 -49.73310089111328 0.0439869765280783 -0.1307443032949359 0.9904398381788972 1.1543426513671875
0.2411382997972547 0.9704720015700118 0.006034446087610164 -232.46334838867188 -0.9704774571943539 0.24109777271787242 0.006735656468549338 -50.524017333984375 0.005081874503612184 -0.007480518643524697 0.9999591073600729 1.0204449892044067
0.5704545761996158 0.8181392549565313 -0.07231691359625673 -231.621337890625 -0.8176366985793079 0.5573447448765675 -0.14435049184122617 -51.377174377441406 -0.07779335208902315 0.1414743611317812 0.9868805396364382 1.0566062927246094
0.16914276084147034 0.9615514785088141 0.21635498753770085 -230.8743133544922 -0.9745187322314423 0.1959759338169887 -0.10911770660429715 -52.15447235107422 -0.1473226628355168 -0.1923855180154494 0.9701978383159693 1.0400123596191406
0.21715256105272418 0.8720794074358519 0.43854563314959166 -229.9661407470703 -0.9369923920157129 0.31217554761069033 -0.156817361215645 -53.10382843017578 -0.27366041462534435 -0.37686063020737376 0.8849214896626625 1.0184974670410156
0.6299561992240271 0.6659821785557168 0.3995283780977261 -229.1276092529297 -0.7150679637808411 0.6981159319578738 -0.03622088790893524 -53.95499801635742 -0.3030395918581269 -0.2628723709193706 0.9160049794480865 1.0181159973144531
0.5279804636170357 0.7762699751286876 0.34444383541071966 -228.16812133789062 -0.7715997201085248 0.6079098951748729 -0.18729503804671668 -54.789329528808594 -0.3547823304044131 -0.16688464597494226 0.9199342438297599 1.0221824645996094
0.6190107322556161 0.7706092443864365 0.15161499206388368 -227.4840545654297 -0.6855071046314214 0.624339833115854 -0.37453942687614794 -55.606483459472656 -0.38328282358098403 0.12791077066077428 0.9147311691949473 0.9894819259643555
0.6398294409851053 0.7466634315525569 0.18196704765107308 -226.54139709472656 -0.6770448463488958 0.6596793116075903 -0.3262414471972189 -56.32315444946289 -0.36363245520867327 0.08553903096888535 0.9276068734651637 0.6660785675048828
0.7069511104144224 0.6801219712729677 0.19404698316538774 -225.6737518310547 -0.6336884130258885 0.7309499357306515 -0.25328084541095486 -57.06661605834961 -0.3141004977400493 0.056091850095442305 0.9477312813621404 0.6424903869628906
0.7181873963971823 0.6925223402556594 -0.06796816830738882 -225.1042022705078 -0.6822600451858575 0.7200040433623196 0.12694647803268583 -57.56434631347656 0.13685062805565984 -0.044799394959487676 0.98957815245287 1.0800061225891113
0.9164765989636219 -0.05887246232240578 0.3957330877399175 -224.12664794921875 -0.036104500464353456 0.9729089330104062 0.22835208147676722 -58.74114990234375 -0.3984559054629406 -0.22356708444815743 0.8895227091834464 0.9957733154296875
0.9003409735206509 -0.28633884969134094 0.32771358616530694 -223.38510131835938 0.21877572078803242 0.9487782351452313 0.2279408794147663 -59.569366455078125 -0.3761958471242915 -0.133528737252098 0.9168679081167018 0.998687744140625
0.6073337802355017 -0.7769741309054422 0.16570117467473897 -222.53724670410156 0.747086956429822 0.6295051046540161 0.21350504150244684 -60.390899658203125 -0.2701976293702089 -0.005875637690421653 0.9627869535699215 0.9602241516113281
0.6639043976933341 -0.7335614372424014 0.1453222918698762 -221.8487548828125 0.7369148802518618 0.6748154258979149 0.03975676336926551 -61.05426025390625 -0.12722975275789608 0.08069546927230731 0.988585267567794 0.9265760183334351
0.9857795378127061 -0.1647699042490149 0.0330088091808501 -221.3138427734375 0.16712016518414702 0.9818281995007759 -0.08991238543097319 -61.62522888183594 -0.017594124547436765 0.0941502273966183 0.9954025223308278 0.8860673904418945
0.9957077955754385 -0.014871188176491456 0.0913500607143771 -220.56390380859375 0.02204049639993657 0.9967111424831807 -0.07798150401420496 -62.494964599609375 -0.08988994576005363 0.07966019214195043 0.9927608228768713 0.9314708709716797
0.9791494023839241 0.1678258769708791 -0.11445926275387011 -219.99880981445312 -0.15502201006111452 0.981439792082649 0.1128898175805872 -63.13151550292969 0.1312807076756362 -0.09279229243704397 0.9869928906818235 0.7722938060760498
0.9859744912836941 0.15625940716514705 0.05862849316038107 -219.19375610351562 -0.15961412169226238 0.9854915075086088 0.05770459933850048 -64.14019775390625 -0.0487609956242457 -0.06625319841944247 0.9966106958110201 0.8749656677246094
0.9810240536789198 -0.1935148561730179 0.011991936612421733 -218.54229736328125 0.19380000430206484 0.9805538286589163 -0.030915165127496955 -65.07315826416016 -0.005776195625132492 0.032652557980607656 0.9994500718001992 0.8964190483093262
0.9711657438842093 -0.23675209176904224 -0.028027574793637763 -217.8318328857422 0.2368255662396175 0.97155192257787 -0.0007161777212588935 -65.83099365234375 0.027399800749540255 -0.005942119001406804 0.9996068938040884 0.8856637477874756
0.9585206571421769 -0.2786803005845975 -0.05979498221262074 -217.02197265625 0.2830455734313121 0.9553575927793873 0.08471760902972865 -66.59915161132812 0.033516461517722446 -0.09812828330737587 0.9946092131196445 0.8069639205932617
0.9999848374251403 -0.0009300490251772105 -0.005427700123167211 -216.3650665283203 -0.0009356699911523251 0.9426069052625189 -0.33390319955502834 -67.39661407470703 0.0054267339610413416 0.3339032152588953 0.9425917426957912 0.7880935668945312
0.9860699228729962 0.15198420951033798 -0.06757889659325153 -215.62184143066406 -0.16109326067847213 0.9737995936782199 -0.16050954088811076 -68.13007354736328 0.04141338635298398 0.16916013540917957 0.9847181221136975 0.8028659820556641
0.8937794807308618 0.41741245097629337 0.16408865163208042 -214.8948974609375 -0.44812157211359765 0.8159431768222183 0.36527221192379755 -68.87670135498047 0.018582153559490458 -0.4000044724340335 0.9163247926373387 0.8369178771972656
0.9780471557357832 0.19598875509184838 0.07079667389568636 -214.28285217285156 -0.20767956383384306 0.8888579350193053 0.40841249995439793 -69.69866180419922 0.017116072064857085 -0.41414970630288256 0.9100478343726262 0.7418060302734375
0.9959517627969321 0.08927578646499001 0.010484280268163846 -213.65237426757812 -0.08952515384683055 0.9746591651971782 0.20499941103779126 -70.60580444335938 0.008082883791396748 -0.2051081315994017 0.9787059422223907 0.6681346893310547
0.9827632904913994 0.18461023548816072 0.00976605424533202 -213.05145263671875 -0.1819296088509478 0.9564084616755517 0.2284392082343697 -71.37763214111328 0.03283187910945799 -0.2262784023905296 0.9735091947823252 0.6503677368164062
0.8048100115117172 0.5903789920469034 0.06110230044926536 -212.3178253173828 -0.5883688694579545 0.7800194771859752 0.21305325311594428 -72.07868957519531 0.0781211803756086 -0.2074180825294664 0.9751281045157715 0.6654853820800781
0.6512474259695336 0.7501348482632817 0.11478022298758514 -211.610595703125 -0.7556874669254448 0.6272311013909839 0.18846113068656303 -72.76677703857422 0.06937753598868573 -0.209472802217558 0.9753501436054961 0.6488418579101562
0.7026644661884864 0.7037784435927593 0.10468309457693083 -210.99465942382812 -0.7010881154084229 0.6597239205553889 0.27062853338126197 -73.42716217041016 0.1214005864446923 -0.2635531274357796 0.9569752591523484 0.5880222320556641
0.6787988895263322 0.7329698936110454 0.04457805107484286 -210.34515380859375 -0.6697267777164793 0.5930472765699526 0.44694627301552026 -74.03836822509766 0.3011612703973073 -0.33324174830410314 0.8934493977836153 0.5706195831298828
0.797029971806659 0.5955136210404899 0.10053233906121979 -209.72317504882812 -0.5497878087437635 0.6465483243397321 0.5288748714490182 -74.77149200439453 0.24995317441194298 -0.4768005782806145 0.8427245215090542 0.4219703674316406
0.9148882011526479 0.3781222148145561 -0.14143256363160117 -209.1878204345703 -0.2284965499823383 0.7738241091239466 0.5907500103975449 -75.6508560180664 0.3328196298865813 -0.5081533614985394 0.7943621687617644 0.2802619934082031
0.74814905605433 0.5618571048881601 -0.35297249696217103 -208.8119659423828 -0.5158772670056865 0.8270953590338488 0.22312308811822285 -76.32008361816406 0.41730520642781155 0.015161159301442267 0.9086399198455226 0.175811767578125
0.9702239148793846 0.17295417643580582 -0.1695653497903769 -207.78021240234375 -0.18964970959370273 0.9779300385713785 -0.08766885028792434 -76.79005432128906 0.15066035526025068 0.11721643448422422 0.9816118198349391 0.7813358306884766
0.8792121258884732 0.40246425229799226 -0.25496776916482977 -207.36587524414062 -0.3951519655038997 0.9149779953180072 0.08167124489222617 -77.5080337524414 0.2661596548109364 0.028944666279974784 0.9634942887453274 0.8303098678588867
0.3361715497208285 0.8839398576680721 0.3250215641831244 -206.92449951171875 -0.9091627616791682 0.21451935212294815 0.35693769812203735 -77.87706756591797 0.24578804269981197 -0.41548980202948294 0.8757605052040749 0.04940032958984375
0.17862160141859246 0.8450426581311612 0.5039813780739117 -206.3610076904297 -0.9150236968345762 -0.04562893134051793 0.4008112209705563 -78.54644775390625 0.36169871127478914 -0.532748445857277 0.7650837442390296 -0.22669601440429688
0.4436415058091634 0.8955223485992494 0.03495622237403122 -205.73707580566406 -0.8728374168315232 0.42289683699244895 0.24354282793926857 -79.03959655761719 0.2033151693854942 -0.1385568057551368 0.9692600030315298 -0.016851425170898438
-0.07126668059168967 0.9644255353900724 -0.25456717566295645 -205.30105590820312 -0.9271783370183757 0.030050815894319405 0.37341301507570035 -79.49791717529297 0.36777899831458777 0.2626410766648244 0.8920528421831637 -0.3787193298339844
0.4615619141732551 0.7623121605376088 -0.4536967812109797 -204.69998168945312 -0.8084126075531085 0.5720361226354438 0.13872177316265566 -80.0478515625 0.36528024218934224 0.30274551077875683 0.8802928492095146 -0.3529930114746094
0.2880540907761878 0.9568412143401807 0.03846727605527353 -204.08114624023438 -0.8967714961639807 0.25544454727725874 0.36131560571629406 -80.44715118408203 0.33589540701670795 -0.13857479498929515 0.9316497741848895 -0.5467514991760254
0.669747794954604 0.739520952792489 -0.0674288627691061 -203.5487518310547 -0.6823215253878886 0.6486830756596093 0.3371166020016434 -81.01392364501953 0.2930447528037151 -0.17977493633340247 0.9390451241130697 -0.5278611183166504
0.6250453254098025 0.7758949648717999 -0.08547130904544861 -203.1350860595703 -0.7122737076885788 0.6117103118231209 0.3442043865856813 -81.4194107055664 0.3193501315467383 -0.15426437662613063 0.9349962543161507 -0.6576540470123291
0.7289134053994537 0.6630162090880327 -0.17057184385327379 -202.6275177001953 -0.5567212575553839 0.719062568847639 0.41594526499070317 -81.76827239990234 0.39843028099646666 -0.2082271081506165 0.8932495634571046 -0.7365670204162598
0.751542607743839 0.5447494614964284 -0.3720641516525629 -202.15371704101562 -0.4425347579077247 0.8345901073467497 0.32805844107794624 -82.08446502685547 0.48923071938415885 -0.08189857702238836 0.8683005967362721 -0.7657880783081055
0.6684476608338326 0.4355140503282282 -0.6029139546340577 -201.86521911621094 -0.47959870359024215 0.8719818815531815 0.09814622640495238 -82.43718719482422 0.5684741051625274 0.22355113555890202 0.7917462229464621 -0.748321533203125
0.6531640594158457 0.4227787569564717 -0.6281996769767987 -201.39401245117188 -0.48835203680310657 0.8692226733323929 0.07722844239750952 -82.83830261230469 0.5786959474868222 0.25633974883195315 0.7742098769268578 -0.8017501831054688
0.7124960860676637 0.7000716808475056 0.04742329610654157 -200.69752502441406 -0.6650731143160682 0.6953282639912919 -0.2723900840867427 -83.79640197753906 -0.22366734216730588 0.16253690956273528 0.9610175196517537 -0.5368671417236328
0.29517805414431475 0.7073974982158258 -0.6422294729063491 -200.824951171875 -0.6496082871894409 0.64150128256736 0.408025952212887 -83.40275573730469 0.7006275683745089 0.2967572812626897 0.6488883774973936 -0.9203414916992188
0.47775873153768306 0.5822528624883262 -0.6578207951742286 -200.2799072265625 -0.5576448749349047 0.7796042473448224 0.2850428230647944 -83.74551391601562 0.678806885570807 0.23064869747315592 0.6971530609956453 -0.9452705383300781
0.5837807800025743 0.3098573429125229 -0.7504588116231146 -199.89993286132812 -0.28023690420802955 0.9444065274547031 0.17194065377579798 -83.9562759399414 0.7620152744003796 0.10993060512951051 0.6381598417609603 -1.0135574340820312
0.47930081623493254 0.40432045780161957 -0.7789709204839523 -199.50050354003906 -0.3161207392694549 0.9075219285738934 0.2765350382162347 -84.3127212524414 0.8187419653103538 0.11370539371819523 0.5627900831385797 -1.0614395141601562
0.5248028380141642 -0.2928609893773458 -0.7992586703397101 -199.28524780273438 -0.017247967354316718 0.9351011166885502 -0.3539610277840923 -84.63705444335938 0.8510490519555401 0.19954533938117597 0.48569246308423186 -1.131103515625
0.34028278901446024 0.7386027408896116 -0.5819567120077689 -198.94993591308594 -0.3765236348070737 0.6741347152334093 0.635430828768041 -84.917724609375 0.8616481741013611 0.0028942818665795844 0.5074978297493173 -1.1507835388183594
0.22461746592808596 0.710218921089641 -0.6671851902780155 -198.63409423828125 -0.14138427797794723 0.701188774671403 0.6988167057358254 -84.97259521484375 0.9641356128370635 -0.06263694118555746 0.25791303506844565 -1.2648544311523438
0.016960234942040353 0.8563629773180639 -0.5160957290170609 -198.5437774658203 -0.06739991258682354 0.515975090544448 0.8539478659268005 -84.93376922607422 0.9975818774486629 0.020301650587810416 0.06646984857370386 -1.3426551818847656
0.03783241410022131 0.9432047824981206 -0.3300506729519314 -197.98733520507812 -0.14800191360192294 0.3319332837167132 0.9316199486546053 -85.24127197265625 0.9882631947075224 0.013602699500960325 0.15215395017142433 -1.3429412841796875
0.026409674539212002 0.9496601009089798 -0.3121669774852547 -197.5591278076172 -0.20242211592121323 0.31088705003394956 0.9286412273354914 -85.36972045898438 0.9789421924080666 0.03866438752567031 0.20044263284180086 -1.5351600646972656
-0.006836305037431267 0.9221066189357854 0.3868754945046916 -197.72486877441406 -0.04237806184745685 -0.3868041151899423 0.9211876444819367 -85.63330078125 0.9990782575992175 -0.010097513898993993 0.04172140224838217 -1.5119171142578125
-0.045415506959961785 0.2742925404023731 0.9605732840378096 -197.54159545898438 -0.05718887222291402 -0.960702349775111 0.2716255290477163 -85.63646697998047 0.9973298675069553 -0.04259809169661333 0.05931726529743296 -1.6078071594238281
-0.11235318926847454 0.9746058261256001 0.1937014314434416 -197.17327880859375 -0.18859771117166652 -0.21230781339825971 0.9588306918903138 -85.76627349853516 0.9756063059462103 0.07119603958146631 0.20766188804377 -1.7352218627929688
0.042843266057945806 0.3055491709655775 -0.9512119420380172 -196.6051483154297 -0.1948251393125179 0.9363634739058604 0.2920044688473224 -86.0164794921875 0.9799018418420009 0.17280957397435243 0.09964552923968412 -1.787384033203125
0.09245096541088238 -0.002275052602084063 -0.9957146394074228 -196.46194458007812 -0.21227668369805436 0.9769632360123025 -0.02194185585876106 -86.29645538330078 0.9728265151365645 0.2133955473200606 0.08983825371866805 -1.68603515625
0.19125705889598593 0.003122094017637689 -0.9815350171804378 -195.9209747314453 -0.17444330235405564 0.9841834966694669 -0.03086064074631173 -86.38545227050781 0.965914215490314 0.17712452515788552 0.18877666937766607 -1.6904373168945312
0.02873967749090084 0.9662380111742476 -0.25604323209128904 -195.6753692626953 -0.06948629007294016 0.25746057646198844 0.9637871689640611 -86.30303192138672 0.9971688354685069 -0.009907438109586997 0.07453962865809355 -1.796630859375
-0.025863520784516827 0.8731250345981901 0.4868097700853363 -195.85507202148438 0.027807548903570622 -0.4861558571161742 0.8734295751894444 -86.27767944335938 0.9992786490847306 0.03612695046010783 -0.011705764983482234 -1.771881103515625
0.070671795787775 0.4895575667740397 0.8691023450057033 -195.7590789794922 0.14115542522541089 -0.8674213152956449 0.4771324844319516 -86.39519500732422 0.9874617173387353 0.0889587015701932 -0.13040592856684408 -1.83514404296875
0.027229168957733155 0.8421827793749179 0.5385041675625262 -195.60977172851562 0.1180521983312463 -0.5376433331569509 0.8348672497954652 -86.58934783935547 0.9926339964090647 0.040838859389335236 -0.11406110965945752 -1.79638671875
-0.06639657844341812 0.9719646144234939 -0.22555771474191627 -195.04441833496094 0.11108586127579256 0.2318519140991418 0.966387407488932 -86.78880310058594 0.9915903518064413 0.03910854429856503 -0.12336570012456777 -1.7994003295898438
-0.015884100748439878 0.9397517246933826 -0.3414884936263971 -194.796875 0.014909602278478762 0.34171622252005396 0.9396849083743563 -86.97917938232422 0.9997626713892207 0.009834592133760367 -0.019439179361577685 -1.7943954467773438
0.14995941529520612 0.875254475983132 -0.4598279852682014 -194.35147094726562 -0.2295667344148981 0.48320065497644465 0.8448764652186821 -87.09711456298828 0.961671091493552 -0.021135971750271265 0.2733897995239986 -1.5776443481445312
-0.0013510520494603995 0.9205729447770992 -0.39056833973426447 -194.4651641845703 0.04594746197675209 0.3902133461922379 0.9195772807063862 -87.31616973876953 0.998942944014449 -0.016703227169527657 -0.0428251889180723 -1.7808609008789062
-0.08606887430859989 0.3229591082378168 -0.9424911475878618 -194.31739807128906 0.08198234931249235 0.9450891741338675 0.3163626832231778 -87.24315643310547 0.9929103903557738 -0.05003865846721278 -0.10781970776414995 -1.7438278198242188
-0.17670537511796064 -0.054552021447120035 -0.9827508775678879 -193.73757934570312 0.042902456896137454 0.9970870407710621 -0.06306197204878242 -87.3246841430664 0.9833283223810325 -0.053305816591056016 -0.17385022381597565 -1.7713165283203125
-0.152026563837186 -0.19545294384571765 -0.9688581271940186 -193.41351318359375 -0.01684528517082455 0.9806221815198366 -0.1951829231228761 -87.19793701171875 0.9882328471850004 -0.013352297679414246 -0.15237308125554433 -1.6254119873046875
-0.3228771645233431 -0.3398352563011553 -0.8833245922106403 -193.340087890625 -0.057552888129076024 0.9386346947419257 -0.3400773072328317 -87.6429214477539 0.9446893678333466 -0.05896531524090984 -0.3226222092497229 -1.592864990234375
-0.2836350263166152 -0.5977041872890431 -0.7498672391453824 -192.9799346923828 -0.1027642791025172 0.7964239265271866 -0.5959433129044733 -87.66581726074219 0.9534100244841741 -0.09197083098550102 -0.28731636128303495 -1.57598876953125
-0.3330875026136664 -0.6593112969440487 -0.6740632977136106 -192.815185546875 -0.014076945524958973 0.7182837437145084 -0.6956078659130862 -87.49003601074219 0.942790833221918 -0.22220953453312328 -0.24853242757293192 -1.5325927734375
-0.21414386425686716 -0.814428375308909 -0.5393040208387356 -192.210693359375 -0.09345782408788078 0.5666618469060123 -0.8186329985883942 -87.51331329345703 0.9723209555069228 -0.1249030534164719 -0.1974618614551853 -1.549896240234375
-0.2584574598402663 0.0377126139260239 -0.965286227086963 -192.01571655273438 0.03345760154948475 0.9989876511621971 0.03007094484701763 -87.6112060546875 0.9654430746302306 -0.024524101946924146 -0.2594575843413019 -1.4904632568359375
-0.2302247530990371 -0.8551549087514212 -0.46444229469207055 -191.53289794921875 -0.22734163623754733 0.5113199345841413 -0.8287748216069938 -87.67153930664062 0.9462094606868621 -0.08521740746595219 -0.3121308218863683 -1.4673309326171875
-0.25996106514118 -0.07507121821980234 -0.962696502957011 -191.4009552001953 0.08119740763846237 0.991742894092866 -0.0992623443663307 -87.677978515625 0.9621991610906012 -0.10397280515260453 -0.25171895078686857 -1.3944854736328125
-0.16088789010008892 0.3081399014632321 -0.9376379300910195 -191.1121368408203 0.15265968167109245 0.9463504370414417 0.28480848285041127 -87.54649353027344 0.9750949227696873 -0.09731727204202702 -0.19929686437843336 -1.2627105712890625
-0.16532004869655376 0.7468837334515774 -0.6440760593318168 -190.65602111816406 0.1105440719510336 0.662979864342496 0.7404307581623621 -87.47858428955078 0.9800251474607443 0.05120925875111343 -0.19216743262766373 -1.2303009033203125
-0.12122513082201586 0.7439210025358352 -0.6571803478827278 -190.12571716308594 -0.0030520269815339507 0.6617805648334212 0.7496913825969072 -87.41471862792969 0.9926203467532233 0.09288716808491998 -0.07795396857552989 -1.15655517578125
-0.08277446574878633 0.248450498397845 -0.9651014131509005 -189.54200744628906 -0.08452035303656834 0.9631853554863592 0.25520634964512423 -87.3455810546875 0.9929776924697636 0.10269528140317824 -0.058728029380741065 -1.1530914306640625
-0.056264970526385405 -0.5052801412302008 -0.8611191740810639 -188.96591186523438 -0.11177023396443692 0.8602516478312885 -0.49746810671950425 -87.26754760742188 0.992139943703105 0.0682574631959135 -0.10487731321338517 -0.9272308349609375
0.12823320825471718 -0.49161192055405906 -0.8613210573705091 -188.31590270996094 0.18373602526416838 0.8652329383274695 -0.4664901236396524 -87.12367248535156 0.9745754549139986 -0.09843618238413582 0.20127841582447414 -0.95654296875
0.3106081083909716 0.2752324375761264 -0.9098185029486299 -187.8876495361328 0.07043888899056734 0.947865076471857 0.3107895746687378 -86.95152282714844 0.9479245570822379 -0.160620366426254 0.27502751129575914 -0.81915283203125
0.35380314996261736 -0.02227520002431292 -0.935054622222898 -187.2904510498047 0.13194190169227143 0.99090801611742 0.026318019911575577 -86.77181243896484 0.9259668815105412 -0.13268428338773197 0.35352540967733476 -0.7105865478515625
0.22946172345744037 -0.48000304380288217 -0.8467256907688046 -186.93959045410156 0.046336701050990525 0.8743385447702932 -0.48309938859894735 -86.63238525390625 0.9722140852732242 0.07161834310380272 0.2228689869125216 -0.671539306640625
0.1932133468040425 -0.30172490138280256 -0.9336116358006252 -186.48272705078125 0.1159410498359622 0.9518960823610567 -0.2836397739186233 -86.3302993774414 0.9742824413791495 -0.05344092318823533 0.21890132971061044 -0.5789947509765625
-0.06078494057270173 -0.7143474228029603 -0.6971462906265385 -185.76400756835938 0.10072718247933221 0.690482426800175 -0.7163016494396175 -86.20870971679688 0.9930554998132525 -0.11376193482404429 0.029983269930770884 -0.5238189697265625
-0.023693820503974727 -0.6730992296712256 -0.7391725305271619 -185.11849975585938 0.056855763034435736 0.7372761493828983 -0.6731948468020965 -86.15113830566406 0.9981012098378088 -0.05797677610154617 0.020800681555508405 -0.4172515869140625
-0.07903601594460258 -0.8994968081969456 -0.42971944362236125 -184.41046142578125 -0.0014357256306687383 0.4311701911188176 -0.9022694747039133 -85.76026916503906 0.9968707272638302 -0.0706948253698213 -0.03536940472233724 -0.25482177734375
0.05871912297788495 -0.7697411848482003 -0.6356497250413916 -184.0269775390625 -0.11844014734366953 0.6268790535851739 -0.7700614155204548 -85.70402526855469 0.9912234844342208 0.12050377805133522 -0.054358471110183715 -0.2609710693359375
0.0780556074277728 0.0002229719318271768 0.9969489818604557 -183.16403198242188 -0.03725868438976046 -0.9993007188886085 0.0031406474260360605 -85.50311279296875 0.9962525345446432 -0.03739015261038746 -0.07799271697502456 -0.207122802734375
-0.026238992582841056 -0.46154330938859445 0.8867295466075675 -182.30157470703125 0.05430897432594181 -0.8863831047101145 -0.45975594285677557 -84.70281982421875 0.9981793679373974 0.03609383940622837 0.048323743449939685 0.32028961181640625
0.19452919121948453 0.6738269541086046 -0.7128222988096078 -181.97726440429688 0.03021996423051576 0.7222427762711717 0.6909791066928266 -84.29150390625 0.9804311028957617 -0.15595707114725782 0.12013427668142673 -0.131103515625
0.05699028658124821 -0.4754445212589824 0.8778978382706066 -181.66256713867188 -0.15709068717736366 -0.8726439714036801 -0.4624013572373643 -84.06798553466797 0.9859384479963902 -0.11155718882093613 -0.12442013657298051 -0.0548553466796875
0.09714376250939705 0.2297165647201887 -0.9683973302827065 -181.10980224609375 -0.011657228233851721 0.9731951390767947 0.2296852853519401 -83.7629165649414 0.9952020892438991 -0.011023664111973766 0.09721769588981544 0.018096923828125
0.28281986892185357 0.6552547301039879 -0.7004671015967668 -180.16110229492188 0.0632087328871111 0.7159626887094648 0.69527123086082 -83.43849182128906 0.9570880721385212 -0.24091215629823184 0.16107065256558967 0.017669677734375
0.6676505090561284 0.4201241760398805 -0.6146043234991957 -179.17788696289062 0.048383023578916634 0.7993228089316582 0.5989508578764755 -82.95799255371094 0.7429009898946525 -0.4296262606363994 0.5133414023679856 0.04888916015625
0.5114075535290357 0.3267048495699788 -0.7948120881446784 -178.655029296875 0.02906602860242083 0.9178062481931815 0.39596320126855145 -82.49559783935547 0.8588465987443449 -0.22560060293583806 0.45987703549998726 0.19046783447265625
0.7357669622510706 0.1494553244304532 -0.6605377228131788 -177.84881591796875 -0.18624099155788035 0.9823922097653381 0.014826977301990556 -81.85316467285156 0.6511230838507949 0.11211000040925953 0.7506464397336916 0.21186065673828125
0.9201734545226997 -0.28096521371989075 -0.2726524569320752 -176.97369384765625 0.18671269849286687 0.9270403225554793 -0.32516858485675476 -80.91748046875 0.34412088255912743 0.24830382404539977 0.9054976693239791 0.28612327575683594
0.967987701199177 -0.14421550163657113 -0.20543052211111384 -176.26963806152344 0.08987051883625997 0.9633339329509759 -0.25280629634031243 -80.16017150878906 0.23435677965707358 0.22625123803620736 0.9454561212006874 0.5505542755126953
0.609496692396972 0.786929892030375 0.09620357054815087 -175.76341247558594 -0.7660869890699923 0.553387486254301 0.32691438517572036 -79.62086486816406 0.20402084975517654 -0.2729535401606068 0.9401445940805955 0.47505760192871094
0.9300542569015978 0.3482601672664576 0.11710651183753881 -174.91928100585938 -0.36040052532813016 0.8026893363510247 0.4751855328727499 -78.91644287109375 0.0714880448916072 -0.4841535760519491 0.8720577814764828 0.4406700134277344
0.9922694125324625 -0.0494068167856112 -0.11384366213186786 -173.9820098876953 0.06093031795203111 0.9931126584773624 0.10007369247854353 -78.19450378417969 0.10811525936123093 -0.106236594576157 0.9884456872616295 0.4760580062866211
0.8776874974531818 -0.24676632052640546 0.41081752624277257 -173.22763061523438 0.4791824349546414 0.43938745500469534 -0.7598176481337074 -77.50088500976562 0.006989337973845544 0.8637389926582896 0.5038909621300338 0.7015018463134766
0.7481554313909876 -0.4414247530189643 0.49538635215588256 -172.50523376464844 0.663346099742238 0.514858882408338 -0.5430398541193807 -76.6844711303711 -0.015342830147219072 0.7348908208893236 0.6780118575185025 0.46991729736328125
0.7088120559503979 -0.7031264282682297 -0.05655700849702248 -171.81805419921875 0.7044118154798171 0.7013061134058132 0.1094245379796536 -75.96772766113281 -0.03727550873962867 -0.1174008567702757 0.9923847919420203 0.6123895645141602
0.96139752952548 -0.1979754477851685 -0.19110340733897485 -171.02268981933594 0.27367456330123613 0.6158228991866442 0.7388263600056743 -75.4106216430664 -0.02858362510567576 -0.7626059788066303 0.6462314581202311 0.6828422546386719
0.8737105190972106 -0.3113091376642478 -0.3737867702656488 -170.2635498046875 0.48617642352838525 0.5332463985671075 0.6923010642923767 -74.72456359863281 -0.016199198252712654 -0.7865970373844232 0.6172541508600954 0.7306346893310547
0.9903817419374148 0.04832823087820953 0.1296471647865634 -169.30938720703125 -0.09973967776048817 0.8987929378428869 0.426876154831804 -74.07757568359375 -0.09589578675440245 -0.43570131625224046 0.8949683575964121 0.6692945957183838
0.9755618689316203 -0.0903274770618633 0.20029974232205833 -168.43572998046875 0.0018494285938080862 0.9149365313397674 0.4035935123782734 -73.30925750732422 -0.21971713520005853 -0.3933600011536426 0.8927442466865221 0.6966705322265625
0.9546462688761003 -0.11427784411601469 0.2749383124723366 -167.7233123779297 0.2563860074374298 0.7850075127802367 -0.5639409721494624 -72.62803649902344 -0.15138268233597443 0.6088544811552119 0.7787037333068226 0.9096603393554688
0.9907043930697308 0.08834967380109932 0.10343665062044553 -167.0107879638672 -0.004018663052751892 0.7790591760475691 -0.6269375172721374 -71.80758666992188 -0.13597299695014897 0.6206940754955879 0.7721723957414385 0.8255805969238281
0.9938101688619468 0.04838793301873258 0.09999978102357734 -166.04673767089844 -0.02815711931719929 0.9804774901222566 -0.19460490229004312 -71.22967529296875 -0.10746406328789998 0.19058462504025575 0.9757709648272588 0.6280088424682617
0.9768984560275101 0.06440415542921135 0.20376827862676933 -165.35025024414062 -0.14466726055911908 0.9011078936863899 0.40874924789948874 -70.22137451171875 -0.15729205426017762 -0.42878510783319856 0.8896080827910038 0.9384675025939941
0.9728056949590353 -0.23128085759752728 -0.01257953752014232 -164.5108642578125 0.0030937935737318234 -0.04133099582787564 0.9991407194310516 -69.52249908447266 -0.2316020472633856 -0.9720087004203349 -0.03949149288872317 0.9376891255378723
0.8887465732232871 -0.3998940677014139 -0.2240853926544109 -163.5404052734375 0.458212973104301 0.7610819640625333 0.4591242917311544 -68.76370239257812 -0.01305372984175894 -0.5107239749570545 0.8596456371908628 0.7157821655273438
0.7781004703976038 -0.5454774407238107 0.31147073639176714 -162.66156005859375 0.5492000005695304 0.8314460054948601 0.08412430874051259 -67.90574645996094 -0.30485901223591183 0.10560256440088449 0.946524738741942 1.0643939971923828
0.7395543385510653 -0.5512283084096176 0.3862728728996744 -161.7321014404297 0.5783615215214505 0.8139746130767563 0.05425200171364902 -67.21479034423828 -0.3443215513930099 0.18328306325030858 0.9207876997288216 1.0784797668457031
0.25824398421468836 -0.9428901437871218 0.21040014583175687 -160.66629028320312 0.9022850361303156 0.31323076029949165 0.29625699042810366 -66.3807144165039 -0.34524159394869974 0.11333431762402413 0.9316456269722184 1.0802574157714844
0.06568726741121733 -0.8731221607726725 -0.483055768279095 -159.7942657470703 0.9507314372379256 -0.09222529836391957 0.2959801151922109 -65.61663055419922 -0.30297676007831953 -0.478698429817088 0.824046658959976 1.1581554412841797
0.4902950465266971 -0.8207107913445508 -0.2933335376699791 -158.82823181152344 0.8374115242679663 0.3503213170691054 0.41954369716415535 -64.90331268310547 -0.24156304844612533 -0.4513410814202143 0.8590334812147 0.8990237712860107
0.3916666023469276 -0.9015288781129189 -0.18396454694988312 -157.91517639160156 0.859548996505479 0.28716414946575736 0.4227437449188723 -64.32292938232422 -0.32828767142924825 -0.323701147959148 0.8873808492397681 1.1223039627075195
0.8219096054620275 -0.3153005061389278 0.4743945523272692 -157.0298614501953 0.46064337447574644 0.857815291624097 -0.227948693805125 -63.66347885131836 -0.33507056271903596 0.40587992840789916 0.8502877170198022 1.0618705749511719
0.9093786961103465 0.10006507237388637 0.40375409391293426 -156.04872131347656 0.18512620314048486 0.7718515779778051 -0.6082544126300768 -62.879295349121094 -0.37250325632326164 0.6278790670694323 0.6833807146566145 1.1626319885253906
0.9134625949879711 0.12576703359976846 0.38699966513855844 -155.215087890625 0.07662269596439891 0.8808667462302344 -0.4671217591259339 -62.14173889160156 -0.3996436537979665 0.45635121194675754 0.7950022146722212 1.2229728698730469
0.8009651145836384 -0.5680235500369403 0.18921979765196512 -154.1815643310547 0.4324005704095927 0.7674194736519074 0.4733889501977082 -61.18516540527344 -0.414107029558154 -0.29734928630023827 0.8602899336893703 1.2038097381591797
0.7799996981901682 -0.6220292240674646 -0.06841136769042108 -153.2039794921875 0.4544456747410669 0.4878900308399312 0.7452801127872306 -60.50358963012695 -0.4302087859776722 -0.6124075131912072 0.6632325672451396 1.2145442962646484
0.6148886415637165 -0.7727712645439176 0.15727851465194462 -152.099609375 0.6836669960310079 0.6217597221586716 0.38211815769354573 -59.7742919921875 -0.39307937749755506 -0.12743398524870053 0.9106311999870028 1.1919517517089844
0.9211851156089353 -0.25643229182282734 0.2926780867968169 -151.2820281982422 0.14059666273909086 0.9206724005905467 0.3641358389632511 -59.10298156738281 -0.36283682449164817 -0.2942869526522246 0.8841632362247848 1.1513175964355469
0.8887901947388349 -0.4577414295804815 -0.02290793272473471 -150.45150756835938 0.3069256014925188 0.557344605149585 0.7714685128111898 -58.483726501464844 -0.3403654872112615 -0.692704680766826 0.6358549837495734 1.148665428161621
0.5310255981340755 -0.6454153372603233 -0.549045404821396 -149.42872619628906 0.8142763383604661 0.2094060544669505 0.5413900157362126 -57.62040328979492 -0.23444798764890118 -0.7345666387617449 0.6367464128722304 1.1411597728729248
0.7387950951109781 0.4699306391571451 0.48306003956166543 -148.5663299560547 -0.6468211466402218 0.695689635588475 0.3124713349953937 -57.26141357421875 -0.18922000871733757 -0.5433057383427236 0.817933165353306 1.0383596420288086
0.9442273605970675 -0.16671375016578316 0.2839739724086641 -147.36236572265625 0.13094206788154678 0.9813498293653697 0.14073623294469872 -56.134925842285156 -0.3021404745458646 -0.09570286260201913 0.9484472023950407 0.5253677368164062
0.803026730681218 -0.5936538365899737 0.052184213258791426 -146.92897033691406 0.5953383303101571 0.8030740849654451 -0.025382799696387494 -55.36357498168945 -0.02683919288929032 0.05145032904576432 0.998314840802306 0.5664352178573608
0.8180555123701546 -0.5747868803195454 -0.02013009918823544 -145.97142028808594 0.5741202689968646 0.814023238402895 0.08804592021798237 -54.68724060058594 -0.03422127127637878 -0.08358354833690664 0.9959129957178189 0.6245502233505249
0.8310363437682882 -0.49022876598934956 -0.2627819482628044 -144.8274688720703 0.5540472277856817 0.6878838991967342 0.4688788869301946 -54.016807556152344 -0.04909444692871669 -0.5352490058117407 0.8432664093027226 0.8325748443603516
0.97178080840515 -0.21526216537036474 -0.09645859513540113 -143.96316528320312 0.23127012266290042 0.7889681902282022 0.5692480348420386 -53.469261169433594 -0.04643480137698976 -0.5754923066106945 0.8164878530957962 1.0000896453857422
0.9711496629401808 0.16146801771574165 0.17548906355132787 -142.96018981933594 -0.2266816720347542 0.8535724879757736 0.4690729445772544 -52.885772705078125 -0.07405235806307038 -0.495320186370187 0.8655484742286257 0.9504184722900391
0.856825500776052 -0.49261055846340474 0.15226588229225846 -141.92141723632812 0.515475989177033 0.825048115390498 -0.23147378225740045 -52.26853561401367 -0.011600250076044663 0.2768220456917396 0.9608511795367758 0.9679837226867676
0.6009900162707965 -0.678104358816255 0.42306675465843857 -140.92828369140625 0.7970074431978369 0.4687746239791651 -0.3808273721785752 -51.549560546875 0.05991774219773682 0.5660608010342953 0.8221830901340269 0.9695420265197754
-0.15644551239714719 0.3134790384843271 0.936619289830044 -139.77456665039062 0.9839994358180773 -0.03239488827097867 0.17520183082267393 -50.761383056640625 0.08526377871347313 0.9490423929650629 -0.3033951621147696 0.9836387634277344
0.08672626347135576 -0.5301784057158023 0.8434390394906718 -139.05551147460938 0.995700197386816 0.018465433612122106 -0.09077524268968917 -49.94966506958008 0.03255260585809738 0.8476850157187906 0.5295001812820095 0.8645153045654297
0.8614813654844279 -0.5041204904099859 -0.060929369534578476 -138.0801544189453 0.5043355067238651 0.8354696646560145 0.21825704134609047 -49.272056579589844 -0.059123206786067015 -0.21875321846400847 0.9739874105094839 0.900517463684082
0.9039669036150703 -0.3824235158691372 -0.19130104986348012 -137.23980712890625 0.42748957368203094 0.8185215807878592 0.3837643628291964 -48.80898666381836 0.009823520842212288 -0.4286894870355831 0.9033984846917947 1.0532798767089844
0.6480513192989077 -0.5365025823057988 -0.5405501519139132 -136.15919494628906 0.7615222368662232 0.44654873743599544 0.46976388521530926 -48.0286865234375 -0.010647549634024811 -0.7160720663966218 0.6979451449886753 0.9361190795898438
0.40984740850731116 -0.9061369057780854 -0.10459928167420077 -135.00442504882812 0.9121527367533201 0.40694492479859035 0.0487156341855296 -47.32731628417969 -0.0015768872089987132 -0.11537649746628309 0.9933205813125705 0.994415283203125
0.48837354850392545 -0.8639889987856527 0.12253280009470516 -134.04562377929688 0.8715389899405944 0.4899622018865091 -0.018889937423182478 -46.67315673828125 -0.04371574241634213 0.11601745859950885 0.9922846784895446 1.0139002799987793
0.8677684797429454 -0.3823357159941073 0.3174858514011153 -133.0226593017578 0.49647643857352974 0.6953706333533745 -0.5195871709454261 -46.0293083190918 -0.022113604544756832 0.6085056142263607 0.7932413919791615 1.0059661865234375
0.9043865219579467 -0.382810899553166 0.18852276807883075 -131.90530395507812 0.4225698743607285 0.8648818873765757 -0.2709502208352872 -44.96527099609375 -0.05932722969739032 0.32470777026617115 0.9439518757570244 0.7955751419067383
0.9165989843822796 -0.3707116295891638 -0.14973038942285646 -131.33248901367188 0.39978873648130164 0.8535126225958715 0.33419331120206763 -44.53111267089844 0.003907430365086312 -0.36618177283538333 0.9305351370212077 1.0156660079956055
0.9536155884233041 -0.1724134533822465 -0.2467608368620986 -130.3971710205078 0.3008355987028966 0.5166023964820631 0.8016357692256871 -43.84331130981445 -0.010735551646054761 -0.8386868098651589 0.5445082027748137 0.9934816360473633
0.869567337223659 -0.2945998556004489 -0.3963124665134194 -129.34812927246094 0.49376065115817114 0.5068711312566081 0.706598949664168 -43.27471923828125 -0.007284600305739297 -0.8101188686722716 0.5862203964547332 1.017160415649414
0.6099349233902323 -0.7877014140357947 -0.08663643318466427 -128.2154083251953 0.7887986583125719 0.6139692605096643 -0.028955548578852932 -42.45854568481445 0.07600043337532786 -0.05067770195288515 0.9958191124152703 1.0052909851074219
0.4508135184100451 -0.8036394387317762 0.38849816490381495 -127.2601547241211 0.8834123025272012 0.3393423405402633 -0.3231555038371544 -41.84882354736328 0.12786663115271732 0.48888692806366985 0.8629250814561616 0.9955804347991943
0.5031665227577192 -0.6435585639441943 0.5767632314476991 -126.34318542480469 0.849144006188985 0.24418776824224087 -0.468323382497815 -41.26545715332031 0.1605549972103848 0.7253996888715628 0.6693410074512194 0.9956436157226562
0.7801036303918119 -0.61704826613321 0.10339131061899941 -125.36984252929688 0.6053677556173258 0.7026996731750568 -0.3738222168070139 -40.513694763183594 0.1580133105417292 0.354209834112024 0.9217196900956252 0.9543063640594482
0.8536627730180081 -0.41073589052964493 -0.32024349828532783 -124.44216918945312 0.5043389350650592 0.8053921946125084 0.31142519396267493 -39.82592010498047 0.13000810951878053 -0.42736335955257937 0.8946834358426928 0.9704360961914062
0.9072240786479057 -0.34843521329476834 -0.23566368676079072 -123.36316680908203 0.406108087490341 0.8715291139186327 0.2747966973366683 -39.168968200683594 0.10963891825623026 -0.3450071096780937 0.9321745554750847 0.9645471572875977
0.9667054075463768 -0.24833713962295167 -0.061719689763350793 -122.4849624633789 0.23813238795223468 0.9613420268496226 -0.13825510197032922 -38.53793716430664 0.0936676082152206 0.11895449758857517 0.9884716519327652 0.9090476036071777
0.9762715053422706 0.09600676290037582 -0.19410473805172315 -121.58575439453125 -0.21110647442693256 0.6216615646674399 -0.7543016342752158 -37.912994384765625 0.048249397009371114 0.7773799588956622 0.6271781207883536 0.9220385551452637
0.6608112178664358 0.7347195553706951 -0.15334832668720477 -120.80455017089844 -0.7439128914453157 0.6140338959232305 -0.2637346859986549 -36.8859748840332 -0.09960996076370898 0.28835663615257257 0.9523278354135329 0.87835693359375
0.4314747604227189 -0.4039874604395033 0.8066124614248146 -120.0649185180664 -0.8729361866802676 0.03863363589125812 0.4863022271817542 -36.10237121582031 -0.22762237390526907 -0.9139483431712442 -0.33598583439226637 0.8696613311767578
-0.07183140050373493 -0.92823450558977 0.3649944554841724 -118.75160217285156 -0.9228661668354632 0.2006690476329024 0.32870955482389524 -35.58462905883789 -0.3783626408778904 -0.3132293663669156 -0.8710505588272643 0.748748779296875
0.6397247869525752 0.7680249583441726 -0.02983052662817881 -117.68153381347656 -0.6677960428896298 0.5361864289027867 -0.51628728297473 -35.004737854003906 -0.3805267954552404 0.3502024797469446 0.8558957770194084 0.8148422241210938
0.5800335845497506 -0.15390796752154678 -0.7999208575401405 -116.7741928100586 -0.694748240523407 -0.6061736910099693 -0.38714123858997573 -34.339141845703125 -0.42530685755580955 0.7802985286803614 -0.4585283884943938 0.7981662750244141
0.6615644373191858 0.3348291314902788 -0.6709858031136091 -115.90308380126953 -0.5466400628966309 -0.39719651076660367 -0.7371699759697238 -33.539825439453125 -0.513339202585305 0.8544731619777776 -0.07974006865298161 0.801422119140625
0.7791433938346813 0.18563538240191552 0.5987278819666492 -114.94244384765625 -0.18089425010953475 0.9810942621465574 -0.06878458446782798 -32.66928482055664 -0.6001773422256828 -0.054713376642255215 0.7979934863739923 0.7921791076660156
0.8052157856892643 -0.4940554326842294 0.32792799196168015 -113.92802429199219 0.21892243917240123 0.7616295556397212 0.6099126048892966 -32.02225875854492 -0.5510902867077474 -0.41932046147456215 0.721435961458211 0.7558612823486328
0.7968673835926279 -0.5484333073690942 -0.2534231250979998 -113.03699493408203 0.31338806570763544 0.0166083350049393 0.9494799015673743 -31.410816192626953 -0.5165174665374508 -0.8360293479158256 0.18510709382725732 0.8396844863891602
0.42607287748890005 -0.6396151552528666 0.6398080620304656 -111.85710906982422 0.7525110002164912 0.6431305909168754 0.14181056935252273 -30.777286529541016 -0.5021843263399455 0.42104096736275193 0.7553379417060507 0.8173980712890625
0.11654705876307464 0.2075542688656002 0.9712558924245158 -110.98847198486328 0.916244509545932 0.35493195466661615 -0.18579371970943964 -30.19977569580078 -0.38329203203381507 0.9115615903668832 -0.1488041839035032 0.7662353515625
0.16875237185191005 -0.7482483430666631 0.6415972678342294 -110.20747375488281 0.9362394167882362 0.32520990578746023 0.13301981668057794 -29.57837677001953 -0.30818564445213537 0.5782412422818909 0.7554195352768669 0.8738441467285156
-0.9431043942100593 0.29749503334740446 0.14849514051073662 -109.11498260498047 -0.17557977040897982 -0.06633384421529889 -0.9822278581544864 -28.68421173095703 -0.2823576558990506 -0.9524161518187554 0.11479384961724301 0.8232345581054688
0.916318967362119 -0.1989523724203553 -0.347530579317464 -108.3185806274414 0.3383175745467862 -0.07969575799021061 0.9376512170904199 -28.537139892578125 -0.21424464708645496 -0.9767632976656515 -0.005717650577147626 0.8083338737487793
0.7193842358420504 0.5940899985207618 -0.3599213731907995 -107.42330169677734 -0.6402024641660325 0.36604633969149497 -0.6753894299396451 -28.265151977539062 -0.2694942042005532 0.7162870589757014 0.6436658473511319 0.7542400360107422
0.859572877648144 0.5053139086555661 0.07610730405764465 -106.61416625976562 -0.47942927703831195 0.8489992940806868 -0.2221435728735293 -27.449726104736328 -0.17686728451076017 0.1544605204242482 0.9720390482383205 0.6698493957519531
0.21827634477349558 0.6669682784113199 -0.7123964857474818 -105.64958190917969 -0.9481931413766885 -0.027726508399641192 -0.31648223864566494 -26.891708374023438 -0.2308358810032121 0.744570047963927 0.6263627061986259 0.771824836730957
0.9421619183143644 0.2329338381665917 0.2409828763941059 -104.57307434082031 -0.2721542464861944 0.9513483386545661 0.14445900684529386 -26.262489318847656 -0.1956092681795231 -0.2016882881482636 0.9597181089393355 0.7949371337890625
0.7396473088580889 -0.3982594143762461 -0.542504651924457 -103.65619659423828 0.668632467773046 0.343232815849857 0.6596376711221886 -25.581525802612305 -0.07650151330995578 -0.850635452461551 0.5201604036033683 0.7852544784545898
0.7564280199276093 -0.6111753030427044 -0.23298368959876742 -102.68253326416016 0.6493006213920794 0.6586831654027303 0.38019099236423143 -25.018362045288086 -0.0789009108201924 -0.43886357397908743 0.8950829066103576 0.5877692699432373
0.9111158177163253 -0.3630752824649178 -0.19504949620578835 -101.58129119873047 0.4120778837785153 0.7936089041833789 0.4476345885892608 -24.800243377685547 -0.007732037747717302 -0.4882225378491621 0.8726849197324262 0.7815556526184082
0.056515525796393185 0.45629903040157516 0.8880299489310816 -100.79559326171875 -0.9970383712999819 0.07226048045717615 0.026323166974688006 -24.494888305664062 -0.05215823520247265 -0.8868876015700524 0.4590314811446848 0.7635068893432617
-0.5256190878752403 0.7891886785366985 0.3176567394699819 -99.85954284667969 -0.846365299289816 -0.44737318385955893 -0.28900348531016273 -24.01850128173828 -0.08596717175329532 -0.4207593897144315 0.9030897969459507 0.7514867782592773
0.5515212695085934 0.5455894573019286 -0.63099638141642 -98.75460815429688 -0.8171473453162943 0.20137143290847348 -0.5401108794043318 -23.57577133178711 -0.1676141560911907 0.8134996558630955 0.5568876049872747 0.7081975936889648
0.9539448764291921 0.11628934370991445 -0.2765247932356356 -97.6134033203125 -0.01914945393250799 -0.8963183111509977 -0.4429974983106679 -22.798755645751953 -0.2993701240080252 0.4278904925736734 -0.8528113831419458 0.7165908813476562
0.8243844286014662 0.5555780011794214 0.1082746437764277 -96.59532928466797 0.47261107954280357 -0.570346612661721 -0.6718210393539978 -22.179201126098633 -0.31149491387953554 0.6050105999325788 -0.7327571852915543 0.6988601684570312
-0.201366126952148 -0.9519558077942898 -0.2307202265147388 -95.37886047363281 0.9253053218974421 -0.2621432562452705 0.27402732431893934 -21.363178253173828 -0.32134365433996376 -0.15830683248630623 0.9336365473799697 0.8054742813110352
0.1798331356653009 -0.9100344674365006 -0.37349338868894294 -94.50653839111328 0.9372332103513712 0.04319662662025603 0.3460172840525343 -20.81216812133789 -0.29875400036024197 -0.41227578091150896 0.8606827102611958 0.747002124786377
0.5189495351064873 -0.6797747029980145 -0.5182641538604826 -93.4096908569336 0.7576058141998115 0.08496985987688199 0.6471580589030347 -20.363971710205078 -0.39588484475084595 -0.7284823100641938 0.5590963366184171 0.836573600769043
0.7735034852911271 -0.6056010304732511 0.18692177543618418 -92.40742492675781 0.4521068189050614 0.7339160996603248 0.5069187143506562 -19.862089157104492 -0.4441753961466405 -0.30759478303299037 0.8414830164114202 0.7403888702392578
0.6770721449425536 -0.7166248244628172 0.16739824224443411 -91.44815826416016 0.5723828057949626 0.6557815846606575 0.4922686632828084 -19.42132568359375 -0.46254862898205185 -0.23748552415588073 0.854195171868368 0.7242527008056641
0.6464315886145662 -0.7023505083018035 0.29804356179834984 -90.37442016601562 0.6599642392342383 0.7107456891440929 0.24349079714654906 -19.068330764770508 -0.3828490618680182 0.03929794970843983 0.9229746838215508 0.781890869140625
0.6839594713420452 -0.5735418510403567 0.450831661118328 -89.44713592529297 0.6384628542220125 0.7695818876434273 0.010435611618872936 -18.58844566345215 -0.35293714077749155 0.2807017337252836 0.8925479882580144 0.8263130187988281
0.7069466989327962 -0.5130519884350361 0.4868305886351819 -88.4855728149414 0.6137194253403419 0.7871094044858115 -0.06170293615308339 -18.105493545532227 -0.35153212062049566 0.34239807612316764 0.8713143667122737 0.5922470092773438
0.8210963406506345 -0.5246856040204531 0.22473499127601354 -87.46963500976562 0.5258886794649522 0.848468947422073 0.059510856749743296 -17.4384765625 -0.22190515131638167 0.06932144108551197 0.9726009673165465 0.38144683837890625
0.6010181505795444 -0.7886882752187769 -0.12941401472164782 -86.43450927734375 0.7327333967068999 0.4790721232546262 0.483313221493757 -17.1425724029541 -0.3191848242387366 -0.3853059891212893 0.8658292803566716 0.8336668014526367
0.7777319449563465 -0.6157510888216403 0.1264263359011214 -85.36627197265625 0.5254899016692208 0.7472490615431454 0.40679135102231656 -16.68975257873535 -0.3449541781716689 -0.24993886580092595 0.9047304451183544 0.8456916809082031
0.5802517748157776 -0.7882066058505173 0.20503225189405663 -84.53627014160156 0.7969813936468046 0.6013695445269025 0.05635005852972279 -16.184587478637695 -0.16771564030804473 0.13070966838422338 0.9771317447442537 0.6258010864257812
-0.020431434309275076 -0.9996446772831747 0.017119453013565752 -83.26949310302734 0.9720062929117746 -0.015851982434625767 0.23441945566185912 -15.757915496826172 -0.23406478383553514 0.021429741769564636 0.9719847957327905 0.8413820266723633
-0.03997452229699211 -0.8373441465939233 0.5452126353378302 -82.24287414550781 0.9891164161794486 0.044164922010934415 0.14035018670487126 -15.544795989990234 -0.14160068082975952 0.544889199588928 0.8264653697281491 0.9216299057006836
0.05431142361114977 -0.7895359622279736 0.6112963549818351 -81.31805419921875 0.9934984825358599 0.10407236999381314 0.04614874865924834 -14.99386978149414 -0.10005515710983542 0.6048155968165987 0.7900550989539321 0.8797149658203125
0.6718988656296767 -0.7090579331369745 -0.21398308769871396 -80.32850646972656 0.7331771750785495 0.5958430084060309 0.32775347332635363 -14.470111846923828 -0.10489587365283556 -0.37710470268769214 0.9202113338257881 0.8380823135375977
0.8694059885095936 -0.18118480848123839 -0.45967955394956767 -79.41010284423828 0.4793507434802954 0.08368979212667438 0.8736239943011421 -14.013169288635254 -0.11981690977714526 -0.9798816682994997 0.15961147910487028 0.8285379409790039
0.8462064660373596 -0.43885052740757025 -0.3022330746802222 -78.30436706542969 0.5192288796526373 0.551650278387561 0.6527505962384056 -13.460404396057129 -0.11973298363955714 -0.7092899160068641 0.6946739002436652 0.7641291618347168
0.9265333742518745 -0.31381514115817255 0.20749930982370088 -77.25698852539062 0.2603424198514439 0.9329834216740441 0.2485231564810158 -12.90423583984375 -0.27158374550648356 -0.17624412631707542 0.9461396710398526 0.9590539932250977
0.9772849776612393 -0.10416043256196036 0.18456618521868112 -76.28520202636719 0.07040768517909951 0.9809937066475907 0.18081511381945295 -12.58975601196289 -0.19989204662865406 -0.16371301660627421 0.9660441076308482 1.0438032150268555
0.7382270668531536 -0.6388025893830153 0.21668421622938852 -75.14313507080078 0.6560681284253561 0.7546290692803903 -0.010467982683516966 -12.34599781036377 -0.15682923397708706 0.14988735635325245 0.9761856236267737 0.8024873733520508
0.7060454545590568 -0.6720211538929635 -0.22335484059421032 -74.11177062988281 0.6959210697521585 0.6000232409655711 0.39454527620563856 -11.934189796447754 -0.13112467644004458 -0.4340042384833844 0.8913173622268061 0.764180064201355
0.9099715491853893 -0.4146109881897983 -0.0070362024858248925 -73.0652084350586 0.39422362710236475 0.8597145620971628 0.32477469660110403 -11.65259075164795 -0.12860603215789776 -0.29830957106730993 0.9457652395294718 0.7791858911514282
0.8765033028792096 -0.4267521418011997 0.22276572786208626 -72.10504913330078 0.4701268146067552 0.8583612268009877 -0.20541855445019808 -11.174283981323242 -0.10355065537958692 0.2847781834916293 0.9529840754061244 0.7700448036193848
0.9752715408379357 -0.14511276398554565 0.1666964527519227 -71.19366455078125 0.20252215867873255 0.8887735540921035 -0.41117678046139355 -10.881576538085938 -0.08848839966744201 0.43476873769277163 0.8961841037696042 0.7350430488586426
0.9990403398258862 0.013129316394394974 0.04178540955398182 -70.19522094726562 0.005687661585520691 0.9070486417955513 -0.42098742489833896 -10.427343368530273 -0.04342867608236194 0.42082108130161666 0.9061035082295354 0.764850378036499
0.9971370621539246 -0.05014784148714345 0.05659393318387329 -69.15959167480469 0.05859647008696198 0.9855126419765755 -0.1591580541402099 -10.06290054321289 -0.047792603741459314 0.16201859923641654 0.9856296670297021 0.7122094631195068
0.9783337505295453 -0.2062871106134598 0.01756987676519151 -68.01419830322266 0.2063792533779815 0.9784655133271921 -0.003583713786228268 -9.49293327331543 -0.01645224452592196 0.007132126198048506 0.9998392152871154 0.7813019752502441
0.7699568214875409 -0.5138308017240621 -0.3783442879764549 -66.87908935546875 0.6348374175989749 0.5570008085313716 0.535473204289125 -9.304105758666992 -0.06440455155552219 -0.6524783571084989 0.7550655913521197 0.7039041519165039
0.8780714023607837 -0.4742658962470246 -0.06373752437279721 -65.9426040649414 0.47457235036154416 0.8459569582672392 0.24318287158342414 -9.0528564453125 -0.06141414029754217 -0.2437799918292042 0.9678840937608525 0.7293686270713806
0.6029255879605517 -0.699330977864777 0.38394910962407236 -64.80732727050781 0.797138778495717 0.5476262657203436 -0.25431327317218033 -8.686382293701172 -0.03241146711858853 0.4593927040037604 0.8876417297014232 0.6724815368652344
0.2334960803163163 -0.5996883593313906 0.765410642831246 -63.79831314086914 0.9723568353725205 0.1450809502714402 -0.18295819897635923 -8.212940216064453 -0.0013286012394720936 0.7869722927465496 0.6169869085061577 0.6420459747314453
0.5413661691068368 -0.7910924120123911 0.28477265775176674 -62.74211502075195 0.8395481748255257 0.5269972096021909 -0.13203334131435446 -7.736518859863281 -0.04562382155975285 0.3105587492374374 0.9494586511156566 0.5682144165039062
0.9106075047434331 -0.3951458397763175 -0.12105262331898037 -61.816043853759766 0.40513632344044775 0.7956920144782447 0.45026523019739095 -7.448321342468262 -0.08159982680186934 -0.45905771249704685 0.8846510525980756 0.582417368888855
0.9406486533437112 -0.285081016907046 -0.18414376112675562 -60.79316329956055 0.32701499302912795 0.6162159387502972 0.7164768741308053 -7.187432289123535 -0.09078163523985738 -0.7341707775642768 0.6728684597109921 0.6132841110229492
0.8928410338843712 0.3283849995935011 0.30821774811691727 -59.855873107910156 -0.446562683634937 0.73432246738426 0.5112262546851988 -6.9646148681640625 -0.058452183851849 -0.5940823225249753 0.8022777176678166 0.6811233758926392
0.7060027632304114 -0.6884625875237461 0.1660703582555652 -58.67448425292969 0.7053409592691103 0.7046208848803939 -0.07748251265738579 -6.718107223510742 -0.06367283163449515 0.17183909383629487 0.9830651536603087 0.5886063575744629
0.975596768866284 0.16661151596659324 -0.14300890645333988 -57.779457092285156 -0.2027938909452749 0.4340375975256129 -0.8777733202424587 -6.343986988067627 -0.08417590137885324 0.8853541476050744 0.4572334753116287 0.5920443534851074
0.9405680178717422 -0.2092194585058844 0.267505181144828 -56.804988861083984 0.3255105859596642 0.779977869303658 -0.5344879622823346 -5.774505615234375 -0.09682283917040836 0.5897980515219008 0.8017253870471802 0.6069130897521973
0.9629654327003109 -0.20241192438711975 0.17812071269284177 -55.68023681640625 0.24221829975843318 0.9396274972651282 -0.2417239368482261 -5.462909698486328 -0.11843931225077584 0.27591589162129515 0.953856671656905 0.548675537109375
0.9434696807750542 -0.1690758510650408 0.2850935250840485 -54.64683532714844 0.30577147973075425 0.7759620040480795 -0.5517125795710598 -5.196451187133789 -0.12794046913108376 0.607697560354096 0.7837951974197072 0.48769474029541016
0.8903614616061292 0.45410973543100286 0.032261678093090544 -53.76836013793945 -0.43677709296981637 0.8720613759005778 -0.22075943404354853 -4.939765930175781 -0.12838317157413578 0.1824645303865276 0.9747945713879362 0.49762868881225586
0.4998084682048931 0.8551628482183612 0.1374336135657456 -52.92316436767578 -0.8529046829514463 0.5135669002259992 -0.0938223896079803 -4.530595779418945 -0.150814776829631 -0.07032454777187651 0.9860574836542289 0.553248405456543
0.9793409627470905 0.19668933870525537 -0.04695298420006401 -51.99420166015625 -0.1971545828281794 0.9803572845067202 -0.005446575479715245 -4.1274213790893555 0.04495941676054824 0.014591050486480742 0.9988822513641197 0.5331692695617676
0.984168442614544 0.020356073635482346 0.17606279228675606 -50.8154296875 0.014265081414234177 0.9810618650867204 -0.19316864218814148 -3.9398536682128906 -0.17666064647766874 0.1926220318102573 0.9652397468232334 0.45201826095581055
0.98323225706246 0.17715626285314362 0.04324334866506603 -49.77448654174805 -0.1508341164362561 0.9233383092467407 -0.3531224093657384 -3.687732696533203 -0.10248608681550149 0.34067877129236873 0.9345772182115116 0.5099494457244873
0.7030079859469657 -0.33996071947230144 0.6246650949994452 -48.746150970458984 0.7108796335077351 0.36151871069965874 -0.6032863072190224 -3.2124290466308594 -0.02073447271331258 0.8681767855857074 0.49582169235660645 0.48445892333984375
0.78445878462611 -0.4356911402020529 0.4413588625737125 -47.67966079711914 0.6187104531131964 0.5987716832343924 -0.5085959561037773 -2.8137426376342773 -0.04268243703667082 0.6720459074394302 0.7392783696703991 0.4678511619567871
0.8200090186316614 -0.5619261227817659 0.10873933004295874 -46.78356170654297 0.569913235748896 0.8191602330455577 -0.06461746137826176 -2.454197883605957 -0.05276469540292075 0.11495888452920745 0.9919679136881584 0.49778497219085693
0.9125603375840805 -0.40095932617289737 -0.08040677224839404 -45.7632942199707 0.4014797357181194 0.8410288064561493 0.36260800945187904 -2.1485090255737305 -0.07776665143966274 -0.36318337718833044 0.9284665758431699 0.48899102210998535
0.6835934372203396 -0.7006860819158188 -0.20430131472592128 -44.72554397583008 0.7257153341238246 0.622737263183663 0.2924646215528762 -1.9199695587158203 -0.07769984817763319 -0.3481914927909351 0.9341977402783594 0.48615562915802
0.800168597031249 -0.5798162302536738 -0.1534384419220361 -43.871822357177734 0.5964682133844936 0.7424486929454398 0.3049518138419886 -1.783604621887207 -0.06289584045828144 -0.3355340183618158 0.9399260799525778 0.613003134727478
0.8161540644144595 -0.5724173579083051 -0.07893612294148682 -42.76316452026367 0.5702669329198772 0.7758785793217607 0.269829678441424 -1.4594383239746094 -0.09321034469367885 -0.265237249486043 0.9596671470500404 0.5445086359977722
0.9166630402749683 -0.3972104693600231 0.04418951939817797 -41.8143424987793 0.3920298709183439 0.9151506655344909 0.09387139968874929 -1.1288623809814453 -0.0777267708167423 -0.06872483104794429 0.9946031604091317 0.4703790545463562
0.687560236212515 -0.610183469765104 0.3936204451051911 -40.82500076293945 0.7224533101145473 0.6293133170854011 -0.2864017521655602 -0.7566699981689453 -0.07295297309859303 0.48129084986563764 0.8735198804558989 0.4751114845275879
0.9205217117521786 -0.3215198984963594 0.22195660175748338 -39.98460006713867 0.38889037915023017 0.8085389841223061 -0.44162086019442043 -0.41165614128112793 -0.03747067116064985 0.49283837718400175 0.8693136849132252 0.3888380527496338
0.9830199680551676 -0.1612608781789331 0.08755953159865995 -39.11546325683594 0.18347867013689878 0.8567608492507469 -0.4819713941676768 -0.2516059875488281 0.0027055516281387706 0.48985281091374616 0.8718009541347664 0.34602928161621094
0.870200713316754 -0.49115671205278677 -0.0389333115533278 -38.04475784301758 0.49257335727007723 0.8654881945127875 0.09111351637753999 0.22212433815002441 -0.011054693604866758 -0.0984645589259976 0.995079154833831 0.36394619941711426
0.9468847597507045 -0.29092796377453495 0.13700427601302562 -37.2470703125 0.31901697038704685 0.9034508180434875 -0.2863647883061451 0.49520936608314514 -0.040465100480791175 0.3148611428400717 0.9482747683939098 0.23632431030273438
0.9624935508509729 -0.23234516588073473 0.14007815126613998 -36.26502227783203 0.2588538612804521 0.941067998238235 -0.21768256979391315 0.8046910762786865 -0.08124557262082766 0.24577783989557578 0.9659153225546112 0.21318268775939941
0.9684766274187595 -0.24398198595956155 0.05025746383188613 -35.28878402709961 0.24818024518950993 0.9624050367490353 -0.1103771314075636 0.7829149961471558 -0.02143800460070283 0.11937058166615487 0.9926182932988007 0.20433080196380615
0.9967585687044843 -0.04880938112198597 0.06395310804547928 -34.45756530761719 0.05951837801468674 0.9822294781728594 -0.17799667099913186 1.0787038803100586 -0.05412872058980223 0.18122609227912256 0.9819507039992131 0.1719958782196045
0.8991047161937634 -0.43768794332198024 -0.006322466979529615 -33.52404022216797 0.437577853207477 0.8983057745812257 0.039652966299632796 1.4646111726760864 -0.011676116668991494 -0.03841874053894994 0.9991935091236998 0.12878075242042542
0.807567342131436 -0.5368114351097074 -0.24427130625234011 -32.62881851196289 0.5897747535905783 0.7356433099750275 0.33315861164940413 1.7042183876037598 0.0008531998247207767 -0.41311306397213116 0.9106793444597374 0.17198610305786133
0.6211438382145876 -0.1231726820958467 -0.7739566025516971 -31.720624923706055 0.7836819502596293 0.10365728150983866 0.6124522584065257 2.119884490966797 0.004788850103509212 -0.9869567662138528 0.1609142894194937 0.1509542465209961
0.913627944913589 -0.0007288572424906659 -0.4065506697080845 -30.918285369873047 0.405779033547579 -0.05997363395326427 0.9120013920842625 2.413520336151123 -0.02504703986830928 -0.9981996954505445 -0.054497832950268665 0.17625999450683594
0.9822979959332818 -0.18624782788485697 -0.020059755572560962 -30.243127822875977 0.18719154339426256 0.9719128066433267 0.14263527741889567 2.417548894882202 -0.00706917725991647 -0.14386536376370826 0.9895720205432265 -0.16803598403930664
0.9835858456092371 -0.16903427878840913 0.06313712783809869 -29.20651626586914 0.1709939760672006 0.9849018952069484 -0.027005869111937017 2.6193134784698486 -0.05761895925727633 0.037358659133376576 0.9976394068609482 -0.1741316020488739
0.9527915955634401 -0.2943821938791245 0.07434580923352482 -28.34735679626465 0.3036250535267588 0.9238256169714288 -0.23314814238640605 2.923325300216675 -4.790142984850004e-05 0.24471484089501508 0.969595092990461 -0.16371411085128784
0.9832738590113986 0.13963683362407298 -0.11693619149038204 -27.681751251220703 -0.17949901887086606 0.634147108661169 -0.7520887891739089 3.1088428497314453 -0.030864549392933045 0.7604991776932587 0.6486049493479438 -0.26520586013793945
0.9525189535646801 0.217541943242304 -0.21303320405610338 -26.9495906829834 -0.30286805101189074 0.6050629532834206 -0.7363217817233197 3.3282904624938965 -0.0312823716541111 0.7658814043272676 0.6422204354654146 -0.38661789894104004
0.9493482698159629 -0.21109235648146235 0.23276142213120526 -26.177040100097656 0.3137448495165093 0.6777511067743169 -0.6649944410805638 3.626964569091797 -0.017379067849019172 0.7043390194368703 0.7096509802004134 -0.35495901107788086
0.8233954834485487 -0.5539751841658277 0.1230096466337799 -25.379241943359375 0.564610653686587 0.7780444835694342 -0.2754298301396864 3.9618144035339355 0.056874313887157565 0.2962402351396734 0.9534186045511465 -0.43151307106018066
0.7840577962019292 -0.5718053611985852 -0.24143736479577865 -24.7825984954834 0.6116488373315481 0.77793299740641 0.14389562653967025 4.106903553009033 0.10554180217307207 -0.26049737129352046 0.9596885158962912 -0.517996072769165
0.9950187995092179 0.08093106197426186 -0.058204397007045224 -24.12975311279297 -0.04010569584054671 0.859524006092968 0.5095193971882147 4.250873565673828 0.091264022398649 -0.5046470510739306 0.8584883412475706 -0.500272274017334
0.9956550166739857 0.07382988322988826 -0.05674712428119989 -23.530635833740234 -0.01762400246514356 0.7477995980326269 0.6636905572021874 4.461019992828369 0.0914356730660058 -0.6598067213392893 0.7458515992920198 -0.5700960159301758
0.9675549386209605 -0.22621722614001022 -0.11253091729701875 -22.706308364868164 0.24922609217834046 0.9277022245325236 0.27794772453632394 4.728163242340088 0.041518619048594864 -0.29697533432075857 0.9539821041703932 -0.6179275512695312
0.9169563235122766 -0.3961629600600062 -0.04739208633667252 -22.148571014404297 0.3952304697171335 0.9181536063649134 -0.02805050670268126 4.990344047546387 0.054625786749690486 0.0069902929550290545 0.9984824281009554 -0.6878849267959595
0.991589519914212 -0.1276764913773162 -0.02118814635310766 -21.643278121948242 0.11089293338932402 0.9225691898746267 -0.36955222529215825 5.114248275756836 0.06673066252191381 0.36409449795850146 0.9289683607291118 -0.7718359231948853
0.9992990429982198 0.02176785170948579 0.03045625214624096 -20.836612701416016 0.01123943909232952 0.6015747083341816 -0.7987374695740358 5.310621738433838 -0.03570850979432474 0.7985199001431321 0.6009083718868213 -0.7539668083190918
0.977782565128191 -0.13767998469387213 0.15806795104014446 -20.235811233520508 0.19337206458458336 0.8835264066825508 -0.4266009063901704 5.6915740966796875 -0.08092280253198159 0.4476888545734798 0.8905201791767859 -0.8267812728881836
0.9090789143707145 -0.3739622548399538 0.18365118949133044 -19.61012077331543 0.415276166251643 0.8487792796713748 -0.32729106334252395 5.819579601287842 -0.033484820290706235 0.3737993664461721 0.9269049576167665 -0.9375660419464111
0.6725594194779239 -0.7197846476312644 0.17197060302811878 -18.90751838684082 0.7393144736197566 0.6638136897984187 -0.11298448713231021 6.0421271324157715 -0.03283194127462559 0.20312913693152326 0.9786013577354131 -1.0638303756713867
0.5009633198731019 -0.8471348885520793 -0.17719546478275366 -18.30219078063965 0.8645754720517915 0.48054665727739265 0.1469154971605982 6.1594133377075195 -0.03930655502765047 -0.22679812780836645 0.9731482949450603 -1.127601146697998
0.5076958752863432 -0.8387917842552745 -0.1966551318503703 -17.68608283996582 0.8607672467676518 0.48420852558364985 0.1569135132617454 6.3584794998168945 -0.03639567432085705 -0.2489386398652499 0.9678351659620399 -1.1614538431167603
0.8527998366857709 -0.44913351077140673 0.26647988301347164 -17.228281021118164 0.5193292533927234 0.7831171521869786 -0.3420886617839202 6.41872501373291 -0.055041485438524704 0.4301239535909475 0.9010903503134485 -1.1895990371704102
0.9840461771649628 -0.148488098281883 0.09800207077226854 -16.866575241088867 0.17087945016611558 0.9421792627605164 -0.28826801823125625 6.551703929901123 -0.0495311489665735 0.3004155813080934 0.9525214663142094 -1.2708842754364014
0.9169074371594162 0.3989179454412254 -0.012050912276799663 -16.424896240234375 -0.39153621478883927 0.8932693456234021 -0.22083765231130179 6.6420207023620605 -0.07733139201242632 0.20720605438666842 0.9752361287580202 -1.2970225811004639
0.8645602823846518 -0.3580971737300822 0.3525647916192123 -16.002756118774414 0.5024469394330462 0.6032884571320449 -0.619346518958169 6.6610212326049805 0.009087968823449616 0.7126075018253485 0.7015040678177853 -1.3569276332855225
0.9900554634127141 0.0004527186502792935 0.14067684390993224 -15.620580673217773 0.13927623317968685 -0.1439495424818425 -0.9797349948279613 6.901235103607178 0.019806823014134424 0.9895849252414325 -0.14258108393820984 -1.4646382331848145
0.9717613309133375 0.029799412003003192 -0.23407671987152895 -15.398557662963867 -0.21247578834781639 0.5419787975649812 -0.8130885698101967 7.1463398933410645 0.10263505788721955 0.8398636663377529 0.533005691206196 -1.6223328113555908
0.9728924101232072 0.18391573898371685 -0.14019757229970392 -15.015006065368652 -0.21392607026622792 0.9460089582103834 -0.24352143118451403 7.351110458374023 0.08784073534019557 0.2669120678046956 0.9597093066523401 -1.7158432006835938
0.8511457787707842 -0.5243418963709064 0.024828189439356066 -14.596954345703125 0.5190987700511124 0.8337197026776467 -0.18827619153392305 7.6081414222717285 0.07802134459298499 0.17313876826770402 0.9818022391045178 -1.7034109830856323
0.9511440358452126 -0.3057219548043797 0.043117391232187885 -14.302485466003418 0.24930870994323517 0.678127835308111 -0.6913666220803367 7.728655815124512 0.18212685200848489 0.668338780358378 0.7212163922475383 -1.7909016609191895
0.9657248825310437 -0.24850589348230764 -0.07496847447402144 -14.07256031036377 0.169288749274681 0.8219396288795238 -0.5438350538963127 7.7808918952941895 0.1967657760623433 0.5125037242615423 0.8358368034422945 -1.8279495239257812
0.9177747019259432 -0.2874439641371878 -0.27398095551670276 -13.767595291137695 0.24958011767276317 0.9541868872192676 -0.16503681141265086 7.853443622589111 0.308867870402857 0.08308641128309896 0.9474688843929916 -1.7079505920410156
0.9073814438587233 0.08239397473743988 -0.4121530641252411 -13.56561279296875 -0.0916870757672222 0.9957839697307397 -0.002786712138951982 7.905053615570068 0.41018580604174326 0.04031772010240464 0.9111103588301639 -1.9452821016311646
0.8400749505514482 0.3761620920170287 -0.3908659079343636 -13.36916446685791 -0.24457588503684008 0.9057786328476285 0.3460458130582245 7.988741874694824 0.4842073046892502 -0.1951080439296486 0.8529221167724038 -1.8681437969207764
0.7921100194830177 0.42590228176615086 -0.4372287312391534 -13.248053550720215 -0.18514730344910058 0.8502287385607542 0.49277943154205983 7.989595413208008 0.5816203169251744 -0.3093838045402105 0.7523293616682023 -2.0085697174072266
0.6862567075133752 -0.209749288691569 -0.6964603127862226 -13.007750511169434 0.1942804516537524 0.9755888864731823 -0.1023788586341467 8.087282180786133 0.700932833799442 -0.0650504456817742 0.7102546036587772 -2.0600969791412354
0.5139587115679071 -0.7725169242400445 -0.37291291820766803 -12.84607219696045 0.3380976439200041 0.5819616690730545 -0.7396016487984916 8.097122192382812 0.788375815191714 0.2540437314566267 0.5602904215925829 -2.0293824672698975
0.43198049984110337 -0.7132916418951215 -0.5519129291469734 -12.669958114624023 0.2707671932418986 0.6862974558829364 -0.6750414277009323 8.18004035949707 0.8602778474544922 0.14216481861265995 0.489603093870836 -2.0833916664123535
0.41284465125325026 0.29628069063061585 -0.8612647945266472 -12.72934341430664 -0.05733962333688665 0.9521909373164079 0.3000743016122586 8.106557846069336 0.9089947533001312 -0.07449947148769648 0.41009555864565 -2.023348331451416
0.44067912185904884 0.8919048426841542 -0.10152666228184676 -12.519454956054688 -0.3585788593908631 0.2785884734886597 0.8909599676961959 8.218452453613281 0.8229356676894528 -0.3562221414171401 0.4425863450319066 -1.9328713417053223
0.14702269529735568 0.9428344580153789 0.2990777688935561 -12.432672500610352 -0.5662822308730053 -0.1676773261825682 0.806975061127515 8.261161804199219 0.8109924549988076 -0.28800607469827977 0.5092580277932748 -1.8824052810668945
0.519691563457807 0.8408658648008417 0.15121268559057033 -11.874282836914062 -0.49944299152298954 0.1554096760253595 0.8522936881241464 8.337238311767578 0.6931647546502542 -0.518451955354038 0.5007296604957885 -1.694739818572998
0.8146309910091585 0.5032427965626262 0.2883106591773257 -11.7376708984375 -0.1649334792561243 -0.27556851928460396 0.947026366369892 8.625727653503418 0.5560335384739903 -0.8190291074724504 -0.1414850706080874 -2.061279296875
0.5268430769668435 -0.002327451202651154 -0.8499593844549327 -11.336636543273926 0.6677265027265566 0.6198718451855493 0.4121895354115924 8.837128639221191 0.5259065409449388 -0.784699610371486 0.3281292910944825 -2.233243465423584
0.7956130245582478 -0.481235841590412 -0.3679836680099337 -11.190611839294434 0.45344304566922544 0.875870191059588 -0.1650479104607438 8.883859634399414 0.40173289569998355 -0.035545367940266234 0.9150667775252784 -2.36732816696167
0.966081802689757 -0.15733225736385648 -0.20477429356367657 -11.066038131713867 0.018884186500257763 0.8338919553267594 -0.5516045633799067 8.918780326843262 0.25754482718923527 0.5290281350118415 0.8085789351411277 -2.4866418838500977
0.9880575719123095 -0.08762243542581227 -0.12674597980528096 -10.860512733459473 0.031690725728254855 0.9205457234890979 -0.3893472343150134 9.051557540893555 0.15079102257617283 0.380680810884897 0.9123289909536194 -2.658022403717041
0.8421288109269723 -0.5005565963334369 0.20065432881901268 -10.606945037841797 0.5373033211801637 0.7470045667535595 -0.3915217979858755 9.13372802734375 0.04608911862348451 0.43752402347346775 0.8980247892057874 -2.747161865234375
0.6339559890936318 -0.6286780497217715 0.45040394502085 -10.523406028747559 0.7733481324555255 0.5110428840111175 -0.3751904006356649 9.139778137207031 0.005698238312520004 0.5861732512658944 0.8101656926706442 -2.821181535720825
0.41894695423370015 -0.10115010488453513 0.9023591889154525 -10.514217376708984 0.8948686882581385 -0.1224717055980708 -0.42919775407503935 9.036075592041016 0.15392686676946438 0.9873040755561313 0.039206913635078944 -2.8404994010925293
0.8922717779529794 -0.43496256559977736 0.12107287390447338 -10.588621139526367 0.4436306292050954 0.794768840082439 -0.4141670625063103 9.228470802307129 0.08392222053616236 0.4232612164619789 0.9021125226596767 -2.894110679626465
0.9767627725842173 -0.20582209905906965 -0.05976411659608692 -10.770052909851074 0.20583326310525477 0.9785684608351785 -0.006036162531977985 9.333270072937012 0.05972565523320035 -0.006405544285071698 0.9981942772373404 -2.7852420806884766
0.961707373625132 -0.2563467125280228 -0.09698087693522901 -10.692376136779785 0.26729141360249536 0.955471942857826 0.12501466564316055 9.305908203125 0.06061540834994482 -0.14614968144873497 0.9874036879022697 -2.808220148086548
0.9320398525492641 -0.3423128126129107 -0.1188429702632186 -10.634003639221191 0.35643293547039634 0.9251507590407503 0.1305819112981576 9.23322868347168 0.06524780281283207 -0.16406709410287595 0.9842889376909282 -2.799766778945923
0.920786041850263 -0.3749448272144159 -0.10756133914598619 -10.60479736328125 0.38379781730241014 0.9201026369128207 0.07816887475191237 9.214238166809082 0.06965845654069498 -0.11325861596905612 0.9911206714326678 -2.8025174140930176
0.9131845386872601 -0.4000577600092814 -0.07776751866230273 -10.584132194519043 0.40072129437811743 0.9161688081946382 -0.007560365278338773 9.199947357177734 0.07427275768720036 -0.024259092059925387 0.9969428538878073 -2.8096890449523926
0.9166341340247565 -0.3927117228756243 -0.07456116319333847 -10.585670471191406 0.3930857232236603 0.9194451671334578 -0.010207782945364872 9.200439453125 0.07256361718117876 -0.019952126477813612 0.9971641961635991 -2.8121705055236816
0.9181539904836918 -0.38651762219431074 -0.08716293645884701 -10.58784294128418 0.38950361240678855 0.920815242829294 0.019652595128656487 9.201974868774414 0.07266488616199171 -0.0519943872594406 0.9960001998054921 -2.8088033199310303
0.9109891542000642 -0.4070426153965442 -0.06644599446913826 -10.579231262207031 0.4050335518641005 0.9133393237717311 -0.041941644180314014 9.181596755981445 0.0777597761969692 0.011295525810606862 0.9969081343345831 -2.807753562927246
0.9095860065479974 -0.4113693201960392 -0.05855406982879039 -10.577324867248535 0.4082351003116196 0.9109949517829761 -0.058585840435167354 9.175101280212402 0.07744287937330434 0.029385034071472242 0.9965636558730155 -2.8058152198791504
0.9130616413021101 -0.4023737514513976 -0.06643646081502091 -10.57836627960205 0.4009775112960791 0.9154659557965017 -0.03375084017325235 9.179197311401367 0.07440077027490805 0.004177070806988417 0.9972196736236073 -2.8054065704345703
0.9100921092255068 -0.41076591860205874 -0.054806138711600574 -10.574380874633789 0.40749953895668717 0.9111081360097055 -0.06185539788092407 9.171219825744629 0.07534240821446937 0.03396063326745965 0.9965792476830518 -2.8034749031066895
0.9093232030833827 -0.4125913784460811 -0.05384855398374362 -10.573379516601562 0.40901406427881143 0.9101076565523946 -0.06641949041386282 9.168476104736328 0.07641209038042195 0.038371967849871805 0.9963376859915632 -2.8013410568237305
0.9114502361734473 -0.40696519906022793 -0.060314125486789716 -10.57335376739502 0.40449195223650464 0.9132133328799823 -0.049271383440453044 9.171029090881348 0.0751314019253495 0.020511835707804314 0.9969626557903901 -2.80072021484375
0.9110557302982819 -0.40842381034164177 -0.056280080283160075 -10.568782806396484 0.4053339995742765 0.9122725727146046 -0.05884812538897964 9.168346405029297 0.0753777492353327 0.030801691815407064 0.9966792115327399 -2.799863338470459
0.9156402049721686 -0.3995744267250299 -0.04408279194752705 -10.514265060424805 0.3960838075493988 0.915469001897985 -0.07095156066696576 9.151762962341309 0.06870685872382815 0.047505621470211284 0.9965051848801556 -2.7968335151672363
0.911863889535 -0.4078102615771611 -0.046851227459577635 -10.504508972167969 0.40373284901098166 0.9116147647649092 -0.0771900724970216 9.146376609802246 0.07418917435568052 0.05147146019870592 0.995914983918525 -2.7907862663269043
0.9048465199020878 -0.42299192252417805 -0.048276380357070506 -10.502653121948242 0.41879833639336117 0.9047467109895194 -0.07772607276712337 9.154413223266602 0.07655539729655826 0.05011209866835375 0.9958052262926819 -2.7893595695495605
0.9245204889004094 -0.38024920568221404 -0.0259308152859312 -10.49727725982666 0.37746645143232155 0.9229201111243169 -0.0757465941502932 9.132650375366211 0.052734653184017787 0.060241265427642514 0.996789870681498 -2.786850690841675
0.9362605240358465 -0.3497132231251462 -0.0334199446968981 -10.518385887145996 0.34658283293439973 0.9350302860494875 -0.07482448854071357 9.115299224853516 0.057415773505962206 0.05847243574228077 0.9966365451914136 -2.7768993377685547
0.9297788734130512 -0.36671910714715317 -0.032067787699681646 -10.524615287780762 0.3640121119964117 0.928887261658551 -0.06829082989970385 9.117664337158203 0.05483091167096256 0.0518223077609753 0.9971499483746953 -2.7782111167907715
0.9185928861856528 -0.392271468940483 -0.048064582640312555 -10.514449119567871 0.39024660566945474 0.9195393068497489 -0.046422515245858414 9.117335319519043 0.06240750125250034 0.023886352035389583 0.9977648750952601 -2.7749311923980713
0.9168563867100943 -0.39723227563725416 -0.03976034885358341 -10.529302597045898 0.39451616602179396 0.916794207389916 -0.062011096134160726 9.124088287353516 0.06108486634490075 0.04116916914809414 0.9972831787487851 -2.771049976348877
0.8982414890123223 -0.4321141398659107 -0.08024710303101497 -10.538179397583008 0.4258222380544571 0.9008532393094241 -0.08449179134099806 9.127199172973633 0.1088009604517323 0.04172303145340313 0.9931875651915497 -2.705461025238037
0.9255011848369118 -0.37336395341104545 -0.06361536888792327 -10.543383598327637 0.36976515174134317 0.9270796181928712 -0.061620727755043334 9.1563081741333 0.08198347042650331 0.03350731001788093 0.9960702639634373 -2.7329189777374268
0.9052665880850252 -0.4173384839922841 -0.07950468084282276 -10.507864952087402 0.4174930919393596 0.9085484546308561 -0.015466860405279288 9.168661117553711 0.0786887709893256 -0.019191023081247496 0.9967144937008212 -2.7670187950134277
0.9198090095341788 -0.38841037127539363 -0.05557669894357096 -10.479959487915039 0.38493814965466816 0.9207282917614523 -0.06389079503714538 9.145540237426758 0.07598688650151231 0.037373737246215157 0.9964081477206304 -2.7896242141723633
0.9135599930561693 -0.4019128514820407 -0.0622430630736214 -10.532744407653809 0.4010810538082309 0.9156769674980301 -0.02587816588729639 9.144195556640625 0.06739530668593083 -0.0013232562815153632 0.9977254740806825 -2.7571985721588135
0.9130646625719355 -0.4038307166682128 -0.05686540457637738 -10.510854721069336 0.3997925161413409 0.9138802508680799 -0.07063165799180307 9.125164031982422 0.08049140326626855 0.041756907794196794 0.9958802612019649 -2.756647825241089
0.9318388270162987 -0.3585803563827494 -0.05564645973742567 -10.47849178314209 0.3521167500158903 0.9305830058043153 -0.10014521289833365 9.04687213897705 0.08769375589593319 0.07372514716584831 0.9934155262790282 -2.7432966232299805
0.9259556530801443 -0.3732529553519922 -0.05734422246335858 -10.488922119140625 0.36991793003517026 0.9270579652159242 -0.06102666768065431 9.056981086730957 0.07593980226085863 0.035295331854423274 0.9964875242479796 -2.769409656524658
0.9123090408058482 -0.405179798568509 -0.05934260607603826 -10.520058631896973 0.4031427235674275 0.9141003819338791 -0.04354809046299636 9.119383811950684 0.07188990540089837 0.01580577680213948 0.9972873301717671 -2.762930393218994
0.9126417325263011 -0.40476551976580627 -0.057008263086223365 -10.522294998168945 0.4022351861703171 0.9141161172257752 -0.050976261481232 9.124927520751953 0.07274560507633251 0.023592334280211853 0.9970714511534712 -2.7644639015197754
0.911750432005457 -0.4068394978723756 -0.0565046255523864 -10.526289939880371 0.40381693055473544 0.9130096524461547 -0.0578382324894479 9.133733749389648 0.07512014600101714 0.02991650900597684 0.9967256223021865 -2.7645998001098633
0.9108483940872473 -0.40877447986140864 -0.05708439018433966 -10.52786636352539 0.40571394710917824 0.9121487063795651 -0.058145770019642516 9.133671760559082 0.07583795955703221 0.029802047985348905 0.9966746920766602 -2.767302989959717
0.9115006678235447 -0.407264088946481 -0.05746733343234942 -10.529733657836914 0.40412445755152043 0.912799178491168 -0.05900069961058209 9.135612487792969 0.0764850009212353 0.030555222146821368 0.9966024398091934 -2.7692999839782715
0.9104499576988548 -0.40963528332356447 -0.05726961832050649 -10.529650688171387 0.40636432728847105 0.911684138303967 -0.06082816347993428 9.134920120239258 0.07712916461068302 0.03210866894432507 0.9965039514949662 -2.770496129989624
0.9103907098008902 -0.40975205888300126 -0.05737600325373855 -10.528754234313965 0.40661978205562566 0.911691188214603 -0.058987542522814955 9.135139465332031 0.07647946357857784 0.03037149276849766 0.9966084808377592 -2.7707252502441406
0.9107725147273555 -0.4089824637318739 -0.05680467214072889 -10.528607368469238 0.4056614779807905 0.9119411745495043 -0.06166084206132419 9.135744094848633 0.07702072253393812 0.03311553292757621 0.9964793875335671 -2.7699756622314453
0.9101446233821887 -0.41071462864340474 -0.054316280679031895 -10.526959419250488 0.40709352291259066 0.9109454759671756 -0.06673232663073611 9.133752822875977 0.07688711290658061 0.038624262235612355 0.996291392232034 -2.7707014083862305
0.9111168708769595 -0.4083450123742872 -0.05586052696154096 -10.526219367980957 0.40512464548654936 0.9122412243181223 -0.060745125516133355 9.13528060913086 0.07576324453701472 0.03271543249930145 0.9965889981600278 -2.7723259925842285
0.9108312270480637 -0.40921235732302275 -0.05414538252014399 -10.525896072387695 0.40569953800717595 0.9116644506356827 -0.06538971102476468 9.133699417114258 0.07612069820280119 0.037592234055360496 0.9963897145413758 -2.7735910415649414
0.9107368293907767 -0.409463218948067 -0.05383586091001975 -10.524985313415527 0.40591024616326105 0.9115214068173385 -0.06607266434329069 9.132551193237305 0.07612686550040272 0.03832228127901238 0.9963614319646542 -2.7747678756713867
0.9108840958397378 -0.4087414229825389 -0.05675044567607046 -10.52353572845459 0.40550913985107573 0.9120847887672202 -0.060528304095654406 9.133180618286133 0.07650164340368196 0.03212144513661433 0.9965519110005616 -2.775949478149414
0.9104787743730576 -0.40998675000065604 -0.05421500013865503 -10.523159980773926 0.40624158571694396 0.9112037236212208 -0.0683779795914198 9.128837585449219 0.07743497562676487 0.040232311426530276 0.9961853169300182 -2.777379274368286
0.9113755843873037 -0.4077491138224952 -0.05599289561784003 -10.523269653320312 0.40437084844099885 0.9124405129695538 -0.06274175023829165 9.12878131866455 0.07667307945952838 0.03453940458125105 0.9964578608337461 -2.7765023708343506
0.911105603215041 -0.40834766856386145 -0.056024649651875966 -10.522224426269531 0.4048856967346614 0.9121373294385058 -0.06382056740956563 9.127445220947266 0.07716315422430893 0.03546369725860336 0.9963875620494798 -2.774994373321533
0.9110538835177926 -0.40845873045666686 -0.05605610440332133 -10.52187442779541 0.40499938299190147 0.9120901247056599 -0.06377385193472856 9.125804901123047 0.07717720585332953 0.0353987277757484 0.9963887840439248 -2.77394962310791
0.9117592788043279 -0.4066767678773211 -0.05752411653443346 -10.521347045898438 0.4034206767113878 0.9130137791032928 -0.060478068498003634 9.125398635864258 0.07711533645091266 0.03193502209767267 0.9965106016735013 -2.7749648094177246
0.9107311230660469 -0.4093439527843572 -0.054830190568107895 -10.520344734191895 0.4056694720175178 0.9115500699833395 -0.06714722173252702 9.123496055603027 0.0774667732120389 0.038910130200844974 0.9962353641664543 -2.7759459018707275
0.9111012057059742 -0.40823445111211976 -0.05691419758114952 -10.521919250488281 0.4049379741225746 0.9122880540970453 -0.06128412082531204 9.125127792358398 0.07694043198881176 0.03278931650724978 0.996496377639358 -2.7761707305908203
0.9112888432602122 -0.4078965505257956 -0.056329816426306675 -10.521759986877441 0.40445928252803337 0.9123588920925663 -0.06335566901653975 9.123929023742676 0.07723556775458339 0.03495219719533954 0.9964000255845266 -2.774243116378784
0.9102567174983863 -0.41020438151474753 -0.05625898715019451 -10.519676208496094 0.406634460408867 0.9112667735259071 -0.06512513397814973 9.12440299987793 0.07798156100676523 0.03640374779862448 0.9962899393696404 -2.7729833126068115
0.9104779257023923 -0.4094920904380379 -0.05784612932042087 -10.519585609436035 0.40620872018577625 0.9117588899259103 -0.06074703520424427 9.124288558959961 0.07761715308939665 0.03181123244638145 0.9964756008234921 -2.774357318878174
0.909484400171604 -0.412056411801878 -0.05520542851440606 -10.51949405670166 0.40843386744892085 0.9103749393597808 -0.06632680986142221 9.123233795166016 0.07758802591389617 0.0377754322097978 0.9962695995342566 -2.7712252140045166
0.9108218014482058 -0.4090210124149523 -0.05572663106354371 -10.520270347595215 0.40550188862168063 0.9118011373822313 -0.06470629175527837 9.123198509216309 0.07727783854958038 0.036338647078785244 0.9963471475332221 -2.7696890830993652
0.9104456762354651 -0.4094489038842508 -0.05865377849834182 -10.520174026489258 0.40619946007850916 0.9118133627085017 -0.05998658365120049 9.125466346740723 0.07804273993187762 0.03078939255978161 0.996474457299195 -2.768962860107422
0.9072070942524515 -0.4163173169659669 -0.06045808243967597 -10.520546913146973 0.41304723785873715 0.9087507795842833 -0.059699245407505847 9.123955726623535 0.07979515922217205 0.029187534997263398 0.9963838719918604 -2.767892837524414
0.8807373434666231 -0.47064648771074175 -0.052854663265389845 -10.573272705078125 0.4638106446291636 0.8797142190806669 -0.10479779900346962 9.121610641479492 0.09581971484008331 0.06778477965468714 0.9930880151804926 -2.7942302227020264
0.8841662359969281 -0.46445950100797995 -0.05027364166681015 -10.663131713867188 0.44939614405365746 0.8749867613743552 -0.18011461109338636 9.096120834350586 0.12764471329721763 0.1366584770258902 0.9823600601735778 -2.768758535385132
0.9219837721499671 -0.38533214965997675 -0.03827608039675951 -10.68541145324707 0.36646311400284426 0.9002031377025665 -0.23524263420093017 9.13083553314209 0.1251027976004386 0.20286311963704873 0.9711827040900535 -2.7597713470458984
0.9290841859005737 -0.3698343932727438 -0.005009696802191717 -10.660601615905762 0.35099483656673347 0.8858657851587779 -0.3033882584882189 9.129365921020508 0.11664133149514577 0.28011485543898546 0.9528538542449393 -2.737454414367676
0.9400648471787308 -0.3398607213262507 -0.027798798506950814 -10.672380447387695 0.332604790331024 0.9318541038853224 -0.14498959452642946 9.087584495544434 0.0751806926523362 0.1270536074721353 0.9890425897202969 -2.7095205783843994
0.9290157288802262 -0.35356301614686525 -0.10919234911967814 -10.667013168334961 0.35400057945087315 0.9351082506249675 -0.01600466686811137 9.01684856414795 0.10776532485724817 -0.0237855676040044 0.993891785624656 -2.7163009643554688
0.9473955661379289 -0.3111379494583419 -0.07506542259290637 -10.671271324157715 0.3065052849002731 0.9494957670775572 -0.0671736453529482 8.987136840820312 0.0921745712786108 0.040632065030706654 0.9949135056380252 -2.717041492462158
0.9639857786343112 -0.25361916109206883 -0.08005460460058526 -10.664091110229492 0.2450070081849471 0.9639658309380372 -0.10364093170268575 9.043188095092773 0.10345522959745475 0.08029444508118068 0.9913878239912186 -2.7199935913085938
0.9555672169111357 -0.26939787087689915 -0.11964982712774816 -10.675557136535645 0.2566865400652799 0.9600331182355694 -0.11157254160502306 9.055084228515625 0.14492520179051635 0.07590256292038322 0.9865269823112266 -2.710571527481079
0.9434144287940786 -0.3169437738206937 -0.09754926847208666 -10.656046867370605 0.2815358288374479 0.9209463052808964 -0.26943548368816805 9.065972328186035 0.1752335373835544 0.22672570878875373 0.9580650606040717 -2.6998276710510254
0.9249208884503805 -0.34863943370672196 -0.15156482234613472 -10.700346946716309 0.21847194163808886 0.8137421550634225 -0.5386034866110881 9.128823280334473 0.31111309973230417 0.46505295433680816 0.8288150510442992 -2.642518997192383
0.9328221721276578 -0.3485205159890207 -0.09152182866281125 -10.732769012451172 0.1113050480081254 0.5202605383285577 -0.8467231888557135 9.011735916137695 0.3427155985287905 0.7796553226861381 0.5241026581999243 -2.646031618118286
0.8740930291311917 -0.4748499847991181 -0.10236634388574861 -10.737743377685547 0.18394949379285164 0.5186132827568275 -0.8349867344344704 8.963882446289062 0.44958198380007586 0.7110258468469794 0.5406646696039276 -2.528188467025757
0.8452453989255276 -0.36016748074772165 -0.39476524847947975 -10.766100883483887 0.10491611436246173 0.8362084421158619 -0.5382825004412147 9.006064414978027 0.5239778855470035 0.41356357086426626 0.7445887108408833 -2.472261428833008
0.7485034258949346 -0.17157641650297745 -0.6405498846487624 -10.813268661499023 0.13250669437862694 0.9851654343662618 -0.10904605850182639 8.992291450500488 0.6497573372947744 -0.003255799430461802 0.7601347264805584 -2.3983850479125977
0.6096081578258987 0.11301070759342643 -0.7846059354104755 -10.87228012084961 -0.032419799062410465 0.9925118481599977 0.1177675162800779 8.941734313964844 0.7920396773778868 -0.0463552718820476 0.6087071038092741 -2.3124489784240723
0.4687705674511439 -0.3120364280422228 -0.8263700276910964 -10.836663246154785 0.11753909707208104 0.9492429711395788 -0.2917573347862652 8.929862022399902 0.8754648569480175 0.039636464483548794 0.48165364623579043 -2.211939811706543
0.05838079646117211 -0.5746201438415109 -0.8163353311575583 -10.799613952636719 0.029543819396457005 0.8183663804154137 -0.5739369565912651 8.78470230102539 0.9978571267170608 0.009389233053633428 0.06475335483691813 -1.7532743215560913
0.06246719090774777 -0.5548802722582845 -0.8295816617540839 -10.636012077331543 0.14457496377508894 0.8274686951338225 -0.5425805363473342 9.137657165527344 0.9875200908890547 -0.08604325674973762 0.13191144021036239 -1.9992258548736572
-0.0546854622087406 0.47134686986041546 -0.8802508895171904 -10.678457260131836 -0.05135143631895572 0.8790758532051327 0.47390787532984535 8.951618194580078 0.9971822953758237 0.07111801870452095 -0.023868330577289543 -2.014650583267212
-0.18971004417045095 0.48286899436645647 -0.8548962705617403 -10.463500022888184 -0.08688324611175333 0.8590363603625131 0.5044876937252393 8.952370643615723 0.977988446090203 0.1699825457352999 -0.12101460019112015 -1.9559237957000732
-0.23586116521585843 -0.5194401869304731 -0.8213107834094552 -10.567132949829102 -0.5841760669384363 0.7511899424133347 -0.30733043004784105 8.878179550170898 0.7766001761262725 0.40730278984888674 -0.48062106052685255 -1.7286813259124756
-0.5104986820811477 0.8543248745278769 -0.09757102211383717 -10.42271614074707 0.1799384780331561 0.2170956276964292 0.9594225516206115 8.702714920043945 0.84084079332328 0.47222716694195077 -0.2645529494930198 -1.7394099235534668
-0.46786015417604754 0.8837947224909501 -0.0037100716312625792 -9.999787330627441 0.29763765829173505 0.16151224729577782 0.9409174343905418 8.780860900878906 0.8321770848208794 0.43911351888846645 -0.33861573653392285 -1.7609753608703613
-0.49474764566705365 0.8266832551443701 0.2679917214594808 -9.98080825805664 0.6437878627855855 0.14150660264357454 0.7520060299879529 8.446662902832031 0.5837481947183014 0.5445830304665965 -0.6022187045342766 -1.57977294921875
-0.7067565454392074 0.707455563945836 0.0013455559878703394 -9.591200828552246 0.43428859117185364 0.43235649438500184 0.7902286259944511 8.545064926147461 0.5584698783791333 0.5590836134293249 -0.6128106625524762 -1.5197334289550781
-0.7727235946702378 0.6285549383530191 -0.0884134362636039 -9.482748031616211 0.48566073208940813 0.6751560927567459 0.555245804774628 8.807445526123047 0.4086953627658212 0.3861126000086975 -0.8269734944774454 -1.4887580871582031
-0.8819611788009526 -0.23026606158644658 -0.4112444771294821 -9.307548522949219 -0.3819432330494763 0.8604135590535845 0.33735422648079827 9.081768035888672 0.27615909511683245 0.4546053764290642 -0.8467999208231195 -1.3845710754394531
-0.8566158581925041 -0.4879401593162509 -0.16770114018560356 -9.04520034790039 -0.44693167085739294 0.8641352080252245 -0.23134913839437832 9.18067741394043 0.25780099510618415 -0.1232263899399551 -0.95830783349852 -1.294668197631836
-0.687031114897403 -0.5289222672002958 -0.49822633654046267 -8.489771842956543 -0.5511626320595713 0.8261509842216973 -0.11702266571347034 9.630263328552246 0.47350607196106487 0.19420552651564751 -0.8591136207084503 -1.3096487522125244
-0.8485835843914916 -0.5077734918959749 -0.148566420260626 -8.317774772644043 -0.4928699653721633 0.8608015851573275 -0.12688509851308466 9.62467098236084 0.19231509960305027 -0.0344486852927799 -0.9807283979503542 -1.2188770771026611
-0.6753340897865882 0.07499305059087463 -0.7336892458903803 -7.917374134063721 -0.6999269171281746 0.24835689222285162 0.6696425649291242 10.029025077819824 0.2324353197161953 0.9657613040749156 -0.11523422104543722 -1.1871299743652344
-0.30258535612438553 -0.2198830217243769 -0.927412291818712 -7.673557281494141 -0.9328765694417055 0.2678091762927667 0.24087247929156297 10.273441314697266 0.19540575335888494 0.9380456821769113 -0.286158853966638 -1.0380887985229492
-0.5604985519577687 -0.2410859756143282 -0.7922871484602865 -7.233931541442871 -0.8045444713869601 0.38532928099974295 0.45191762387065415 10.70374870300293 0.1963404360133731 0.8907294188283603 -0.4099408928367233 -0.9995393753051758
-0.5880781173132196 -0.6161018963123577 0.5240062798265454 -7.212630271911621 -0.7861775976435745 0.283260492708438 -0.5492615754209924 10.900876998901367 0.18997082118240374 -0.7349707114102504 -0.6509448060076933 -0.8563618659973145
-0.9493595770103131 -0.13130883649826885 -0.28543717872111507 -6.664486408233643 -0.16002565149677433 0.9838962496431161 0.07962387080043104 11.359458923339844 0.27038525182012396 0.12126895478926872 -0.9550841094911411 -0.8084506988525391
0.5222024777138992 -0.6426204926558703 -0.5606634237117588 -6.2682390213012695 -0.7452782956017918 -0.02429120934604151 -0.6663108878394494 12.180642127990723 0.41456583840730654 0.7657994773876732 -0.49161603519252056 -0.6822586059570312
0.5214148816480345 -0.8357319597866696 -0.17227481704270836 -6.112321853637695 -0.6048716303958833 -0.21959417825854544 -0.7654467372829935 12.932437896728516 0.6018777549786933 0.5033194693890618 -0.6200102255573865 -0.585749626159668
0.391043166980907 -0.5197668228712398 0.7595575629271818 -5.604938983917236 -0.3094165787910253 -0.8514795101172848 -0.4233722057713354 13.801043510437012 0.8668025278728713 -0.06946289435926226 -0.4937897163575141 -0.549321174621582
0.5790672269396522 0.08666346417407793 0.81066058906411 -5.3639302253723145 -0.16151110573286015 -0.9624330555249898 0.2182585080994113 14.31885051727295 0.7991215861240205 -0.25731703715490784 -0.5433163286525167 -0.44016551971435547
0.11712814297228732 0.9847268781826674 -0.1288175978214231 -5.342243194580078 0.5206510770335021 0.049569204324934474 0.852329367067947 15.316524505615234 0.8456970226432856 -0.16690077701200606 -0.5068931608584504 -0.42281270027160645
0.37553483194675846 0.7383304998941719 0.5602157289123024 -5.2356181144714355 0.32838314484634956 -0.6712423234846296 0.6645285948277752 16.03386688232422 0.866682237140892 -0.06558823132985214 -0.49453016463657756 -0.38055896759033203
0.24240015606080875 -0.6691222305409413 0.7025080817596412 -5.135254859924316 -0.36784128558176954 -0.7334253907049346 -0.5716467308494511 16.391246795654297 0.897738799965361 -0.11984421915649118 -0.4239132106593569 -0.27887535095214844
0.021962348884848493 -0.8231554299851662 -0.5673912171662477 -4.8955078125 -0.26240985521283705 0.5428839221676203 -0.7977581807409304 17.187000274658203 0.9647065476706572 0.16640969063680477 -0.20408109109744793 -0.28562450408935547
0.13997800118366419 -0.754564657324575 0.6411227161014287 -4.858147144317627 -0.20528224438428594 -0.6555447941781515 -0.7267188059810175 18.003881454467773 0.9686409857760391 -0.029886464203248753 -0.2466605763640625 -0.2092885971069336
0.07113165157916701 -0.7423007165070339 0.6662806724022274 -4.681629180908203 -0.030312253445055115 -0.6692728395828272 -0.7423981637152816 18.79094696044922 0.9970062464371539 0.03261153890701074 -0.07010728988781256 -0.07586383819580078
0.025177862606329815 -0.9926308606285332 0.11853290582127185 -4.836421489715576 -0.027814721867468528 -0.11922018511512508 -0.9924781552802815 19.57277488708496 0.9992959604051306 0.021691518825869005 -0.030611460746178404 -0.11861228942871094
0.17111258708786864 -0.7714468769045032 -0.6128541414189715 -4.867707252502441 0.09051555390435229 0.6317063908351102 -0.7699051696666722 20.468137741088867 0.9810848164361147 0.07626763332087427 0.17792085618652975 -0.036574363708496094
0.3706446815412091 -0.8673740202875811 -0.3320915972670411 -4.6105637550354 0.641090960794691 0.497643433573489 -0.5842545618208972 21.858898162841797 0.6720304308828253 0.00364992484133414 0.7405145359924388 -0.12001228332519531
0.5455703914490209 -0.5099224924835386 -0.6650804459864518 -4.762285232543945 0.2444003362267187 0.855901211423252 -0.4557429011366786 22.47418212890625 0.801636715493015 0.08609394835634529 0.591579587570418 0.10329151153564453
0.6756129658714511 -0.5830945879204299 -0.45116274434430526 -4.935169219970703 0.31257118515542903 0.7807702370154094 -0.5410148715159608 23.492921829223633 0.6677172863996493 0.2244961882277851 0.709757061898142 0.15880489349365234
0.5488172798475495 -0.7873521831118584 -0.28084895066517057 -5.142600059509277 0.6400393003609803 0.6118904017010418 -0.4646932647452131 24.634105682373047 0.5377260337143476 0.07527732763009368 0.8397523662429943 0.17291545867919922
0.6164431328596949 -0.705429809678867 -0.34980944465031527 -5.241744041442871 0.6698906793721794 0.7033313225025767 -0.2378477001718881 25.6765079498291 0.4138167971946094 -0.08771450509017237 0.9061246183370043 0.20618963241577148
0.4671648356119289 -0.8214435082648844 -0.32708955822092173 -5.422030448913574 0.844438231448842 0.5241697506712858 -0.11031838354849849 26.83379554748535 0.2620707721880314 -0.2246700585540502 0.9385319787594284 0.3224375247955322
0.40077545162660405 -0.8727414631210639 -0.2787496653321685 -5.592835426330566 0.9001166345393976 0.43180057780904596 -0.05777806875660116 27.893178939819336 0.1707895828174541 -0.2277511790377351 0.9586241801915709 0.4248509407043457
0.12983641746817037 -0.9434913500181062 0.3049042097775008 -5.829252243041992 0.988933789505105 0.10095962895805194 -0.10870654670131372 28.929168701171875 0.0717806706161443 0.31564414419035836 0.9461587126715226 0.496751070022583
0.18479386699267136 -0.937016277489866 0.29639791234239354 -6.131394863128662 0.9804239127531731 0.15490837079678982 -0.12154154828223428 30.041414260864258 0.06797189142324409 0.31305573365795203 0.9472992819591008 0.5328223705291748
-0.6641737176719612 -0.7176617128925142 -0.2093679502741241 -6.4183149337768555 0.7355188098938052 -0.5772086497065595 -0.3547425192957988 31.13222885131836 0.13373613216407151 -0.3896047234725374 0.9112205037210704 0.588200569152832
-0.6364253803159176 -0.6102091096292963 -0.4718130750786391 -6.584103584289551 0.7479311717120518 -0.33865545888444826 -0.5708865408723536 32.30547332763672 0.18857809435662853 -0.7162103899645589 0.6719233435710039 0.6290545463562012
-0.1399018128115475 -0.06489251342957619 -0.9880366615024135 -6.603851318359375 0.9841249977557645 0.10093852865486103 -0.1459774031321574 33.310001373291016 0.10920380746228286 -0.9927740806113865 0.04974086149190221 0.827423095703125
-0.23565563260391442 -0.4995636260485412 -0.8336081851513227 -6.68260383605957 0.962705358063747 -0.0026897692830418762 -0.270538645477049 34.50480270385742 0.13290905303026312 -0.8662730220146747 0.48156643877263855 0.8680779933929443
-0.309805638327417 -0.8907935179661272 -0.33242649534908203 -6.673415660858154 0.941884517682886 -0.23976486162986282 -0.23530058749797134 35.52582931518555 0.12990004545734152 -0.38600481794550745 0.9133051290302912 0.8417503833770752
-0.18471029807817368 -0.8315915753358193 -0.5237724292231907 -6.797797203063965 0.9752430897083567 -0.08915961042115877 -0.20236471986402402 36.66270446777344 0.12158545044523189 -0.5481842899062662 0.8274726355233704 0.8539779186248779
-0.2653153652803064 -0.9073878924064672 -0.3259677432819493 -6.864624977111816 0.9574020101245208 -0.20797827378200218 -0.20031582225122763 37.86088562011719 0.11396994321181535 -0.3652290382059014 0.9239148238314437 0.8115718364715576
-0.2946075379031111 -0.894121454399977 -0.33727321772168095 -6.983434200286865 0.944664081396614 -0.21920287993897436 -0.24404891056005745 39.04179000854492 0.14427810620381132 -0.390508543066767 0.9092232431378514 0.7724761962890625
-0.09711850335224659 -0.832809644925071 -0.5449734779109864 -7.1186394691467285 0.9877113797406949 -0.013280064091074628 -0.15572369835214295 40.222999572753906 0.12245091521647333 -0.5534001583099825 0.8238653033992474 0.7981002330780029
0.017311689017150134 -0.9984762229656343 -0.05239787777815175 -7.206345558166504 0.9928353661993361 0.02336344958257336 -0.11718397862947261 41.36241912841797 0.11822961154974512 -0.049993813576113544 0.991726967242957 0.7557961940765381
0.18749923642169697 -0.42284109853107543 0.8865942937636775 -7.176364421844482 0.9740492807378286 -0.036455128524555014 -0.22338089062938443 42.49406051635742 0.12677553011287085 0.9054702805709813 0.4050327591285784 0.7520689964294434
0.23847383824935092 -0.3126724754964113 0.9194379541532796 -7.576377868652344 0.9638478003842338 -0.03967176760776364 -0.26348352614414 43.54801559448242 0.1188597752189382 0.9490321774954849 0.29190799905634957 0.8101825714111328
-0.244131178287811 -0.9690039516852178 0.03783265000283631 -7.962959289550781 0.961823671824312 -0.2469287980236709 -0.11798895297858716 44.640907287597656 0.12367373248270291 0.007583556224964476 0.9922939572368561 0.7591309547424316
0.5395972982595678 -0.2406567353429242 -0.8067955697976165 -8.23483943939209 0.8339073229838653 0.28469079746357184 0.4728104551651104 45.809181213378906 0.11590225357972272 -0.9279199780011427 0.3543037990785597 0.817459225654602
-0.7757437453413442 -0.4233793447466548 -0.4679439838331898 -8.343146324157715 0.6156918835907218 -0.3452010848887614 -0.708349995039268 47.133174896240234 0.13836598586463522 -0.8376073909854873 0.5284588087279766 0.7650661468505859
-0.44254195878749947 -0.8239073577543887 -0.3540244067161251 -8.50292682647705 0.882982389665343 -0.3314469234572137 -0.3323928947369779 48.2473030090332 0.15652065120425118 -0.4596951193660089 0.8741748583536748 0.70941162109375
0.5729041951708321 -0.7898059123004003 0.21906027492677382 -8.70366382598877 0.8195584794228595 0.5486835731510773 -0.16513701995693458 49.367156982421875 0.010231420319376516 0.2741403973322775 0.9616352534036746 0.8309381008148193
-0.006738945222773518 -0.9962088545079935 -0.08673237467725747 -9.088571548461914 0.9999634657099117 -0.007169576245811493 0.004654505546008762 50.42286682128906 -0.005258694011519384 -0.0866978395136073 0.9962207741063053 0.558077871799469
-0.37513313946255133 -0.7962012737696147 0.47469849307177403 -9.184345245361328 0.9268209623759316 -0.33137176093544973 0.17662293100017107 51.686370849609375 0.016674272923339173 0.5062176287943578 0.862244559809046 0.7356139421463013
-0.5936712790703429 -0.519041955390786 0.6149389083080463 -9.435375213623047 0.8032231489881915 -0.4286116431272111 0.41367213140999154 52.834781646728516 0.04885678393504894 0.7395184297364745 0.6713609362657483 0.7012333869934082
-0.5971818608488738 -0.69867484709835 0.3939889377954332 -9.919792175292969 0.7966460848069342 -0.5738484697989007 0.18987614192215707 53.970149993896484 0.09342826464651591 0.42726033251585327 0.8992884785337701 0.5879945755004883
-0.7379154972270678 -0.6356378878959622 0.22681533110283625 -10.102958679199219 0.6691101416862729 -0.7329407318147625 0.1228393338447264 55.08914566040039 0.08816086004971162 0.24240948644391075 0.966160081786292 0.7147965431213379
-0.6833057004245752 -0.11036044641791798 -0.7217436467567402 -10.502555847167969 0.7252756909990261 0.011230913950064508 -0.6883669360288386 56.1955680847168 0.08407432315020774 -0.9938281734979563 0.07236760151165947 0.6689190864562988
-0.7591064939832162 -0.5364182223812378 -0.36879916145493374 -10.637701034545898 0.6413574317818563 -0.5193121434115424 -0.5647791979202945 57.151004791259766 0.11143597036276451 -0.6652596398419661 0.7382490339354644 0.739281177520752
-0.6593677248768344 -0.6729486294529398 0.3352228296344941 -10.61400318145752 0.7498247983719334 -0.6210954044834707 0.2280422554615771 58.250267028808594 0.05474463569370422 0.4017220937998356 0.9141238341799428 0.6137399077415466
-0.9945368028971019 -0.008667647696199945 0.10402605234567794 -10.687789916992188 0.09080070364177695 -0.5634441191389484 0.8211491684376796 59.75838851928711 0.05149543573336729 0.8261087074296874 0.5611529413693574 0.6063055992126465
-0.8343660452569154 0.16986737829184692 -0.5243838063046853 -11.207050323486328 -0.5472532369154075 -0.14148784226925837 0.8249212599852173 60.7789306640625 0.06593327845590524 0.9752570247284785 0.21101312402268257 0.6158561706542969
0.07278108994520205 -0.1215942914895089 0.9899079458331228 -11.253271102905273 0.9964529656386489 0.050903868279952746 -0.06700957740561075 61.73296356201172 -0.042242161596321326 0.9912737384150261 0.12486783137529345 0.5950274467468262
0.30245243694319457 -0.3268604786912043 0.8953685000360909 -11.520685195922852 0.9531191763455102 0.09455406746564365 -0.2874428012808081 62.593833923339844 0.009292958063961021 0.9403306630092729 0.34013509835793515 0.6376299858093262
0.15207941835787614 -0.32132582894366013 0.934677250266422 -11.78406047821045 0.9876532607314209 0.01344156175039174 -0.15607806054760576 63.62666320800781 0.03758839020923571 0.9468732946236154 0.31940268760625384 0.5537850856781006
0.9979271292216321 -0.06426326485280338 -0.0034172436159530806 -12.054317474365234 0.023823271779558248 0.31957394118880367 0.947261815885541 64.64164733886719 -0.05978207494884759 -0.9453796744713279 0.32044246692861555 0.5760841369628906
0.4520555210361924 -0.6948761854429352 -0.5592789043089078 -12.501200675964355 0.8919288655582661 0.34480656925931624 0.2925257742141112 65.7381820678711 -0.010426153875778943 -0.6310748899297898 0.7756518411087945 0.6212024688720703
-0.05785520570701569 -0.9176299554560053 -0.39320228893332826 -12.749391555786133 0.9961694661745008 -0.07893202057878207 0.037631513243035625 66.93692779541016 -0.0655680549826585 -0.38951893532556336 0.9186815711597957 0.6160644292831421
-0.4143510370594487 -0.7672215955400831 -0.4895755727410107 -12.81149673461914 0.9083718939956075 -0.3153275191255726 -0.27464351053856095 68.06204223632812 0.05633578158322017 -0.5585155136780365 0.8275788184181412 0.5998215675354004
-0.5882426990523218 -0.741716054525572 -0.3222232478742931 -12.90694522857666 0.8042162012948634 -0.4947199985056726 -0.32937581066831095 69.1285629272461 0.08489304203819818 -0.45289007224443095 0.8875154950061067 0.4704108238220215
-0.6835919673664049 -0.695252563112914 -0.2220943394979964 -13.083614349365234 0.7219544592112553 -0.5994391719839575 -0.3456218134264256 70.17030334472656 0.1071624046814529 -0.39660629417107185 0.9117124911104253 0.5756916999816895
-0.6445714036424839 -0.677619697327382 -0.354061084278271 -13.241008758544922 0.7588152285459597 -0.5104203858282617 -0.40456208257530896 71.24620056152344 0.09341924070072846 -0.52943609201194 0.8431905300357824 0.5646467208862305
-0.45665678118192166 -0.8464586150359388 0.2738108785859441 -13.39861011505127 0.885218703893623 -0.46298577370192373 0.04507792837437383 72.35894012451172 0.08861394064965512 0.26296765272761435 0.9607265912534472 0.551124095916748
-0.3797665982474503 -0.3964978641199075 0.8358030716645584 -13.671235084533691 0.9241814870472473 -0.20247547004668107 0.3238707504985809 73.39136505126953 0.04081555897814254 0.8954290188383034 0.4433294061615751 0.5598974227905273
-0.08650683254388786 -0.5593238811234896 0.8244230491247682 -14.007102012634277 0.9902315808291685 -0.13910646082255013 0.009529369653331787 74.4296875 0.10935256856511993 0.8171940947916723 0.5658938303125685 0.5169081687927246
0.29065846880382223 -0.9453136033142562 -0.14798596521844395 -14.293207168579102 0.9561931904464465 0.2925987840983015 0.008974078673676486 75.33338928222656 0.034817194839091486 -0.14411156418973664 0.9889487448853577 0.483178973197937
0.3420588470149429 -0.40728014733128237 -0.8468285698821321 -14.470501899719238 0.9392467341294382 0.17550567995868305 0.294980217522167 76.33255004882812 0.02848363751336075 -0.8962815617271447 0.44256981878790413 0.4983692169189453
0.23095158461258772 -0.2605486406252048 -0.9374304088481942 -14.633209228515625 0.9722895562144379 0.09770408719201262 0.21238392176035098 77.4280014038086 0.03625444029723862 -0.9605041994777188 0.27589363592587723 0.5484089851379395
0.507126899624494 -0.6743633469266141 -0.5367088447186085 -14.666679382324219 0.8602548869743587 0.43417455604625893 0.2673087808486042 78.4175033569336 0.05276208026586482 -0.5972658798257012 0.8003059612935851 0.5386749505996704
0.05629582275512224 -0.6841811152258066 0.7271361508745766 -14.879695892333984 0.9980270066217116 0.01828365604732818 -0.060064981272356766 79.51500701904297 0.027800618590769377 0.7290829236032854 0.6838605238760722 0.5369837284088135
-0.3964586687015005 -0.7327117288169597 0.5531311295393668 -15.399748802185059 0.9143546166919018 -0.3691689029179567 0.16634288699117103 80.51034545898438 0.0823174279581132 0.5717060814548103 0.8163185637249385 0.536776065826416
-0.1305073854489816 -0.9724493345685585 0.19315826164168723 -15.567151069641113 0.9892023259948315 -0.14082025495170242 -0.04060066553336965 81.47078704833984 0.06668268583137596 0.1857739149948266 0.9803272269593499 0.49634456634521484
-0.5297616269292275 -0.7861978521953252 0.3181910681284998 -15.758464813232422 0.8448899022644194 -0.5220269933420173 0.11682838385389584 82.63007354736328 0.07425410214202181 0.3307276151544516 0.9408004957956448 0.4520423412322998
-0.554222700639792 -0.7708460661684543 0.31405977196730306 -16.21858787536621 0.8275866859413151 -0.5506954303030085 0.10878796025321476 83.55496978759766 0.08909251005671795 0.32020444299853656 0.9431498498837766 0.4345226287841797
-0.1763685651187908 -0.8389842368930016 -0.5147810986069775 -16.466968536376953 0.982481676084785 -0.1180614963587317 -0.14419167533241598 84.61478424072266 0.06019871589635886 -0.531193875456603 0.8451089759799173 0.4699714183807373
-0.0812357193049279 -0.8536101473884439 -0.5145390890734056 -16.526962280273438 0.9965938663335538 -0.062215484211345484 -0.05412854247701687 85.60408020019531 0.014192374549361508 -0.517183671242458 0.8557567567392171 0.4806720018386841
-0.04557521736437875 -0.9957071433512396 -0.08056167973362727 -16.70807647705078 0.9983074960741588 -0.048313437282594074 0.032372134005716875 86.71195983886719 -0.0361253767362069 -0.07894996173054641 0.996223800507904 0.41706979274749756
-0.07959352401547687 -0.9535294479495781 0.2905967357486502 -16.956897735595703 0.9944991611900004 -0.056045520014491645 0.08848908451719276 87.73536682128906 -0.06809030273969542 0.2960413680202115 0.9527450965990527 0.3535804748535156
-0.4346234702694806 -0.8091589472621438 0.39542918096232205 -17.240154266357422 0.899457237242404 -0.3677588807272764 0.23607220085914865 88.71630859375 -0.045597340527438884 0.458274157804954 0.8876405121584889 0.3135690689086914
-0.47405616690880825 -0.8768825556471295 0.07967266920021612 -17.476364135742188 0.8804285026029738 -0.4709672456499451 0.05509542021973965 89.83023071289062 -0.01078899531993284 0.09626441256592819 0.995297322639483 0.3221123516559601
-0.23746692385368728 -0.9371611428632058 0.25561387361173704 -17.632198333740234 0.9713799479898562 -0.2305892551265234 0.0570051933021868 90.71471405029297 0.005518760611920415 0.2618350391516099 0.9650968633011835 0.4098987579345703
-0.11518909860622889 -0.9862284649922802 0.11867976407650481 -17.844539642333984 0.9933063937896173 -0.11332593288053644 0.022352650702356223 91.70616912841797 -0.008595325412681501 0.12046015015649988 0.9926809520713709 0.3480888605117798
0.18403514143424943 -0.9691502905848304 -0.16394749457254562 -18.144895553588867 0.9772589836926469 0.16253683911089084 0.13618610326995745 92.70269012451172 -0.10533729400972344 -0.18528219070158758 0.9770233181964134 0.37253332138061523
0.26950259739817184 -0.9173217562322705 -0.2930684997378288 -18.21088409423828 0.9587770199320839 0.22712538029366403 0.17076500717831788 93.70836639404297 -0.0900831618327829 -0.32700895579387634 0.9407178996834318 0.28917884826660156
0.05459252650657653 -0.6597534791847894 0.7494964994936231 -18.23902130126953 0.9958261300918831 0.09095917913328577 0.007533017829715882 94.87123107910156 -0.0731435210791272 0.7459569521326044 0.661965445389095 0.30427372455596924
-0.03812375490444167 0.18169893177520202 0.9826149182175776 -18.485919952392578 0.9973310672286064 0.06819327764209845 0.026084846656189375 95.8237075805664 -0.06226814316032958 0.9809868373613269 -0.18381377334461782 0.31674134731292725
-0.15128255669894025 -0.5385597163472429 0.8288950596828342 -19.044275283813477 0.9874142469902452 -0.12145431526866796 0.10130130375916352 96.81963348388672 0.04611608048521931 0.8337879114202822 0.5501554561122561 0.27749013900756836
-0.23829573823711941 -0.8960584542752941 0.37455892414918823 -19.295286178588867 0.9704581638074841 -0.20469796595864304 0.12770941637875 97.79829406738281 -0.03776365233174611 0.39392637542333375 0.9183658951139257 0.22503173351287842
0.18031720134814327 -0.940609497075069 -0.2876447129883656 -19.463293075561523 0.9803870435648251 0.1482209813380479 0.12989143736754963 98.8338851928711 -0.079542137940812 -0.30542481022892054 0.9488881565223759 0.21961688995361328
0.11109401613694708 0.2628726420400184 -0.9584133208827306 -19.559144973754883 0.9672812588678958 -0.2499373436628156 0.04356937554881657 99.93089294433594 -0.2280900826899362 -0.9318955404495054 -0.2820383234045015 0.10187911987304688
-0.22692651236560737 0.2400762572618369 -0.9438579070414836 -19.527484893798828 0.9540561817648392 -0.13989870647644023 -0.26496255200030583 100.97080993652344 -0.195655718091442 -0.9606204987534708 -0.19729951179046304 0.2145843505859375
-0.7137420955239571 -0.6604757759871497 -0.23311793241027867 -19.56402015686035 0.6962683676607672 -0.7052060171314989 -0.1337715724529653 102.03712463378906 -0.07604328551608912 -0.25779104471587205 0.9632036108695907 0.2768254280090332
-0.8645415657549387 0.39126236857911306 0.31540710203776534 -19.632850646972656 0.5010357746616341 0.7198977017002175 0.4803232782157874 103.00296020507812 -0.03912842433851993 0.5732896807204947 -0.8184179301482695 0.28802490234375
-0.8124620543092409 0.5578149181494513 -0.16955213769672445 -19.835662841796875 0.5821608331399962 0.7919361153880162 -0.18418999294718505 104.03605651855469 0.03153053544349595 -0.24835399379526704 -0.9681560406776313 0.20101165771484375
-0.4437432037592996 0.48859704671239446 0.751242234609689 -20.37639808654785 0.8957979115317852 0.2182103364065984 0.38720840742500806 104.8629150390625 0.025260063593043613 0.84478232405114 -0.5345135677960197 0.20133638381958008
0.2628455156468787 -0.8150754050783411 0.5162986722244252 -20.663206100463867 0.9648322249319019 0.2238857259163069 -0.13774599618095676 105.6351318359375 -0.0033185293854778863 0.5343475140461555 0.8452583756434545 0.13730907440185547
0.8223519534955233 -0.46736993338085253 -0.32450363627188233 -20.936874389648438 0.568977324300628 0.6740510505270682 0.47108384149220583 106.57138061523438 -0.0014384066860924083 -0.5720319280030908 0.8202300923102445 0.18885564804077148
0.05748036761202213 -0.6986599983760335 -0.7131410898331323 -21.12005043029785 0.9977028103817638 0.06584953061688503 0.01590413386093037 107.56073760986328 0.03584842389167575 -0.712417044986107 0.7008400991080248 0.2585179805755615
0.07112334237354867 -0.9238613770836069 -0.3760606681145958 -21.273136138916016 0.9953783099191821 0.09012568739961946 -0.03315690898106158 108.59415435791016 0.06452511380886747 -0.3719644020654763 0.9260016162426635 0.4263002872467041
-0.4886607784335301 -0.39242856477642796 -0.7792371045890008 -21.471263885498047 0.8685298669143097 -0.1339735750464865 -0.47718649547852376 109.66409301757812 0.08286443084066913 -0.9099730230818804 0.4063035606103836 0.4259805679321289
-0.899668883527907 -0.16896347284928975 -0.40255092206372695 -21.674102783203125 0.4129460100590053 -0.030123693127039476 -0.910257192165344 110.8443603515625 0.14167389593004537 -0.985161868910432 0.09687414132216818 0.3521919250488281
-0.18442647495205305 -0.5288119156201003 -0.8284593129628997 -21.889297485351562 0.9788291787873156 -0.02269070223034736 -0.203417233259238 111.67424011230469 0.0887711332095591 -0.8484356722406795 0.5218012993258996 0.3020172119140625
-0.5052342612060899 0.2725560860566381 -0.8188110412402991 -22.09652328491211 0.8592764614343935 0.24671839023812636 -0.44807811678667653 112.6988525390625 0.07988932424500489 -0.9299694703977082 -0.35885161278707167 0.39684629440307617
-0.6074327804175472 -0.6222292735074552 -0.49381793048105493 -21.91128921508789 0.7887136217099927 -0.3983523957209229 -0.4682373241770752 113.94023895263672 0.09463741439469983 -0.6739036281351996 0.732733007160794 0.4253377914428711
-0.6741958998517168 -0.4689156822819873 0.5705944019469105 -22.24538803100586 0.7290875627575077 -0.5458610692435788 0.41287651775872936 114.9056396484375 0.11786099632809532 0.6943729372565405 0.7098978867064427 0.4461841583251953
-0.9801481502660128 0.11593683972943974 0.16083610516194433 -22.408248901367188 0.12313966868873988 -0.2798146136437746 0.9521241536620173 116.14923858642578 0.15539055803150068 0.9530280327382483 0.25998335194724187 0.5698227882385254
-0.23603754064339302 0.8276864000663685 0.5091379995170213 -22.442121505737305 0.9700405656943561 0.1696844643166396 0.17386340465132102 117.01277160644531 0.057511566787843 0.534922803509769 -0.8429412873805963 0.5247159004211426
-0.852734408264845 0.5086227359480128 -0.11894091574375415 -22.72052764892578 0.517599307609471 0.8534134417346758 -0.061452861843623925 118.06476593017578 0.07024945354521206 -0.1139667054158075 -0.9909977822040098 0.5227241516113281
-0.8519602831930905 0.493600218728407 0.17470689721020788 -23.171436309814453 0.5106198195345175 0.7093667582213244 0.485866444847868 119.18209838867188 0.11589251813678979 0.5031477182715215 -0.8563943588313015 0.46962642669677734
0.04838919690663268 -0.4838819473858731 -0.8737944532993939 -23.66545867919922 0.9955662009989195 0.09401334658924321 0.0030708454325008017 119.97925567626953 0.08066241411779462 -0.8700688200695083 0.486285742430871 0.5209383964538574
0.11520773169207207 0.17019609506503852 -0.9786523733088172 -23.715002059936523 0.9916097595949263 0.038443467637948564 0.12341873630880829 121.15741729736328 0.05862817781971985 -0.9846600372821998 -0.16433912420649235 0.5691466331481934
-0.5903374024757205 -0.07165015495959937 -0.8039701527622058 -23.880146026611328 0.7949438089166201 0.12100362052000399 -0.5944934520128771 122.27628326416016 0.1398788472334374 -0.9900628157421711 -0.014475115934887012 0.5827722549438477
0.061949292147550516 -0.9408419721857338 -0.33313461029451225 -23.837329864501953 0.9933730077082997 0.09049660905488888 -0.07085500198386144 123.4870376586914 0.09681091239619549 -0.3265375125819784 0.9402132205610547 0.5754423141479492
-0.13960229203264318 -0.9343117819489133 -0.327982765051273 -24.218482971191406 0.9805418692576273 -0.08426902827658611 -0.17730305554636605 124.55918884277344 0.13801754487017387 -0.3463527464663242 0.9278959706363873 0.4163942337036133
-0.21968630076671836 -0.5120177735235936 0.8304069658013338 -24.224910736083984 0.9685306358360448 -0.21654246383495268 0.12271010065726123 125.71125030517578 0.11698861783294118 0.8312323146703517 0.5434763125889737 0.6037421226501465
0.11115513664048637 -0.7261859357562497 -0.6784530361847129 -24.520553588867188 0.9857072537056273 0.16752270986894513 -0.017814366962526973 126.81658172607422 0.12659283388306442 -0.6667759206719943 0.734427754119811 0.6671743392944336
-0.03266331404276546 -0.08013306052656544 -0.9962488647553831 -24.603351593017578 0.9921339679478832 0.11791978679308524 -0.04201325417843654 127.94932556152344 0.12084410436480658 -0.989784631368521 0.07565108027615075 0.6677327156066895
-0.08070852056108901 -0.904605462204575 -0.41853923646235053 -24.638687133789062 0.9870857798880562 -0.014243686319689697 -0.15955807890174026 129.11135864257812 0.13837556811673063 -0.4260118251289199 0.894072775001397 0.6125965118408203
-0.273502012348553 -0.9558796674383963 -0.10719473223602502 -24.73387336730957 0.9514870620386584 -0.25253239899055235 -0.17578327062925697 130.28866577148438 0.14095751137961446 -0.1500714790955882 0.9785752557405731 0.6231937408447266
-0.0532205499633418 -0.9847447706940669 0.1656662598487979 -24.91379165649414 0.9928685461253106 -0.06990541103324222 -0.09656750811368113 131.40663146972656 0.10667531662297446 0.1593454426676943 0.9814425132041229 0.6270647048950195
-0.46431072643384247 -0.8449637938215548 0.2654274598626955 -25.113452911376953 0.8730684169596556 -0.48704503577396846 -0.023209317859317874 132.62191772460938 0.14888615995463966 0.22095999696465224 0.9638514362262178 0.6599769592285156
-0.07225852058212667 -0.9717199961883217 -0.2248087080409718 -25.486753463745117 0.9867781835379882 -0.036864441285825 -0.15782848115011772 133.6591339111328 0.14507764368348236 -0.2332407811178236 0.961535862735653 0.6654720306396484
0.15862840803337963 -0.7138960924501411 -0.6820479435855045 -25.68128204345703 0.9855655276971732 0.15586846615493777 0.06607277709843823 134.85955810546875 0.05914066942289786 -0.682683960880089 0.7283165457253358 0.7164409160614014
-0.07634430193998104 -0.9815546089055133 -0.17527720130593769 -25.97865867614746 0.9951629858250074 -0.06411100405906073 -0.07443393582496849 135.9117889404297 0.06182377540358924 -0.18011198986987037 0.9817013252002682 0.6201586723327637
-0.20965782562576457 -0.9005015827242656 0.38097309047355166 -26.26229476928711 0.9771281615109245 -0.2071291854604646 0.04814619935950129 137.18492126464844 0.035554917186753715 0.38235376294941437 0.9233317106123162 0.5494658946990967
-0.1030911654951509 -0.7554302280788261 0.6470682978647804 -26.414281845092773 0.993273498116805 -0.11266869946911923 0.026711834432379344 138.1680145263672 0.0527254164104653 0.6454695458847847 0.7619639727701257 0.6585350036621094
-0.4048632860881881 -0.9105484760390231 -0.08358942732718408 -26.65869140625 0.9111544771545986 -0.3940785597740025 -0.12041431595777116 139.29544067382812 0.07670227075519959 -0.12491421660267732 0.9891982612962558 0.4330439567565918
-0.5084874776159973 -0.1749978062220468 -0.8430991951871332 -27.00160789489746 0.8537505148928315 0.024926389581471503 -0.5200853136002381 140.4917449951172 0.11202920792340654 -0.9842532412544567 0.13672971020283228 0.6675233840942383
-0.39562070379430453 -0.7661603445487628 -0.5064410974340655 -27.233823776245117 0.9102083168675696 -0.25353836972688787 -0.3274738386212526 141.5106201171875 0.12249521882263592 -0.5905223293975879 0.7976705459326185 0.5571098327636719
-0.24079822950856034 -0.969198717318968 -0.05167261376018153 -27.32819175720215 0.966369692794194 -0.23446409227482434 -0.10562294392127573 142.65689086914062 0.09025424928720521 -0.07536866577702485 0.9930628050151679 0.5988788604736328
-0.0593939942440872 -0.8571166636235168 0.5116867971587938 -27.509885787963867 0.9961504391157348 -0.08399746360188948 -0.025074464261040375 143.6649932861328 0.06447213426948317 0.5082277550934626 0.8588060857116682 0.6113600730895996
0.352064409127411 -0.5913550430025732 0.7254997346251695 -27.76935386657715 0.9342111591439305 0.17444235914393502 -0.3111581165055025 144.6592254638672 0.0574470361003977 0.7873176464755015 0.613865426287844 0.5473723411560059
0.02704767627018756 -0.5886205432573867 0.8079568548281288 -27.954010009765625 0.9995494442997145 0.005403859137908973 -0.029524679618067762 146.04611206054688 0.01301274792328816 0.8083913992378917 0.5885014987488888 0.48235082626342773
0.10883012955465987 -0.9792606830680254 -0.17089329272461312 -28.121074676513672 0.9928589479720028 0.09863068596566005 0.06710512065313184 147.0679931640625 -0.048858083599789215 -0.1769759938044923 0.9830017219129723 0.41193175315856934
-0.4231924782255946 -0.7576220772728188 -0.49690734991756613 -28.437807083129883 0.9052143819580036 -0.37695223767737096 -0.19619870847284462 148.29490661621094 -0.03866586439831818 -0.5328374973093032 0.8453337520716235 0.4164167642593384
-0.46019416950493175 -0.8313874610403412 -0.3114742621446617 -28.502195358276367 0.8875737515749217 -0.43905874576829784 -0.13942830874534945 149.39849853515625 -0.020836551271396303 -0.34062047411931123 0.9399699626806435 0.372395396232605
-0.13916624957293822 -0.9826003068613388 0.12300159322466311 -28.65851402282715 0.9896598038310956 -0.1336472685761798 0.05207571682774767 150.34197998046875 -0.03473078836997449 0.1289769148263723 0.9910392160661812 0.33300888538360596
-0.2009220566195551 -0.9713589963698277 0.12685435481357935 -28.889238357543945 0.9790184516991753 -0.19462152067454253 0.060376609070718186 151.46142578125 -0.033958774953139474 0.13632374650709186 0.9900821368664078 0.37615227699279785
-0.007361000118235095 -0.9884618130586997 -0.15129130775417116 -29.362186431884766 0.997825287900368 -0.017171056080761082 0.06363842911023851 152.37139892578125 -0.06550198854849244 -0.1504938502324243 0.9864385893396576 0.38238000869750977
0.06781710153273218 -0.9652308688584437 -0.25244843145179824 -29.45407485961914 0.9942450143908312 0.044350401885509705 0.09751868134654917 153.474853515625 -0.08293185213580552 -0.257609028675953 0.9626836948063248 0.32480621337890625
0.04793164143926648 -0.9977109943515733 -0.04770041403313756 -29.706817626953125 0.9964211057606328 0.04443174932062027 0.07190827245225452 154.4071502685547 -0.06962426117163252 -0.050976380827837474 0.9962699788982903 0.30435919761657715
0.41333914715595615 -0.6867702941659457 0.5979107897333911 -29.885250091552734 0.908552148900782 0.35482007946441135 -0.22053504015607253 155.50660705566406 -0.06069383952394619 0.6343888982793515 0.7706276556053204 0.24828624725341797
-0.47348499380494036 -0.7776943344401597 0.4135256737147198 -30.24593162536621 0.8804941354545133 -0.40550260885190736 0.2455559236599814 156.54481506347656 -0.023281711100026387 0.4803739755586 0.8767547008908939 0.21929335594177246
0.28186846794791115 -0.879152543342924 0.3842407738780014 -30.443462371826172 0.9585399148203694 0.2755001558198397 -0.0728072512831166 157.46556091308594 -0.04184971293636583 0.38883218703820294 0.9203576108503866 0.2666771411895752
0.8954864280696271 -0.2746370816023814 0.3502549507887468 -30.51685333251953 0.44122357564291115 0.651235329417178 -0.6174255437020595 158.34463500976562 -0.05853044882780975 0.7074369365023474 0.7043487541212724 0.24016475677490234
-0.9968373468163341 -0.032329400016161663 0.07259555004796592 -31.17682647705078 0.07826117106882492 -0.558024285175662 0.8261259506014368 159.54385375976562 0.013801923601724518 0.8291946134947975 0.5587895845988056 0.2908754348754883
-0.5506198359125372 -0.8130379386565022 -0.1891748043605081 -31.3402099609375 0.8347541247352522 -0.5367895609678066 -0.12264794524765699 160.56077575683594 -0.0018296275942372986 -0.22544683972319324 0.9742537528394188 0.29264283180236816
-0.7345139018233819 -0.46248983745477484 -0.49658078726350985 -31.66008758544922 0.6780853507917419 -0.528544968705897 -0.5107254380754132 161.55384826660156 -0.026259951824624927 -0.7118590916092442 0.7018312109214224 0.2863776683807373
-0.007767441686064858 -0.8680750982822322 -0.4963721291450062 -31.882793426513672 0.9999158281322135 -0.001583716632190757 -0.012877441217056529 162.4735565185547 0.010392473253437118 -0.4964303733494981 0.8680143322064184 0.21835440397262573
0.9672969503181912 0.0006776823803321258 0.2536457187726975 -31.87286376953125 0.24611559861751992 0.2393601938067007 -0.9392197877695927 163.2668914794922 -0.06134918110510351 0.9709306043005392 0.23136559729208483 0.2715311050415039
0.955045161113448 -0.19316045586567407 -0.22489503890382567 -32.339073181152344 -0.2914998919175367 -0.7500448572700337 -0.5936838595539208 164.04908752441406 -0.054005122403830416 0.6325517768313832 -0.7726329635613584 0.103240966796875
0.7843859477808469 0.3673283770406257 -0.4998085116768648 -32.86651611328125 -0.6202604741064242 0.46964306579275517 -0.6282613588420475 164.82034301757812 0.003953376432449335 0.8028108458245206 0.5962206945765147 0.1524505615234375
0.9924401547320035 0.0768953903540947 -0.09565374126404094 -32.99468994140625 -0.11690217254435392 0.8295904634094496 -0.5459977518951012 165.79766845703125 0.03736872127765137 0.5530522235398624 0.8323081260613087 0.18265342712402344
0.37083643200138355 -0.8123974524044686 -0.44998968880099066 -33.0999755859375 0.9080445845397016 0.4188014240404096 -0.007771725023809017 167.04867553710938 0.19477005208348616 -0.40572866123612 0.8929999329579716 0.22524356842041016
-0.5477120806440386 -0.8256647743779665 0.13523741001645745 -33.72475051879883 0.8057687489326463 -0.5640699783034456 -0.1804488371263946 168.11322021484375 0.2252736113265284 0.010136070645557424 0.9742428137337078 0.2278156280517578
-0.5993452340305433 0.46061113161225753 0.6546928103162193 -33.7532958984375 -0.7569325350581354 -0.5922150591668988 -0.276286918015333 169.46253967285156 0.2604581114408575 -0.6611495361344681 0.7035928247600595 0.19458770751953125
-0.8724952465325143 0.0809722812257446 0.4818667185553133 -34.029693603515625 -0.4353241752562139 -0.5766933994968438 -0.6913158362241316 170.63055419921875 0.22191193572150142 -0.8129380127967152 0.5384114413108841 0.2440948486328125
-0.3877137701490571 0.31985869659943894 -0.8645047406732436 -34.18648910522461 0.9102993530969288 0.28042023188535203 -0.3044989019695774 171.34228515625 0.1450279979456277 -0.9050165234729548 -0.39988994992723864 0.29041099548339844
-0.9671781889466827 0.13330649962974125 -0.21632320259805926 -34.43769073486328 0.17440954025134878 0.9673982063545522 -0.18363557011458564 172.53057861328125 0.18479086312674753 -0.21533714844044338 -0.9588963705252046 0.36351776123046875
-0.8980506938743581 -0.16866333697886737 0.40627285165383276 -34.33258056640625 -0.37963444012489866 -0.16940255819342048 -0.9094946207364725 173.59597778320312 0.22222205809243809 -0.971007441802934 0.08810167342612313 0.449005126953125
-0.9631043076407475 -0.1250586864981415 0.2383074013437183 -34.36267852783203 0.2399218217096914 -0.8001476879485674 0.549728293739794 174.54977416992188 0.12193281786024435 0.5866208335900813 0.8006299928973051 0.4206256866455078
0.3355629632764832 0.5356240742626749 0.7749221565727478 -34.40806198120117 0.9372285185044676 -0.2726734378129418 -0.2173750225145304 175.4510040283203 0.09486939326793642 0.7992221514582316 -0.5935012643958304 0.39309120178222656
-0.3529772931051039 0.5273631818532127 0.7728486947506923 -34.887550354003906 0.9268567406428554 0.08422274375966837 0.3658457485860619 176.52333068847656 0.1278421404588344 0.8454552642566303 -0.5185188359776868 0.3395843505859375
0.5622731597722724 -0.2848555625184647 0.7763415500293628 -35.09986114501953 0.8260609245339527 0.14991516275452588 -0.5432759822911327 177.47605895996094 0.03836981571255926 0.9467749217625977 0.31960132159240395 0.3380403518676758
0.7382384712432688 -0.5040199016438716 0.44829443262581714 -35.068660736083984 0.6737323047689847 0.5834650541363149 -0.4534901455515642 178.5007781982422 -0.03299607684366665 0.6368143130839704 0.7703108395734267 0.34626293182373047
0.9363642920611875 -0.3105055194521787 0.16373220496433777 -35.375755310058594 0.348539677963063 0.8778500459988017 -0.328480425026068 179.62574768066406 -0.04173733865683744 0.3646445106259446 0.9302109306131647 0.3597137928009033
-0.9739547556934841 -0.2208685184512471 0.051276031624886906 -35.740394592285156 0.2261539710507695 -0.9625436167433098 0.14954653872516016 180.94482421875 0.016325294484724796 0.15724784076056258 0.9874242256174027 0.4058105945587158
-0.7627961274742133 -0.646020036500972 0.028287459228897152 -35.845191955566406 0.6303266871582182 -0.7330779569998892 0.2555092491809529 181.94813537597656 -0.1443271816619776 0.2127318062729486 0.9663926961817122 0.4052410125732422
0.03101592209358911 -0.9972624566824368 0.06712380403698241 -36.03181076049805 0.9994595564791529 0.03167579572039908 0.008788568027530284 183.02113342285156 -0.010890708846507127 0.06681494187073993 0.9977059466614551 0.4054325222969055
-0.4770014856356473 -0.8788072749838839 0.0129366199907664 -36.358123779296875 0.8773076780498755 -0.4769706665293079 -0.05319982429786381 184.1414031982422 0.05292278088045933 -0.014026999179723582 0.9985000864085545 0.36725568771362305
0.9846984185259002 -0.16923410953952794 -0.04157933045341586 -36.32750701904297 0.16980043620422208 0.8780757846478987 0.4473820831010482 184.99501037597656 -0.03920250524452759 -0.4475966181544945 0.8933758621091196 0.4356660842895508
-0.2643621312703463 -0.9556721919892757 -0.12962763983276443 -36.609859466552734 0.9640409641937047 -0.2580741031371531 -0.06342536280090218 186.11473083496094 0.027160318604026665 -0.14173361897717396 0.9895321613494736 0.42916202545166016
-0.5014928292190195 -0.5857604749285248 -0.636702134638649 -37.044795989990234 0.8640670112455706 -0.30209640750613453 -0.40264868141971366 187.3076934814453 0.04351025533193281 -0.7520787369573723 0.6576354849744298 0.4972062110900879
-0.9081599325372629 -0.418609354281133 -0.003427162419132315 -37.025787353515625 0.4172607758360781 -0.9045135590361943 -0.08802651003164416 188.6212615966797 0.033748805646843766 -0.08137216986175205 0.996112236692935 0.5103368759155273
-0.8015193540804038 -0.019132113048943522 0.5976626868768161 -37.216217041015625 0.5957571905416978 -0.1114332156494022 0.7953967616025962 189.69412231445312 0.05138185431060094 0.993587741822692 0.10071397294957599 0.427154541015625
-0.5198906763519404 0.09891573886508781 0.8484865121185462 -37.57016372680664 0.8536850389261239 0.024597000169104433 0.5202084600392267 190.7819061279297 0.03058658130658687 0.994791769260007 -0.09723063743759336 0.4188251495361328
-0.38894668899378604 -0.707896245744677 -0.5895789840058441 -37.950801849365234 0.9201491416213551 -0.2670841513333335 -0.28634177704281455 191.8655548095703 0.045233066381297815 -0.6538722821523677 0.7552516192227596 0.5104794502258301
0.9009557214832441 -0.04628524994388272 -0.4314353527056394 -37.816925048828125 0.42853846163966364 -0.06106634326190791 0.9014575356699446 192.903076171875 -0.06807036669592484 -0.9970599667814626 -0.035183061544316774 0.536529541015625
-0.098752648633886 -0.9939759536366471 -0.047536491034892034 -37.79399108886719 0.9951110398583635 -0.09870655012219542 -0.003321944457895097 193.9725341796875 -0.0013902301245046107 -0.04763213783878097 0.9988639780796525 0.4090275764465332
0.31248303636174846 -0.8881667068128877 0.3369187630502226 -38.18854522705078 0.9480366781891799 0.31393039133292777 -0.05171234094082233 194.95059204101562 -0.059839859576766935 0.33557057425630266 0.9401125362950585 0.4450533390045166
0.3292863145335816 -0.9425451886119162 0.05638342385328088 -38.403263092041016 0.9441544198795945 0.3294284928902784 -0.007021359830273733 196.07241821289062 -0.0119563574184426 0.05554669654054467 0.9983845000903786 0.45753806829452515
-0.17991291686301886 -0.9385940063137319 -0.2944021631336605 -38.4587516784668 0.9829178508234804 -0.1833315363785552 -0.016187844255133615 197.2986602783203 -0.03877938728745545 -0.2922855437427867 0.9555445149445383 0.43549323081970215
-0.9008441639479497 -0.19766603711089442 0.3865332198580014 -38.633277893066406 0.4118858063880801 -0.6705431724513536 0.6170266901641414 198.487060546875 0.1372219908650233 0.7150524397914805 0.6854707386689023 0.47784900665283203
0.13222735752717169 -0.9152704778924944 -0.3805205358713595 -39.27872085571289 0.9904360786569474 0.13725838995125889 0.014018148331269853 199.2825927734375 0.03939923877476381 -0.3787348501081373 0.9246662172360014 0.5141971111297607
-0.22582429667768694 -0.8885297589879202 -0.39939736406603416 -39.219635009765625 0.9732342402284844 -0.18782773962107818 -0.13242301112616695 200.50582885742188 0.042643882057247784 -0.41861152351757436 0.9071636521054967 0.4688868522644043
0.7184318171697957 -0.16688841973211177 -0.675280667158052 -39.478004455566406 0.6951914207888094 0.13910405472263226 0.7052368044999917 201.40379333496094 -0.02376157696243858 -0.9761138854247702 0.21595617643683335 0.3527984619140625
-0.5349348645517737 -0.4819697628996984 -0.6939379210976899 -39.7376708984375 0.8448928468756285 -0.30430176007877785 -0.43995058371520923 202.5980224609375 0.0008763477453682111 -0.8216480916203518 0.5699944258949053 0.3009204864501953
-0.31363039811563415 -0.9412588243705234 -0.12517107861822097 -39.8062629699707 0.948621789968496 -0.3164031170395177 0.0024014838421063944 203.78125 -0.041864937295969504 -0.11798683431763601 0.9921322663601397 0.2667827606201172
-0.7720773381302404 -0.5621046427185977 -0.29653828518408876 -40.09062194824219 0.634354014166172 -0.7099707181213732 -0.30583747991618976 204.8933868408203 -0.0386208319043819 -0.4242404389546324 0.9047256386875495 0.23349928855895996
0.46232924116482615 -0.7451544348313693 0.48062099518757895 -39.92759704589844 0.8804584537206389 0.450026169655803 -0.14922921261196906 205.69178771972656 -0.1050932159362242 0.49215984687504644 0.8641377789959845 0.17688798904418945
-0.5568259844132557 -0.2817447376610277 0.7813864126554335 -40.042884826660156 0.8295579454949799 -0.14086793610511508 0.5403608420709567 206.61251831054688 -0.042171532440223036 0.9490922649446702 0.3121625129220985 0.09717798233032227
0.04011843525560488 -0.9974087006600508 -0.05971930173964736 -40.67472839355469 0.9981424326751681 0.03726200734662222 0.048199864126341085 207.4426727294922 -0.04584970279008696 -0.06154207224435558 0.997050840277431 -0.048258066177368164
0.38760919054071985 -0.7928002151041424 -0.47034767389580356 -40.746803283691406 0.920321571944954 0.30369659046840547 0.24652907566985735 208.32937622070312 -0.05260531932358736 -0.5284280460655838 0.8473467298043773 0.018710613250732422
0.11267217396054846 -0.5593714806571928 -0.821223798877251 -41.0112419128418 0.9936263987504776 0.06060095887981093 0.09504790102366317 209.45864868164062 -0.003400135462082343 -0.8266988994853126 0.562634311670211 -0.030484676361083984
-0.6317285260472565 -0.6784669557571538 0.37496887780692023 -41.00666427612305 0.7719680402920145 -0.5946621043112954 0.22459369195008283 210.40289306640625 0.07060038346827552 0.4313462317462414 0.8994198208914734 0.05269432067871094
-0.901699080406134 -0.2845593580035854 0.3255222575605545 -41.38737487792969 0.42440741796565257 -0.726304108063949 0.5407038803126529 211.37840270996094 0.08256580388066555 0.6257062524715724 0.7756768487247255 0.0169219970703125
0.10490927613576495 -0.8644452637051296 0.4916588551408777 -41.5050163269043 0.9941061650692733 0.07757009458291897 -0.07573515034420783 212.15383911132812 0.027330868115238854 0.49670641880709143 0.86748818848668 -0.00081634521484375
0.23454642725341351 -0.9713993969691972 -0.03702951566708412 -41.7563591003418 0.9720833407447911 0.23411719446502605 0.015592238526628634 213.160888671875 -0.006477044781790477 -0.0396528791351245 0.9991925225236573 -0.04402327537536621
-0.8305527813471307 -0.5525668024965505 -0.06965634339586943 -41.89916229248047 0.5566364131253406 -0.8194536968452708 -0.1365706495172882 214.27545166015625 0.01838425901417614 -0.15220238994627167 0.9881783500538466 -0.03436851501464844
-0.6083375351633542 -0.7925769229102041 -0.0418002940368487 -42.10994338989258 0.7935879926788637 -0.6082190588977276 -0.0169609631063286 215.1222381591797 -0.011980867552332993 -0.04349020192818956 0.9989820124251181 0.0033447742462158203
-0.9546824563296344 -0.29582330665678247 -0.0327105306447746 -42.30760192871094 0.29749659638785375 -0.9517298061622902 -0.07553907068485595 216.0989532470703 -0.008785369318242484 -0.08184709708313719 0.9966061759717353 -0.08059215545654297
-0.702100400312405 -0.707887513468671 0.0771381627750009 -42.44343948364258 0.711754522195213 -0.7009163235090528 0.046063082541410255 217.05575561523438 0.021459916491555445 0.08724434488088484 0.9959557702380564 -0.058751583099365234
-0.9030965140568159 -0.4205946588331881 -0.08669959203722745 -42.634254455566406 0.42906089014847676 -0.892178955817521 -0.14115049890579537 218.00735473632812 -0.017984405562161354 -0.16467192765420677 0.9861844236243157 -0.12009096145629883
-0.7887371096031205 -0.5693266111554113 0.23186414506173686 -42.737205505371094 0.6143873242124237 -0.7174688155706453 0.32827841008929237 218.70758056640625 -0.02054234120087854 0.40137975598421805 0.9156813330542654 -0.04115581512451172
-0.14178249456730557 -0.975093067085555 0.17056152777211364 -43.07267379760742 0.9896081282424084 -0.1354528492278923 0.048252234690252374 219.5532684326172 -0.023947374612455136 0.17563039645155798 0.9841648678404649 -0.13624310493469238
0.8022733379820051 -0.5494149022667449 0.233453970474769 -43.089576721191406 0.5864000503192219 0.7985437432993894 -0.13587814770231763 220.30712890625 -0.11176972823097202 0.24590883514957698 0.9628272807967962 -0.14825439453125
-0.48774019527694473 0.8639866307385311 -0.12504640665084615 -43.604949951171875 -0.8726563625180563 -0.48647964522460013 0.042525612739874964 221.72862243652344 -0.024090970672898573 0.12986399303589943 0.991239107604623 -0.04555988311767578
0.0212268541102322 0.5853106227998981 0.8105312427674696 -43.402183532714844 0.9994730176195157 -0.03233755652704061 -0.002823028232250946 222.35389709472656 0.024558251467125036 0.8101640310921339 -0.585688599009253 -0.06620025634765625
0.5534188835973184 0.7322534556086314 0.3969035349138579 -43.6736946105957 0.8315344876486105 -0.45843666364633884 -0.3136657795740182 222.96681213378906 -0.047727718663902935 0.5036275431050529 -0.8626015086336838 -0.1263256072998047
-0.9052952048774098 -0.38783074906281834 -0.17328560848305102 -44.32543182373047 -0.3316143064761794 0.9001952860326644 -0.28227716653121554 224.1564178466797 0.2654666528328757 -0.19808017842768189 -0.9435527007792234 -0.0288848876953125
-0.32599494985039595 -0.8810463227054938 0.3427603680695374 -44.599525451660156 0.8931271710166281 -0.4058841020119947 -0.19386065130848876 224.79615783691406 0.309921198151841 0.2429310045692882 0.9192025772130341 0.0188446044921875
0.8482516780603802 0.23033432356921746 -0.47688068744043316 -44.45245361328125 0.4351741454500564 0.21002308148786059 0.8755077203395505 225.4718780517578 0.3018154300223271 -0.9501770385713677 0.07791688887643872 0.023944854736328125
0.3386585938229899 -0.07673244351449798 -0.9377752870182328 -44.78318786621094 0.8334743124649766 0.486951996833699 0.26114808680269375 226.3649444580078 0.43661301777531686 -0.8700516564503323 0.2288649991090015 0.026607513427734375
0.32053926423650936 -0.4868223316558722 -0.8125629806260295 -44.783363342285156 0.9194292452466613 0.36622325663082 0.14328429532880155 227.32630920410156 0.22782546624087457 -0.7930224105937085 0.5649876221903198 0.3596305847167969
0.8553854719293807 0.25720382649492746 0.44962416088163865 -45.01354217529297 0.2027309725610757 -0.9650035735498386 0.1663377762280162 228.04385375976562 0.4766716345416316 -0.05113017379599321 -0.8775932190662143 0.1163177490234375
0.7808849539761442 0.6191126678655019 -0.08317567638520237 -45.06609344482422 0.4958143773888933 -0.5332881657585595 0.6853990337287726 229.10914611816406 0.3799826204290655 -0.5764574891094155 -0.7234016667257057 0.23369216918945312
-0.5757753542881998 -0.7290860220333912 -0.37002204511329223 -45.425540924072266 0.7369826616927169 -0.2668397941580911 -0.6210097266693864 230.31300354003906 0.35403290490943967 -0.6302619270820609 0.6909635341406887 0.17296218872070312
-0.11884048396462404 -0.9290218261035805 0.35042172591639165 -45.47236251831055 0.9427931242474574 -0.21629255632008176 -0.253690076574238 231.30728149414062 0.3114772290919071 0.30022654230379603 0.9015797019972969 0.19871139526367188
0.33264717303737495 0.6823562372617387 -0.6509499395039872 -45.70994567871094 -0.9238051497401663 0.37451980334261964 -0.0794919003279852 231.9851531982422 0.18955184932833433 0.6277936622603062 0.754947159768153 0.2892608642578125
0.7979001860592156 0.10365721127486063 0.5938101343336841 -46.03498840332031 0.5866992838435862 0.09254212247839882 -0.8044997861433005 233.34747314453125 -0.13834465448325853 0.9902985096009749 0.013023765123645059 0.2734501361846924
-0.9036300835407007 -0.36827039631436864 0.21869976524606655 -46.4691162109375 0.4154507621184176 -0.6294255152509516 0.6566766213337435 234.82138061523438 -0.10417934716369065 0.6842517343416329 0.721766047743322 0.2714214324951172
-0.985262829392071 -0.15381536072280308 -0.07481972884236306 -46.95404052734375 0.15014974310457882 -0.9872734495792056 0.05240410672461235 235.6800994873047 -0.0819280883699831 0.04039765539842055 0.9958191692141454 0.31531238555908203
-0.8560585672230312 -0.44257767322518926 0.2669994993377859 -46.860328674316406 0.5145815265161563 -0.6810941251498053 0.5208806439624373 236.78692626953125 -0.048678353016028436 0.5832973477129814 0.8107987556099528 0.3152923583984375
-0.6592788087825122 -0.5368071465136846 0.526487929341355 -46.930877685546875 0.7504570594925393 -0.42644267461704477 0.5049364783052152 237.8756866455078 -0.04653658934777438 0.728000503239728 0.683995331222794 0.32995128631591797
-0.5214123146428985 -0.0524266324589967 0.8516928121968297 -47.36508560180664 0.8525731562429458 0.009317700188913342 0.5225248259337837 238.69711303710938 -0.03533003527703421 0.9985813079925935 0.03983917588410582 0.36897850036621094
-0.1871665738478852 -0.739720858269025 0.6463603681196588 -47.684818267822266 0.9783754872075664 -0.08140683668874638 0.19014292774565283 239.5703582763672 -0.08803453677620449 0.6679715403982931 0.7389613938173836 0.44310855865478516
0.2728522824102892 -0.95852693768307 -0.08232704124048251 -47.81009292602539 0.9612527414000983 0.2681283943775096 0.06403382917907313 240.45968627929688 -0.039303932809476166 -0.09660887052675343 0.9945460909386017 0.45432376861572266
0.549348460260672 0.05257762112601361 -0.8339375653884158 -48.090003967285156 0.8351359569189634 -0.06756523365489081 0.5458780749052002 241.48927307128906 -0.027644215855695764 -0.9963285266205567 -0.08102631900706286 0.48534679412841797
-0.1909951329202073 -0.6902148634862275 -0.6979429069941758 -48.07129669189453 0.9815901508653049 -0.13337369051647663 -0.13671954652588403 242.5978240966797 0.0012786418656507426 -0.7112066513332841 0.7029818377271749 0.49686098098754883
-0.5717717223011304 -0.8195585791016131 -0.03742770361301845 -48.39694595336914 0.8204102228927903 -0.5710611821669632 -0.028569081103049045 243.7962188720703 0.0020405268440085826 -0.04704106337037279 0.9988908722213772 0.48496341705322266
-0.9624421955113619 -0.2630282307143004 0.06723964713302809 -48.74586486816406 0.26904822189310457 -0.9572016841720149 0.10666766199001912 244.98141479492188 0.03630529707120071 0.12075216629759886 0.992018568243059 0.663630485534668
-0.9236046551993501 -0.28249860352758815 0.25913120209471496 -48.81847381591797 0.3831194752390037 -0.7034810958668686 0.5986099025663876 246.0550079345703 0.013187440490098984 0.6521571028233244 0.757969131726621 0.6734719276428223
-0.2475847658926303 0.3631378817869144 0.8982386445200432 -49.209007263183594 0.9655217511737082 0.015509899157148774 0.2598599450446165 247.22994995117188 0.08043339920920622 0.9316063126876332 -0.35445753829225346 0.7350921630859375
-0.08184106289127735 -0.6191044589396708 0.7810324636952317 -49.41998291015625 0.9871403060641173 -0.158326367193464 -0.02206303684811889 248.07455444335938 0.1373173571274477 0.7691829628718632 0.6241005632581941 0.5901546478271484
0.7043923110557804 -0.4083906740967192 -0.5805588079052146 -49.84137725830078 0.7098035965380627 0.4089718009132844 0.5735162773621827 249.28421020507812 0.0032134820876824066 -0.8160631858922274 0.577953761268408 0.7620429992675781
0.21354346894813264 0.3837773447025605 -0.898395311966091 -50.15290069580078 0.9768597962645507 -0.09518256908322092 0.1915338533646161 250.48667907714844 -0.012005220180332343 -0.9185070648807063 -0.39522227474251975 0.8174219131469727
-0.4670813311626457 -0.055594154058967726 -0.8824649115482148 -50.25330352783203 0.8825296006393636 0.03226837775991043 -0.469148436842828 251.80227661132812 0.05455762160006783 -0.9979318823603198 0.03399152974098596 0.8560581207275391
0.2861233550676982 -0.7763273150535039 -0.5616487564186552 -50.17961883544922 0.9581904128339638 0.23051035037730522 0.16951728856376458 253.03411865234375 -0.0021350498548154406 -0.586669309126317 0.8098237853331847 0.759502649307251
-0.11226114536116072 -0.860866427701828 -0.4962926847114453 -50.333824157714844 0.9909152582601745 -0.1342090325025792 0.00865370105177618 254.14126586914062 -0.07405664176407276 -0.4908125194517916 0.8681121382402234 0.676727294921875
-0.17389292452691985 -0.9086868877327501 -0.3795383918156945 -50.47955322265625 0.98465762632532 -0.1547616947441921 -0.08061126943109409 255.1607208251953 0.014512398797645015 -0.3877331013757714 0.9216574376516821 0.4446141719818115
0.7793496675731036 -0.5738958347165394 0.2515107682559516 -50.589088439941406 0.6257912602358412 0.6926490969446487 -0.3586398292356832 256.31451416015625 0.03161319765746991 0.43689907232308095 0.8989548410999857 0.7264719009399414
-0.7410358099052097 -0.2486377022739094 0.6237348967679144 -50.93415832519531 0.670749577663448 -0.31699076935962034 0.6705310255350622 257.70770263671875 0.0309989113104987 0.9152574201549785 0.40167514529631665 0.7897424697875977
-0.1530347263656756 -0.5559365431324275 0.8170158704310151 -51.06941604614258 0.9879395447603057 -0.10579108747242305 0.11306503310131738 258.84844970703125 0.023576013763625503 0.8244651634977482 0.565421405461138 0.7818896770477295
-0.34335434426669537 -0.8983409176870015 0.27402808228804504 -51.35795211791992 0.938534240562109 -0.3392126647938532 0.06393940362529402 260.0243225097656 0.03551441349217083 0.2791386101074679 0.9595938530344899 0.7012825012207031
-0.9926917229903347 -0.11617513982978749 0.03265700525170843 -51.77362060546875 0.09388960243515233 -0.9135257586683887 -0.39579720919166916 261.3083190917969 0.07581481162048631 -0.3898384603074384 0.9177570970600425 0.749786376953125
-0.7275331541823364 0.03579505173191638 -0.6851381056670327 -51.93536376953125 0.684762936599028 0.09955919319447812 -0.7219332986576669 262.3301086425781 0.04237015725455867 -0.9943875910941237 -0.09694373859228847 0.7207107543945312
0.49538253225918855 -0.19317577493482135 -0.8469234125414205 -51.95579528808594 0.8685488564937003 0.09353661660868745 0.48669681038289636 263.2113952636719 -0.014799682968213768 -0.9766954598705424 0.21411900441649195 0.7023601531982422
0.015323043859452545 -0.6454342740162512 -0.7636620995256975 -52.17274475097656 0.9956302591232106 -0.06051387538567993 0.07112283742972575 264.35223388671875 -0.09211727006989562 -0.7614149123906895 0.6416866367191612 0.5344123840332031
0.9786816005745955 -0.11805288471173925 0.16806499072675582 -52.44767761230469 0.20524378757266243 0.5319941427395071 -0.8214969383714614 265.24383544921875 0.007570492690409242 0.8384782337676355 0.5448825003047268 0.6755752563476562
0.8540461258031642 -0.4062499741327726 0.32490948511505036 -52.497642517089844 0.5186712331635522 0.7128207825330648 -0.472087580727929 266.5464172363281 -0.039816665973001014 0.5717057726716344 0.8194920027704502 0.7368907928466797
-0.09154819139130155 -0.9909827731842412 0.09783696594361363 -52.81427764892578 0.9886684810594019 -0.07871482796722751 0.1278225739757442 267.91009521484375 -0.1189687488909438 0.10843024997739317 0.9869596332561748 0.4316749572753906
-0.5482242252424963 -0.8187844398782278 -0.17041783906199962 -53.00691223144531 0.8342402409655012 -0.5209792959184969 -0.1806205790547956 269.1160888671875 0.0591051538453897 -0.2411899961390689 0.9686763992951148 0.6094341278076172
-0.7356318686510659 -0.5377389375779056 -0.4119254651481586 -53.54766845703125 0.6677241059102716 -0.4733349800118707 -0.5745420046293315 269.97955322265625 0.11397487535097256 -0.6977039714017312 0.7072615471513936 0.6384773254394531
-0.700997440426223 -0.5435185274191782 -0.4617252417487829 -53.53837585449219 0.7034177069417592 -0.4202756326213807 -0.5732119347898259 271.03594970703125 0.11749943862283446 -0.7266058098974892 0.6769326989786595 0.5568981170654297
-0.39400468284544665 -0.9158608350823717 0.07719611815421726 -53.790733337402344 0.911109328075664 -0.4002524638750995 -0.09837559379960203 271.9796142578125 0.12099628998184644 0.03157365870679377 0.9921506951499334 0.4895648956298828
-0.0645987379583185 -0.9635067286888803 0.2597725674998125 -54.102474212646484 0.9897841543494237 -0.09501899741591491 -0.1062954276009568 272.9446716308594 0.1270996886423739 0.2502522205722189 0.9598017999804359 0.35387420654296875
0.02409578223556197 -0.7802090386310274 0.6250545970688512 -54.33159255981445 0.9957404912845178 -0.036929058007296844 -0.08448146951350088 274.104736328125 0.08899588358414812 0.6244278186573219 0.7759958968911725 0.3973388671875
0.23245887484337863 -0.9718891426910319 0.03734120814651829 -54.53789520263672 0.9695684271632619 0.2285299089681621 -0.08781312974243724 275.0569152832031 0.07681104448390866 0.05661779778739831 0.9954368329627934 0.3820610046386719
-0.02080072448766407 -0.9423110577353473 -0.33409160469918975 -54.80192184448242 0.9979708819197985 0.0005443779424154083 -0.06366963556418168 276.0660400390625 0.06017847373445251 -0.3347380679312516 0.9403876738753252 0.3540916442871094
-0.21106687531377588 -0.9761120923804423 -0.05153598018815248 -55.49547576904297 0.9709694367449302 -0.2154424504303898 0.1039370167927764 277.3100891113281 -0.11255721679444575 -0.02810220029150154 0.9932477733608388 0.1499347686767578
-0.20133827016088435 -0.8007855093326993 -0.5640970386479547 -55.51936340332031 0.9686958276963963 -0.24816442431098373 0.0065430810778854265 278.20526123046875 -0.14522842136516 -0.5451210751284226 0.8256825776765646 0.2738914489746094
-0.235887034700133 -0.6486582492250157 -0.7236019503654727 -55.351356506347656 0.9697776065463164 -0.10934666544003568 -0.21811625477814184 279.1771545410156 0.06235944757353634 -0.753183764077189 0.6548477050649572 0.17082881927490234
-0.026946880988682587 -0.7763228643105322 0.629759220618224 -55.675724029541016 0.9968948232218144 -0.06749966202311986 -0.04055252224353101 279.9700927734375 0.07399038477078801 0.6267109429198247 0.775731149939214 0.06470680236816406
-0.02368959721330427 0.05803624037887595 0.998033365066798 -56.04210662841797 0.9988800754687115 -0.03952436730087722 0.026008060694451995 280.82171630859375 0.040956047361682235 0.9975317635003662 -0.05703492782810343 0.08875179290771484
-0.40252413133656273 -0.12236666917089406 0.9071938723160373 -56.49966049194336 0.9118475696223323 -0.14093596588899057 0.3855788677985132 281.7095642089844 0.08067424288824576 0.9824273264699828 0.16830987712980502 0.048506736755371094
-0.6041541404222259 -0.7414606846016729 0.29194833070373927 -56.84774398803711 0.7928690178784945 -0.5959819510915316 0.12713864267610675 282.6850891113281 0.07972763071277666 0.30828812361677144 0.9479461681645099 0.021059036254882812
-0.3015178947459134 -0.9532614940198585 0.019480327692819144 -57.21775817871094 0.9531141703442136 -0.3018960995617661 -0.020787577022191694 283.6737976074219 0.02569703167787449 0.012299149906374965 0.9995941143656895 0.04777956008911133
-0.23346531165170242 -0.9423947345820806 -0.23955398658202956 -57.358177185058594 0.972350699952416 -0.22760826775650783 -0.05223593352213132 284.49542236328125 -0.005297599212865295 -0.2451257650285901 0.9694768149686346 -0.0005574226379394531
0.3827940826622072 -0.9151577244612792 0.12631322035975903 -57.731842041015625 0.9198554313880176 0.39024134278935313 0.039720016665743096 285.52996826171875 -0.08564272079262533 0.10098531446114514 0.9911948802523247 -0.024437904357910156
0.527382908833337 -0.5705563756881238 0.6295495926709191 -57.67829895019531 0.8419722586094496 0.4502106727745388 -0.29730971368591186 286.3302307128906 -0.11379799296380372 0.6868593540758757 0.7178260544978012 -0.04658985137939453
0.8483794860156018 0.18053775461000857 0.4976528577917338 -57.85663604736328 0.5194000334972161 -0.10211546086437323 -0.8484079430648603 287.10736083984375 -0.1023516141103506 0.9782528056759321 -0.18040397799431385 -0.0339818000793457
0.7530707251757434 0.09815585718568948 0.6505765985519482 -58.154075622558594 0.6496718971358164 0.04532709688557851 -0.7588622275221468 288.0448913574219 -0.10397552094233231 0.9941382610019935 -0.029634592231085388 -0.04317283630371094
0.3248966221298132 -0.6753089605814778 0.6621178087674441 -58.58249282836914 0.942513186942526 0.289065814434566 -0.16765991579600747 288.9600524902344 -0.0781733801756116 0.6785269063814974 0.7304041072914872 -0.014995574951171875
0.8386157841150687 -0.5433652340885899 0.03844202149888254 -58.66674041748047 0.536780268461956 0.8363345354096223 0.11140685917429682 289.8614807128906 -0.09268500430479101 -0.0727926319418595 0.9930310784220189 -0.06664276123046875
0.646499303648594 -0.7322264760182985 -0.21420326374662696 -58.66032409667969 0.7508879631233839 0.5610554900076182 0.34840207227961056 290.74005126953125 -0.13492930452017687 -0.38608434952758103 0.9125420307205394 -0.07913398742675781
-0.37402088350957113 -0.8914081259011739 -0.255929544554897 -58.81065368652344 0.9273544618920655 -0.35618427766950306 -0.1146580234869437 291.861328125 0.011049013874458377 -0.2802219003190357 0.9598716611474634 0.11616253852844238
-0.9156269767158457 -0.3689799897688246 -0.15962771269550402 -59.088714599609375 0.39437862122314726 -0.9014566232729692 -0.17844175374453553 293.08624267578125 -0.0780560223962869 -0.22633984074284003 0.9709158222318638 0.029327392578125
-0.7347301549029499 -0.5364112475733867 -0.41525242076723656 -59.434844970703125 0.6725963106193551 -0.6556743137282528 -0.3430822018965958 293.77239990234375 -0.08823719407097608 -0.5313700855277304 0.84253191618403 0.03539276123046875
-0.5993237929732339 -0.8000988298893847 -0.025550999702821944 -59.53724670410156 0.7889840581926253 -0.5957921722501897 0.15011943046553458 294.7206115722656 -0.13533346627524334 0.06981081502917483 0.9883376462580438 0.030996322631835938
-0.20232892040259348 -0.7130183829785791 -0.6713179526151029 -59.86298370361328 0.968441511597388 -0.24755418683201652 -0.028947593974379404 295.5491638183594 -0.14554740321863358 -0.6559891082301226 0.7406039719713642 0.013666152954101562
-0.27430838208759695 -0.8635014093730894 -0.4232259769049787 -60.1097526550293 0.9465018977216596 -0.32022389391342726 0.03988502696776655 296.5265197753906 -0.1699678473293766 -0.3896433930886174 0.9051458209021392 0.03466606140136719
0.29838748540160515 -0.6096392320209691 -0.734373825334611 -60.426483154296875 0.9373525700685537 0.04221659693084684 0.34581486134846096 297.52178955078125 -0.17981954271319828 -0.7915540194607448 0.5840438051498833 0.052738189697265625
0.6016696958822092 -0.7984913631315185 0.0201275945254005 -60.30235290527344 0.7685552717725832 0.5856073609347898 0.2576563856176693 298.3563537597656 -0.21752326608337827 -0.1395548702960948 0.966026949359623 0.0260162353515625
0.35640220391123084 -0.6361871984592038 0.684283068301304 -60.25633239746094 0.9034874797330654 0.4212912843013131 -0.07889250748546234 299.4160461425781 -0.2380920893537014 0.6463586483434565 0.7249363107879265 0.011056900024414062
-0.1124423468310935 -0.6073673217383869 0.7864233307344429 -60.751869201660156 0.9813654387142 0.05622696964529722 0.18374004349023254 300.28814697265625 -0.1558158988563163 0.7924288386781779 0.589727005736343 0.09265708923339844
-0.834007772249626 -0.3979165291345132 -0.3822217571891452 -61.054290771484375 0.5082040547491491 -0.8237496914664981 -0.2513266490951026 301.54180908203125 -0.21484802666941016 -0.40385502553563846 0.8892364386291585 0.18081283569335938
-0.2595624898309169 -0.11474297191372168 -0.9588854802682029 -60.89299392700195 0.9429021965306621 -0.2447044714226998 -0.22595390999801235 302.384521484375 -0.20871694145523467 -0.9627843850323623 0.17170750212913866 0.17968368530273438
-0.9400545152044097 -0.2920849126528422 0.1760224765317881 -60.83009338378906 0.29793276567996163 -0.4522648083896407 0.8406501116555988 303.6096496582031 -0.16593244281360847 0.8426997964238886 0.5121752410347902 0.250213623046875
-0.41157597755273556 -0.2146514240183145 0.8857369704762355 -61.20690155029297 0.9025413656751858 0.038992697723245956 0.4288340620443223 304.4971618652344 -0.12658711603745548 0.9759120532564258 0.17768333169474967 0.17365360260009766
-0.33330708156702715 0.47630361479629735 0.8136591767498549 -61.44242858886719 0.9254731578307731 0.33006360216681285 0.1858963492363545 305.3529052734375 -0.18001617569543 0.8149802973426095 -0.5508187464414622 0.2641620635986328
0.017270008111462842 -0.44118580215003733 -0.8972495944836408 -61.76704406738281 0.9877166442253794 -0.1318550157924654 0.08384560531431423 306.4783020019531 -0.15529835008777482 -0.8876763727798531 0.4334894227872441 0.2540092468261719
0.4816481259724137 0.6649821838433775 -0.5708009967739673 -61.768550872802734 0.8630615140999701 -0.47298145452552476 0.17723816336891487 307.29443359375 -0.15211806476132012 -0.5780028017629427 -0.8017311616292954 0.24310684204101562
-0.3416907351376339 -0.8601316348204002 -0.37870966755852553 -61.75909423828125 0.9212027617252931 -0.38632225972235457 0.046266439594014996 308.6356201171875 -0.18609920287523063 -0.3330595778899014 0.9243583743684073 0.37641334533691406
-0.2366370309615602 -0.3583440194295325 0.9031015885916625 -61.856361389160156 0.9537490581725145 0.091674758597514 0.2862839022214299 309.58154296875 -0.18537974434317056 0.9290776621871686 0.32007662834403633 0.3887195587158203
-0.16530919575349406 -0.2981446417526749 0.9400971451895288 -62.00774002075195 0.972356499615356 0.11011815981716816 0.20590490167611952 310.7606506347656 -0.16491121082299048 0.948147543092661 0.2716993357964745 0.3447246551513672
0.2473197742958011 -0.633102051855264 0.7334948678613427 -62.1281623840332 0.9497481880494208 0.3082983316514041 -0.05413425900299046 311.6985778808594 -0.19186273358606148 0.7100238944131496 0.6775358003997048 0.3765583038330078
-0.013222693795434781 -0.9795831385468456 0.20060417504006128 -62.2215690612793 0.9995819227606348 -0.0077906110271532825 0.02784395930854329 312.58392333984375 -0.0257126439508734 0.2008884791483448 0.9792766099966448 0.21654009819030762
0.053629919668869375 -0.99338371152717 -0.10155113681695019 -62.56570816040039 0.9888255589777022 0.038665566887508385 0.14397565019718647 313.82440185546875 -0.13909653348932033 -0.1081377621821902 0.9843568350763268 0.33081817626953125
0.1290803771620655 0.15591290035606803 -0.9793004767354387 -63.006202697753906 0.9782105170811402 -0.18196395348016986 0.09996651392198808 314.8456726074219 -0.1626113172677332 -0.9708657410458077 -0.17600361462205039 0.42314910888671875
-0.2860139781957618 0.22915014492982388 -0.9304226004108429 -62.94124221801758 0.9466312922637361 -0.08301995613775474 -0.3114432265919012 316.1338195800781 -0.14861090398663007 -0.9698442647979757 -0.19317582989274462 0.5809364318847656
-0.43622334701052046 -0.6343850492544236 -0.6381730179233542 -63.07063674926758 0.8832195750710226 -0.43752988420182526 -0.1687921284944878 317.1906433105469 -0.1721405638839999 -0.6372779689529523 0.7511620441375474 0.5323982238769531
-0.288766849105813 -0.9239548579863259 -0.2508408404964574 -63.105106353759766 0.9466720228556242 -0.31466811027517133 0.0692536029264423 318.3007507324219 -0.1429188161157983 -0.21746586118129246 0.9655479331554377 0.5191268920898438
-0.9111882862500336 -0.38895622941234065 -0.1358269435791797 -63.40040588378906 0.3955862030283267 -0.9180968307173354 -0.024693428283975333 319.738037109375 -0.11509762366946814 -0.07623162747914405 0.9904247957303586 0.5604743957519531
-0.8718951787678896 -0.3679830452372653 0.32309019740502576 -63.200653076171875 0.4845989160438433 -0.553461795391642 0.6773801972385911 320.7339782714844 -0.07044634703405059 0.7471736876120365 0.6608848558786841 0.6101040840148926
-0.10498652694274421 0.14791852710325787 0.9834113780611364 -63.55477523803711 0.9944051676683747 0.027219109120147467 0.10206606984271122 321.7666931152344 -0.011670118891088599 0.9886249184793536 -0.149948587478374 0.6156826019287109
0.06819710014003838 -0.6149732421677655 0.785593448897174 -63.58648681640625 0.9976647585680559 0.04500956922187688 -0.051372835134962214 322.81536865234375 -0.0037663037360925467 0.7872623769088221 0.6166066532726027 0.6303901672363281
-0.11767313723261602 -0.9603940095903805 -0.25257945109756336 -63.808834075927734 0.9928088402155679 -0.11940800175731286 -0.008505051801424052 323.96612548828125 -0.021991806739175404 -0.25176392803425607 0.9675387769888653 0.6031508445739746
0.23658866421595176 -0.5260924577360995 -0.8168552686233359 -63.78640365600586 0.9716070714878045 0.1260742726610859 0.20021232831139812 325.0001525878906 -0.002345762009347274 -0.8410303226912623 0.5409828959536771 0.6627693176269531
-0.5732454593938581 -0.7882812275903187 -0.2236120513591 -63.69743347167969 0.8183830015146779 -0.537329134350472 -0.2037809220952714 326.24859619140625 0.04048340544162915 -0.2998167900683224 0.9531374435394804 0.6444447040557861
-0.7010991841370031 -0.6248871538357484 0.343476315010928 -63.54283142089844 0.7096675853537363 -0.658432449484476 0.2506763406547778 327.440673828125 0.06951152638682226 0.4195029850155188 0.905088610724079 0.7526779174804688
-0.3283929924697537 -0.9109863497323115 0.2495233718475269 -63.23082733154297 0.9445385877537577 -0.3161069298909069 0.08901272447848495 328.5567626953125 -0.0022133099416341284 0.2649156082157941 0.9642690608864097 0.7777557373046875
-0.14286534726827654 -0.9896951735422626 -0.00964137008240153 -63.47321319580078 0.9895389540989821 -0.14263186814889334 -0.021651986261072804 329.8641662597656 0.020053699673819352 -0.012633829803656942 0.9997190782784355 0.8130660057067871
-0.08146157691111933 -0.8740372246607196 -0.4789811493102209 -63.61204528808594 0.995220561356872 -0.04536708013813445 -0.08647463380814283 331.0104064941406 0.053852072751808644 -0.48373624832870077 0.8735554912615495 0.8468585014343262
-0.4708093048023793 -0.32627219700715054 -0.819685947160025 -63.772216796875 0.880932451646129 -0.12339099244436441 -0.4568727159946578 332.2200927734375 0.04792300228742663 -0.93718787681218 0.3455173937850848 0.8650445938110352
-0.7572668596320228 -0.21455191054262868 -0.6168584772746196 -63.545021057128906 0.6447491042322959 -0.0949805451017719 -0.7584703610846125 333.376220703125 0.10414171063846867 -0.9720834191234199 0.210257771249044 0.8176841735839844
0.02368316694426481 -0.947852082758582 -0.3178294146451966 -63.39362716674805 0.9959023623540179 0.05012404495148243 -0.07527326733567659 334.4673156738281 0.08727881908674374 -0.3147443555139949 0.9451552245059557 0.8485965728759766
-0.7433692788759602 -0.5676101853460903 0.3538655008824847 -63.76319885253906 0.656771170688882 -0.7196134735537515 0.22540647291473154 335.7865905761719 0.1267033723915437 0.39996890650559475 0.9077285548297622 0.8068809509277344
0.39211697564865655 -0.6425679095182539 0.6582938242650407 -63.7364501953125 0.9161849109969828 0.20840568752579258 -0.3423043649566168 336.77337646484375 0.08276162316920771 0.737342221132252 0.6704304308920914 0.7949562072753906
0.5863320657544694 -0.8084934935135802 0.05052701865638998 -63.90559005737305 0.8056595810586603 0.5755033360856016 -0.14038714187106746 337.90179443359375 0.08442362297651407 0.123021059581479 0.9888065891684631 0.7338924407958984
0.3698584579572168 -0.9274882811831848 0.054499627020482694 -64.15536499023438 0.9109423141124495 0.3504737414583216 -0.2176057373041006 339.1044006347656 0.18272608307782826 0.13012933879824173 0.9745139987434596 0.6159591674804688
0.021902732094267185 -0.9990671195856221 -0.037217749659198295 -63.84986877441406 0.9930256164660131 0.02605372609563461 -0.11498403540852244 340.3143005371094 0.11584643010944035 -0.03443971427613253 0.9926698901001666 0.7993412017822266
0.2283289313683209 -0.9232724791613031 -0.30892366099659996 -63.87068557739258 0.9666637213572996 0.25275612382982315 -0.040933991720578544 341.5123291015625 0.1158755751306457 -0.28927888116809475 0.9502055461837073 0.8070049285888672
0.5091993063935241 -0.8598706288613979 -0.03658644543896428 -64.11331176757812 0.8561089647720591 0.5104160431510791 -0.0809500051322358 342.627685546875 0.08828084053330795 0.009897702536445542 0.9960464490570873 0.8205699920654297
0.4765892790967543 -0.8265841383725298 0.29936820345684445 -63.845970153808594 0.8732845044878091 0.4059368643504908 -0.2694242683626936 343.7436218261719 0.10117723692371516 0.3898383310453627 0.9153082772357348 0.7806587219238281
0.405143114391097 -0.9106447869693379 0.08114880668902073 -64.05329895019531 0.9079416051189371 0.39034649163701923 -0.15255051019488228 344.8982849121094 0.10724317486689243 0.1354831666010212 0.9849584828875932 0.8384418487548828
0.04158970091307057 -0.9125094556500765 -0.4069358550523199 -64.25634765625 0.9905883499168516 0.09081667366401003 -0.10240631227426383 346.06280517578125 0.1304032890189916 -0.3988468692791835 0.9076982742515398 0.7986564636230469
-0.3368301513599818 -0.9189687393834636 -0.20504122797812988 -64.61157989501953 0.9293604334007264 -0.28953598659657803 -0.22903732729570536 347.374267578125 0.1511113297010704 -0.2677038821188701 0.951577636104622 0.7774810791015625
-0.14590753752863062 -0.12159618868221533 0.9817970041664877 -64.61567687988281 0.9693022367931289 -0.21609462490510845 0.11728719808639598 348.4106140136719 0.1978993790797946 0.9687711184717883 0.14939329226826814 0.7961044311523438
-0.9677097526364778 0.20120991039649433 0.15183019004954643 -65.20767211914062 0.14726333219312437 -0.037564397472793144 0.9883837448247939 349.84893798828125 0.20457601434093922 0.9788276089285286 0.006720591911067238 0.7301101684570312
-0.96967996064395 -0.23107481617627024 -0.07953114644370811 -65.62527465820312 0.15837671618201432 -0.34637142976642543 -0.9246316284948097 351.01922607421875 0.18611176668053336 -0.9091926429369439 0.37246630496245636 0.8315658569335938
-0.17816090573531498 0.9679730767109728 0.17688079158084263 -65.83518981933594 0.9736547991053538 0.14741711148125222 0.1739670296971157 351.9115905761719 0.14232014561082101 0.2032149551711619 -0.9687355976467972 0.6357803344726562
0.7328656092821133 0.6631118430630426 -0.15228487226606494 -65.79711151123047 0.6756427229316174 -0.6829572672295063 0.2776261552663119 352.9663391113281 0.08009313129792436 -0.3063528271910339 -0.9485425850171167 0.7611770629882812
0.12834941599055666 -0.5410247702440947 -0.8311549948097572 -65.61096954345703 0.9898805751166366 0.12103428661880905 0.0740752891957413 354.1728820800781 0.06052168554856813 -0.8322517043809525 0.5510845907239285 0.7527740597724915
0.5585463445641304 -0.7839913167105267 0.270894068404133 -65.89845275878906 0.8256044750680284 0.5569636587396275 -0.0903810466359717 355.3486328125 -0.0800201957114178 0.2741333583602389 0.9583567551347691 0.6322054862976074
0.7787375686201916 -0.41338053077758063 -0.47189441191177284 -65.60546875 -0.6218228594920738 -0.4089863288829502 -0.6678821110045903 356.08197021484375 0.08309109839575379 0.8135396238419448 -0.5755424830596731 0.7498016357421875
0.6604432575065937 0.2989145021338251 0.68881407072458 -66.25480651855469 0.7448652090729855 -0.3766496133736045 -0.550736678511766 357.3597717285156 0.09481837336053073 0.8768039627873507 -0.4714067107219214 0.7496833801269531
0.9549261954665011 -0.2814773679091187 -0.09426798272387278 -66.47468566894531 0.29488669988674465 0.9359283769528599 0.1925614381029868 358.5174255371094 0.034026393311351086 -0.21168033581166681 0.9767464563482589 0.7022666931152344
0.8474079565692763 0.09474280317020331 -0.5224208613661362 -66.8780517578125 0.5299086128425883 -0.08954978617273696 0.8433135228559192 359.6178283691406 0.03311521067919454 -0.9914659031171316 -0.12609022871659542 0.7051448822021484
0.41546447868933023 -0.7371343571809497 -0.5329373381654087 -66.94123840332031 0.9076088297858245 0.37478305463295536 0.1891662603499824 360.860107421875 0.060294933802179734 -0.5622904955833944 0.8247386977306033 0.6029572486877441
0.18792198482963962 -0.7743707468714398 -0.6041814909507381 -66.97040557861328 0.9757428399947552 0.2175225326189668 0.024695303237655675 361.9714050292969 0.11229976766074784 -0.5941665542529289 0.7964639778361248 0.5560569763183594
0.4153145632591021 -0.8377529387194934 0.35451914928781225 -66.8989486694336 0.9027654982082024 0.3316184634152768 -0.2739409607323941 363.0804748535156 0.11192974935108911 0.433819326896513 0.8940204264004592 0.5908279418945312
