-0.9961343625775396 0.08676300999005356 -0.01372995956675118 0.0 -0.08730224082193101 -0.9951491823315297 0.04534780758049257 0.0 -0.009728845754164099 0.04637116563505477 0.9988769016039655 0.0
-0.9725597507247493 -0.21242898715278938 0.09487600691140877 0.49376311898231506 0.21769050285463779 -0.9747900207462469 0.048941397818479906 0.769446611404419 0.08208761317707178 0.06825203931584627 0.994285312620135 0.9453532695770264
-0.9620181388200996 -0.22261286941997338 0.15800193337335294 -0.7147092819213867 0.24839243825638752 -0.9539120253179999 0.1683836232261261 0.6604579091072083 0.11323558273863521 0.20123458530361316 0.972976024617012 0.9376341700553894
-0.9759321717230968 -0.20274598318542553 0.08031477135630155 -1.7865781784057617 0.20509037784121048 -0.9784953692354618 0.022017022998280553 0.5420739650726318 0.07412376887874347 0.037958907873283626 0.9965263610162444 1.0059175491333008
-0.992687738686717 -0.05978172723688514 0.10486752857594711 -3.126370906829834 0.0703972566022406 -0.9924297729544178 0.10063484494210223 0.515575647354126 0.09805753272406312 0.10728136297706761 0.9893813367119131 1.2951855659484863
-0.9822605268048052 -0.16803595454158596 0.08323566220343931 -3.998547077178955 0.1797364925589647 -0.9702192807798824 0.16238639242735065 0.24837374687194824 0.05347009186216367 0.1744662293518902 0.9832102949481286 0.965421199798584
-0.9780208015965383 -0.19452988397667795 0.0750562181600232 -5.1370744705200195 0.20168922316847274 -0.973921623225441 0.10391404655589281 0.10147535800933838 0.05288448640350767 0.11676812944439277 0.9917501878214567 0.8765248656272888
-0.9759627994645476 -0.19733204809689142 0.09250230729668144 -6.259980201721191 0.20821564813693783 -0.9696249769800903 0.1283497093384889 0.06606870889663696 0.06436503656674522 0.14452496950439334 0.9874055272569199 0.9681026935577393
-0.9481750246341519 -0.29275973652928267 0.12351461179686547 -7.349432945251465 0.303221895912273 -0.949858493170188 0.07632381536471164 -0.10860288143157959 0.09497686296878878 0.10982067027552186 0.989403262517788 0.9707489609718323
-0.9707101714055382 -0.21569018726934783 0.10582771964634108 -8.45689868927002 0.22430203198797596 -0.9714313232365435 0.07752278813976957 -0.18911141157150269 0.08608345703964215 0.09898953152031909 0.9913580135720356 1.0388925075531006
-0.9898068487682168 -0.10998801636173154 0.09047120198352582 -9.586101531982422 0.11365105022865714 -0.9928547956207323 0.03637022951312038 -0.2829466164112091 0.08582447735614651 0.046281649384235166 0.9952347301098464 1.2247661352157593
-0.9888294684963844 -0.11833069629385305 0.09063182966138142 -10.778870582580566 0.13255176709799157 -0.9762006311594044 0.17164602169342622 -0.33790427446365356 0.06816385605551925 0.1817420535775698 0.9809808941508749 1.3025280237197876
-0.9881335738972211 -0.12648072327360022 0.08714738537266815 -11.86596393585205 0.1291267348845454 -0.9913026715840866 0.025402748833721116 -0.5077221989631653 0.08317647789586723 0.036354366318776137 0.9958714945084024 1.0171486139297485
-0.8460336858043386 -0.5104966836344278 0.15368844615837735 -12.974661827087402 0.5308739591835336 -0.8331790902814696 0.15487234413717027 -0.5773897171020508 0.048988181688294254 0.21261641403239123 0.9759069722770103 1.0517827272415161
-0.9212111856368441 -0.36893102967042535 0.12353075246220871 -14.111104965209961 0.38560986981544154 -0.9079986665770889 0.16383970762652889 -0.5647079944610596 0.05172020648139324 0.1985656486921844 0.9787219745162433 1.323058009147644
-0.9911356430753626 0.12073137667896826 0.05544431179831783 -15.301819801330566 -0.12467520712441739 -0.989415812982201 -0.07424581974262369 -0.8782287836074829 0.04589367880298579 -0.08050020935358883 0.9956974874629126 1.4240500926971436
-0.9789585357390655 0.1723848226495287 0.10919550459480931 -16.44174575805664 -0.18181292015554096 -0.9798084854661666 -0.0831828941129813 -1.14264976978302 0.09265121352761316 -0.101285757777622 0.9905336682330759 1.0230337381362915
-0.9970105704198504 0.017791771273787192 0.07518893100733585 -17.59035873413086 0.00882070999445172 -0.940555800333728 0.3395246405399383 -1.2141759395599365 0.07676012992614363 0.3391728752915271 0.9375871389477353 0.9850491285324097
-0.9822323166406897 0.186905877042469 0.016907669077933583 -18.821073532104492 -0.16668366240113971 -0.9102476659867809 0.37903264140989285 -1.3990479707717896 0.0862335945859056 0.36947987724990244 0.9252288297887126 0.9514287114143372
-0.9810855853359834 -0.18198828905031583 0.06596466398375804 -19.925689697265625 0.16482178576069628 -0.9640648122485793 -0.20835742540828053 -1.4857110977172852 0.10151282275952407 -0.19354405295087404 0.9758257254155289 1.0028671026229858
-0.9980435376149054 0.019912615815497563 0.059267062998844745 -21.11612319946289 -0.01609283755478751 -0.9978044638400639 0.0642438520037312 -1.435117483139038 0.060416203162395564 0.06316438610662256 0.9961727474304912 1.112363338470459
-0.9951153470351687 0.07205426462128885 0.06748058272541142 -22.38433265686035 -0.04229919305916877 -0.9288502849837844 0.3680325071947934 -1.6212892532348633 0.08919767015802028 0.3633804219209227 0.9273610109353063 1.0024476051330566
-0.9978237942639099 -0.03934186391787534 0.05291401840951065 -23.496183395385742 0.04451124898251572 -0.993955268636894 0.10035772348442636 -1.9719572067260742 0.048645907482450644 0.10249459347900973 0.993543372980154 1.0287137031555176
-0.9299975211068957 0.2633871692210349 0.2563821558236039 -24.81346893310547 -0.36102528586453564 -0.7855497099216026 -0.5025658128131241 -2.0600666999816895 0.06903154135218995 -0.5599454012060601 0.8256487109944065 1.0236605405807495
-0.9670709425487081 0.23225357673804556 0.10407722214941338 -25.964111328125 -0.22479018134204662 -0.97122955933807 0.07862898600508722 -2.1030850410461426 0.1193447378402724 0.05264426996704577 0.991456209012518 1.0606156587600708
-0.9651422170226602 0.26078997689198447 -0.02211535379012844 -27.093860626220703 -0.2350489664608902 -0.826501703052392 0.5115143382322366 -2.079533576965332 0.11511943487635637 0.49888227349162634 0.8589901005888104 1.0463498830795288
-0.9604514515584865 0.2778503328410414 0.018226402259327583 -28.367319107055664 -0.24942564389833205 -0.8875975522087103 0.3872433775792793 -2.260801076889038 0.12377341138184228 0.367382331982947 0.9217973555948579 1.1206129789352417
-0.9928248350675323 -0.05250562021207153 0.10743373175717563 -29.50819206237793 0.0641826767353982 -0.9920450730127274 0.10829199932705824 -2.432875394821167 0.10089316567640466 0.11441037084686823 0.9882969372422822 1.1485422849655151
-0.9733432434069746 0.20627119329126586 0.10027524785403494 -30.789897918701172 -0.21801478118118567 -0.9678767279305822 -0.12523655503450093 -2.5935561656951904 0.07122138513473766 -0.1437596408891838 0.9870464426514602 1.0427439212799072
-0.9816487324849534 0.15187848708250726 0.11531995131898622 -31.93659019470215 -0.15954167407273653 -0.9853438253714992 -0.06036555339205844 -2.5962319374084473 0.10446157305322078 -0.07765610706048448 0.9914924653225851 1.079542875289917
-0.9338281059805269 0.34049884428080635 0.1096613219155099 -33.094825744628906 -0.33594637318540943 -0.9400821546852065 0.05818570946537529 -2.8063483238220215 0.12290281861857966 0.017495127488951413 0.9922644897857396 1.1024643182754517
-0.9956950861247004 0.07417983608063229 0.055575600637115495 -34.307533264160156 -0.06523242700264391 -0.9867743400968937 0.14839518925384604 -2.8799686431884766 0.06584850745818285 0.14413102943291073 0.9873652922906189 1.0576940774917603
-0.9923735299696915 0.08352652482121398 0.090653718438821 -35.473167419433594 -0.08376291488639848 -0.9964849888083135 0.0012004871633821204 -2.9688913822174072 0.09043534212479032 -0.0064020880177176765 0.9958817510948705 1.0517628192901611
-0.9976169448108173 0.05402914241296098 0.042910175907943104 -36.74652862548828 -0.06245803737823707 -0.971438227977843 -0.22892523406153126 -3.1295392513275146 0.02931595117319888 -0.23105977796533111 0.9724977912640328 1.1164491176605225
-0.9949060673013745 -0.09697203628014835 0.027537999683971023 -37.899967193603516 0.0884798128240326 -0.9709335591076289 -0.2223945739473345 -3.153242826461792 0.0483036227371918 -0.21882515389752125 0.9745677565219306 1.1447134017944336
-0.9635350418626317 -0.2513831910057031 0.09168813654212278 -38.9722900390625 0.2590171563085945 -0.9622305101673513 0.0838007042982831 -3.2169857025146484 0.06715903394619281 0.10449371551853898 0.9922553741736776 1.2006350755691528
-0.9661045140430994 -0.25609013292694166 0.0325562860751698 -40.21184158325195 0.2575589793515785 -0.9647300468884735 0.05439952928047128 -3.4419522285461426 0.017476844707214174 0.060940794612681794 0.9979883663906384 1.2007180452346802
-0.9926769654375768 -0.1167535738086344 -0.031000730516490084 -41.408599853515625 0.1176542493558524 -0.992630648800879 -0.02901504212744331 -3.6291964054107666 -0.027384665383297667 -0.03244993164951458 0.9990981343380574 0.9591182470321655
-0.998971292560187 -0.03393766975417742 -0.030076422863865686 -42.621246337890625 0.044065545546364104 -0.5699367582049819 -0.8205061360785169 -3.8207788467407227 0.010704407332075056 -0.8209874092934999 0.5708459419538835 1.2251908779144287
-0.9957237581851697 -0.04897583078124544 -0.07832984989701491 -43.81333923339844 0.0899973428900052 -0.7056241349844916 -0.7028478202286234 -3.935030221939087 -0.02084887666856194 -0.7068917513500036 0.70701441018906 1.2177345752716064
-0.9966903943011814 0.08127811400808761 -0.0014581121505014144 -45.03461456298828 -0.04446757265155714 -0.5601331365672347 -0.8272082593288281 -4.0932183265686035 -0.06805066414248737 -0.8244056874516572 0.561893557185991 1.2296488285064697
-0.9935372978416221 0.09225635124080837 0.06612415181535582 -46.31529998779297 -0.10913687413188373 -0.936526963542011 -0.3331762135319717 -4.196072578430176 0.031189429335737984 -0.3382395781314086 0.940543038506584 1.1983832120895386
-0.7967392428992583 0.48451762025152967 -0.3611775941141844 -47.497314453125 -0.601367622994145 -0.6947004428431127 0.39464956192545575 -4.246152877807617 -0.059695567998703375 0.531633304430203 0.8448683144620437 1.163277268409729
-0.9941063601139695 -0.09444185055915248 0.053228579202510035 -48.527164459228516 0.10522988369581228 -0.7225925954642323 0.6832178368263159 -4.436794281005859 -0.026061779646083166 0.6847924341311221 0.7282719998726108 1.1026004552841187
-0.9514660508345786 -0.29990194864824754 0.06907369474868925 -49.678043365478516 0.3057010042961041 -0.9468866294340036 0.09976275342764555 -4.621841907501221 0.03548591384767408 0.11603677087930257 0.9926108087877644 1.1160062551498413
-0.9822858627364423 0.14288649698876177 0.12123503143235656 -50.897552490234375 -0.13034260701874162 -0.9858092357174232 0.1057873128961515 -4.7153096199035645 0.1346301922440943 0.08811129185587367 0.9869706741255324 1.2206387519836426
-0.9494544879965352 0.3138926805945719 -0.00274959858733919 -52.17582321166992 -0.3004019063309044 -0.9060367934653542 0.29808727507187904 -4.679410457611084 0.09107617633605394 0.28384628578893467 0.9545346594795974 1.135329246520996
-0.992860299937499 -0.024402867981893794 0.1167601166592329 -53.282711029052734 0.03332116395602261 -0.9966229244513282 0.07504962685248903 -4.855623722076416 0.11453438278803126 0.07840437801768627 0.990320467660355 1.141028881072998
-0.9956438281679623 -0.023327803871664908 0.09027281427744817 -54.42247009277344 -0.013388458687104582 -0.9223914377402602 -0.38602433182046897 -4.898158073425293 0.09227197085263329 -0.3855513573442337 0.9180610188026664 1.1604292392730713
-0.9904513646191543 0.07094376872299754 0.1182077662568426 -55.67108154296875 -0.07432440240186244 -0.9969347103360299 -0.02443494495229709 -5.054798603057861 0.1161119181292796 -0.03298734615869544 0.992688197502995 1.1620268821716309
-0.9601783037176216 -0.25966413056757554 0.10311238706642264 -56.83407974243164 0.27173367856512587 -0.9537413563635907 0.12860106179656094 -5.170044422149658 0.06494946499714646 0.15149905761529708 0.9863212471290788 1.1405978202819824
-0.9947262004299007 -0.019308510359030813 0.10073215775514809 -58.193153381347656 0.024414391379499287 -0.9984655670091807 0.04970361144427711 -5.345963478088379 0.09961788831259911 0.051900798883545554 0.9936712652599894 1.130143642425537
-0.9446065407400166 0.32745618736008564 -0.02215690751833095 -59.337162017822266 -0.3219442061286435 -0.9113504936135086 0.25649991409474504 -5.400916576385498 0.06379977532387493 0.24942478455440334 0.966290259455518 1.109811544418335
-0.8322733808008629 0.5368803808728415 -0.13813209708150564 -60.53940963745117 -0.5457937545819005 -0.7499122839999586 0.37381913242283044 -5.553031921386719 0.09710920177662846 0.38651134904398116 0.9171579907466914 1.0889644622802734
-0.924876656007916 0.3761834626889847 0.05558033439032248 -61.76589584350586 -0.370034286122887 -0.9240023451466886 0.09640691498510438 -5.599565505981445 0.08762304642695426 0.06859787578886849 0.9937889781900959 1.1037395000457764
-0.9911983052843011 0.08250313175584749 0.10353334174075131 -62.93522644042969 -0.12409038105058044 -0.8514924990322649 -0.5094723755244348 -5.824993133544922 0.04612479736813675 -0.5178356470370364 0.8542357670605244 1.0940533876419067
-0.9930995261612596 -0.04780330751185995 0.1070895649874819 -64.0909652709961 0.09535259679517981 -0.8607405923868621 0.5000335137787564 -5.867144584655762 0.06827307978037478 0.5067943137096553 0.8593592439538089 1.0988316535949707
-0.8980081832320929 -0.34263896003746624 0.276006967145105 -65.18193817138672 0.436152328774198 -0.7758070315160795 0.4559545985677217 -6.148879051208496 0.05790033638105545 0.5298320421743592 0.8461238432595481 1.0558621883392334
-0.750754443031866 -0.6605642719647993 0.004754878707987773 -66.30009460449219 0.6586208248990084 -0.7490610207118222 -0.07159745986774255 -6.280595779418945 0.05085641825043051 -0.050620448968553784 0.997422275101654 1.0211057662963867
-0.8589786546815589 -0.5108036059745169 -0.03514750239902981 -67.62425231933594 0.51200647557943 -0.8566431782575245 -0.06333904095877822 -6.3956499099731445 0.0022449423577926703 -0.0724026330203383 0.9973729588100594 0.9899435043334961
-0.904263795063168 -0.42414786810773397 -0.04904666061641047 -68.78106689453125 0.4267949017090732 -0.8945718987685376 -0.13261685341160806 -6.5323076248168945 0.012373391333811042 -0.1408534838522557 0.9899531278164552 0.99156653881073
-0.9966596405145633 -0.06878423244499719 -0.04402601885628379 -70.12265014648438 0.07461176463755247 -0.9861072694518838 -0.1484100323826535 -6.577396869659424 -0.033206107074629156 -0.15119914848008364 0.9879454296426731 0.9681310653686523
-0.9837842491930134 -0.13155729300336133 -0.12190664336846974 -71.28611755371094 0.14522525574586204 -0.9831546962191221 -0.11097958549136562 -6.71347188949585 -0.10525291508214152 -0.12688389164868055 0.9863175461821603 0.9057943820953369
-0.9520138618540568 0.26028419808817727 -0.16100230763352327 -72.54418182373047 -0.2929146982390568 -0.9273668268406792 0.2327912112408288 -6.616285800933838 -0.08871632540433272 0.2687804023753302 0.9591071415153306 0.9521141052246094
-0.2630855070228625 -0.05590612672766365 -0.9631513489524031 -73.94601440429688 -0.9637703631882779 -0.030261881522253398 0.26501114234436973 -6.912441253662109 -0.04396251851814342 0.9979773161355139 -0.045919205617022424 0.9704408645629883
-0.9818564357859396 -0.1889954579001083 -0.015448507981672473 -74.9103012084961 0.15847024575585916 -0.8625511004371791 0.48051303868333217 -7.219422340393066 -0.10413990933263292 0.4693466906538708 0.8768515058186599 0.9328417778015137
-0.9281089880586585 0.24890447851505454 0.2768759051630931 -76.20105743408203 -0.3477870274575125 -0.31418502283503796 -0.8833639991296989 -7.371495246887207 -0.13288299295621253 -0.9161519153509945 0.37816369231022656 0.9505615234375
-0.9718770072179062 0.18649617562737023 -0.14378546281711188 -77.4066162109375 -0.08278538664688992 -0.8421878382330761 -0.5327909767348009 -7.289616107940674 -0.22045784766909735 -0.5059039648082067 0.8339421537447582 0.9997529983520508
-0.9803116591536035 -0.11179282138845059 -0.16276183832065533 -78.43633270263672 -0.0038260411043564008 -0.8133831935681476 0.5817156881418526 -7.4282612800598145 -0.1974193818675789 0.5708854048816552 0.7969413040846433 0.8883056640625
-0.9306261935380349 0.14252471930351618 -0.33707802106984397 -79.76904296875 -0.33575759076065864 -0.6989609775836869 0.6314431027906275 -7.519253730773926 -0.14560813214757723 0.7008139954386692 0.6983251503775179 0.8570265769958496
-0.9509329153020059 0.24960147132935867 -0.18282695672533514 -80.81671142578125 -0.29666633302271267 -0.9033471256927821 0.30976290506360815 -7.91751766204834 -0.0878389289898571 0.3488023451939627 0.9330708689810793 0.6553683280944824
-0.9635506345984053 -0.0055422536532329526 -0.2674686112228004 -82.12834167480469 -0.02486205373113009 -0.9936035658293605 0.11015367563295428 -7.989694595336914 -0.26636826546959513 0.11278846304309201 0.9572495545860005 0.6219062805175781
-0.9786081498851767 0.20357829700580782 -0.029697911820984406 -83.0961685180664 -0.14935324635585545 -0.8022627660868743 -0.5779862125981939 -8.004475593566895 -0.1414909777380841 -0.5611865386294049 0.8155059607874541 0.8685741424560547
-0.9384343133424031 -0.24401390361319836 -0.24453681601145663 -84.21564483642578 0.296878152153156 -0.9316098819205425 -0.20968164126150982 -7.979885578155518 -0.17664767848941523 -0.2693700851086506 0.9466970766474663 0.8586668968200684
-0.9770072481792338 0.02197069111550405 -0.21207103936452099 -85.4699478149414 -0.16954056891571778 -0.6831848563272833 0.7102918045260019 -7.982485771179199 -0.12927812072031314 0.7299148860086199 0.6712014799492384 0.8151144981384277
-0.9941380495934345 -0.04498547113443983 -0.0983150331199358 -86.50006866455078 0.010323246974779078 -0.9446695451083104 0.3278610698401925 -8.29682445526123 -0.10762420230812077 0.3249242341403151 0.9395963352130905 0.6936399936676025
-0.9937657978243839 -0.04565284741024249 -0.10171212610993309 -87.75540924072266 0.03164012422867642 -0.9902924416154526 0.13535059149519665 -8.380611419677734 -0.10690388960772072 0.13128860423754526 0.9855632200848902 0.8474745750427246
-0.8813217924874849 0.47045533996557237 0.04408708636918937 -88.94912719726562 -0.46211374110702347 -0.8386886322210428 -0.28818790478308987 -8.398191452026367 -0.09860420055310812 -0.27435952923321993 0.9565584458631937 0.8122885227203369
-0.9622568358469044 0.2720691388340995 0.006337630470079361 -90.04446411132812 -0.2576905910585991 -0.9034202665455606 -0.34267678835109033 -8.437760353088379 -0.08750623489656977 -0.3313762298186453 0.9394319843210613 0.8511481285095215
-0.9547702500512285 0.28751463079975736 0.07582286392107239 -91.24453735351562 -0.2878905427944788 -0.8300633937344071 -0.47761260217002116 -8.546725273132324 -0.07438282722923754 -0.4778389890519586 0.8752925771164677 0.8818345069885254
-0.9036570851808651 0.4236041992176205 0.06295518094343815 -92.40380859375 -0.4239955162257597 -0.8642598141021595 -0.27070791630196595 -8.530323028564453 -0.06026337712802126 -0.27131984102401935 0.9606007855731883 0.8445301055908203
-0.8645686653381291 0.3608296310672596 -0.34974705182361654 -93.61705780029297 -0.5015454920421396 -0.6628104407986019 0.5559985962037777 -8.464582443237305 -0.03119522924509935 0.6561130214469368 0.7540176130304365 0.8642780780792236
-0.83287940632995 0.19616159526490232 -0.5175253839712584 -94.79393005371094 -0.5524716932556585 -0.35037584115369697 0.7563146158094954 -8.58486557006836 -0.03296851016796723 0.9158369933994629 0.4001945512601797 0.8744535446166992
-0.9978993503464714 -0.05074882133611788 -0.040267154246172214 -95.83087921142578 -0.009474692068730233 -0.5005551760478891 0.8656527860186607 -8.778945922851562 -0.06408679105941395 0.8642158716806012 0.4990228555357415 0.8696339726448059
-0.9990683257546176 0.011308997255091014 -0.041648373977265396 -97.03669738769531 -0.026112945621998687 -0.9267560794377749 0.3747549643381227 -8.875838279724121 -0.03435978091909715 0.3754933765144326 0.9261879558971724 0.898423433303833
-0.9995067203477767 0.024127615233543582 0.020104083236333743 -98.06395721435547 -0.02623339725995585 -0.9933531353188453 -0.11207746169690416 -8.904423713684082 0.017266292243348042 -0.11254957456766221 0.9934960837450773 0.9511110186576843
-0.9953552887846299 -0.06235615512348559 0.07334547707038339 -99.25065612792969 0.02030420622679865 -0.8807139852069575 -0.4732130761827898 -8.916790962219238 0.09410413539247872 -0.4695259164083437 0.8778894153154709 1.0033700466156006
-0.9607960598047841 0.16927147034253426 0.21958620355495473 -100.4035415649414 -0.2389172760145314 -0.9073221060370865 -0.34595538891339983 -8.899392127990723 0.14067503931187547 -0.3848555121399485 0.9121933830554241 1.0454087257385254
-0.984316040831922 0.06788169901901094 0.16283122151252993 -101.46576690673828 -0.11097726438926979 -0.9557573439232845 -0.27241869672506513 -8.908761978149414 0.1371348918023575 -0.2862166565296319 0.9483006100258266 1.0508208274841309
-0.97631069679154 -0.1134974083571901 0.1842166160437725 -102.70143127441406 0.08772004391687174 -0.9858970291022955 -0.14252102266855074 -8.91805362701416 0.19779438117813045 -0.12298530929939842 0.9724978130931152 1.1024417877197266
-0.958592698450698 -0.16530593698817228 0.23189218545149634 -103.8424301147461 0.1660103099535338 -0.9859840461499161 -0.016614383135443302 -8.91333293914795 0.23138845145369805 0.022570067219706887 0.9725995972647518 1.0789365768432617
-0.8453957296036014 -0.4595399032653459 0.2722666664776847 -105.00537872314453 0.47854650945738175 -0.8780535666757625 0.003895168048766759 -8.980653762817383 0.23727473243931882 0.13358522131900896 0.962213952294915 1.0951719284057617
-0.9590322573280817 -0.07535102219904335 0.2730922057799589 -106.23876953125 0.08359543377680162 -0.9963250026332341 0.01866259841379002 -9.031970024108887 0.27068234677546393 0.040727295287623755 0.9618068176940118 1.1307344436645508
-0.9275202058815715 -0.3326946467820298 0.17035415957348257 -107.41449737548828 0.255401944012368 -0.89689871062356 -0.3610298462405829 -8.98469352722168 0.27290312324359794 -0.29135369378879694 0.9168625362831189 1.1546802520751953
-0.9512753528930176 -0.1670713630891526 0.2591570230840706 -108.65963745117188 0.09102236368908538 -0.955184393515143 -0.2816694937219164 -9.038835525512695 0.2946016501765 -0.24435616223177467 0.9238506013921527 1.1888713836669922
-0.953627585973411 -0.11994413676406399 0.27605765942362154 -109.83907318115234 0.05189959380819963 -0.9689577732632803 -0.24171732622054554 -9.086738586425781 0.2964807910018263 -0.21618102989991805 0.9302499142049636 1.2150592803955078
-0.9376983513051022 -0.1578541342814342 0.30952200931428486 -111.05828857421875 0.13582925098116466 -0.9864880099650254 -0.09160688169095021 -9.12265396118164 0.3198002760123716 -0.043857479242461174 0.9464693893501829 1.2183303833007812
-0.9234736690774619 -0.24391793677413343 0.29614257147607065 -112.20266723632812 0.23781768623825328 -0.9696334056933831 -0.057042148239125734 -9.146458625793457 0.30106333325879037 0.017751019218639738 0.9534389181713769 1.2278633117675781
-0.8947601679420755 -0.28386574692180533 0.3447092682084348 -113.39848327636719 0.31147001303428945 -0.9498933328203628 0.026250471307068056 -9.16181468963623 0.31998542598794816 0.13085447637719239 0.9383423858951286 1.1260528564453125
-0.9119318212083016 -0.18307005014935307 0.3672406706861633 -114.73490905761719 0.24768698034797826 -0.9591139636893358 0.13693635171944446 -9.242331504821777 0.32715671051318806 0.21583734939635568 0.9199906115671753 1.1408805847167969
-0.8456751741383232 -0.4426211782162936 0.29819455467955286 -115.916748046875 0.47323759467112264 -0.8802169904398031 0.035555994304560856 -9.36009407043457 0.24673807739383674 0.17118569547574888 0.9538426383992683 1.1951446533203125
-0.946933765301213 -0.24350751193496206 0.20981071412993121 -117.3062973022461 0.27330855521561 -0.9535259008171498 0.12684947818891065 -9.563288688659668 0.16917114936780228 0.17746111715552612 0.969478557844107 1.1719388961791992
-0.966639834793928 -0.2338501098239222 0.10450624825773179 -118.484130859375 0.24068753258708822 -0.9688503357304075 0.05829698630474699 -9.674196243286133 0.08761815706065999 0.08150554024369168 0.9928141343992224 1.2152371406555176
-0.749796839687956 -0.6589548600813271 -0.05985976586282519 -119.54048919677734 0.6566780205370788 -0.7300008439158303 -0.18940101696052078 -9.913948059082031 0.08110904103401465 -0.18132087650729647 0.980073498879124 1.2629261016845703
-0.8924499008980608 -0.435846077520366 -0.11649622782370435 -120.87223815917969 0.44199766674008883 -0.7929592670719529 -0.41934909486134414 -10.036298751831055 0.09039489467530092 -0.4257391190327972 0.900319368636385 1.2531147003173828
-0.9941990800145869 0.05049599660216146 0.09496495998684427 -122.1338882446289 -0.05563383645184554 -0.9970828790569578 -0.052255224936237236 -10.074462890625 0.0920492560523861 -0.057235361610126524 0.9941081670731611 1.2125935554504395
-0.5024168036321685 -0.7650673238442347 -0.4028018686821802 -123.21553039550781 0.860208577957861 -0.39526475277445183 -0.3221909024504979 -10.38275146484375 0.08728435046301214 -0.5083677460264102 0.8567051283634747 1.2232513427734375
-0.902320651636222 -0.3487619134652132 -0.2533427902010779 -124.48918151855469 0.421695746740609 -0.5923011129902885 -0.6865508639069258 -10.436525344848633 0.08938757638321092 -0.7263225999971012 0.6815169417716531 1.3022687435150146
-0.8950044637021478 0.41843528785354756 0.1545280551619987 -125.81434631347656 -0.43514343628425345 -0.8952036859670714 -0.09623175406123026 -10.576118469238281 0.09806732285508148 -0.15336971836020313 0.9832906638823281 1.3327741622924805
-0.9893300972743877 0.14513644141931714 -0.012703227904278264 -127.1563720703125 -0.12832840706441279 -0.8268259728776295 0.5476227081807988 -10.792283058166504 0.06897665233512917 0.5434098121557055 0.8366289485103536 1.2688193321228027
-0.5350942630302937 0.8275447868700148 0.16983449412981003 -128.48062133789062 -0.837996861837849 -0.5454010509017158 0.01729026388523429 -10.950225830078125 0.10693637931959218 -0.13306885210133063 0.9853209078155454 1.3220024108886719
-0.6243509152736437 0.627443604397535 0.4652960970152158 -129.89219665527344 -0.7722013182264248 -0.5856345264561567 -0.2464494381244254 -10.989742279052734 0.11786033567886711 -0.5131731917424203 0.8501542310372642 1.3110437393188477
-0.4728370584579954 0.7112300748630641 0.5201700652277781 -131.08963012695312 -0.8768280978055606 -0.4381799900384048 -0.19791610148905547 -11.081794738769531 0.08716423032111745 -0.549681796078626 0.8308142512091998 1.3487548828125
-0.781737316258139 0.4748072410795191 0.40428313369219043 -132.2248992919922 -0.6148236703536297 -0.6952509113940301 -0.37231441629174333 -11.142219543457031 0.10430063634711567 -0.5396149127148228 0.8354263122701849 1.3159980773925781
-0.04168148509122971 0.8155316062867142 -0.5772095398969088 -133.63778686523438 -0.9959329078179884 0.012272632617893131 0.0892581963397891 -11.18182373046875 0.07987676086194101 0.5785823896698186 0.8117032225131093 1.368401288986206
-0.49888438534658625 0.7355162277535288 -0.45839966052406483 -134.95277404785156 -0.8639840267125405 -0.38047873480971045 0.32979923278137846 -11.312553405761719 0.06816136473797046 0.5605816720771569 0.8252891719199011 1.3339189291000366
-0.7782078583780537 0.627992828564591 0.004187652097225568 -136.18035888671875 -0.6213559049167237 -0.7709170446014021 0.14001339138867966 -11.514007568359375 0.09115573807371008 0.1063574990984846 0.9901407545403599 1.2575950622558594
-0.9910759727156706 0.12303784654705198 0.05128454565218812 -137.23085021972656 -0.12419254581806503 -0.9920573592997066 -0.01996014585418643 -11.588407516479492 0.04842135756993083 -0.0261511792536525 0.9984845957523472 1.3303766250610352
-0.9979043646156093 -0.06118100939121943 -0.02106568705237798 -138.43922424316406 0.06417750510126613 -0.894303830907197 -0.44283394840920726 -11.775442123413086 0.00825390332474072 -0.4432578731557771 0.8963561406970573 1.3126490116119385
-0.652861729535118 -0.6352384452647348 -0.4126059618644127 -139.6885528564453 0.7572604427954912 -0.5603762047636969 -0.33546256260842555 -11.760932922363281 -0.018115846256554213 -0.5314608422003242 0.8468891245742449 1.3598265647888184
-0.999885525811497 0.007999099701840377 0.012843273594602411 -140.9591064453125 -0.004831618759231321 -0.9731861039544792 0.22996839463297306 -11.809530258178711 0.014338435508493886 0.22988001538598654 0.9731133478651431 1.3683340549468994
-0.9987919879338034 -0.020220087103425308 0.044785186354096236 -142.1929473876953 0.04580080819043861 -0.7132413598873 0.6994205090753473 -11.975418090820312 0.017800303602576152 0.7006267983910158 0.7133058520494635 1.308288335800171
-0.9992692031663833 0.03621002681201971 0.012243102608976127 -143.49850463867188 -0.02036264133579804 -0.7753539837887574 0.6311985128790567 -12.08591079711914 0.032348453456861784 0.6304879330971973 0.7755246893412054 1.270268201828003
-0.8757491890786894 0.15386807056517826 -0.4575893078826989 -144.7960968017578 -0.47736558718190014 -0.13461526346398373 0.8683322100538491 -12.16915512084961 0.07201009653165139 0.9788786174511483 0.19134052967009024 1.2499128580093384
-0.982884807836962 0.18017967966075227 0.03837626298439297 -146.0498809814453 -0.11468919814301959 -0.7615048594854031 0.637931608253916 -12.5374755859375 0.14416602357216413 0.6226119433623686 0.7691362204641808 1.485154151916504
-0.9884399978261003 0.1516104163129613 0.0008076898847435392 -147.2583465576172 -0.14453230623751967 -0.9438757560187951 0.29699994891180065 -12.546911239624023 0.04579064480003736 0.2934498915749653 0.9548771533466691 1.2356195449829102
-0.9806042339820856 0.18833519816433802 0.05426959949001702 -148.5177459716797 -0.18950225876871624 -0.9817299544650296 -0.01718110670607706 -12.608048439025879 0.05004228429999814 -0.027132077666308964 0.998378495433244 1.222635269165039
-0.9914615634143945 -0.12472297339934803 0.03805454215084137 -149.75100708007812 0.1245340127101998 -0.9921884447443802 -0.0073054632997314965 -12.813037872314453 0.03866843609690509 -0.002504001228724557 0.9992489589825281 1.2905540466308594
-0.9814894484730049 -0.19119134258348208 -0.011150473410686333 -150.96493530273438 0.18665942831578097 -0.9419476814563156 -0.279092857701335 -12.97411823272705 0.042856975593042655 -0.27600803597032714 0.9601993770685441 1.2508723735809326
-0.9966894373402686 -0.07359765884855443 0.03454779452222716 -152.2606658935547 0.06941442275292292 -0.9915370423697369 -0.1097083931272014 -13.141254425048828 0.04232969889116539 -0.10694708140330839 0.9933632358664665 1.318666934967041
-0.999171160762361 -0.03649243716883685 0.018035895605018924 -153.62860107421875 0.034937069135481155 -0.9961742102081557 -0.0801020855931993 -13.154582023620605 0.020890014385329083 -0.07940557250997006 0.9966234807355008 1.6619739532470703
-0.9978247243547796 -0.058065650165253564 0.03121217290087574 -154.74285888671875 0.059030205216538394 -0.9977770820046951 0.03092457757656703 -13.414064407348633 0.029347135096992633 0.03269976906771877 0.999034269064138 1.2697677612304688
-0.9629602301552894 0.19152612431168625 0.1898034215851145 -156.1009063720703 -0.2408936804070682 -0.9273253354608847 -0.2864226893112612 -13.471036911010742 0.12115209399432389 -0.3215361036003616 0.939114851443788 1.3434267044067383
-0.9624186085579101 -0.25337717214110006 0.09772630423399872 -157.25770568847656 0.24248012742294103 -0.9637979436780086 -0.11089144045866092 -13.473332405090332 0.1222857706620481 -0.08302729912397364 0.9890160048724024 1.3431148529052734
-0.9935033106650735 0.005280701511017068 0.11368063110789757 -158.6251220703125 0.029803853141662097 -0.9519850858492194 0.3046902142481184 -13.61786937713623 0.10983124343941748 0.30609885741734744 0.9456429492426545 1.308363914489746
-0.9932336902790084 -0.0424014317684471 0.10811547104243946 -159.81396484375 0.07738146406186582 -0.9358236266329281 0.343869523010162 -13.849382400512695 0.08659645208889918 0.3499089287508678 0.9327726389994697 1.2847633361816406
-0.990166015370892 0.13680842759298298 -0.029235528797442352 -161.1661834716797 -0.13763402219014756 -0.9900764655905063 0.028380772004528616 -13.844904899597168 -0.025062680229626676 0.03212547934812174 0.9991695630053794 1.2068021297454834
-0.9742411662607942 0.21871755992106853 0.05492521228890822 -162.3793487548828 -0.19800458051134182 -0.9462251833314057 0.25583605790813685 -13.969104766845703 0.10792745739308142 0.2383705758092256 0.9651586048567576 1.353093147277832
-0.954963903527535 0.2943719922456162 0.03727027154180426 -163.61334228515625 -0.2811518610369615 -0.9378406912684503 0.20349070946008507 -14.205917358398438 0.09485554277376765 0.18384767603225916 0.978367240877694 1.40496826171875
-0.9949961465823439 0.06321619654936175 0.07737170529411569 -164.91184997558594 -0.06553300557693514 -0.997463688880191 -0.027777950708701673 -14.431886672973633 0.07541945018587987 -0.03270935430964872 0.9966152741526217 1.312784194946289
-0.9959639939113929 -0.03797246430990044 0.0813253637329725 -166.1146240234375 0.004357242366142357 -0.9254826332830761 -0.37876497980988916 -14.500213623046875 0.08964785145796655 -0.37688192772492607 0.9219128349704835 1.3370308876037598
-0.9978396960204532 0.037266238285293345 0.054103313483308324 -167.4312744140625 -0.040730240091056864 -0.9970924849827134 -0.0644020491376034 -14.577634811401367 0.05154598517764754 -0.06646656208245734 0.9964563249520797 1.5384211540222168
-0.9965989108186833 -0.05439604749936893 0.061900573272471324 -168.64968872070312 0.0532508268581721 -0.9983807858731814 -0.020003895574856354 -14.73227596282959 0.06288847584363266 -0.016639603832278558 0.9978818382906713 1.3499479293823242
-0.9932345438349719 -0.08736585999525719 0.07650063686156303 -169.87042236328125 0.0841585871020628 -0.9954717653261691 -0.044196115840484815 -14.81612491607666 0.0800154556940103 -0.03745892344542438 0.9960895320724891 1.4270391464233398
-0.9960147541996116 0.06066785459922386 0.06537599586250797 -171.185546875 -0.04149820761696392 -0.9640652783450403 0.26240434038727184 -14.879722595214844 0.07894623601709322 0.2586456079422717 0.9627408484690498 1.3886070251464844
-0.9697211008544663 -0.20982172838140586 0.12496331004195432 -172.4213104248047 0.23190645666870877 -0.9515604646200172 0.20187143811718672 -15.049110412597656 0.0765531313073892 0.22473879164749544 0.9714072748419466 1.4188213348388672
-0.9978299040215679 -0.011947056184531287 0.06475145163494045 -173.68682861328125 0.0015284643732706013 -0.9873390868326082 -0.15861649160541547 -15.249608039855957 0.06582663926533103 -0.15817330830792797 0.9852147269006676 1.3858141899108887
-0.9880730388224345 0.14184871703449572 0.059921710822270144 -175.03184509277344 -0.12222387887259414 -0.9591497258131269 0.2551335471982099 -15.33076000213623 0.09366425884795991 0.2447667153603025 0.9650472846789381 1.3440923690795898
-0.8269874709119491 0.5095218934527425 -0.2376534515781114 -176.33184814453125 -0.5541114812761992 -0.6671288537149336 0.4978951283743341 -15.52853012084961 0.09514299381748405 0.5434395390780198 0.8340391346298537 1.346756935119629
-0.3946630995392804 0.9103625963915162 0.12442259020509602 -177.698486328125 -0.9126617451270963 -0.4040638301811366 0.06148951228390636 -15.785942077636719 0.1062524204129541 -0.08928809680269134 0.9903221995521165 1.3908729553222656
-0.9250100072426742 0.2621519884135629 0.2750142204899999 -178.87611389160156 -0.37528536899709086 -0.7433996242146937 -0.5536405788362778 -15.868864059448242 0.059307489557596765 -0.6153318890552207 0.7860338974841405 1.4563798904418945
-0.977494473597439 -0.04198798837530637 0.20674032726747055 -180.04917907714844 -0.20632882742529943 -0.013955682017305066 -0.9783831835803051 -16.03845977783203 0.04396554400626347 -0.9990206443170367 0.004978269639774829 1.4104628562927246
-0.9950919974335823 -0.08545796128728986 0.04988841044033441 -181.2823486328125 0.09176492064894648 -0.9855937077908559 0.14207125853375643 -15.971498489379883 0.037028583309866935 0.14595197845761795 0.9885984543799222 1.4199590682983398
-0.8035122377776955 -0.32443785895667493 0.4991073626155891 -182.50234985351562 0.5951659967595602 -0.4208417439531158 0.6845945244067466 -16.13959503173828 -0.01206316884900338 0.8471318092375644 0.5312458731465229 1.3698863983154297
-0.9958320129771517 -0.04958177873079578 0.07655226415831645 -183.79232788085938 0.08784129776309088 -0.7472686193486936 0.6586907597226437 -16.299264907836914 0.02454604524501372 0.662669795414419 0.7485093412297819 1.4339842796325684
-0.9848166815599287 0.17059837350684168 0.032129405193840305 -185.08079528808594 -0.16954089067504027 -0.9849639348473046 0.03319538279985343 -16.431245803833008 0.03730938367762035 0.02724411875864024 0.9989323139645956 1.438457727432251
-0.9990877039838804 0.017876857066236308 0.03878373021837025 -186.2993621826172 -0.033298860388400076 -0.8947194986351505 -0.4453854562723153 -16.63616943359375 0.02673846751502055 -0.4462705869128034 0.8944985285686332 1.4039018154144287
-0.9986241340957832 -0.012538678510572807 0.050917780221218206 -187.5835418701172 -0.017796646873044504 -0.8323266022747519 -0.553999735113514 -16.705516815185547 0.04932664758042994 -0.5541436715211823 0.8309582860478019 1.3815860748291016
-0.966224505911058 0.23993339455408247 0.09403281530767256 -188.83006286621094 -0.25507436970527475 -0.9424042905399884 -0.2163590051078947 -16.75238800048828 0.036705178059623686 -0.23303673390600071 0.971774979382591 1.3632221221923828
-0.9662060039880358 0.25738112029381754 -0.0141745114120807 -190.21026611328125 -0.2571422764873085 -0.9585518313673342 0.12270385578804942 -16.77588653564453 0.01799465199431206 0.12220206830749321 0.9923421017980514 1.5048329830169678
-0.8588997897370161 0.42841703463903796 -0.28062429620544804 -191.46926879882812 -0.5115166159971971 -0.7447114730153301 0.4286672060213064 -16.966041564941406 -0.025335799740399872 0.5117261634804601 0.8587749593817252 1.318974494934082
-0.9990875152231651 0.03152130899753648 -0.02881916036742501 -192.5710906982422 -0.040292004830646086 -0.9194299043024523 0.39118436244450067 -17.069114685058594 -0.014166554695081192 0.39198859441757367 0.9198609952458067 1.3465325832366943
-0.9950541359491664 0.09715588431998555 -0.020688177117855252 -193.8277130126953 -0.09927061766683733 -0.9651665263463124 0.2420721398439684 -17.22309684753418 0.0035511967704943415 0.24292861207069613 0.9700376685670009 1.6167837381362915
-0.9994331255492206 0.01237406139301462 -0.03130990513492803 -195.03038024902344 -0.0035427718011596812 -0.9634963520663706 -0.2676980170318073 -17.39956283569336 -0.03347949107858713 -0.2674353420164186 0.9629940090767337 1.3172342777252197
-0.9838880876054824 0.16388070481621975 0.0714656956655838 -196.28945922851562 -0.17432604704581411 -0.7906487202457891 -0.5869284713617808 -17.538516998291016 -0.03968199074400621 -0.5899302634741119 0.8064785327880449 1.3350868225097656
-0.9875155494924807 -0.14639923003911204 -0.058140390044437974 -197.38746643066406 0.15246315092137108 -0.9811007138241833 -0.11914854990643164 -17.553485870361328 -0.039598322208036225 -0.1265253127940546 0.9911726984237789 1.2816126346588135
-0.9950571320949194 0.09806347550603316 0.015647959570232125 -198.55520629882812 -0.09667914064165332 -0.9926424625896358 0.07289777245413355 -17.69890022277832 0.022681438045798582 0.07102461711027276 0.9972166545603386 1.3378758430480957
-0.9999507861216366 0.009728411210595003 0.0019450835556289849 -199.86048889160156 -0.009895980646273363 -0.9919781649891055 -0.12602138608940744 -17.87009048461914 0.0007034925510564126 -0.12603443259746316 0.9920256180654137 1.4762983322143555
-0.9987998727763211 0.00012913740900188627 -0.04897752000187319 -201.04869079589844 0.004238401536426741 -0.9960172448791699 -0.08906000143568028 -17.861433029174805 -0.04879395551111129 -0.08916070449944279 0.9948213501321442 1.3046095371246338
-0.9958381225883174 0.08939748712065171 -0.01773479338160862 -202.2354736328125 -0.09110694968669061 -0.981663344839388 0.16744133634658945 -18.115022659301758 -0.002440761881516415 0.1683602289593887 0.985722514699842 1.3226022720336914
-0.9650360429771875 0.2621060692670085 0.002417479747525888 -203.34449768066406 -0.2620073734122692 -0.964857581803089 0.02004951657020547 -18.216489791870117 0.007587623642176081 0.01871510861559003 0.9997960655438543 1.308057188987732
-0.9000923400946432 0.4347028008972151 0.029449179870845277 -204.49085998535156 -0.4333960492610532 -0.9002274236521044 0.041933878780831955 -18.36267852783203 0.044739733882310395 0.024981204871081665 0.9986862848839615 1.220449447631836
-0.9960344361461008 0.07614980270691601 0.04600662516222179 -205.71945190429688 -0.08407670711546356 -0.9747566225643033 -0.20683479902485746 -18.513822555541992 0.02909483342004168 -0.209882667971251 0.9772935875946029 1.1094822883605957
-0.9677567942144044 0.20088223049201148 0.15196419553438595 -206.81703186035156 -0.24255587340390677 -0.9058908388851902 -0.34717205576076293 -18.5667781829834 0.06792227564743893 -0.37283792389782544 0.9254071790160441 1.0973358154296875
-0.9963104568777448 0.034255489555399414 0.0786894843761171 -207.86964416503906 -0.030749139723317574 -0.9984979338015889 0.04534717852561126 -18.635868072509766 0.08012467736181624 0.04276023420513137 0.9958672594519747 1.0562858581542969
-0.997376322103372 -0.0013621988781073457 0.07237828764047541 -208.90745544433594 0.025388410745917068 -0.9428997507006127 0.3321076462963767 -18.753307342529297 0.0677930727091457 0.33307387250119025 0.9404604695305984 1.0291242599487305
-0.9983717992220493 -0.023498129006085108 0.051976806859805685 -210.01243591308594 0.031632774856528406 -0.9863340549302448 0.16169260848825745 -18.92084503173828 0.04746702089877082 0.1630735110864855 0.9854714160790872 1.3463735580444336
-0.9915253440627614 0.10539394638810679 0.07595793668842815 -211.07815551757812 -0.09351510792408041 -0.9848786012380366 0.14583917653825343 -19.077844619750977 0.09017991279198478 0.1375000250478127 0.986388020223624 1.0167646408081055
-0.9600490804558603 0.2665029005708444 0.08533444265467167 -212.10853576660156 -0.26027933249496865 -0.9624234055296981 0.07743292300173041 -19.186433792114258 0.10276396348832785 0.05212861475183261 0.9933389025565367 0.9490804672241211
-0.9893170367476728 0.13949532080788302 0.04234213354933249 -213.32553100585938 -0.14159364612997571 -0.9885880497596139 -0.05142866173742265 -19.240436553955078 0.034684869560413854 -0.05687462830813776 0.997778651043601 1.125535488128662
-0.8957371477943851 0.3226378911157094 0.3058753884796676 -214.26129150390625 -0.3952694956505326 -0.892877103725125 -0.21571393893674556 -19.43857192993164 0.20351164062370858 -0.3141261989389616 0.9273121067207127 0.8957462310791016
-0.9859537068657515 -0.11585690267746562 0.12030156283136062 -215.15882873535156 0.025888591200122497 -0.8175941734345259 -0.5752126114851681 -19.55919075012207 0.16500020837367596 -0.5640185685488539 0.8091093780007403 0.8701095581054688
-0.9905062478626182 -0.06871263081915062 0.11906278726381511 -216.2398681640625 0.07317139443239208 -0.9967570628171191 0.03348588898340378 -19.532108306884766 0.11637577059653217 0.041879972422396064 0.9923218973337041 0.7596836090087891
-0.9833012470840656 -0.07003419797250217 0.167969844309239 -217.13624572753906 0.10922258449624052 -0.9653792155517298 0.2368826655048628 -19.771339416503906 0.14556470904337776 0.25127312091641535 0.9569079026667308 0.6656894683837891
-0.9814539399174852 0.0656984573080835 0.1800885241423874 -218.21424865722656 -0.05455828450339724 -0.9963180143392386 0.06613477069713745 -19.94689178466797 0.18377039318805327 0.05508291033028771 0.9814246357092599 0.6905860900878906
-0.9764906817707987 -0.13304267270970127 0.16960423241493894 -219.0918426513672 0.10071097501515909 -0.977235007163782 -0.1867325367607362 -19.948291778564453 0.19058658905153142 -0.16526157451707585 0.9676597356828691 0.6111469268798828
-0.977336412322352 0.042920051947830246 0.20729545650995213 -220.01983642578125 -0.027245348139944933 -0.9965897659413114 0.0778879286268133 -20.040178298950195 0.20993148442672216 0.07047487184690666 0.9751728381597567 0.5870342254638672
-0.9726023873711146 0.13478138799438275 0.18941640248488562 -221.00106811523438 -0.08157435569714419 -0.9608378165885066 0.2648326163938783 -20.189043045043945 0.2176929502133781 0.24212531396724907 0.9455078591760393 0.5253410339355469
-0.972702044729631 0.09990409673320218 0.2094514350266381 -221.83432006835938 -0.0641899126038775 -0.9832011064446805 0.1708661447035742 -20.339048385620117 0.22300311051351185 0.152757179019119 0.9627745618572497 0.431915283203125
-0.9303582581309898 -0.3005646767217822 0.20998663441895837 -222.64402770996094 0.3087744100899604 -0.951111929588259 0.006667913353953579 -20.50563621520996 0.19771665382831988 0.07104204742284267 0.977681518847985 0.3370800018310547
-0.9474319876935416 -0.26334457493838775 0.1817202893063534 -223.5309600830078 0.2917450561653789 -0.9442256933397642 0.1527175898189254 -20.565855026245117 0.1313676173877141 0.19770552568798241 0.971419103278453 0.44330787658691406
-0.8455682183118535 -0.5098206106894694 0.1584213782831547 -224.25961303710938 0.4997790295769397 -0.86025897005407 -0.10087331677229283 -20.821292877197266 0.18771070767553547 -0.006119588035758516 0.9822052946641158 0.17508316040039062
-0.9867238516651663 -0.15399952358354174 0.051577003510297884 -225.26687622070312 0.1522844076912055 -0.9876916741957861 -0.03570176324026573 -20.97775650024414 0.05644023147718137 -0.027373407905619908 0.9980306592537299 0.10070514678955078
-0.9847298957705674 0.15698368598034232 0.07525393485867007 -226.13992309570312 -0.17302104961746043 -0.9303360814500771 -0.3233241283006695 -21.086349487304688 0.019254837443094266 -0.33140744995871885 0.9432912346390692 0.1519303321838379
-0.9971665140914776 0.07388085553747085 0.014162004084950965 -226.9755096435547 -0.07522574925288632 -0.9789017192275815 -0.18998029040568104 -21.157546997070312 -0.0001726962439623468 -0.19050733129813247 0.9816857577135724 0.0602726936340332
-0.9892128450320246 0.14648524421805068 0.00014300358556157064 -227.67434692382812 -0.14179370218503065 -0.9577751038809539 0.2501227626716343 -21.251087188720703 0.03677625924846446 0.24740437266185475 0.9682141205040772 0.00023698806762695312
-0.9958346744048754 -0.038362594332449096 0.08271404118419158 -228.30734252929688 0.08310095102078703 -0.7551609585710459 0.6502508428210609 -21.4488525390625 0.0375171053304616 0.6544159518273858 0.7552034353745222 -0.07148480415344238
-0.9946035109247869 0.09025434715311516 -0.05116648195891208 -229.1234893798828 -0.09916089303761173 -0.6819322310044279 0.7246623693895705 -21.639963150024414 0.030511855860796543 0.7258254508745804 0.6872018928340065 -0.08016633987426758
-0.9965016137334114 0.07693213768322582 -0.0326493494299076 -229.807861328125 -0.08342600548396778 -0.8924913045940946 0.44328249777418477 -21.70623779296875 0.004963409684481135 0.44445552917633996 0.8957871662113072 0.0736926794052124
-0.988397650229531 -0.15181073021786662 -0.004856666702577549 -230.5609588623047 0.14918324147312928 -0.9763055997631859 0.15675374424432706 -21.840309143066406 -0.028538491276025868 0.15421049919432858 0.98762577753617 0.01206064224243164
-0.9634262443724905 0.26177182408531896 -0.0573182673269467 -231.29315185546875 -0.2675523881927687 -0.9516385020730674 0.15099629447266086 -21.93618392944336 -0.015019694626206798 0.1608094322083544 0.9868711847481223 -0.042560696601867676
-0.9489183989543224 0.29989285942428223 -0.09807214177478359 -231.99957275390625 -0.3064641390103111 -0.9499652015850086 0.06038085191700118 -22.08622169494629 -0.07505733559509219 0.08735209581848499 0.9933458651091694 -0.016771793365478516
-0.9401245626280861 0.29854812267785263 -0.16442270277817383 -232.79466247558594 -0.32205391057853977 -0.9360389354312506 0.14181815835005324 -22.143310546875 -0.11156650673217196 0.18627970850916825 0.976141785179448 0.26930999755859375
-0.9809429941060249 0.13251283301182465 -0.14209571211506464 -233.44772338867188 -0.1524284323752667 -0.9783640880251635 0.1398902579392462 -22.304378509521484 -0.12048408740545699 0.1588837951141348 0.9799181212388124 -0.06821441650390625
-0.9895488493555883 0.057042448808258685 -0.1324357722557949 -234.1748504638672 -0.056331463740777306 -0.9983705405283648 -0.009112079780300986 -22.465665817260742 -0.13273974887671391 -0.001556547159024012 0.9911497042470875 -0.0844268798828125
-0.9233966333553543 0.3780852246394568 -0.06625873842240786 -234.90391540527344 -0.3664474522179617 -0.919688684102713 -0.14102832728351009 -22.559934616088867 -0.1142581387515229 -0.10594473673926252 0.9877858019258458 -0.0947713851928711
-0.89721064624515 0.44017793696130353 -0.03544629849294016 -235.59385681152344 -0.43438626795149055 -0.8941527936426755 -0.10862482145520096 -22.450908660888672 -0.07950865663269492 -0.08206196094104208 0.9934506570972585 -0.054100990295410156
-0.9780807432463536 0.18341975904835203 -0.09856597628647058 -236.2814178466797 -0.17903163554224463 -0.9824821769834671 -0.05173437334013312 -22.498693466186523 -0.1063284212509971 -0.032953966384516815 0.993784837343476 -0.05896949768066406
-0.9909501754286701 0.06167179773980033 -0.11922390356563942 -236.9341583251953 -0.06753972559124874 -0.9966640458799568 0.04581664672642627 -22.43902587890625 -0.11600058312330394 0.053454363841846306 0.9918097074042566 0.110076904296875
-0.9739078065138989 0.17707908964544103 -0.14193865020362847 -237.66567993164062 -0.19966231730115672 -0.9658772840753329 0.16497281944972347 -22.75309944152832 -0.10788208127960061 0.1890081165389484 0.9760314484795973 -0.0821542739868164
-0.9891774011192297 0.025444272416399995 -0.14450141215990608 -238.2673797607422 -0.04797049866129852 -0.9868088564104623 0.15461924902178986 -22.82911491394043 -0.13866109899028417 0.15987767170895356 0.9773495944214287 -0.065460205078125
-0.9903862675352453 0.07787187740208174 -0.11432852569451295 -238.93247985839844 -0.09327823482945852 -0.9862716571955716 0.13626220723223836 -22.86954689025879 -0.10214799060532785 0.14561658189428922 0.9840536566126451 -0.09061622619628906
-0.9914601774398287 0.12010483472917026 -0.05080890892020831 -239.68338012695312 -0.10065718115664334 -0.9525047554440144 -0.2874070680030975 -22.96404457092285 -0.08291470576792764 -0.2798383810902592 0.9564599479519259 0.02160358428955078
-0.9869930826879617 -0.08472405522017004 -0.1366253607247353 -240.23773193359375 0.10849601448018734 -0.978176632803286 -0.17719788339463952 -22.986387252807617 -0.11863081205163122 -0.18971639229300893 0.9746457925458334 0.02191638946533203
-0.9853883232905114 0.14281492610691793 -0.09281028608828965 -240.9874725341797 -0.15134068836791092 -0.9841513655748801 0.09242340440291955 -23.110820770263672 -0.0781399281228328 0.10511891608161825 0.9913849732141315 -0.009257316589355469
-0.9876130355455465 0.08994201088690747 -0.12857265143929364 -241.63009643554688 -0.13446439413013728 -0.9074453323446395 0.39807322883753626 -23.151695251464844 -0.08086914573386922 0.41043075357914616 0.9082988372692811 0.0072727203369140625
-0.995269045760353 -0.015711575255350257 -0.09587842799228538 -242.36642456054688 -0.06317770392777518 -0.6450518203859388 0.7615226370523736 -23.36334800720215 -0.07381127473286697 0.7639772872407806 0.6410074884917704 0.03887796401977539
-0.9764539374708037 0.2012966610741002 -0.07757165873038094 -242.9941864013672 -0.2123677265788566 -0.8337562356901027 0.5096572261389 -23.54439353942871 0.037916443734768504 0.5141305220352986 0.8568734735106575 0.02193927764892578
-0.9955499068069097 0.09386317835133791 0.00837178634095956 -243.70819091796875 -0.08622040773713606 -0.9431239647603981 0.3210657695617359 -23.512346267700195 0.03803188591689549 0.3189151781342691 0.9470198967335332 0.03712749481201172
-0.942031956801548 0.3341656738289831 -0.030151198965685355 -244.5172119140625 -0.3342282976610611 -0.9267124804673814 0.17174231740774462 -23.50639533996582 0.029448894838954257 0.17186413523599117 0.984680395667726 0.024777889251708984
-0.9777294407705878 -0.20194712973275217 0.05711827591180222 -245.0873565673828 0.2090092707976348 -0.9615805528628057 0.1779830471609636 -23.519519805908203 0.018980657814595396 0.18595751436487798 0.9823744385315415 0.08588743209838867
-0.9699373257212098 -0.23339751475027085 0.06889981336102807 -245.8441162109375 0.242817623142392 -0.9469992228353388 0.21031422643450295 -23.57196044921875 0.016161251939954775 0.22072170726428605 0.9752029234359747 0.14229583740234375
-0.8431553779692257 0.5077901870274776 -0.17674313157849053 -246.5784912109375 -0.5295440996838464 -0.7273303094997626 0.4365474400028068 -23.65793228149414 0.09312386961245107 0.46167060426409984 0.8821497594325037 0.19502735137939453
-0.24800230527766498 0.7871792456434598 -0.5646624582927025 -247.43710327148438 -0.9669639479304563 -0.1656735301765706 0.1937343665991637 -23.837936401367188 0.058954049731210545 0.5940548094469289 0.8022613685035964 0.07366704940795898
-0.8925142113434787 0.439762937352996 -0.10013461679455855 -248.3241729736328 -0.4501886167404566 -0.8551680875299754 0.2569391979197386 -23.920608520507812 0.027360407658557476 0.2744013502171395 0.9612259396685924 0.18890047073364258
-0.8323722328878058 -0.3725833814997968 -0.4102902506123497 -248.7693328857422 0.5492238699669282 -0.4553875572497132 -0.7006963060846614 -24.208148956298828 0.07422672413570919 -0.8085813481229427 0.5836836445299501 0.19196414947509766
-0.023629943495159927 0.29287004246340764 -0.9558602219979118 -249.43040466308594 0.9996788039254918 -0.0018389042401329159 -0.025276617916437483 -24.081649780273438 -0.00916049957772469 -0.9561504884999417 -0.2927325205521401 0.2623252868652344
-0.9980053771362271 0.02752647449563634 0.056811622129790317 -250.4513702392578 -0.05801141599473939 -0.04494852879414341 -0.9973035171769561 -24.064178466796875 -0.02489865099683703 -0.998609995424181 0.04645572319375262 0.31453847885131836
-0.9983014387787147 -0.019777948198309424 -0.05480027461074512 -251.3459014892578 -0.0347932023900151 -0.5520634376192043 0.8330758632390656 -24.07738494873047 -0.0467297592524885 0.833567509928939 0.5504375859178519 0.24230635166168213
-0.940281781654385 -0.05145632500504478 0.33648539003325345 -252.0439453125 0.2778266674090209 0.4551413001617975 0.8459661575757189 -24.254030227661133 -0.19667870745266963 0.8889311804093745 -0.41366513332736116 0.3648414611816406
-0.8783539695971263 -0.34587077549349665 0.3299510732707165 -252.70013427734375 0.4714888618548385 -0.5132386675304332 0.7171361957804211 -24.330585479736328 -0.0786928029733314 0.7854676803097073 0.613879439262375 0.28024911880493164
-0.9813207640502036 -0.18170891107726733 -0.06317776253586807 -253.63694763183594 0.19061020585325555 -0.9628003782362945 -0.19152853858531887 -24.389591217041016 -0.026025131479097904 -0.19999325814427393 0.9794515757444743 0.24171209335327148
-0.8547697212338705 0.4583964258293998 0.2433956459113487 -254.63519287109375 -0.5031774190437444 -0.6169812212412304 -0.6051005351180545 -24.423606872558594 -0.1272053797063914 -0.6396928086374829 0.7580315969346143 0.4873523712158203
-0.4302617237620476 0.6246485315756809 0.6516817176088777 -255.5081787109375 -0.8980174546736601 -0.2227156750719998 -0.3794237461976573 -24.43170166015625 -0.09186675223796892 -0.748473072379741 0.656771314656539 0.48662376403808594
-0.5988640827873968 0.7442145389688244 0.2958150272292309 -256.3134765625 -0.7955735785414684 -0.5105113953308427 -0.3262526572521344 -24.475616455078125 -0.09178502859362517 -0.43072361814135146 0.8978043624873355 0.4745464324951172
-0.9822758374303303 0.18293852325639418 -0.04083718782327165 -256.98443603515625 -0.1746695506518718 -0.9724030392599524 -0.15467022115805176 -24.26810073852539 -0.06800534740457276 -0.1447958077665827 0.9871217993629794 0.5173683166503906
-0.7768549613114181 -0.5170327665156597 0.3594071332555861 -257.80487060546875 0.6231473773833142 -0.549260208488069 0.5567769476477457 -24.227615356445312 -0.09046388863039612 0.6564985466250527 0.7488831304903729 0.4888114929199219
-0.986381424197107 -0.16051785448767597 0.03585672028449527 -258.7010498046875 0.13447867565117722 -0.6615778856639183 0.7377195856120166 -24.479225158691406 -0.09469515190331937 0.7324948597711339 0.6741543655683575 0.5032467842102051
-0.9899419219088456 -0.11610336754765381 -0.08083934247330159 -259.54107666015625 0.09875371124257305 -0.9762553776171238 0.19280337701779426 -24.61092758178711 -0.10130496415891886 0.1828809605118631 0.9779017632252326 0.49851417541503906
-0.9385014776020986 -0.2199557900332767 -0.26614737828788604 -260.36883544921875 0.32192410574388153 -0.8360923972847412 -0.44420082546485334 -24.5268497467041 -0.12481925604521198 -0.5025623878022429 0.8554830212732617 0.5102062225341797
-0.8968731876358707 -0.39694907737305385 -0.1950638748527105 -261.180419921875 0.41689875849147506 -0.9060053514660935 -0.07314183674934235 -24.44900894165039 -0.14769532987924608 -0.1469208395275566 0.9780594851257151 0.530426025390625
-0.9820502663076529 -0.15687663764711016 -0.10472342147583452 -262.06292724609375 0.15573777875815806 -0.9876153728285897 0.01901629880183382 -24.512611389160156 -0.10640967396126633 0.0023655682579259464 0.9943195589820579 0.5388774871826172
-0.9703359717457982 0.23780570230231032 -0.04354939596185507 -262.86663818359375 -0.235161849445821 -0.9702107106529942 -0.058224406389700764 -24.478126525878906 -0.056098186257297955 -0.046256079456834354 0.9973531814818282 0.5542612075805664
-0.6876522418447423 0.7251703383178935 0.035529912887764005 -263.74951171875 -0.7243835477262871 -0.6819571793283078 -0.10100931316495673 -24.68553924560547 -0.04901907862636969 -0.09519656499312454 0.9942508455838153 0.580195426940918
-0.47348079474191174 0.8769362671980947 0.0824543527246405 -264.759765625 -0.8807822177389111 -0.47072936621755335 -0.05134733386794146 -24.775299072265625 -0.006214654092778271 -0.09693630410270648 0.9952711846634638 0.5949337482452393
-0.8609744891819822 0.5067146479794731 -0.04430795076352721 -265.5261535644531 -0.5085074814589987 -0.8554161104518243 0.09840436616176075 -24.769935607910156 0.01196119885507238 0.10725457334076925 0.9941596381967226 0.6103992462158203
-0.9648182046060235 0.2607246446481972 -0.0338894044486032 -266.27130126953125 -0.26288595750461663 -0.9586631129067108 0.10888530341095716 -24.707977294921875 -0.004099439924019533 0.11396357148267407 0.9934764712700664 0.6233460903167725
-0.9780345784828147 0.20742970648074177 -0.02052511050533016 -267.1084899902344 -0.20841846639647438 -0.9716664869546868 0.11147188432101973 -24.609344482421875 0.0031790182264934304 0.1133011694487327 0.9935556043043916 0.6762745380401611
-0.9996692723124592 0.004208907445112909 -0.025369885541651496 -267.955810546875 -0.003157038304308312 -0.9991393338844519 -0.04135969770294303 -24.61066436767578 -0.025522129680399998 -0.04126592520533345 0.9988221785250488 0.6987965106964111
-0.9771219152048194 -0.212544287943891 0.007595293864636204 -268.76483154296875 0.21078907096513003 -0.9725683639470664 -0.09838061298337342 -24.703201293945312 0.02829717986166104 -0.09452884803990413 0.995119875442213 0.6358957290649414
-0.983537063448721 0.17002845080885368 0.06119780010921894 -269.56304931640625 -0.1406079273675869 -0.9327943237019598 0.3318496051388266 -24.685081481933594 0.11350883482821109 0.3177814903120459 0.9413451379972159 0.6574249267578125
-0.98872188990408 0.10542773708585748 0.10636736660019298 -270.3531799316406 -0.05811315120945166 -0.9246668554827625 0.37631644666175285 -24.879058837890625 0.138028569799922 0.3658909654864079 0.9203650989115203 0.6487312316894531
-0.9758683220919496 -0.10117499550360014 0.1935061710186252 -271.16412353515625 0.16934793312715712 -0.9101086265949255 0.37818456518353355 -24.91970443725586 0.1378488138614288 0.40182820717608275 0.9052799547292828 0.6428585052490234
-0.9252154397248002 -0.3464429485526339 0.1547697434675203 -272.0578308105469 0.3616411627645779 -0.9285880899443675 0.08330563370958667 -24.97018814086914 0.11485669109428949 0.13304676851253783 0.9844320687072534 0.6356086730957031
-0.9348228902456405 -0.30163415783516434 0.18741130888998603 -272.9151306152344 0.32009791438547874 -0.9442571009100246 0.07691457980813424 -24.927467346191406 0.1537643947045393 0.1318914789062063 0.9792656170381353 0.65179443359375
-0.9750932627066159 -0.14287061969248124 0.16964997805143675 -273.72711181640625 0.1275509320601623 -0.9869729329789331 -0.09805707163456655 -25.016338348388672 0.18144941100689868 -0.07397577708715901 0.980613938127335 0.6813869476318359
-0.9639642323836684 0.03390329975849146 0.2638627009458733 -274.63079833984375 -0.13510374681245668 -0.9168109074525086 -0.3757721883978956 -25.019325256347656 0.22917228515289778 -0.39787978868195084 0.8883533854701097 0.6598434448242188
-0.822393988400743 0.2796300497622425 0.4954545015561817 -275.4777526855469 -0.4979737539293685 -0.7749475994801993 -0.38920220767278474 -25.02204132080078 0.2751186439335062 -0.5668008939035316 0.7765606727296626 0.68292236328125
-0.841988896363413 0.2626232729323627 0.47125758870814577 -276.2815246582031 -0.4430656512958812 -0.8350027952664052 -0.3262869297704808 -24.977195739746094 0.30781086245043193 -0.48352802236435455 0.8194224335139585 0.669403076171875
-0.9209549608299333 0.09261480981767503 0.3785029156098689 -277.0873718261719 -0.2042097041109973 -0.9419870228737203 -0.2663810156231182 -25.03435707092285 0.3318740075233892 -0.3226188862108679 0.8864404646621364 0.6001739501953125
-0.9259336020891772 0.14315628104588923 0.34950428283394747 -277.9043884277344 -0.20027226403702908 -0.9706721122211835 -0.13299124337169277 -25.042360305786133 0.3202155286360174 -0.19313707503526267 0.9274481578326518 0.5983238220214844
-0.9188959463859963 0.19170613535975445 0.34478833707190804 -278.7608642578125 -0.23598974520501714 -0.9674849118313851 -0.09100431603329684 -25.105792999267578 0.31613142816470374 -0.16499000892188775 0.9342586457092599 0.5346031188964844
-0.8429994729559267 0.41846200851558213 0.33799620711649286 -279.57196044921875 -0.3941685291957606 -0.9081235975172228 0.14121863270839374 -25.139122009277344 0.3660369642367845 -0.014180234888121132 0.9304922685067496 0.48095703125
-0.9033075168719398 0.3428517991430397 0.2578530081015744 -280.3279724121094 -0.3373346453384804 -0.9390116725140853 0.06680131687819776 -25.154556274414062 0.2650299360770618 -0.02664062136438452 0.963872092280043 0.62451171875
-0.9914432660770434 -0.029399041271364237 0.1271846945304728 -281.1186828613281 0.05580530424637363 -0.9762453877714705 0.2093578536212594 -25.37388801574707 0.11800855125140182 0.2146640147468961 0.9695325381874965 0.6024017333984375
-0.957448967136695 -0.06921412507863803 0.2801800853352617 -281.7194519042969 0.058086062035514585 -0.9971647159991046 -0.047838672260331026 -25.472402572631836 0.2826968070673636 -0.02952852952694502 0.9587547033615502 0.2923851013183594
-0.9670966237698134 -0.07625785859879772 0.24271147334840656 -282.467529296875 0.08579295101608958 -0.9958924223534925 0.028945684563405728 -25.451066970825195 0.2395071812054481 0.04881620735799845 0.9696665860233621 0.34328460693359375
-0.9895484344215494 -0.03340499901763298 0.14027830186629742 -283.1619567871094 0.07133991514267303 -0.9588173966444004 0.2749178357245862 -25.390888214111328 0.12531764616883107 0.282051956087325 0.9511793635408712 0.4759063720703125
-0.8950556553575 -0.1938476849085614 0.4016197814701709 -283.8489685058594 0.33712071045178404 -0.8836594425547155 0.32480088695749304 -25.58123016357422 0.29193321221992047 0.42610921679715036 0.8562744507244616 0.09608840942382812
-0.7843380208609071 -0.23797669625620044 0.572870806614353 -284.4450988769531 0.49419515153284577 -0.797891199943569 0.34516776392652737 -25.713504791259766 0.3749466911887913 0.553838175906641 0.7434233340936924 0.05997467041015625
-0.789008490984361 0.063891621903385 0.611051112268963 -284.94818115234375 0.25283319959607303 -0.8726910067679402 0.4177149505205336 -25.836084365844727 0.55994729603472 0.48407465060351423 0.6724066911523796 -0.018768310546875
-0.7338971550126523 0.28210520590598887 0.617909069900317 -285.6362609863281 -0.04431028335970644 -0.9276241989273579 0.37087726319223213 -25.855512619018555 0.6778138126749246 0.2448060423378421 0.6932809221246211 -0.110504150390625
-0.6292817392199752 -0.03540905094874797 0.7763702027996644 -286.12335205078125 0.08456063226277911 -0.9961503691258065 0.02310717554870123 -25.937713623046875 0.7725632609408772 0.08019127883646966 0.6298534485441589 -0.1172637939453125
-0.4879800362716727 -0.37838268342778286 0.7865761432196425 -286.5201110839844 0.12852237643456804 -0.9224789878742847 -0.3640254327461842 -26.081981658935547 0.8633408845617752 -0.07654450870196872 0.4987819716385768 -0.147552490234375
-0.5319445815304938 -0.44674108075321006 0.7193450972570827 -287.09185791015625 0.23959606492786334 -0.8941994578672104 -0.3781548032500315 -25.995094299316406 0.8121752814826557 -0.02880514394063602 0.5827019614100576 -0.0732879638671875
-0.3048954220150156 -0.34633095566232025 0.8871829860768914 -287.62554931640625 0.17795633646369008 -0.9358481210601427 -0.30417073597014965 -26.208160400390625 0.9356122722296387 0.06513956906692384 0.34696759588622683 -0.121368408203125
-0.3938634660516738 -0.3972284022055027 0.8289035930619587 -288.40875244140625 0.15580369166535135 -0.9175989766640975 -0.3657011453201216 -26.202041625976562 0.9058679703870812 -0.014890080801122696 0.4232983648923368 -0.1061248779296875
0.13890718774416602 -0.3899456973368832 0.9103005802049449 -288.3682861328125 -0.019441830105158903 -0.9201086203860239 -0.39118044676784425 -26.30843734741211 0.9901145430884093 0.036639866536055526 -0.1353909588748484 -0.1774139404296875
0.28742179468755036 -0.4448097633014927 0.8482529023883492 -288.7080078125 -0.02169779887990328 -0.8884190811102464 -0.45852016514325006 -26.44072723388672 0.9575583102152869 0.11338346789058823 -0.26500239951130444 -0.3125457763671875
0.4301180297175503 -0.12289959358054603 0.8943680285037192 -289.248046875 0.198494449057888 -0.9535722681117728 -0.22649477517456162 -26.52356719970703 0.8806806652840169 0.2749465755122371 -0.3857537380363224 -0.311431884765625
0.5292180326621052 -0.09801968938160624 0.8428050868372734 -289.883056640625 0.20194404166467342 -0.9502101771062164 -0.23731671529816334 -26.380416870117188 0.8241036815482548 0.295791750759392 -0.4830738683072251 -0.33074951171875
0.586926468019693 -0.5372624304156047 0.6056949743904484 -290.19647216796875 0.005802356205383052 -0.7452934327538733 -0.6667113556528146 -26.296951293945312 0.8096194499889403 0.39482499915515157 -0.4343150541274622 -0.473663330078125
0.696600616227136 -0.48837097499027105 0.5255866933808606 -290.6976013183594 -0.009359321710279339 -0.7386900446195664 -0.6739802824097058 -26.45789337158203 0.7173980656296044 0.46457594510154665 -0.5191427613517371 -0.385223388671875
0.7082490459882087 -0.04600492254289151 0.7044620897951962 -290.94244384765625 0.2521314714607331 -0.9155796569259442 -0.31327881020333326 -26.478713989257812 0.6594035258897529 0.39949648174319774 -0.6368591297288351 -0.3956756591796875
0.6336273427915494 0.33350350655507666 0.6980628922829148 -291.6031494140625 0.5214535809973032 -0.8506517188327231 -0.06691648610038306 -26.827316284179688 0.5714915164129819 0.406407510218994 -0.7129027860133449 -0.3461151123046875
0.6452056391965104 0.5229642266470453 0.556972262142811 -292.0965576171875 0.6152660255608573 -0.7878564637777599 0.02701685166983117 -26.901153564453125 0.4529430438140858 0.32525468502553656 -0.8300915545464671 -0.36767578125
0.5872137315138052 0.6585310172365518 0.47065585395172255 -292.1125793457031 0.7291566140274707 -0.6828221308903567 0.04565708911381819 -26.723892211914062 0.3514408424495182 0.3163713591710622 -0.8811347782006042 -0.48796844482421875
0.37076951627718635 0.8206286688017179 0.4348546351831856 -292.92279052734375 0.8809367845595066 -0.4590188218815364 0.11511777781230728 -27.2418212890625 0.29407541109303686 0.34039728127469904 -0.893112167362675 -0.4076499938964844
0.5115699303674826 0.6703919771279353 0.5374670253571902 -293.3505859375 0.8328011993519312 -0.5408306281004103 -0.11808638391660778 -27.410903930664062 0.21151446452144518 0.5080126265271497 -0.8349759293459857 -0.3262062072753906
0.9429421734721987 0.2739720030379194 0.18920729118856955 -292.85931396484375 0.3248494948406359 -0.8816401440385192 -0.34232070069092035 -27.047592163085938 0.07302645540699298 0.3842525184967943 -0.920335340427369 -0.609527587890625
0.5405119052383234 0.8374294274015612 0.0809866311037262 -294.0582275390625 0.8410602820244788 -0.5353595652364631 -0.07750959882962372 -27.592559814453125 -0.02155185134835984 0.11000949973397042 -0.993696848979476 -0.44976043701171875
0.11476554487357904 0.7925722080015006 0.5988807600962786 -293.54791259765625 0.9713369524185397 0.03679895246488562 -0.2348411419742085 -27.241302490234375 -0.20816674704700985 0.6086666839914215 -0.7656314212614012 -0.57562255859375
0.021263711354113136 0.9145420807327639 0.40393147580800826 -294.1363220214844 0.9995731388604926 -0.0275434122908162 0.009741689173882045 -28.069869995117188 0.020034835862351746 0.4035519086912671 -0.9147373734267141 -0.3139619827270508
-0.15559461247773795 0.40084363963564357 0.9028370246791791 -294.7659912109375 0.8398942988915519 0.5347776287220746 -0.09268470482157953 -28.465789794921875 -0.5199691175996618 0.7438664291269268 -0.4198748055796916 -0.41839599609375
0.8407006825401626 0.5370613092493887 -0.06919185272730538 -293.90509033203125 0.1944274432084857 -0.41863951299707997 -0.8870957825877533 -27.367111206054688 -0.5053912659553148 0.732329234883396 -0.4563699815184868 -0.536468505859375
0.19917423703858042 -0.352598226615678 -0.914332605722654 -295.479736328125 -0.879266938127701 -0.4762643042488087 -0.007871722424976135 -28.35784149169922 -0.4326884269490426 0.8055102749722545 -0.4048875425330912 -0.449005126953125
0.7063763450407726 -0.2292832314429567 -0.6696727999149397 -295.64349365234375 -0.5462839875752029 -0.7782092822154748 -0.30978075794440624 -28.74211883544922 -0.45011805572069075 0.5846533270689143 -0.6749623864049569 -0.4852752685546875
0.7899870026775524 0.5983343667260977 -0.13385260996714485 -295.03857421875 0.37439188022516884 -0.6436394600165105 -0.6675020341026069 -27.601654052734375 -0.485542228464219 0.4772046008832422 -0.7324783363853609 -0.5364990234375
0.43743213982112206 0.7783950253771509 0.45028247525261134 -296.26300048828125 0.7499731688153867 -0.039499645626954155 -0.6602878342453027 -29.796524047851562 -0.4961787672890905 0.626530895059014 -0.6010537982810099 -0.4538726806640625
0.20139090049073846 0.42112351334653186 0.884362307940701 -295.9357604980469 0.8812840167042717 0.31617090956936517 -0.35124697556515094 -28.333786010742188 -0.42752799569281413 0.850112311667555 -0.3074554771834961 -0.5755767822265625
0.41207123135201307 0.4508191099259496 0.7918076978772121 -296.986328125 0.8058611501193755 0.22520296358367575 -0.5476051788664961 -30.423717498779297 -0.42518831947775004 0.8637394024349615 -0.27049794391267107 -0.5150146484375
0.2046058495707599 0.5718342745850061 0.7944444654796629 -297.0628356933594 0.8290254872811472 0.33028766713639135 -0.4512502613582142 -30.628509521484375 -0.5204355750327642 0.750943153206313 -0.40648639939471043 -0.471923828125
0.7024009122287296 0.5825257481444702 0.409019206454873 -296.84625244140625 0.45313051739332183 0.07719623618583271 -0.8880954201692529 -28.9732666015625 -0.5489131923238039 0.8091381179177425 -0.20973748693408228 -0.4820709228515625
0.4114434517087161 0.22270861174856849 0.8838071963381171 -297.05963134765625 0.8373993419490383 0.2904567094166697 -0.4630304979784359 -30.616058349609375 -0.3598286094091678 0.930610430958017 -0.066989533830285 -0.550140380859375
0.48766063860424685 -0.00035256972477060167 0.8730332051249181 -297.5314636230469 0.6560771913713466 0.659890579444272 -0.3662064201007249 -31.679794311523438 -0.575977274307228 0.7513616298795756 0.3220339743355102 -0.41583251953125
0.7402997799594112 0.14172651447115736 0.6571680385471469 -297.5596618652344 0.5971944841070884 -0.5875480800923457 -0.5460274734222328 -32.137603759765625 0.3087312487328032 0.7966811461781027 -0.5196000071018366 -0.596923828125
0.35567142207639685 0.5170258597821321 0.7785769710405651 -297.6596374511719 0.5733618374138206 -0.7785756121188112 0.25510041084103746 -32.68452453613281 0.7380745510553804 0.3556743967878005 -0.5733599921114423 -0.3200340270996094
-0.07378372680979056 0.9876618023904 -0.13813082840917412 -297.979736328125 0.016592117585331856 0.13970493616290153 0.9900541563196199 -34.003196716308594 0.997136231059775 0.07075800244966018 -0.026695351603625017 0.16701126098632812
-0.0350016844391256 0.01788420049538847 0.9992272201351726 -298.05767822265625 0.7962401495596618 0.604739877685495 0.017067646766326328 -33.53306579589844 -0.6039673056678079 0.7962222275907483 -0.03540703284370611 -0.11357879638671875
0.03440017523800884 0.6015663444986057 0.7980818010142688 -298.08184814453125 0.8660101625313279 0.38064571197487096 -0.32424564815523194 -34.12290954589844 -0.4988416846415876 0.7023010573263636 -0.5078682885770822 -0.06578826904296875
-0.007154317798706511 0.8351330590193065 0.5500014449707299 -298.8045959472656 0.899048847261527 0.2461693145738058 -0.36209368787646945 -32.441017150878906 -0.4377898879309053 0.4918876317771349 -0.752586587530051 -0.06435012817382812
0.15149084421252085 0.9224926628713308 0.3550462097647832 -297.75927734375 0.9163808032899046 0.0035759042826381676 -0.40029168898480805 -34.71967697143555 -0.37053575735889055 0.38599805680485244 -0.8448128506724735 -0.10405349731445312
0.23062969271445805 0.8966983347253191 0.37781217733058026 -298.3765563964844 0.9590676372903254 -0.14391511681597108 -0.24388051634806335 -33.77311706542969 -0.16431436924623255 0.4185935207963503 -0.893185452415414 0.16459274291992188
0.09250629672347363 0.8585937320750693 0.5042413988437611 -297.2060546875 0.9947103945317562 -0.10239692233870483 -0.008130270969597314 -35.85728454589844 0.044652167662796394 0.5023262620418781 -0.8635244700563198 0.02564239501953125
0.07539622243183866 0.6771125477353321 0.7320068355844611 -297.169921875 0.9357244085384282 -0.301720275892426 0.18271482255363664 -36.582313537597656 0.3445798033959873 0.6711806558705085 -0.6563393072769731 0.0870208740234375
-0.7706285191421074 0.4478340803272479 0.4534052513836717 -297.4681396484375 0.5680162588865006 0.16009836492276786 0.8072955116867924 -36.29182052612305 0.28894500363464737 0.8796664993317094 -0.37775340478686537 0.223175048828125
-0.6100098622511941 -0.019305756222465387 -0.7921586051624747 -296.4433898925781 -0.7798767752082649 0.19161571091089497 0.5958822323436648 -37.820030212402344 0.14028607716746527 0.9812801369174813 -0.13194358432365288 0.3369140625
-0.7308654324547744 0.5326497827756269 -0.42675511543714784 -296.048583984375 -0.19141578702683382 0.4402044138582383 0.8772571290657164 -38.6150016784668 0.6551303046872383 0.7228445772977775 -0.21977261192333306 0.4575347900390625
-0.6865731619485688 0.6097937198836978 0.3959405415998051 -295.7154541015625 0.5976317811711129 0.16318498207310791 0.7849884812913135 -38.65178680419922 0.4140694958895036 0.7755786748075286 -0.476470536085507 0.2957611083984375
0.29533551493745147 0.9479270086998625 -0.11921124021652199 -296.0185241699219 0.782755748615887 -0.16853539981901036 0.5990736657679328 -38.66717529296875 0.5477867939494461 -0.27024101314415105 -0.7917698044188158 0.41164398193359375
-0.27545338562808147 0.5370337300127759 -0.7973206413824947 -294.81915283203125 0.7110392992950121 0.671999312048748 0.2069783550617504 -39.532379150390625 0.6469532805420233 -0.5099134215085682 -0.5669565727296398 0.3998565673828125
0.24089828827613446 0.7245824357273383 -0.6457153463725843 -294.12823486328125 0.801473348809864 0.22670015708837943 0.5533963407211927 -39.743621826171875 0.5473650389393999 -0.6508358722531681 -0.5261218314566763 0.37664031982421875
-0.38004504713064835 0.43920057987970423 -0.8140446012257527 -293.876708984375 0.6633092557943465 0.7427821459500629 0.09107971692627129 -40.05873107910156 0.6446600602868255 -0.5053489233105688 -0.5736164854498479 0.6103057861328125
-0.03248145288560101 0.9223231638401514 0.38505186230212407 -292.81219482421875 0.6875085248081472 -0.2590122993680277 0.6784133379380248 -40.7647705078125 0.7254495044691712 0.28676228869916043 -0.6256919419694117 0.6044769287109375
0.26199100295476807 0.8282333905378743 0.49536871638093155 -292.9025573730469 0.679481767311825 -0.522812754056715 0.5147536809838582 -41.128936767578125 0.6853212693777667 0.20173317772188587 -0.6997417257422031 0.6174392700195312
-0.5757046672791571 0.7002141489842945 -0.42221354980056636 -291.538818359375 0.459637554649838 0.7042020503078482 0.5411402689670581 -41.714813232421875 0.6762377203532144 0.1174717749266739 -0.7272571262401385 0.598876953125
-0.8381987988749672 0.22109850060968023 -0.49853608354131557 -291.0123291015625 -0.059646786518290154 0.8714833957722844 0.48678429694398473 -41.95026779174805 0.5420931971742533 0.4377580883562967 -0.7172885205104268 0.89959716796875
-0.6029625561820449 -0.18860830537545303 -0.7751535738070322 -289.86248779296875 -0.5775731135115143 0.7734658161375627 0.2610745675382212 -42.79035949707031 0.5503139598365915 0.6051260516702728 -0.5753060117875672 0.870697021484375
-0.6485106204828959 0.6799655797589865 0.3421706963840052 -289.1750793457031 0.39920295551957735 -0.07893254868668229 0.9134586214286113 -42.85588836669922 0.6481288262570367 0.7289831706568062 -0.22025567296627355 0.8678436279296875
-0.7352070789501719 0.2716058741334435 -0.6210481464409693 -288.39227294921875 -0.29049096832946764 0.7015661842136187 0.6507072202511289 -43.341339111328125 0.6124422816727825 0.6588134320914768 -0.4368973716049174 0.982330322265625
-0.46384865192514246 0.28982661011800614 -0.8371648369196676 -287.21270751953125 -0.14557024535965452 0.9071935133153516 0.3947267828061321 -43.58405303955078 0.8738728350127141 0.30495977680024405 -0.37861035743992455 0.798614501953125
-0.43440458610403543 -0.01799995126356141 -0.9005379821674883 -286.4566345214844 0.2401693175428123 0.9612883825534672 -0.13506792542553964 -43.94654846191406 0.8681079163806776 -0.27495571883895914 -0.41326504593898317 1.1693115234375
-0.4003175339259658 0.0639958634329765 -0.9141391587143072 -285.18865966796875 0.1772536852322703 0.9841265008971801 -0.008727044370906448 -43.877830505371094 0.899070076858869 -0.1655281235782619 -0.4053065965434651 1.193267822265625
-0.3440931304854066 0.7860601428680978 -0.5135264056958891 -284.2346496582031 0.12648239003299055 0.5807442209003552 0.8042004444803437 -44.04677963256836 0.9303774086704254 0.21176780134152962 -0.29925286256054273 1.255462646484375
-0.19839574495608667 0.9417708715228259 -0.2714898781436545 -283.29827880859375 0.1497570602877562 0.3028711180799715 0.9411917491813013 -44.26375198364258 0.9686134168373308 0.14607091217667167 -0.20112517828105533 1.3646697998046875
-0.16676368940189534 0.7004163594565053 -0.6939789588328766 -282.0401611328125 0.04050620398338023 0.7081072852155732 0.704942068586836 -44.372825622558594 0.9851645138432081 0.0894482869054864 -0.146457791304351 1.3934478759765625
0.37429786683258237 0.4660980643248698 -0.8016568476082445 -280.45751953125 -0.18650471265897536 0.8846717141830168 0.4272843904011425 -44.59611892700195 0.9083595648423436 -0.010418855843732283 0.4180602210236416 1.4577178955078125
0.04494638906373291 0.8941853439316549 0.44543506014677337 -279.75775146484375 -0.14215493220850822 -0.4356234017321945 0.8888330704424007 -44.4125862121582 0.988823440943289 -0.10327062777527385 0.10753315804892391 1.620513916015625
0.14422295734235546 0.8961057580913314 -0.4197549390906386 -278.53436279296875 -0.13538308312471564 0.4380694685480404 0.8886881126298944 -44.351409912109375 0.9802403579628172 -0.07134150994756178 0.18449723461160739 1.5970458984375
0.2196899275812278 0.8353674487993155 -0.503882487496716 -277.15045166015625 -0.3060782419101921 0.5494421175520068 0.7774506217690826 -44.39879608154297 0.9263112034022483 -0.016570604892101104 0.3763946990925736 1.6392059326171875
0.5304594258840336 0.571177216146373 -0.6263939537112893 -275.65185546875 -0.41831788591699043 0.8190639228120613 0.3926123236344693 -44.369503021240234 0.7373079029908205 0.05376688667755472 0.6734138237995132 1.7109375
-0.12827584241144763 0.9901163667526146 -0.056699987144929465 -274.7646789550781 -0.705133535597357 -0.050853223794864344 0.7072486455311455 -44.10258483886719 0.6973750821685587 0.13070397820369178 0.7046874944627048 1.7315216064453125
-0.03830019138352919 0.8208894019225979 0.569801443619744 -273.3602600097656 -0.8694738620125917 -0.3084114720132315 0.38587247531735175 -43.83869934082031 0.4924919274636829 -0.48064847211011824 0.7255540969778306 1.8073348999023438
0.4721557418513708 0.8046893670257248 0.3599221833015019 -271.8896484375 -0.8545578944323388 0.3176252816189981 0.41090751458183344 -43.70965576171875 0.21633252298290512 -0.5015866855013104 0.8376222516311636 1.8896846771240234
0.8770127772296539 0.3980361831307007 -0.269101812507223 -270.0935363769531 -0.4802500347314513 0.7430527182210915 -0.4660821409201245 -43.571781158447266 0.014439276864482792 0.5379961476283917 0.8428236188080163 1.9190940856933594
0.8438782806326053 0.5239119081049409 -0.11569684534332689 -268.873291015625 -0.5178110786024274 0.7387993668796646 -0.4313318703443989 -43.1930046081543 -0.14050314712898263 0.42390070540640357 0.8947441296833442 1.9523162841796875
0.991783382446616 0.024227787021351525 0.12561344131420704 -267.623779296875 -0.04360243643952703 0.9871284729574944 0.15387074255082542 -42.89336013793945 -0.12026865692809043 -0.158083497597483 0.9800740063628155 2.102646827697754
0.9813170916594925 0.12129719690851179 0.14934441951105137 -266.32989501953125 -0.14627607792959788 0.9745989139533252 0.16958851950097723 -42.79466247558594 -0.12498029701712743 -0.18826562868228722 0.9741334500028083 2.1164398193359375
0.9669600646928125 -0.11690785097967663 0.22654091830966389 -264.9017028808594 0.08050619139521176 0.9832095306421943 0.1637613263301007 -42.54951095581055 -0.24188217469732987 -0.14011271617405013 0.9601361571829387 2.064004898071289
0.8794675755373748 0.2144725839024153 0.4248979810879704 -263.45135498046875 -0.3617105429562909 0.8814108047175387 0.30377701763208786 -42.49501037597656 -0.30935782953188207 -0.42085211664122835 0.8527492182499616 2.140544891357422
0.9408640712483451 -0.26011719484405915 0.21705723756752882 -262.270751953125 0.08086975521068657 0.7946122908684553 0.6017070631901781 -42.63485336303711 -0.32899070218799875 -0.5485711915032024 0.7686577689235986 2.138031005859375
0.9704835504405466 -0.2164373793947302 0.10637922318316242 -260.88421630859375 0.19661914674358286 0.9655098804920415 0.1706797639032515 -42.555267333984375 -0.13965167187734234 -0.1447257111676632 0.9795671896653529 2.0696544647216797
0.9741486739506545 -0.08376499963619538 0.20980416076934658 -259.6445617675781 0.07732509009757738 0.9962535150749489 0.038726788431398325 -42.375885009765625 -0.2122620820626783 -0.02150252396247789 0.9769761767728321 2.0377883911132812
0.9318871894399041 0.3249147441957223 0.1612968541603485 -258.3537902832031 -0.2578205283349235 0.9060444328240511 -0.3355772055990162 -42.20114517211914 -0.2551760986591363 0.2711344588073819 0.9281008910244246 2.1693649291992188
0.8580192024540657 0.496265138342014 0.13237809745751405 -256.9999694824219 -0.41115385749888766 0.8181122982714449 -0.4020507093400023 -42.06913375854492 -0.30782390044288915 0.2905394635559795 0.9059973876522659 2.1418838500976562
0.827079035584823 0.5135392019327172 0.22851204995445476 -255.75125122070312 -0.4957034085012841 0.8580630722853128 -0.13418604540152224 -41.93244552612305 -0.26498754630413934 -0.0022917370264066567 0.9642491110937638 2.225635528564453
0.9529919729188122 -0.13063350562834927 0.2733883442276903 -254.2892608642578 -0.059586347703077254 0.8038641777555388 0.5918207928831325 -41.574310302734375 -0.29707872141861325 -0.5802906779611918 0.7582921352299669 2.256328582763672
0.944403818122663 -0.3284498151854968 -0.014904603984987816 -252.96629333496094 0.2059570035630685 0.5556428975097989 0.8055077176105996 -41.46941375732422 -0.25628722363523804 -0.7637942716147643 0.5923978136774422 2.2623291015625
0.8979908687386384 -0.3648999734727622 0.24588698424602068 -251.64285278320312 0.36884227550414045 0.928956201015571 0.03155554461019043 -41.310115814208984 -0.239932856155536 0.062356923868127245 0.9687847225172119 2.2360095977783203
0.8653299453869365 -0.3766818233525378 0.33062802296908966 -250.21954345703125 0.46210684012571296 0.8550380009999791 -0.23530253962715422 -41.04460144042969 -0.19406533416782634 0.3563998047162305 0.9139572338313005 2.190929412841797
0.9894755436713832 -0.09616446150286474 0.1081228228455216 -249.01889038085938 0.13720485671644933 0.8608909919457076 -0.48994033032620793 -40.90543746948242 -0.045967116177095674 0.4996189511323596 0.8650248134589907 2.2439093589782715
0.9848183631248575 0.06100312785589372 0.16251587628251682 -247.62478637695312 0.12264506242930516 0.41802208587509676 -0.9001198389005463 -40.89774703979492 -0.12284535120951331 0.9063863161546686 0.4041940939372824 2.1953396797180176
0.9950886462398999 0.09895236243076255 -0.0026487910099460624 -246.41448974609375 -0.06396513776075421 0.6223665409457946 -0.7801079091141265 -40.52238464355469 -0.07554500165921699 0.7764459534832657 0.6256393801893958 2.239098072052002
0.9638686059376828 0.16787193705994802 0.20682437775922077 -245.1347198486328 -0.2546953445491012 0.8082102080488248 0.5309675518058424 -40.273216247558594 -0.0780230219407235 -0.5644601601117799 0.8217646473862339 2.269184112548828
0.8945681676972443 -0.3846979029248252 -0.2274979490633634 -243.60211181640625 0.4376103393815567 0.6505269360599469 0.6207349646401567 -40.205223083496094 -0.09080189540507207 -0.6548451946419852 0.7502884690871551 2.268251419067383
0.9836890217537341 -0.17543519689173645 0.039729084720632704 -242.31443786621094 0.178865847288504 0.9773915437385635 -0.11275095965051925 -40.01753616333008 -0.0190503846403983 0.11801805760096674 0.9928286966668256 2.2716715335845947
0.9959454103040968 -0.08121430556270451 0.03869077753382277 -240.88401794433594 0.08831532143470741 0.9645470129705129 -0.2486955242249952 -39.91934585571289 -0.01712143960326965 0.2511041543695136 0.9678086380913754 2.173247814178467
0.9876751243673725 -0.15173421080777497 -0.03840023406746964 -239.63766479492188 0.14861820553324792 0.986121527206418 -0.07400650352609962 -39.87660598754883 0.04909661587087264 0.06738740869497083 0.9965181681531975 2.2901506423950195
0.8152338086523391 -0.5177700897007573 0.2594377987909073 -238.24005126953125 0.5705064501410555 0.6409717973561581 -0.5134954190072857 -39.91987609863281 0.09958025696719715 0.566629763783448 0.8179330554617908 2.3162784576416016
0.8814782468915137 -0.4355236220782758 0.18252472399344363 -236.8756866455078 0.4600058405055716 0.7045772443286923 -0.5403383509200035 -39.554710388183594 0.10672734868732667 0.5602589413708676 0.8214129239646576 2.335433006286621
0.7925881255493923 -0.584090637737945 -0.17504910780972605 -235.52037048339844 0.5970686715298533 0.8016872169850064 0.028400838023038832 -39.25216293334961 0.12374596848251884 -0.1270265052251515 0.984149989714275 2.2993717193603516
0.9653081957639754 -0.08018819991025557 -0.24849535163872138 -234.22146606445312 0.24681199217489475 0.5908431899365733 0.7681068710955753 -39.143104553222656 0.08522867891477968 -0.8027914906753358 0.5901371830258741 2.309981107711792
0.9468974834511361 0.3192487095759666 -0.038280768905355034 -232.84173583984375 -0.3101600687154036 0.9382887829525229 0.15301925225254864 -38.998313903808594 0.08476961488859786 -0.1330203789633495 0.9874814890275591 2.323390007019043
0.942209395038587 0.3296276042414545 -0.05989239036020302 -231.5863494873047 -0.323034633822663 0.9412523362039957 0.09845133285831265 -39.13282775878906 0.08882612933184635 -0.07341445438440114 0.9933379267074034 2.253729820251465
0.8420805509392709 0.5197460764685026 -0.14409844456277773 -230.1560516357422 -0.534908031882355 0.8390098380820601 -0.0996789297156688 -39.067569732666016 0.06909228001419435 0.1610171034303913 0.9845302175379521 2.251051902770996
0.8831696943765172 0.4428220153818468 -0.15466076951848343 -228.76853942871094 -0.4635503063406176 0.8743574563411785 -0.1435971867137532 -39.067481994628906 0.07164080140820284 0.19851373059248167 0.9774762883772918 2.2830257415771484
0.9798448841468437 -0.19797025574394783 0.026679221351725804 -227.24432373046875 0.19166670781080197 0.8940938812728807 -0.4047962507081364 -38.88285827636719 0.05628388870917815 0.40175105390163157 0.9140176226751326 2.2768287658691406
0.9961756565202845 -0.08491512944726873 -0.02057868186578979 -225.75143432617188 0.05915175983342208 0.8287832114282598 -0.5564345943264752 -38.639488220214844 0.06430498164986087 0.5530893320663612 0.8306365391008255 2.2909326553344727
0.896490222483677 -0.42671440681461564 -0.11924804404273583 -224.35076904296875 0.43574998024779515 0.8978577853312528 0.06303453049007542 -38.5007438659668 0.08017004244238414 -0.10847217309941216 0.9908615200712346 2.365786552429199
0.9962647839812165 -0.03361447639326011 -0.07953959501824853 -223.04150390625 0.053272519002739105 0.9641982256377937 0.2597764816068486 -38.40509796142578 0.06795968597604635 -0.2630434349185273 0.9623874648125358 2.329041004180908
0.9848240907190283 -0.14831409037414645 -0.09013568070375233 -221.54696655273438 0.1606779394242493 0.9754678292939134 0.15048293522854428 -38.26336669921875 0.06560571714276539 -0.1626820352992625 0.9844950204389422 2.303487777709961
0.9656647396163713 0.25976875118155845 -0.0034360691522937713 -220.2494659423828 -0.25531358589629943 0.9513821716769338 0.17229897350841689 -38.17051696777344 0.04802690411028725 -0.16550576825251367 0.9850387084560315 2.2889785766601562
0.9463609922133378 -0.32066932019898947 -0.03964920554191158 -219.09591674804688 0.3186150159638023 0.9465393390071495 -0.05047525447478614 -38.03960418701172 0.053715398345100265 0.035134979650291095 0.9979379686060657 2.317997455596924
0.9914427048863915 0.10940545427671373 -0.07121663781772865 -217.35757446289062 -0.1305329175778707 0.8374839065953401 -0.530642877670488 -37.80998992919922 0.001587562963934433 0.5353981254807619 0.8445983227993777 2.3158931732177734
0.7951125553120557 -0.5565342395836241 -0.24096818162614395 -215.98358154296875 0.6051076098789498 0.7545634407010069 0.25392675011515153 -37.36894226074219 0.04050684944201152 -0.34771202758681663 0.9367259690110801 2.3714418411254883
0.9780370664394262 -0.16073307696643355 -0.1326965509704907 -214.4990234375 0.20392632618671222 0.8695649159718433 0.44974538396616354 -37.4183464050293 0.04309930577807661 -0.46692797611599984 0.8832444253781986 2.3731818199157715
0.9895855494717303 -0.1431987769391089 -0.014647544499926122 -213.31105041503906 0.13711184680465963 0.9686919040743502 -0.20696940944648243 -37.06412887573242 0.04382672406819314 0.20280558489339848 0.978237758928522 2.355224132537842
0.9985791085613689 -0.047086203371860584 -0.024953023800848843 -211.94081115722656 0.048190100246317445 0.9977941249705743 0.04565740260303758 -36.93120193481445 0.02274814680434034 -0.04679501710898043 0.9986454567015955 2.3526129722595215
0.9921111858398174 -0.12210923947809918 -0.028367738112012805 -210.39443969726562 0.11916435809024126 0.9888728456279249 -0.0890525178794575 -36.63225555419922 0.03892622114272422 0.08496957581282003 0.9956228806600104 2.3304648399353027
0.997434550752709 -0.06470013613771336 0.030630203207014796 -208.8756561279297 0.07099993238997968 0.9487163407205724 -0.30805245405674847 -36.72618103027344 -0.009128338587058303 0.30943690347715186 0.9508761623897782 2.3031468391418457
0.9923461638284714 -0.10704477655882685 0.06156709304805202 -207.44908142089844 0.12068097665173996 0.7349816291469704 -0.667261647849513 -36.4210319519043 0.026176191650025347 0.669584513431976 0.7422744683489827 2.38331937789917
0.9761933123122836 0.20812585880535958 0.061075722617943015 -206.14463806152344 -0.21688428639826043 0.9402470481753487 0.2624817988186245 -36.156280517578125 -0.0027970181067954493 -0.2694793411266902 0.9630021087181664 2.403695583343506
0.9685679055245526 0.16936512123261654 0.18218580652082222 -204.69754028320312 -0.24666616968444777 0.7485304675881028 0.6155143701210715 -36.27632522583008 -0.03212496102697378 -0.6411065393537936 0.7667792329457144 2.4147396087646484
0.9995261957730915 0.028559154419690345 -0.01147861760855524 -203.1514129638672 -0.029826716158493412 0.990783992549145 -0.13212663286247867 -36.16641616821289 0.007599405672276018 0.1324064001746435 0.9911663806981248 2.3926618099212646
0.940097481267971 -0.3409020041828179 0.001596639519457762 -201.60787963867188 0.3379080588593013 0.9312009723036836 -0.13668537938862918 -36.09627151489258 0.04510952750313496 0.12903709825012533 0.9906132231116398 2.346682071685791
0.9840843033145519 -0.174634498688176 0.03287667619820785 -200.2074432373047 0.17251108550477207 0.8944527740595828 -0.4125459493863458 -35.98518753051758 0.04263812082957646 0.41165158428584436 0.9103433219434721 2.312228202819824
0.9651377583128613 -0.22559269461913045 -0.1327292116050732 -198.64576721191406 0.2616322749193862 0.8462020810880875 0.46420964087650773 -35.71017074584961 0.007593431327883843 -0.482752497763263 0.8757239095194325 2.331085205078125
0.9798142185192132 0.12460649877102835 0.1563243987725828 -197.279541015625 -0.19478336026479576 0.7710270275765797 0.606281094303937 -35.81479263305664 -0.04498377209103919 -0.6244922283026828 0.7797345170235903 2.313426971435547
0.9420732475670481 0.3299550362175644 0.06023014438918003 -195.74212646484375 -0.33232163756546174 0.9425354995378247 0.03448421837295265 -35.64577865600586 -0.04539080770690911 -0.05250243980663527 0.9975886769556205 2.290661096572876
0.9832207760807438 0.18043563916123062 0.026830683995342525 -194.3576202392578 -0.17890503365368499 0.9825229552319186 -0.051396803166258165 -35.476646423339844 -0.03563557796014544 0.04573426027405944 0.998317826656737 2.283712387084961
0.9310055808931795 0.3476932973022754 0.11107645725726485 -192.98155212402344 -0.36415228949397516 0.9055660914840548 0.21758484324646526 -35.45925521850586 -0.02493428166299476 -0.24302144959933947 0.9697003952936114 2.2542471885681152
0.9933520273102955 -0.10234930623559428 0.05269126447162402 -191.3719482421875 0.10791113848891161 0.9872975198913434 -0.11661386455490348 -35.246707916259766 -0.04008660659812732 0.12152459310565487 0.991778623101926 2.2385692596435547
0.9871992027777688 -0.149149688142965 0.056498712921568564 -189.96498107910156 0.15735015594405435 0.9686462141168392 -0.1922639859711026 -34.952064514160156 -0.02605115082523818 0.19869293496239582 0.9797154970381502 2.178135395050049
0.9485029087079598 -0.3166047346791531 0.0101820504458962 -188.4900360107422 0.3166916815728766 0.9470756342242833 -0.05247972828831305 -35.05088424682617 0.0069721585670046065 0.05300174560723905 0.998570079647644 2.165705680847168
0.9983174493356789 -0.05798284174514702 -0.000510308790417407 -186.94747924804688 0.05731457462470442 0.9854006560067897 0.16031402520359103 -34.95148468017578 -0.008792604136063985 -0.16007353686523476 0.9870659313885577 2.1127448081970215
0.9991814059386231 -0.02663496326783769 0.03044826363254904 -185.61148071289062 0.03384985099669533 0.9626155285169867 -0.268748082496348 -34.79512405395508 -0.022151876083478694 0.26955875609908003 0.9627291266998723 2.091120719909668
0.9998916582145805 0.012602921896094618 0.007605142508685021 -184.11253356933594 -0.014291254456027604 0.9549322597975932 0.29647957643644707 -34.57550811767578 -0.003525886976285568 -0.29655614233656147 0.9550089122953186 2.115853786468506
0.9995928481224484 0.012543271626552555 0.025628193837143227 -182.6592254638672 -0.0203550243032445 0.9429082178385305 0.33243009147515584 -34.485084533691406 -0.01999527364318854 -0.3328164044476604 0.9427796295860795 2.1156599521636963
0.9986252442914297 -0.03273301959990774 0.040941066079846725 -181.26609802246094 0.02832545301387381 0.9941787441251898 0.10395332337746215 -34.263763427734375 -0.04410544382999844 -0.10265073870914153 0.9937391688300439 2.008603096008301
0.9952016574117546 0.029313922038965465 0.09335071001117093 -179.6872100830078 0.023066713682329074 0.8568855974823129 -0.5149902907310746 -34.31100082397461 -0.09508726415663524 0.5146724849863966 0.8520977909800806 2.0874314308166504
0.9927226501104878 0.09244377427504963 0.07717440349878714 -178.36843872070312 -0.05029821807224821 0.900583140445544 -0.43176393596964296 -34.146095275878906 -0.10941585450183396 0.4247401037611413 0.8986790389458343 2.0724587440490723
0.961487513019464 -0.27483495206277464 0.002740699235398193 -176.9751739501953 0.25313468972955544 0.8893675358711852 0.3807206521768136 -33.89982604980469 -0.10707283111587299 -0.36536438696603823 0.9246860405422823 2.0439834594726562
0.937658262233793 -0.3415191719963312 -0.06451076207613625 -175.45236206054688 0.33605401587492356 0.8435060542765778 0.4190050534457739 -33.847286224365234 -0.08868304053786243 -0.41456265094397915 0.9056893102843051 2.0083703994750977
0.8861321520474386 -0.3858367088289549 0.25670964771082455 -174.05955505371094 0.45407101926519416 0.8336340071330781 -0.3144421276081099 -33.80191421508789 -0.09267857665740808 0.39520169062301275 0.9139071644086556 1.9754505157470703
0.9857976516645967 -0.14558199326598642 0.08371901342747193 -172.60572814941406 0.14804851395308444 0.9886884455319523 -0.024016560700808022 -33.64469909667969 -0.07927564246885865 0.03606994466747232 0.9961999455946762 1.9234728813171387
0.9749333969468731 -0.22233038234246544 -0.008606544317194091 -171.21926879882812 0.19910354533172642 0.8545103771778277 0.4797601416663786 -33.4978141784668 -0.09931087429867813 -0.4694477781211235 0.8773574721076766 1.8435096740722656
0.9904965666541541 -0.12323978191274784 0.06106150669964996 -169.9003448486328 0.08258238883616256 0.8879295440141789 0.4525055512597446 -33.415618896484375 -0.10998500125219757 -0.44316258982552986 0.8896686003668351 1.7446651458740234
0.9404977071373334 -0.3370051772660644 -0.04349222189412254 -168.42735290527344 0.320501385384122 0.837266101381185 0.4430173105475791 -33.390716552734375 -0.11288456420732458 -0.430596082162646 0.8954574748082137 1.7147760391235352
0.9885984267327017 -0.10503885460493675 0.10788878386982623 -167.1612548828125 0.12606331548988453 0.9692078718315864 -0.21152811082072545 -33.39531326293945 -0.08234798813161714 0.2227171753659116 0.9713989235364145 1.607166051864624
0.9364177668488934 -0.3451361458281093 0.06326773879829811 -165.8987274169922 0.34216588143557486 0.9381273146555315 0.0532883765808066 -33.164424896240234 -0.07774493881371144 -0.028252120984446398 0.996572898562234 1.5475239753723145
0.9868711097094317 -0.15654123817208113 0.039752403354091956 -164.56549072265625 0.1519330554882665 0.9832890608515992 0.10029441390017349 -33.18366241455078 -0.05478831509431539 -0.09293795543873207 0.9941633552731635 1.39389967918396
0.9885688898194867 -0.14785136167329826 0.029521601115436866 -163.3108367919922 0.1497978974717954 0.9853808950858687 -0.08114851516079398 -33.11895751953125 -0.01709210326720748 0.08464317132009934 0.9962647206213714 1.3870017528533936
0.9978536216593259 0.056808540430817685 -0.03257206587686595 -162.0471649169922 -0.06510790088231917 0.8074539658172784 -0.586326747069113 -33.029747009277344 -0.007007922949408463 0.5871889668752893 0.8094195489335956 1.283189296722412
0.9764158386293813 0.21102555442435736 -0.04561058488524829 -160.91017150878906 -0.21582890703681076 0.9487121294129348 -0.23100471508623055 -32.83148956298828 -0.005476582965459189 0.23540074529335592 0.971882964226843 1.2065443992614746
0.9987003833611127 0.045216706887315515 0.0235158179239601 -159.67344665527344 -0.044400086159624826 0.9984296077734198 -0.03416065968965844 -32.68695068359375 -0.025023521402555263 0.03307215958599252 0.9991396577240512 1.0074748992919922
0.9987336813992536 -0.04845172500680733 -0.013544887690904029 -158.4480438232422 0.0469072520725547 0.9941358756633395 -0.09743495482673215 -32.69548034667969 0.018186350422673983 0.09667621766986048 0.9951497201905619 0.9853613376617432
0.9973805627536438 0.07100326289404439 0.013803974051848144 -157.3479461669922 -0.07216260769207224 0.9636699866433167 0.25716281786827166 -32.57026672363281 0.004956923673504952 -0.2574853267688646 0.9662694941921877 0.9226112365722656
0.9684704837317476 -0.19720904044656284 -0.15222850096660936 -156.23069763183594 0.24804484963908036 0.8202297316449887 0.5154579904251325 -32.42005157470703 0.023209366814306936 -0.5369653449634678 0.8432849717624187 0.8679299354553223
0.9883371716204024 0.15204737738724533 0.00843979994100702 -155.05697631835938 -0.14870750415771472 0.9517214603387967 0.2685374091961336 -32.44563293457031 0.03279807007381517 -0.2666605650639949 0.9632322822866685 0.7893215417861938
0.9479236441980023 0.2957103985823886 -0.11830521941412425 -154.06578063964844 -0.31472885916472876 0.926662572441323 -0.20552912699979617 -32.311161041259766 0.04885191889012742 0.23205998579392104 0.9714739589994565 0.69903564453125
0.9510631731469946 -0.3089050711446239 -0.007516495506850011 -152.85809326171875 0.2917108983819016 0.9056159482344381 -0.30783844150570794 -32.08151626586914 0.10189991388020672 0.29058116133805734 0.9514089531986927 0.5874204635620117
0.9936571641275421 -0.11144900651852685 -0.01498529692881528 -151.8885498046875 0.10058183934571538 0.9404340780352599 -0.32475689132611807 -31.991573333740234 0.05028651679967604 0.3211897629377448 0.9456788050983017 0.46128368377685547
0.9600317723414936 0.2773954515854363 -0.03729288852532544 -150.99270629882812 -0.277636531332923 0.9606852483691632 -0.0013453755244916743 -31.865625381469727 0.03545352682418743 0.011645471462799328 0.9993034726398862 0.43424415588378906
0.9981890539641866 0.05846934684381936 0.01414029793672874 -149.9311065673828 -0.060018905033168195 0.9522284508950012 0.29943064029041166 -31.751821517944336 0.004042719963322005 -0.2997370727583819 0.9540132827322346 0.22613275051116943
0.9992131578575969 -0.0005190562842802876 -0.03965848893771809 -149.01611328125 0.006650767359293727 0.9879487184258707 0.15463860143642133 -31.71138572692871 0.03910028718285727 -0.15478068465171474 0.9871748108622731 0.2744162082672119
0.9856690279255346 -0.15855916694705005 -0.05758088194348004 -148.12355041503906 0.1614506686205283 0.9856338931511227 0.04959344990767915 -31.511924743652344 0.04889017273763555 -0.05817919945151037 0.9971082848722427 0.19968700408935547
0.991956950884427 -0.11882410093741297 -0.04361468363390776 -147.18504333496094 0.11876818685231849 0.9929144280739796 -0.003880246684786326 -31.308780670166016 0.04376671547972419 -0.001330999225216663 0.9990408915841129 0.05916309356689453
0.9388971978867952 0.3339208413164011 -0.08348007867072786 -146.38833618164062 -0.34369977203368784 0.9225874333431634 -0.17522241449444986 -31.310089111328125 0.018507255450634322 0.19320791798428105 0.980983273009211 -0.008336544036865234
0.8902072531492637 -0.36359965064745703 0.27445644552367493 -145.46734619140625 0.45351120193033745 0.6503110547219433 -0.6094449292841271 -31.18513298034668 0.04311190281283618 0.6670013689307399 0.7438081323032006 -0.03286933898925781
0.39901002057106316 -0.7111494958707938 0.578841427341371 -144.52005004882812 0.9164247822873304 0.2879879308687773 -0.27790028802349126 -30.88287353515625 0.030929304769083066 0.6413496286711611 0.7666250921473057 -0.042731285095214844
0.8017327310481033 -0.5643297604886652 0.19686683162217966 -143.7908477783203 0.5970387917814077 0.7408918871220439 -0.3076099684745826 -30.68305206298828 0.027736421440892736 0.364158115416288 0.9309240344421831 -0.14478731155395508
0.9896994362098652 0.12411374936126218 0.07134986464853556 -142.95761108398438 -0.11400409584399782 0.9847277958385552 -0.13158356369141633 -30.689899444580078 -0.08659152439278982 0.12209400199203174 0.9887340201393408 -0.1565861701965332
0.994713414691699 -0.0757803392047869 -0.06930052541205553 -142.26834106445312 0.06950673217769511 0.9936168817576633 -0.0888499097813583 -30.727319717407227 0.07559124826564037 0.08356334409407502 0.9936312850899257 -0.21565485000610352
0.6604120954108419 -0.6511939063804579 0.37390153854727626 -141.29345703125 0.7434001479103571 0.4967804680225931 -0.44784527091185444 -30.516342163085938 0.10588713010522144 0.5737208928426892 0.8121774761675352 -0.2611885070800781
0.950626381136121 -0.3098971216340556 0.016530501836600427 -140.62283325195312 0.3056181232097248 0.9255860765011652 -0.2233561679312762 -30.413835525512695 0.05391703120358095 0.21738028657195754 0.9745967190361794 -0.27987241744995117
0.9999743166915873 0.002198990652691461 -0.006821319322744516 -140.0015869140625 -0.0007991763927678242 0.9800435477372542 0.1987813015745447 -30.409954071044922 0.007122308213403485 -0.1987707447756994 0.9800201343579771 -0.31026268005371094
0.9928995650906688 -0.11892981373678699 0.0024805336711883046 -139.13551330566406 0.11699728426881342 0.9801091197188629 0.1603051743320784 -30.38807487487793 -0.021496258197258616 -0.15887672217303808 0.9870643839360571 -0.4054509401321411
0.999301060691318 0.0025793227043370524 0.037292589017038615 -138.36485290527344 -0.000300334327703372 0.9981384601133998 -0.06098790242123903 -30.35945701599121 -0.03738047485651381 0.060934075334232014 0.9974415965672695 -0.43486547470092773
0.9880399541590189 -0.1078243270879715 0.11023140874301472 -137.5858917236328 0.13995918799676382 0.9271343743368687 -0.3476108134369084 -30.230182647705078 -0.06471842612988955 0.358881270632794 0.9311368099845806 -0.5174570679664612
0.9040283075437145 -0.3971933638270225 0.1580197800638326 -136.9195098876953 0.4267126997501316 0.8164682392591285 -0.3889677186516292 -30.099918365478516 0.02547726499453136 0.419066875346732 0.9075978531020913 -0.4934225082397461
0.8543604963484764 -0.41050926110287667 0.31866956056070933 -136.1522216796875 0.5193617161710262 0.6529816657470584 -0.5512516231033553 -30.13188934326172 0.01820851600410467 0.6364723801917624 0.7710845344046016 -0.48357152938842773
0.9748454241270746 -0.17249160975558214 0.14114901211992947 -135.43467712402344 0.22288165165218798 0.7532795687804199 -0.6187840177434913 -30.171764373779297 0.00041038432811880965 0.6346782931705737 0.7727763555924771 -0.4981689453125
0.9121493515853312 -0.30917188581720606 0.26906561545967245 -134.8251953125 0.40983687191939994 0.681372544082 -0.6064364720121509 -29.995038986206055 0.004159184749583933 0.6634336449046396 0.7482235628411894 -0.4995913505554199
0.9093096582959821 0.31393598240563575 -0.2731302697993261 -134.25238037109375 -0.41596129618409056 0.6676215714023739 -0.617460636376989 -29.622835159301758 -0.011495451556838648 0.6750745413280175 0.7376599611231933 -0.5242071151733398
0.8994976918886471 0.29082386517360753 -0.32607573005742035 -133.7049102783203 -0.4081036576852483 0.8257873391581946 -0.3892642740734763 -29.543319702148438 0.156061868728136 0.4832150141826226 0.8614800886831743 -0.5853919982910156
0.873612716479039 -0.4139193442100227 -0.25587418411175994 -132.91943359375 0.47644263664705305 0.8345349815992115 0.2766835348769563 -29.37978172302246 0.09901129021944015 -0.3636236254370011 0.9262691959863144 -0.4819011688232422
0.2377632458458167 -0.6056842344397287 -0.7593518598620941 -131.9994659423828 0.9591037191461363 0.27000992986420874 0.08493935303953232 -29.237525939941406 0.15358611540406558 -0.7484926492129931 0.6451124392144396 -0.48552608489990234
0.3551705160483749 0.9301600018790243 -0.09303910701605447 -131.536376953125 -0.9344638695394528 0.35060447157235597 -0.062078829232046995 -29.644256591796875 -0.02512331696420081 0.10899025377474258 0.9937252857439192 -0.5437283515930176
0.8283870928434501 0.3900460411344678 -0.4020434183091497 -130.81797790527344 -0.5502538119473452 0.7009809962597662 -0.45370297036726703 -29.395565032958984 0.10485974846332843 0.5970676081299291 0.795307930599345 -0.6549644470214844
0.6221696225269024 0.09287435279925582 -0.7773540476493649 -130.2089080810547 -0.7821115719410356 0.11778959690974389 -0.6119044859255096 -29.404251098632812 0.0347339868234835 0.9886859791925642 0.14592321510776363 -0.5457515716552734
0.9082913836213602 0.36287805785564115 -0.20814965185201 -129.59483337402344 -0.4165926937145958 0.8299938865844027 -0.3708917305308043 -29.201332092285156 0.03817446768210403 0.42359138725832907 0.9050486432550199 -0.49608421325683594
0.26784403591536454 0.7876812129885731 -0.5548133732431284 -128.87338256835938 -0.9634389110649169 0.21496021718015523 -0.15992988987649362 -28.90350341796875 -0.006710966444247957 0.5773650593296329 0.8164585422387798 -0.48409175872802734
-0.1616192692076357 0.6938694144161737 0.7017296114306039 -128.40966796875 -0.9848365861496773 -0.15883976961755564 -0.06976264164215285 -28.844444274902344 0.06305640650908795 -0.7023639820816543 0.7090195528139986 -0.4985084533691406
0.644348871241168 0.4180598532137965 0.6403440413255138 -127.51245880126953 -0.7539721072863197 0.20732538320492555 0.6233315706052094 -28.772098541259766 0.12783033115993625 -0.884444540154887 0.448795345147152 -0.45558738708496094
0.9318131617673394 0.35025830968671046 -0.09509651966587623 -126.93257904052734 -0.26605119165305025 0.8374183133383765 0.47743830167415396 -29.06271743774414 0.24686229962703077 -0.41958275105265813 0.8735040469522376 -0.07973670959472656
0.9976374560875548 0.05768615817509912 -0.03730701497238878 -126.05058288574219 -0.054667909830234784 0.9954997129428524 0.07740633801887324 -29.024076461791992 0.041604396954479636 -0.07518396561565628 0.9963013828497672 -0.0583263635635376
0.9734336682462527 -0.09794123308508265 -0.20696475155547103 -125.22969818115234 0.050070531384046484 0.9730750190015501 -0.2249843311923116 -28.91030502319336 0.22342747237428875 0.2086444877223121 0.9521279548104499 -0.32782745361328125
0.9097773468453221 0.2815321143335775 -0.30503253558588167 -124.57795715332031 -0.36441431425597814 0.8935754916437755 -0.26215462669754724 -28.760896682739258 0.19876465161701146 0.34966056302141163 0.9155490723795845 -0.38775062561035156
0.7587026364567506 0.6398093454883129 -0.12253289704969902 -123.85955810546875 -0.624928010358017 0.7679492464350515 0.1404241317217479 -28.50763702392578 0.18394371776047627 -0.02996591940276802 0.982479899219725 -0.23912620544433594
0.8997543671097655 0.3798280060150569 0.21487848825215422 -123.0738296508789 -0.3471687127946023 0.3246561986373858 0.8798137516218197 -28.529159545898438 0.2644162697782498 -0.8662153534387093 0.42397523246483115 -0.15881848335266113
0.9610623890121843 0.26600543366913204 -0.07483444183455978 -122.2454605102539 0.07559861981858129 0.007380511282962965 0.9971110152509238 -28.530048370361328 0.2657892644704047 -0.963943274945004 -0.013016511843893686 -0.08469390869140625
0.7877860162701534 -0.1462680032319585 -0.598330062590655 -121.29006958007812 0.5637801259861184 0.5624737044925718 0.604793602229289 -28.53951644897461 0.24808297424909664 -0.8137745406345289 0.5255719122087702 -0.011400222778320312
0.8310833165621474 -0.43366336468495437 -0.3481904752605765 -120.5430679321289 0.4565128622012089 0.889529521449442 -0.01825478333991272 -28.617761611938477 0.3176421375965757 -0.1437821845711469 0.9372460487102771 0.08086585998535156
0.7436715353093705 -0.6685409251539347 0.0023830578938021096 -119.58881378173828 0.5800516519397778 0.6434573307371849 -0.49950249709337 -28.369422912597656 0.332404465452164 0.3728480855722588 0.8663091690802788 0.03378868103027344
0.8350945261419844 -0.5124797624480716 0.19995405844559047 -118.72840118408203 0.4639414990092813 0.4608050855962284 -0.7565824202198156 -28.305126190185547 0.29559333196930465 0.7245848233090594 0.6225764338018777 0.10645675659179688
0.8911804642792989 -0.45342852925323057 -0.014140330483605676 -117.83843231201172 0.3984203874922842 0.7972104346434344 -0.45356004864419486 -28.269893646240234 0.2169298847955981 0.39857005877872786 0.8911135355989662 0.24611663818359375
0.9336762988815984 -0.3222359048435575 -0.15624528964552253 -116.78348541259766 0.3113887064208199 0.9459905407083821 -0.09021624246127115 -28.5559024810791 0.17687747855599917 0.03557974873317897 0.9835895683971823 0.4523468017578125
0.8457195349136424 -0.4286595914926367 -0.317819796247525 -115.8911361694336 0.4575836836992185 0.8889713440096011 0.018631208817926417 -28.452720642089844 0.27454624506211345 -0.16118593037585321 0.9479680665355583 0.5275344848632812
0.7563518006586741 -0.23521826198309817 -0.6104132394288574 -115.08988952636719 0.5757146989821457 0.6824225838502948 0.45039094398864676 -27.93651580810547 0.3106196050095331 -0.6920778758786742 0.6515701609980185 0.2982654571533203
0.4201459907655485 -0.9017459040717304 -0.1016448273818852 -114.07576751708984 0.8597718219926314 0.4313951378553804 -0.27329590033918977 -28.046600341796875 0.2902925430511549 0.027432818385921556 0.9565446565238334 0.4189872741699219
0.7652270953435373 -0.6207895432122665 0.1704342559182236 -113.25312042236328 0.5684617535711107 0.5273604635085943 -0.6314603520846408 -27.904043197631836 0.3021236953285044 0.5800959270381979 0.7564456280227569 0.3944206237792969
0.8588622278405933 -0.4395300560349424 0.2630000065220789 -112.29991912841797 0.40959248173575363 0.2810407407683482 -0.8678998219460151 -27.618316650390625 0.307554340717603 0.8531291999869063 0.42140348317908105 0.4125232696533203
0.9228617193961188 -0.3465062506915175 -0.16810611263409442 -111.35282135009766 0.24615883194657875 0.8663900188979852 -0.4344814893739952 -27.411827087402344 0.2961960099797693 0.35958553000038307 0.8848537564402427 0.5204448699951172
0.9772194071343372 0.007200687218771144 -0.21210935958507868 -110.26203155517578 0.02001542763796292 0.9918428888601455 0.12588513206106075 -27.358505249023438 0.2112856194266052 -0.1272628536578473 0.9691039949883486 0.5970630645751953
0.9791690996651897 -0.14091277907024033 -0.14618981823493485 -109.26795959472656 0.11718112940085348 0.9801531116783968 -0.15990140893530824 -27.329330444335938 0.16582055714899188 0.13943983061470594 0.9762479584946336 0.5812397003173828
0.9510849534185899 0.1419459320738573 -0.2743879803279332 -108.2492904663086 -0.2911956122433099 0.7085141902623526 -0.6428162704903526 -27.176944732666016 0.1031626230327741 0.6912734585998266 0.7151912182377739 0.6820173263549805
0.9965612868477166 -0.05636195756373348 -0.06073657296890167 -107.011962890625 -0.013590378014901153 0.6119006878500309 -0.790817836062181 -26.76581382751465 0.08173679209410473 0.7889238733542309 0.6090305565978789 0.8281135559082031
0.7003620930943252 -0.24075515310063866 0.6719597419578229 -105.85730743408203 0.7089085192444282 0.12472751456274367 -0.6941842395601276 -26.635839462280273 0.08331656437472712 0.9625383126746117 0.25802780225065547 0.770782470703125
0.7772366826500009 -0.43958747094713235 -0.4501844005843889 -104.697021484375 0.6288638077044764 0.5663820128813429 0.5326741281908718 -26.248029708862305 0.020819474120373077 -0.6971185486492106 0.7166535276035197 0.8146620988845825
0.9982843834328919 0.002639341690948274 -0.05849208210903017 -103.68048095703125 0.054209834780075045 -0.41917692842023346 0.9062847215380472 -26.30629539489746 -0.02212653626594254 -0.9079007305623326 -0.41860085981428063 0.9014101028442383
0.9409320953773807 -0.18134848823005884 -0.285936212651361 -102.60415649414062 0.33313650901791153 0.6468566122691333 0.6860004296813955 -26.264142990112305 0.060554588992834 -0.7407356134143765 0.6690619498757471 0.9603540897369385
0.9538904751691747 0.22585367776284554 -0.1976944046312966 -101.44121551513672 -0.30006202570596 0.7011564983925552 -0.6467938972278005 -26.202180862426758 -0.0074660639403817675 0.6762911214875496 0.7365966174822898 0.9672727584838867
0.9706530270412501 0.19416201687732393 -0.14189366546040222 -100.3838119506836 -0.2398059167119886 0.8257617590711712 -0.5105003815528529 -25.999530792236328 0.01805057909269272 0.5295456811813456 0.8480893515052548 0.9857492446899414
0.9942652883732606 0.0831196878207917 -0.06728784312646319 -99.08728790283203 -0.10468068235362495 0.8851466285089858 -0.4533843852418776 -25.928627014160156 0.021874438918903998 0.4578280938690306 0.8887715934852067 1.0469427108764648
0.9973415828524185 -0.07268083457965355 0.005221436415138142 -97.88057708740234 0.06947597773493894 0.9268603219895735 -0.3689214442657925 -25.83207130432129 0.02197397622658592 0.3683034615723683 0.9294459126611964 1.1892116069793701
0.9255456832400659 -0.3548349173037591 0.1321263399088704 -96.66195678710938 0.3783184675783428 0.8523514812617746 -0.3610707541189583 -25.432018280029297 0.015502429643584052 0.3841733122600961 0.9231308362427575 1.1855268478393555
0.9628477011042413 -0.22840696078263958 -0.14406444649640493 -95.30226135253906 0.26587198263454814 0.7083781071169231 0.6538444357853171 -25.25237274169922 -0.047290520490393465 -0.6678553118928402 0.7427872434609152 1.2483043670654297
0.9660075661638947 0.25838591657480975 0.0081302047885427 -94.18810272216797 -0.2582458227032403 0.9659604629717475 -0.01514856533580514 -25.63726806640625 -0.01176763232068123 0.012534037306552833 0.9998521994466796 1.318415641784668
0.9272081450501457 0.37443641627325175 -0.009078872237919415 -92.92191314697266 -0.3743075430458923 0.9254787534799572 -0.05816304734221213 -25.188827514648438 -0.013376059644595938 0.05732754159763949 0.9982658132996218 1.1079061031341553
0.9735784239250569 0.21400986930692692 0.07965443055370075 -91.5807876586914 -0.2144597521837824 0.9767283286590397 -0.002964234840520245 -24.91220474243164 -0.07843511433581846 -0.014196754352709525 0.99681813035527 1.3997530937194824
0.524980268747502 0.8479657973407189 -0.07314180723854001 -90.4507827758789 -0.8452283437274393 0.5093317420607528 -0.16177213446427952 -24.997323989868164 -0.09992379289023538 0.14674870721637728 0.9841138412525005 1.355959415435791
0.9885837942372669 0.15014139454123476 0.012635007584567107 -89.19512176513672 -0.11186983539439987 0.7875849000854283 -0.6059663068902887 -24.618690490722656 -0.10093176754757971 0.5976349946268533 0.7953899619036452 1.1169745922088623
0.9962108991311425 0.06230047073749887 0.060683571073289366 -87.64453887939453 0.04156345826257992 0.27186711465986985 -0.9614368158666343 -24.2794132232666 -0.07639583358780563 0.9603160538658112 0.2682475597242611 1.5242481231689453
0.9476189078203572 0.1980050173912248 -0.2506240583608326 -86.2105484008789 0.31405910825737315 -0.7205567452005168 0.6181948345518758 -23.955646514892578 -0.05818317679481644 -0.6645238822148819 -0.744998475101879 1.4723758697509766
0.9958926463672242 -0.0875921165929125 -0.02292287116529345 -84.8995132446289 -0.011541755439151036 -0.37392337651489244 0.9273877810156249 -24.01702880859375 -0.08980325602710543 -0.9233141012713254 -0.37339850776409717 1.5960063934326172
0.9725226444860717 0.1831402848264123 0.14373358005531733 -83.60533142089844 -0.20007976039217454 0.9731458743595746 0.11382089745889859 -23.97732925415039 -0.11902854885794313 -0.13945158045228337 0.9830490635091071 1.6267943382263184
0.9613459395911064 0.2652648567611754 -0.07381422762019607 -82.17977142333984 -0.2547054510212987 0.7549071489452261 -0.6043511642178139 -23.806102752685547 -0.10459023688533176 0.599791423945744 0.7932913273882471 1.6773293018341064
0.9995051934907331 -0.005888857060090253 0.03089805087021164 -80.83617401123047 0.014416921224908515 0.9588275688240889 -0.28362271708253894 -23.584514617919922 -0.02795568935739456 0.28392783348134953 0.9584380338901102 1.660652995109558
0.9235040056639229 -0.38350197717767853 0.008159964675184844 -79.25276184082031 0.38160901307601225 0.9206882371546262 0.08190073933890031 -23.475671768188477 -0.03892187896082191 -0.07252174477987887 0.9966070860034265 1.774600863456726
0.8467797452818894 -0.5315288005622345 -0.021004693599544683 -77.85185241699219 0.5319386397322641 0.8459397040564807 0.037779632880990524 -23.40438461303711 -0.002312258663518566 -0.04316423604914324 0.9990653142743805 1.8587119579315186
0.9880155145193029 -0.15434732405981724 0.0014988744879813679 -76.51856994628906 0.1345589556497713 0.8660217142878086 0.4815602535887362 -23.256677627563477 -0.07562559436857233 -0.47558731473576843 0.8764117043597839 1.8940458297729492
0.9830125430218909 0.05564951586937948 0.17489846095703313 -74.97991180419922 -0.15203433547009065 0.7807297668625085 0.6060912406337688 -23.20477867126465 -0.10281975053365519 -0.6223858630450381 0.7759277907008358 1.8557319641113281
0.9278740536109752 0.14352717368112142 0.3441652089486188 -73.61968231201172 -0.3596257108421862 0.5884432600024685 0.724157357111643 -23.156536102294922 -0.09858543876653135 -0.7956974803106872 0.5976172948387907 1.8121137619018555
0.944707039971918 0.05894013147309202 0.32257506030291855 -72.05178833007812 -0.31155355896460796 0.46818668304815036 0.8268830689479966 -23.217403411865234 -0.10228875072061179 -0.8816616645393546 0.46066226322297243 1.8106822967529297
0.9538998555808231 -0.299453555120052 -0.020065738183455462 -70.55976867675781 0.2897038500071477 0.9012522056813688 0.32220512262455403 -23.237197875976562 -0.0784011786513509 -0.3131645415439459 0.9464571966579626 1.838573932647705
0.992833280539095 -0.09461322956055622 0.07300968323517082 -69.20855712890625 0.11401203650681342 0.9330023352246172 -0.34133253287224175 -23.146745681762695 -0.03582363166329644 0.34721028103662543 0.9371028162143789 1.8484845161437988
0.9962347565339323 -0.07665830647333101 0.040494615968266576 -67.65921783447266 0.08389114485855574 0.9702398760880082 -0.22714941924435356 -22.935897827148438 -0.021876601383609633 0.22969128607190814 0.9730176398270154 1.7711635828018188
0.9967443905069129 -0.08023995346438914 0.007884786682900805 -66.26224517822266 0.07928042233066937 0.9932012206310238 0.08524054183377007 -22.743093490600586 -0.014670876867893352 -0.08433792269837258 0.996329202707042 1.8096293210983276
0.9984503253123214 -0.048607174026087406 0.02709779542541809 -64.83259582519531 0.043113435509256136 0.9835121522953678 0.17562766856598333 -22.60023307800293 -0.03518777575109527 -0.1741872237580338 0.984083650670592 1.716152310371399
0.9998970197687967 0.0035697745033968875 0.013899876527265927 -63.3459587097168 -0.0006876782226269058 0.9793739750035437 -0.20205480490307617 -22.51740837097168 -0.01433446741739872 0.20202443861016653 0.9792755737013491 1.7520089149475098
0.9949256418674546 -0.0665743034028059 0.0754375853342645 -61.9527473449707 0.10061035872762777 0.652923917368444 -0.7507116049755346 -22.349607467651367 0.0007230984243843455 0.7544920279596573 0.6563088121258105 1.777120590209961
0.9447894561899057 -0.31293280545638247 -0.09719023995020877 -60.35614776611328 0.3270302820399147 0.9191314402258525 0.2196556173132007 -22.05247688293457 0.020593156661258147 -0.2393124628128408 0.9707241972059709 1.7774180173873901
0.9789134569180042 -0.041351499608300105 -0.2000462380175834 -58.956851959228516 0.20265703033834492 0.3196184623742035 0.9256209626861274 -21.923580169677734 0.025662656122974165 -0.946643592905849 0.32125898600820385 1.7888755798339844
0.9798899874489964 -0.09039020205059115 -0.17789104494172453 -57.62824630737305 0.19681088990246412 0.5847218506301366 0.7869979866629063 -21.89867401123047 0.03287987398098545 -0.8061823421341608 0.590752862979159 1.81419038772583
0.9943811697113825 0.05781152266356927 -0.08867873009207396 -56.14255905151367 -0.07253598847993291 0.9822431551438134 -0.1730228729051915 -21.830352783203125 0.077101359901511 0.1784830860906619 0.9809175134948359 1.7394530773162842
0.9958502591652033 -0.04568171132660384 -0.07871113371607713 -54.738380432128906 0.04058126637691825 0.9970451231505819 -0.06522410000058544 -21.33224105834961 0.08145810051703234 0.061759239405238794 0.9947614659848075 1.6870319843292236
0.9915900135666722 0.1289048777450037 0.011522911454666933 -53.31021499633789 -0.12308281032275482 0.9668160721694634 -0.22386894469278973 -21.252710342407227 -0.03999833493908466 0.22056793758013932 0.9745511367361613 1.5575122833251953
0.992001197006574 -0.043374213138832766 0.11854240917119732 -51.62614059448242 0.024223975662146492 0.987069651764107 0.1584509437315046 -21.189138412475586 -0.12388229954535149 -0.15431195741377857 0.9802249719622961 1.6529343128204346
0.8567427346550781 -0.39212295051275226 -0.3350096689603329 -50.351234436035156 0.5157426283254569 0.6498793392248101 0.558270889243451 -21.135026931762695 -0.0011949659776564203 -0.6510732955127999 0.759013923407479 1.4917209148406982
0.870695475944658 -0.2632878861123651 -0.41541410327044515 -48.822513580322266 0.4828282224766888 0.6183812608171533 0.62006574155503 -20.95425796508789 0.09362849859688505 -0.7404620890340506 0.6655445882537271 1.644761085510254
0.9920678955923262 0.10451489359268458 0.06984216170998138 -47.47611618041992 -0.11184613723306656 0.4803257389089082 0.8699296673453857 -20.870065689086914 0.057373618685380226 -0.8708408703999378 0.4882053321298564 1.6267399787902832
0.8879346665549562 0.4599651042868867 -0.002032429160379528 -46.1669921875 -0.4578408345771439 0.8842412535620648 0.09219097403049979 -20.93859100341797 0.0442017886927986 -0.08092903272214137 0.9957392698588399 1.650477647781372
0.99946582594766 -0.004652811987077704 0.0323483245837366 -44.5519905090332 0.032494220989686504 0.24721645455851093 -0.9684152777593884 -20.944616317749023 -0.0034911839016712153 0.9689491090537896 0.2472355874441058 1.6511173248291016
0.999266308043061 0.03420897134724267 0.017221843378502667 -43.20304489135742 -0.006849021268737619 0.6020267855572594 -0.7984465169184808 -20.644615173339844 -0.03768204503010055 0.7977427503593856 0.6018193813191732 1.7185649871826172
0.982392415002961 -0.18599462255208216 -0.017639255266540935 -41.582340240478516 0.17770331528184874 0.9010853345711783 0.3955587839482104 -20.28007698059082 -0.05767733248417056 -0.3917285031784842 0.9182712590052323 1.3733158111572266
0.9088696220892515 -0.22035251995446908 -0.3541197212710082 -40.21417999267578 0.41668420451405946 0.5167152780076263 0.7479168370761464 -20.073766708374023 0.018173710458427222 -0.827314987428136 0.5614442339404302 1.5362019538879395
0.9987587536042785 0.0493517474386522 0.006734769749609655 -38.84016799926758 -0.04706080365920896 0.8906908054756083 0.45216719230851093 -20.186925888061523 0.01631664358188152 -0.4519228850876707 0.8919077716200585 1.6507997512817383
0.9696815310641843 0.24309309701466417 0.024969471296736757 -37.37432098388672 -0.2443339101700682 0.962648948840128 0.116653082419634 -20.023658752441406 0.004320723784798319 -0.11921722812083814 0.9928587935175675 1.5947554111480713
0.8531536943579031 0.5088774519599043 -0.11477156742964395 -36.127593994140625 -0.5215257638699108 0.8370194180857936 -0.16555775840239553 -19.81631088256836 0.0118174203347505 0.20110254258490892 0.9794989106387598 1.620175838470459
0.9746472558333252 0.22225208208625385 0.025821283951298644 -34.50694274902344 -0.21018825680142628 0.9490303256948457 -0.23486663793376994 -19.463607788085938 -0.07670478081153875 0.22348479348684996 0.9716845803452855 1.3120975494384766
0.9757651208917328 -0.19338924535034754 0.10238666238316615 -33.0982666015625 0.2021482661714389 0.9757959205532667 -0.083417024134665 -19.246049880981445 -0.08377653212578359 0.10209270891902754 0.9912409250280941 1.1710408926010132
0.7824283903071111 -0.6227382507190378 0.0016985678719366425 -31.758787155151367 0.6203533196489177 0.7791874880642053 -0.08960255155273901 -19.26634979248047 0.054475433380474225 0.07116129239682444 0.9959761531394328 1.5717694759368896
0.6153229041111761 -0.6796500466857084 -0.3993163379030503 -30.20410919189453 0.7875391701256905 0.5519205748469751 0.2741637003294263 -19.064678192138672 0.0340555310328193 -0.4831764616583668 0.8748604046963 1.5828726291656494
0.9664903057934682 -0.2547020095565009 0.03199023499645331 -28.88139533996582 0.25288132993689816 0.9661030189330779 0.0519229215061933 -19.000539779663086 -0.04413073505612403 -0.042093267113313994 0.998138585110872 1.5791332721710205
0.9958732730889257 -0.08805337007861214 0.02197789719124634 -27.50128173828125 0.08944515175406198 0.9112962593010728 -0.40191876369680074 -18.932252883911133 0.015361926143646308 0.4022259710680936 0.9154115355529918 1.5051825046539307
0.9050036533717623 0.42468347136280366 -0.024745434629479854 -26.11411476135254 -0.4252755327954108 0.90177053380828 -0.07714029790394264 -18.635208129882812 -0.010445505700663223 0.08033587932156025 0.9967131171527186 1.4861445426940918
0.8054897889428428 0.5920075427699526 0.0267071004097662 -24.834095001220703 -0.5919946060979141 0.8058889705130652 -0.009238698846019865 -18.56855010986328 -0.02699233705683936 -0.008368781803509959 0.9996006088590259 1.4950478076934814
0.9612665604369903 0.27560007558277283 -0.0033463598741796975 -23.44158363342285 -0.2753881166902918 0.9598873340545026 -0.05270380543674057 -18.361011505126953 -0.011313044303452147 0.05158395351763427 0.998604581788046 1.4407875537872314
0.9999097654917325 0.0071815997234393174 -0.011352774977107703 -21.932695388793945 -0.0020940668793728336 0.9181014164049424 0.39634001069680486 -18.212820053100586 0.01326935409781728 -0.3962804736807643 0.9180336107252152 1.3789551258087158
0.935266838867454 -0.34078306755653615 -0.09561820423767123 -20.534793853759766 0.34909111336598225 0.9327261070830393 0.0903183466114027 -18.118595123291016 0.05840663219000577 -0.11785121990236616 0.9913121381702865 1.3431501388549805
0.8716975137100798 -0.4774269347520824 -0.11048514182864634 -19.007762908935547 0.48637338420387566 0.8704365409779393 0.07603393497925354 -17.935373306274414 0.059869656168499805 -0.12001562441445307 0.9909651225783249 1.4014649391174316
0.9812482929188998 -0.17213247815845378 -0.0867306036343255 -17.684585571289062 0.19019207527929533 0.937713089036419 0.29072519180616574 -17.847612380981445 0.03128517451924952 -0.3017690716637582 0.9528676011086188 1.3570563793182373
0.9993361528414012 0.021127165612992434 -0.02967990056096429 -16.40988540649414 -0.03600383338473537 0.6971877614119533 -0.7159839029747761 -17.888893127441406 0.005565752936643265 0.7165771892898563 0.6974855942481519 1.3845791816711426
0.8188850106222134 0.12493686203063911 -0.5601947160445145 -15.019829750061035 -0.5739443907823449 0.18487210320594255 -0.7977531834757503 -17.67782211303711 0.003895595941592278 0.9747887391441021 0.2230958053619823 1.385995864868164
0.24812033657087357 0.7890831982024001 -0.5619466210367565 -13.904487609863281 -0.9680155500172319 0.22422129796915763 -0.1125642237207814 -17.51433563232422 0.03717786310147925 0.5719025405186602 0.8194786700357184 1.3523635864257812
0.8958141012674453 0.44403093366031915 0.01880494411436679 -12.466732025146484 -0.42666799559620333 0.8474017390922927 0.31601378785944795 -17.219867706298828 0.1243845549267169 -0.29111307517200796 0.9485682157649915 0.8685445785522461
0.9388107330168446 0.23605604975917693 0.2508225447292722 -11.048449516296387 -0.3410316554608218 0.5349607131726282 0.7729905855413015 -17.007732391357422 0.048288896715767915 -0.8112302858830689 0.5827294446997233 1.3235960006713867
0.8932405425250756 -0.3356329702010641 -0.29911844226580253 -9.607622146606445 0.4407455721324125 0.7849872651971921 0.4353600051955916 -16.958303451538086 0.08868299631372947 -0.5207163362064271 0.8491111961177842 1.3155198097229004
-0.049496360313156074 -0.5662324778232912 -0.8227581001569333 -7.989541053771973 0.9902906721259939 0.07931780427950963 -0.11416247467764751 -16.854228973388672 0.12990186686879185 -0.8204202989824017 0.556808798423327 1.3199939727783203
-0.22790461184637872 -0.865592461821121 -0.44588022824252094 -6.556674003601074 0.9646481921679946 -0.1384846270266819 -0.22422282092664075 -16.86209487915039 0.13233802645563 -0.4812189710679868 0.8665534886191948 1.2985303401947021
0.06518415250537091 -0.93124684310631 -0.35851128778141456 -5.2613067626953125 0.986152492208893 0.11502134562349642 -0.11947113526349948 -16.727336883544922 0.1524935682982917 -0.3457591752296558 0.9258489641254465 1.3316173553466797
0.8533387016514515 -0.4396884089524223 0.28015560550647944 -3.975674867630005 0.5138636333389476 0.6185446286075824 -0.5944297340749395 -16.537187576293945 0.08807511904908394 0.6512116748443589 0.7537679536507866 1.3207368850708008
0.9845304504875235 0.09101725968928301 -0.14971857099734573 -2.822645902633667 -0.17260316003870238 0.6507591784534614 -0.7394055996563927 -16.36664581298828 0.03013206278182303 0.7538092265933266 0.6564020937621106 1.3161072731018066
0.7756948219316102 0.6138680586540517 -0.14650443608571478 -1.501699447631836 -0.6311075682735341 0.7548292072310765 -0.17870675750729498 -16.07638931274414 0.0008834570470524494 0.2310819648419375 0.9729338852298421 1.3077086210250854
0.873811018045655 0.4862654603732115 0.00045474173444831796 -0.1608569622039795 -0.48556689829959643 0.8725048337880298 0.054406822111130834 -15.98195743560791 0.026059394039881147 -0.04776208815107952 0.9985187484057187 1.2673330307006836
0.9723632880046479 0.22464392595609092 -0.06359829142221203 1.1622711420059204 -0.2320872231608148 0.9596740442565346 -0.1586229795011086 -15.923081398010254 0.02539994067497832 0.16899951275474528 0.9852887940610947 1.2855291366577148
0.9945290251850041 -0.10062771399231793 0.02803714038995068 2.654790163040161 0.09841470188509827 0.8126031004213554 -0.5744482114503168 -15.839099884033203 0.03502234311739831 0.5740646865661402 0.8180606157982955 1.2837882041931152
0.9909783113709743 0.11288704300487086 -0.07223919928922588 3.9885079860687256 -0.12436164776675322 0.9754686585781508 -0.1816454697934431 -15.58049201965332 0.049961654867208515 0.18899050678105256 0.9807071027526876 1.3112504482269287
0.9971156563073337 0.006763181616764009 -0.07559515408552205 5.321223258972168 0.004884500873396205 0.9882386985407338 0.15284114746276453 -15.401662826538086 0.07573974912826782 -0.15276954565925568 0.985355243717235 1.306877851486206
0.9257619266707885 0.3593558682039312 -0.11759343142449914 6.7058634757995605 -0.37345203335052013 0.9176705205252428 -0.13569964828728132 -15.27297306060791 0.05914756050042548 0.1695410739211261 0.9837466088076338 1.3521361351013184
0.9400255879039915 0.3311819082073797 -0.08167274797552769 8.147634506225586 -0.33436972337327253 0.9420061097666944 -0.02865967992668323 -15.098124504089355 0.06744466010765081 0.05424972661993282 0.9962470501761228 1.3035037517547607
0.6487623587918416 0.4655171806005381 0.601997638185211 9.449252128601074 -0.7609590989358925 0.38959664683071504 0.5188021805321738 -14.869088172912598 0.006975067133780655 -0.7946749067033573 0.6069951738642492 1.2937283515930176
0.9790988620125942 0.20235727592823852 0.020419385018791057 10.848828315734863 -0.2011631413245251 0.9487110671552046 0.2438866573424671 -14.99555778503418 0.02998014306323512 -0.24289677629836 0.9695887515260129 1.3454012870788574
0.9916832421649999 0.029254526892873813 -0.1253336342143973 12.163208961486816 -0.12441358121414786 0.4672054827547963 -0.8753515280693399 -14.85009765625 0.03294856625992786 0.8836646476690871 0.4669595083530083 1.331730842590332
0.9925193444568061 0.03616793879102698 -0.11660716565734858 13.663021087646484 -0.117230477680827 0.5490519508112524 -0.8275258125358286 -14.642374992370605 0.034093488846947385 0.8350052907101647 0.5491846670331177 1.3377165794372559
0.99383965781712 -0.042257545850489284 -0.10245503583838014 15.024868965148926 0.06554228678240073 0.9695699177023163 0.2358778991979905 -14.551092147827148 0.08936969952552992 -0.2411399479667722 0.9663666914278963 1.3906803131103516
0.9477842801783045 0.21080539857341413 -0.2393032431439188 16.394935607910156 -0.31699746800996126 0.704839049121666 -0.6345979200316841 -14.56452751159668 0.03489360288315177 0.6773204550030733 0.7348601484039416 1.375258445739746
0.9641839616693675 0.03372505611803253 -0.26308156273178646 17.86019515991211 -0.2590663338513529 0.33241154103749604 -0.9068556677056696 -14.477468490600586 0.05686758940189625 0.9425312663115808 0.3292429031895824 1.4289498329162598
0.994816467676333 0.07457969839255617 -0.06912354322269007 19.18828010559082 -0.09105690167229157 0.9559401349946024 -0.2790826024035612 -13.99574089050293 0.045264072925736296 0.2839301443914981 0.9577759846686473 1.3589818477630615
0.9780875317200926 -0.19301567100227934 -0.07803672879635942 20.829179763793945 0.19357203101120296 0.981085965905213 -0.0004430733944720917 -13.949597358703613 0.07664625955579674 -0.014672363523811672 0.9969503862503541 1.1047344207763672
0.9338110094685419 -0.35760419799139753 -0.010781288154571165 22.206314086914062 0.3548545078726629 0.9296264124544014 -0.09936302888705204 -13.825858116149902 0.04555520648392143 0.08896050160654623 0.9949928403340994 1.1424013376235962
0.8000918190437063 -0.5854384986181141 0.1308237189316267 23.650182723999023 0.5950329606677719 0.7468672636990257 -0.29685866356513135 -13.694000244140625 0.07608453731395592 0.31535861293216383 0.9459175907187808 1.4520177841186523
0.9655803044784764 -0.2577118680270526 0.03520324816348428 25.143218994140625 0.2560994102608618 0.9183012800280783 -0.3018871497146435 -13.67445182800293 0.04547271343664957 0.3005118170335399 0.9526934869914397 1.355836272239685
0.9943878886079678 0.054643265963214685 -0.09059161371043677 26.34677505493164 -0.09756434354504599 0.804785775809593 -0.5854921467647329 -13.591261863708496 0.040913639026758 0.5910448109402744 0.8056004627618849 1.370347499847412
0.9467454290422548 0.32007589463977715 -0.03499306014260151 27.617734909057617 -0.31787346820264395 0.9464339578275536 0.056738185410671466 -13.308030128479004 0.05127914586281818 -0.0425932522991527 0.9977756581808163 1.411444067955017
0.9848692640910692 0.09732482506277543 0.14338902006505333 29.216567993164062 -0.16076000555554945 0.20407817761662567 0.9656647026967782 -13.006208419799805 0.06472057835415113 -0.9741047047659597 0.21663626402411723 1.4149761199951172
0.6697102800015715 -0.7110215942552591 -0.2143278641775876 30.69733428955078 0.7350121805582874 0.6758532723654993 0.054584326173341316 -12.938740730285645 0.10604355374641262 -0.19408927516881463 0.9752354166934648 1.4459726810455322
0.5404054486723584 -0.7556439566665195 0.3700866949764534 32.313323974609375 0.8345663077977842 0.4254162376225806 -0.3500287169016602 -12.999490737915039 0.10705619521541712 0.49801931239703506 0.8605322396898232 1.4903576374053955
0.7380093652661449 -0.6713490485694655 -0.06806343926320133 33.62013244628906 0.6732982812573944 0.7393260670759955 0.008148067119220979 -12.843836784362793 0.04485087775395938 -0.051840346515182725 0.9976477220130788 1.5292904376983643
0.8080059908107117 -0.5126937816830821 -0.29029537550140266 34.98240280151367 0.5828367913445636 0.7676295826991923 0.2665447399973173 -12.673362731933594 0.08618348721868857 -0.38456457193631866 0.9190661002029518 1.4219756126403809
0.6869781700152982 -0.7234439705317319 -0.06848222706450803 36.553375244140625 0.7221573594722752 0.6901616381877178 -0.046536666555276246 -12.65005111694336 0.08093047684564443 -0.017485270238930085 0.9965663667022926 1.4441543817520142
0.8568726959192678 -0.4857908534204118 -0.17255848203178445 37.763648986816406 0.4825403676297599 0.8735902733204325 -0.06320465147177061 -12.565202713012695 0.18144965306051666 -0.029108093255996767 0.9829693496295895 1.5430114269256592
0.752739142957077 -0.5661692140547591 -0.33591100565010057 39.369781494140625 0.6530557865784005 0.706589850570355 0.27248655505809893 -12.221199035644531 0.08307780856950953 -0.42447992193692763 0.9016179199615034 1.3884820938110352
0.8215302892847131 -0.5026201986240088 -0.2691856603219007 40.682411193847656 0.5656342774834265 0.7778519775426396 0.27386888317004343 -12.027247428894043 0.07173456575164906 -0.3772522193018445 0.9233281730285583 1.3847360610961914
0.6374578657253125 -0.5078803940031187 0.5794005305590999 42.12552261352539 0.7688964498052244 0.37105900356164695 -0.5206855724453672 -12.128656387329102 0.04945421015294332 0.7774141246871418 0.6270419123432451 1.444807529449463
0.612513490420878 -0.16411317743036163 0.7732361146804663 43.613731384277344 0.7880512514435047 0.050470413213245136 -0.6135372543606541 -11.951072692871094 0.06166400206569966 0.9851495330069413 0.16024340381259522 1.4900131225585938
0.9538048822059466 -0.300105786829534 -0.013883925652581388 44.88642883300781 0.30035519881434875 0.9535675346277754 0.022264578349905927 -11.771207809448242 0.006557531951361039 -0.025406172780101818 0.9996557033095816 1.394516944885254
0.99950660359066 -0.005740424447295566 -0.030880364405687345 46.24185562133789 0.02549103404075524 0.7226607395437925 0.6907326998959523 -11.383017539978027 0.018350928101766632 -0.6911790672822663 0.7224505106847251 1.407454013824463
0.995136488433569 0.09849886426023695 0.0011589337980668739 47.68297576904297 -0.09723511275976694 0.9803492526422801 0.1716411247059341 -11.25277328491211 0.015770295961087467 -0.17091903516918774 0.9851588608859657 1.410827398300171
0.9932895714497535 -0.10421250429168742 -0.0501555699640612 49.052696228027344 0.0952374632600592 0.9830730860500034 -0.15651560010398693 -11.187442779541016 0.06561747359471928 0.1506886241007506 0.9864011788951129 1.4766936302185059
0.9937782425050596 -0.10594501677123982 -0.034357795984268254 50.526607513427734 0.09071750176912194 0.9489314637135196 -0.30215792567345756 -10.896519660949707 0.06461532013635965 0.2971611189167571 0.9526385095133498 1.4251248836517334
0.9835025571070226 0.17605873518724685 0.04154566076276281 51.85822677612305 -0.1790203339046919 0.9143245182974317 0.3632662870248519 -10.718839645385742 0.025969986765501187 -0.3647108402617563 0.9307585953312294 1.4437928199768066
0.999085351180277 0.04108246174958393 0.01186138244796903 53.20263671875 -0.04090412664064907 0.9990518928011551 -0.01490529819209691 -10.681174278259277 -0.01246248292872482 0.01440648558891299 0.999818553384677 1.2410399913787842
0.9493593811180034 0.30440669954839 -0.07780312817167126 54.598243713378906 -0.3135100162959698 0.9014845501551308 -0.2983908100356004 -10.347346305847168 -0.020693843658006687 0.3076721747276755 0.951267363958735 1.4280568361282349
0.9999607424126652 -0.008828954974379452 0.0007504582413618689 55.98868179321289 0.0075480049390867785 0.8931117448218215 0.4497715407657107 -10.252240180969238 -0.004641255751536346 -0.44974821935765597 0.8931433244052529 1.3681504726409912
0.9450192360627303 -0.32525060223164354 -0.03392181037867283 57.38078689575195 0.3265315423830543 0.9441692964690136 0.04383481988272823 -10.264761924743652 0.017770630274613834 -0.05250128906189675 0.9984627280707488 1.3937499523162842
0.9320673324035714 -0.3172023934013651 0.17502322556316813 58.88840866088867 0.36227625786360124 0.8194348803090572 -0.44416482292188164 -10.1516752243042 -0.002529990995145448 0.4773982808445445 0.8786833790349273 1.3640646934509277
0.9871040161990459 -0.16002382937530488 0.004246791233002454 60.15496826171875 0.15767150796389476 0.9673244851965046 -0.19855235056706946 -9.999658584594727 0.02766508232600932 0.19666142064823053 0.9800810827929057 1.4765090942382812
0.9991454431703435 -0.03487910147232147 -0.02217727829155117 61.577877044677734 0.03374832213772154 0.998205459276787 -0.0494662695471041 -9.81289291381836 0.02386281929751761 0.04867555187670384 0.9985295471365241 1.1928188800811768
0.9866623074565258 0.15899163518284545 0.03491634268432271 62.881378173828125 -0.16055388808971335 0.9858715430190118 0.04774672433359708 -9.849802017211914 -0.026831698862350664 -0.05271584778031837 0.9982490166932109 1.40865159034729
0.9469782782070244 0.3202104420754114 0.026408585534422165 64.1673812866211 -0.32128496109205607 0.9444656926696532 0.06899658793091311 -9.807071685791016 -0.0028485751061411314 -0.07382295141689872 0.9972672948933815 1.4452755451202393
0.9995262102284533 -0.030573818886481557 0.0035491780797910037 65.74613189697266 0.03065903687693334 0.9991612956159254 -0.027142748587495644 -9.583765029907227 -0.0027163438891802264 0.027238703012474344 0.9996252670546466 1.3975850343704224
0.9985954803238857 -0.04856321115756435 -0.02118209618460067 67.13192749023438 0.04942411587711142 0.9978853833980089 0.042213959425458865 -9.436968803405762 0.019087258746968334 -0.043201575465186944 0.9988840275181358 1.358123540878296
0.9145090609947373 -0.40019692920879213 0.05929245491946271 68.46977996826172 0.4010250798328049 0.877371331428063 -0.26343582165916646 -9.478588104248047 0.05340470675526604 0.26469220736546195 0.9628530379327798 1.3987520933151245
0.9793782789065318 -0.1625288274950533 0.12001069551986845 69.93901062011719 0.188931886873651 0.5263322274866882 -0.8290229963223353 -9.450859069824219 0.07157463886350596 0.8346009624616929 0.5461852291389565 1.4026775360107422
0.9982338538205218 -0.007651972515551119 -0.05891197164626419 71.17610931396484 8.265465531991003e-05 0.9918477151671408 -0.12742881575974185 -9.099719047546387 0.05940678626922129 0.12719888849492172 0.990096599585525 1.3489296436309814
0.8965253399584197 -0.3871081693661825 -0.21538240416153445 72.73007202148438 0.4382142803121238 0.8461945495041243 0.3031881081441669 -9.025650024414062 0.06488882294330031 -0.3661994669568412 0.9282711840068925 1.3907661437988281
0.8213337847421146 -0.41540075241840635 -0.3909642297338918 73.9988021850586 0.5582900157279077 0.7260932225191618 0.4013737541871309 -9.029757499694824 0.11714551796686876 -0.5479332505898513 0.8282789871283184 1.414316177368164
0.9153407609719819 -0.20856635733221596 -0.344458075667277 75.31212615966797 0.38599709715245933 0.6981254178024446 0.6030150429367721 -8.876481056213379 0.11470628706879148 -0.6849240655775884 0.7195286596790704 1.3627405166625977
0.9925627221170834 -0.12104139354945193 -0.01297010837009328 76.88751220703125 0.12117246185376968 0.9925826541657307 0.009844243882090946 -8.607177734375 0.011682343592875392 -0.011342649466507022 0.9998674247875354 0.9353387355804443
0.99552860429297 -0.09380786120394691 0.011085269993657162 78.21490478515625 0.09438530008762411 0.9925457059142382 -0.07710017379082748 -8.317203521728516 -0.0037700347293342417 0.07780171493963156 0.9969617244360949 0.8772019147872925
0.8403503717480711 0.320675870483377 -0.43701057057307857 79.43527221679688 -0.5382793930330909 0.5885530825352965 -0.6032085576930489 -8.557594299316406 0.06376948909005334 0.7421403203760927 0.6672040146261596 1.397881269454956
0.9197788912891918 0.36070913071561467 0.1545823863097312 80.7611312866211 -0.3918681286864439 0.8229893939803342 0.41125153752377286 -8.306625366210938 0.021122520176580506 -0.4388363936756705 0.8983186843916373 1.3917019367218018
0.9929197195940689 0.04440013741280099 -0.11017739440992222 82.10118865966797 0.10446347555015689 0.11516950052995562 0.9878377237297945 -8.098289489746094 0.05654920615903411 -0.992353069197352 0.10971587550294687 1.3909502029418945
0.9659770791129794 -0.10907736680918816 -0.2345003425974701 83.62351989746094 0.2474765664354518 0.6532131165317311 0.7155892491200679 -8.013107299804688 0.07512410860487094 -0.7492761523236122 0.6579829905593659 1.3705062866210938
0.9545070836511544 -0.2962532614405662 -0.033915075491521146 84.95195770263672 0.2924048394186266 0.952212434180515 -0.0882660188101028 -8.051405906677246 0.0584434525360646 0.07433360799696033 0.9955194009047834 1.369395136833191
0.9968584780742668 -0.07915336365438122 -0.0028141985810782623 86.21184539794922 0.0677892616597135 0.8710363860414202 -0.48651847878115867 -7.8669209480285645 0.04096084343720671 0.4847992978688182 0.873665754216573 1.3155502080917358
0.9831780787477978 0.1446969576937406 -0.11146145479027694 87.56626892089844 -0.18224765686650127 0.817631572769754 -0.5461358830700733 -7.847738265991211 0.012110203815754887 0.5572624172185261 0.8302481203347024 1.3371055126190186
0.9530179092164941 0.28951283946749046 -0.08910207907840173 88.80272674560547 -0.30112979600257955 0.8736121448700065 -0.3822599459727267 -7.56419563293457 -0.03282850395719413 0.3911318653844228 0.9197489620591233 1.3555216789245605
0.9382071782032209 0.33030061427656937 0.10328985902048106 90.1419448852539 -0.34214297840101154 0.9301317723735858 0.13339066066279523 -7.374773025512695 -0.05201416248325917 -0.16048797534299244 0.9856663414520516 1.3455437421798706
0.9974818668775113 0.06403629404948483 0.0304840662471798 91.46198272705078 -0.07092191120374089 0.9011715907266151 0.4276211484228423 -7.236085891723633 -8.810086960301354e-05 -0.42870632968463357 0.9034438970553549 1.3186290264129639
0.9977010806682554 -0.06524095170142119 0.018334989896052055 92.79451751708984 0.0663710979034566 0.8860305940377098 -0.45885146157800655 -7.285217761993408 0.013690544053662842 0.4590135124920353 0.888323794769249 1.3320670127868652
0.9979156421192773 -0.06438783026375265 -0.004310281614539448 94.17599487304688 0.0566312437141043 0.9058082949778095 -0.41988597855225823 -6.993003845214844 0.030939835957292668 0.41876668929526845 0.9075666292276374 1.3200807571411133
0.9953892744722064 -0.07343371005242705 -0.0617064218184044 95.42973327636719 0.08662330161200449 0.9644813260359076 0.24954393470059125 -6.836656093597412 0.04118975459420074 -0.25373857009913436 0.9663954377792334 1.3317492008209229
0.9924600489667794 0.11233430634971005 0.04903116174217461 96.69738006591797 -0.12195896293127324 0.9449148447877984 0.3037465184333464 -6.761049270629883 -0.01220911813302298 -0.30743607419523883 0.9514904086315498 1.2737042903900146
0.9995144910066149 0.010100995593712631 0.029474601876922774 98.11981964111328 -0.003841435550901769 0.978724387293829 -0.20514340615585738 -6.595483303070068 -0.030919664304380305 0.20493058240373638 0.9782880101253258 1.2730094194412231
0.9683388515660025 -0.24805589109555923 -0.028073892509285478 99.36373901367188 0.2494250931350623 0.9660295139781865 0.0676321006448413 -6.412206172943115 0.010343667744100248 -0.0724931239212142 0.9973152738837117 1.3080041408538818
0.9946899392174927 -0.10270687331427103 -0.00657441963265411 100.76525115966797 0.10066952514509173 0.9842575470239555 -0.145267779749837 -6.381789684295654 0.02139092159215421 0.1438345553071017 0.9893705317893019 1.3055927753448486
0.9991150057408723 -0.032176448347401215 -0.027090246864208616 101.94515991210938 0.03126766825101686 0.9989552766909015 -0.03332698746585077 -6.169452667236328 0.02813428914262978 0.03245044442148124 0.9990772895183272 1.2822239398956299
0.9772411205149069 -0.21119423573550916 -0.019919517234705305 103.2804946899414 0.208371123826539 0.9732786644353569 -0.09648894294266686 -6.077731132507324 0.03976514969209473 0.090142310526313 0.9951347128519552 1.2845988273620605
0.9941028323864339 0.10679121313767999 -0.018846629349905303 104.63334655761719 -0.10816875977820427 0.9641937275240027 -0.24213627405123495 -5.94366455078125 -0.007686224646420655 0.24274697238060916 0.9700591885811571 1.2928171157836914
0.9973237204298445 -0.07081162061523165 0.018196457177652545 105.87548828125 0.07220410573608231 0.914838286014475 -0.39731282078099434 -5.856433868408203 0.011487549034771848 0.3975633595138545 0.9175028127418638 1.293585181236267
0.9797544524343141 -0.18851947515148135 0.06739154563999558 107.12574005126953 0.19871886282900678 0.8748284566353001 -0.44179857969106895 -5.749355316162109 0.024331594503525487 0.4462460968453499 0.894579451227898 1.3137812614440918
0.9684452874733472 -0.2263223674768137 -0.10436431933546714 108.4971923828125 0.24375915116530014 0.9473822565047714 0.20748092992634132 -5.474250316619873 0.051915329083398964 -0.2263736867209109 0.9726560299337813 1.2765793800354004
0.9972362603144643 0.06830481957047642 -0.02922828659820041 109.7757797241211 -0.06000166957360391 0.9724330312885888 0.22533042250718455 -5.250924110412598 0.04381370518915212 -0.22295392188147511 0.9738438827426432 1.2040681838989258
0.9972423673048726 0.0526323559182916 -0.05232108525884656 111.09131622314453 -0.07042700025719358 0.8934800927572178 -0.4435463464862791 -5.316349029541016 0.0234029589357088 0.4460080256643858 0.8947229417847794 1.31734037399292
0.9830482649388322 0.1454572235785113 -0.11161677700768147 112.22442626953125 -0.17747764911711553 0.9077295880870088 -0.3801692767376809 -5.161033630371094 0.046019483532668416 0.3935342310653806 0.9181574026903917 1.2620368003845215
0.9593053926105753 -0.2651007672274666 -0.09723552295163894 113.50128173828125 0.2779882835428366 0.9470890785538475 0.16045183544270167 -5.072717666625977 0.04955479715605378 -0.1809526471191645 0.9822425675867391 1.2499027252197266
0.9537793112158358 -0.2870888024676553 -0.08879777584114043 114.81021118164062 0.2957495549889993 0.9491367951851126 0.10803492374941787 -4.949945449829102 0.053265619497521205 -0.1293033778500053 0.9901734243333963 1.2071175575256348
0.9691527807384572 -0.22235453067065983 -0.1063078091070758 116.0719985961914 0.2378789932885593 0.9567473225139553 0.1674758054597711 -4.928823471069336 0.06447070760382131 -0.18759803717685358 0.9801277999875599 1.169715404510498
0.9767490809126084 -0.21437332536215398 -0.002304410889323538 117.43304443359375 0.21379603956589577 0.9748029314243013 -0.06364352561358344 -4.893953323364258 0.01588982071367397 0.06167108122743578 0.9979700352906025 1.276951551437378
0.9813295282537507 -0.1884913376458985 -0.038254053507187816 118.58130645751953 0.17820047547183973 0.9658871084909457 -0.18790072962234697 -4.7253804206848145 0.07236675700127204 0.17757564383512728 0.9814427865126213 1.23408842086792
0.9973004539361471 0.06204053566561155 -0.03927819386223171 119.74037170410156 -0.06323871624684725 0.9975463968805193 -0.030034161185964185 -4.6045942306518555 0.03731848531499923 0.03243698514069582 0.9987768382620698 1.2591516971588135
0.995806965365363 -0.08964524102485004 -0.018226861809511406 121.10696411132812 0.08758990708583313 0.9918307503784223 -0.09273494907784502 -4.541227340698242 0.026391208887082122 0.0907496190921589 0.9955239880224415 1.1750315427780151
0.9919872963616393 0.12564463348646085 -0.013214761941798003 122.30357360839844 -0.12627912119281956 0.9829048959104496 -0.13398339130667475 -4.410027503967285 -0.003845439883115872 0.13457857062445439 0.9908954641740895 1.1197477579116821
0.9454632917893352 0.29138989539557825 0.14557160691642018 123.49974060058594 -0.31933904752525866 0.917285449286918 0.2379285129028418 -4.264533996582031 -0.06420075236736252 -0.27143937331907303 0.9603118920473774 1.118250846862793
0.944247493280636 0.2670798997910995 0.1925227221935416 124.79359436035156 -0.31587338514983265 0.8997991338872361 0.30097428994810366 -4.116474151611328 -0.09284759548432486 -0.345007022802951 0.9339965086816027 1.132767915725708
0.9152105194242763 0.374431545160885 0.14896550984566542 125.88301086425781 -0.39591587122871724 0.9043771361852844 0.15922505598840278 -4.086933135986328 -0.07510211744253759 -0.2047022558100822 0.9759388599814598 1.115373134613037
0.9863068635406267 0.16425065047132287 -0.014849065707931517 127.18462371826172 -0.15646452675880035 0.9034746802433058 -0.399064348226449 -3.976316452026367 -0.05213082388372349 0.39592325768891523 0.9168026784549664 1.087742805480957
0.9956182834488586 -0.04852411846998471 0.07993524622504897 128.44281005859375 0.06719124863580801 0.9657461634789071 -0.2506385521673253 -3.659712314605713 -0.06503514257007009 0.25491127407881137 0.9647749336391404 0.8541464805603027
0.9810947714811755 -0.19263494500885195 0.01856952701973933 129.47430419921875 0.19351917829424617 0.9756127398665607 -0.10358624156895785 -3.621731758117676 0.0018376628145558276 0.10522147961086328 0.9944471143423771 0.9750548601150513
0.938173113136782 -0.2565148673690359 -0.23244640802964672 130.68759155273438 0.34399562931278177 0.7659243968668656 0.5431637186869458 -3.4958858489990234 0.03870680561532229 -0.589542145315137 0.8068096690646955 0.9451007843017578
0.9991976754402123 -0.022556910872118023 -0.03309367260948323 131.70822143554688 0.03275032086110629 0.9358124392948176 0.3509736385322666 -3.2825427055358887 0.023052589407069286 -0.351775872158667 0.9358003600601137 0.8171873092651367
0.8122436271875608 -0.5764639283446295 -0.08916069431466439 133.11558532714844 0.5791801504596154 0.8151791959786435 0.005764699228068212 -3.2708053588867188 0.06935880194158825 -0.056322444558902535 0.996000571702716 0.9072141647338867
0.7553322331249122 -0.6421621380433751 0.1307708150394984 134.23269653320312 0.6539217572395233 0.7254068357988822 -0.21487498222228563 -3.4545059204101562 0.043122534843251764 0.24781588133090826 0.9678469589500593 0.7984179258346558
0.8109148353624569 0.5587522053340732 0.1738191670196049 135.04653930664062 -0.5845077247482788 0.7875110128000475 0.19538967328964407 -3.0905990600585938 -0.027710097413576967 -0.26004303057946626 0.9651993435287743 0.7220852971076965
0.995797745175521 0.025035372234086327 -0.08809132102794524 136.25930786132812 0.06402903496874629 0.4974013450773307 0.8651544281781334 -3.159101724624634 0.0654762047183466 -0.8671592310829439 0.49370814715104533 0.7574043273925781
0.9935127817812248 -0.11258891056780443 0.016002801457477473 137.2946319580078 0.11339053974381774 0.9914846650349882 -0.06403705565579325 -3.1299848556518555 -0.008656669910432851 0.0654361995963428 0.9978192049907887 0.7090091109275818
0.9940139134860588 -0.10873283524079934 -0.010654122987244158 138.29666137695312 0.10750177996512493 0.9908070111923363 -0.08212693758103726 -2.8484582901000977 0.019486074526697282 0.080489981442456 0.99656492803376 0.5733020305633545
0.9896104881858016 0.1412565714113486 0.026789227420181312 139.3590850830078 -0.14076019900678696 0.9898497321878529 -0.01959780761222029 -2.8414249420166016 -0.029285628697867425 0.015623338975597943 0.9994489798038839 0.4744826853275299
0.9381284190367064 -0.3461729509024964 -0.008908280369806513 140.32455444335938 0.34578476039615164 0.9350705168255032 0.07794888095067047 -2.810321807861328 -0.018653923808819528 -0.07620640804514824 0.9969175565207941 0.3677250146865845
0.9148393956092015 -0.40165324917169326 -0.04175581002941616 141.37037658691406 0.4035885284760045 0.9129031914738317 0.061025098766540345 -2.7046260833740234 0.013608083037824624 -0.07268033039766926 0.997262447728441 0.24882173538208008
0.9363530844453654 -0.3394277548217379 -0.08961975511194396 142.16558837890625 0.3325078648739067 0.9393749797684079 -0.08374465464791987 -2.607236862182617 0.11261181575059727 0.048615292262596796 0.9924490577916713 0.20725631713867188
0.8033199778727119 -0.5955430428624611 -0.0023446212287503987 143.00323486328125 0.5698752177957127 0.7698285248280827 -0.2874130799099214 -2.517669677734375 0.17297181646983584 0.22954852746018348 0.9578038547886444 0.10901641845703125
0.33509807146536835 -0.9317477444425083 0.13984070661466805 143.80902099609375 0.8204441990653525 0.21559595676013682 -0.5295183657331386 -2.361419677734375 0.46322845197613194 0.2921720796978725 0.836692821246135 0.0309600830078125
0.10313487693776868 -0.9912178230991309 -0.08276729021571005 144.36642456054688 0.6091469059597305 0.1287235557412969 -0.7825409210750607 -2.216968536376953 0.7863226081696485 0.030289822844273673 0.6170731581533457 -0.06699371337890625
0.12857356854301183 -0.9217199412965199 -0.36592511158494645 144.92172241210938 0.3128201656995703 0.38784454464190665 -0.867017965859535 -2.110137939453125 0.941069806870781 -0.0029931601781731376 0.33819914190952494 -0.1555633544921875
0.2107387671282019 -0.10148562061966236 -0.9722601713722144 145.405029296875 0.06141076150903936 0.9940062808675174 -0.09044463481493228 -2.0645594596862793 0.9756115468772218 -0.040647046674617514 0.21570796739218062 -0.25734710693359375
-0.10203334389753732 0.9861142458749388 -0.1310262981831809 145.6774444580078 -0.028813947004799 0.12872879115606092 0.991261143587049 -1.903045654296875 0.9943635920482465 0.10491707396796868 0.01527921460377718 -0.32775115966796875
-0.12369045343553214 0.8824282330621022 0.4538954562713846 146.30718994140625 0.04511946641993325 -0.4519336813530894 0.8909097493060811 -1.9311904907226562 0.9912945604001329 0.1306765516592025 0.01608519093970634 -0.32070159912109375
-0.3529949544790374 0.5613607993005915 -0.7485109318646879 146.88340759277344 -0.006861845241090125 0.7984367034929312 0.6020396545039443 -2.076000213623047 0.9356000626294494 0.21765312661191485 -0.2779921568746646 -0.422943115234375
-0.5356728760451042 -0.5833109325042846 -0.6105758969125363 147.44625854492188 -0.2701006077976157 0.80343870441027 -0.5305958065447796 -2.025482177734375 0.8000626422580452 -0.11930886084666331 -0.587932958921803 -0.5942153930664062
-0.5971552791367765 -0.8019894915963749 -0.01477930878177297 148.00967407226562 -0.4834819434401484 0.374576758122438 -0.7911620963126468 -1.6565608978271484 0.6400396729628688 -0.46530109353350213 -0.6114279265703451 -0.5515670776367188
-0.5671738970014881 -0.6912927409481517 -0.44769198884114175 148.49057006835938 -0.5110267942246769 0.7216746462534576 -0.46694466539344537 -1.3603591918945312 0.6458834152883903 -0.03605622369769779 -0.762584134760268 -0.6887741088867188
-0.9545372969131645 -0.09991086379831635 -0.28084936905178187 148.48501586914062 -0.10206515961722468 0.9947531940747945 -0.006984702592473834 -1.3891181945800781 0.280073654587539 0.0219977765483046 -0.9597264432289605 -0.8177490234375
-0.7720938535293966 -0.5582612416303081 -0.30366999758868696 149.34408569335938 -0.6340756328651593 0.7087849104628214 0.30914728287154286 -1.4609451293945312 0.042651766068639074 0.4312404628436401 -0.9012283229335556 -0.7514266967773438
-0.5704831825239692 -0.8045712554969631 -0.16496676418407452 149.59373474121094 -0.8012187436625309 0.5010318861471322 0.327132349161135 -1.6521224975585938 -0.18054767586750925 0.3187979672016238 -0.9304678354714649 -0.8422012329101562
-0.9497663165066447 -0.22270576467188255 0.2198774349752889 150.19622802734375 -0.12915097133077483 0.9188716275549383 0.3728202766466116 -1.3416213989257812 -0.2850683613341153 0.32569475656886265 -0.9014759868736558 -0.788238525390625
-0.8741703300026407 -0.33913423405754606 0.3475833791096407 150.51210021972656 -0.1065056667468774 0.8322163465657899 0.5441254409228558 -1.2132186889648438 -0.4737961345282143 0.43863871671216015 -0.7636185560259989 -0.835693359375
-0.8232153510870818 -0.47052884313214005 0.3176776566195715 150.40228271484375 -0.12322637941901704 0.694306970580994 0.7090508374001986 -1.3815746307373047 -0.5541946816325946 0.5445552666014463 -0.6295457223004336 -0.9560089111328125
-0.6734518418058779 -0.7391302059971534 0.012212917377781851 151.6109619140625 -0.3729392501789761 0.3539720528466268 0.8576829842543735 -1.039663314819336 -0.638262432267648 0.5730535091823018 -0.5140337957465788 -0.8845901489257812
-0.7194434884910101 -0.6117203841080701 0.3289365266043909 152.00552368164062 -0.0903559431200654 0.5520036818060389 0.8289316852524465 -0.9516506195068359 -0.6886485826680901 0.5666481332707739 -0.4524080267302715 -0.8775253295898438
-0.5105918646401665 -0.8586483100912924 -0.04493358811230119 151.57608032226562 -0.22888406570331632 0.08535981767312753 0.9697039682263503 -1.1407361030578613 -0.8287991507177104 0.5054075396194425 -0.24011494469404368 -1.0667800903320312
-0.45486948500140695 -0.8701102652400919 0.1897416083476987 152.62881469726562 -0.04294100733004913 0.23424072676325486 0.9712298141093603 -0.47384369373321533 -0.8895222434003746 0.43363510956706314 -0.1439123700267828 -0.8863525390625
-0.45872043396749973 -0.5184362441531991 0.7216643431741608 152.36505126953125 0.34082925334658265 0.6473786651449758 0.6817156914567246 -1.1785945892333984 -0.8206162218259395 0.5586812370783842 -0.12026758421406258 -1.0050888061523438
-0.6057417781147937 -0.2802707277199218 0.7446644999123252 153.76800537109375 0.305594071331973 0.7821730312404188 0.5429710975428835 -0.13897705078125 -0.7346353937927826 0.5564653343951625 -0.3881458099779037 -1.0061264038085938
-0.6491496528214896 -0.28470418531629516 0.7053710052909208 154.19454956054688 0.11627986144689839 0.8792730002228412 0.4619069006856402 0.28867340087890625 -0.7517205079440294 0.3818671469798214 -0.5376743996080361 -0.9972381591796875
-0.44572643839619186 -0.8931095734754043 0.06068963569858443 154.04391479492188 -0.4405284307264704 0.2778641763449129 0.8536546147159496 -0.23310279846191406 -0.7792705844803324 0.35376092106215506 -0.5172915685500167 -1.1516609191894531
-0.06141306362467465 -0.9980977313348034 -0.005417962767499174 155.01087951660156 -0.5577640845800587 0.029816716654361072 0.8294637962928355 1.1897668838500977 -0.8277243874435504 0.053961857939399116 -0.5585342033563633 -0.9930267333984375
-0.323833754538613 -0.6658637856835289 0.6721287959436235 155.37477111816406 -0.5647590859314827 0.7060051873193682 0.4273217176039384 1.5175399780273438 -0.7590644730714655 -0.24120964821777652 -0.6046809334908743 -1.0184898376464844
-0.46327220929013746 -0.6837219935345897 0.5638289595759707 155.18296813964844 -0.4301485394210646 0.7297332744480195 0.5314711489792239 0.482177734375 -0.7748232663861869 0.003685609916670496 -0.6321671631350226 -0.9916782379150391
-0.5532044313700808 -0.7581091535084609 0.34530474725840393 155.7200164794922 -0.15289486891772175 0.4998676723224417 0.8524995420676638 1.999032974243164 -0.8188943864572147 0.4188112003440556 -0.39244001107842347 -0.9194908142089844
-0.2219839661128536 0.4705420628370311 -0.8539984109410738 155.4266357421875 -0.5538070916592109 -0.781708325350791 -0.28675738753383184 1.2808837890625 -0.8025090803329106 0.4092948340479431 0.43411624572790736 -0.8823699951171875
-0.21807799799187402 -0.058066744303346685 -0.974202360907561 156.13475036621094 -0.9728071736570947 0.09274336845491202 0.2122377687616681 3.1967124938964844 0.07802685225709854 0.9939954329943603 -0.07671303352887784 -0.3514556884765625
-0.19659290921367262 0.9383857475047918 0.28422423705021777 156.31837463378906 -0.5960878833206728 0.11577088527596383 -0.7945290035490838 3.611328125 -0.7784795844498333 -0.32562139211405217 0.5366006388297745 -0.8151397705078125
-0.49879187959422555 0.8655342838508716 0.04535487106825775 156.55859375 -0.41554798840763996 -0.19289452489934464 -0.8888822034410521 2.4130172729492188 -0.7606093150765533 -0.4622143504291215 0.45588525319005624 -0.780059814453125
-0.5938791879211331 0.34554076569209224 -0.7265735264920256 156.97988891601562 -0.13132951613024269 -0.9325975698677678 -0.33617604148679364 4.0485076904296875 -0.7937632319194005 -0.10422740484947636 0.5992299890119082 -0.7406196594238281
-0.05514805730685941 0.003754702231493934 -0.9984711282688309 157.26629638671875 -0.500485261386892 -0.8654014628445421 0.02438875234654339 3.3101043701171875 -0.8639868025090277 0.5010650759309409 0.04960438259414994 -0.633387565612793
0.13340673220408042 -0.47710313326272286 -0.8686629058694294 156.5686798095703 -0.468106541325425 -0.8028990509017964 0.3690926442362981 5.241767883300781 -0.8735438797055227 0.3573873448961041 -0.3304472362377028 -0.6598396301269531
0.2655285099608388 0.5125120268488673 -0.8165941664824963 156.56442260742188 -0.4323470740936225 -0.6937568883393987 -0.5760012043427679 5.6103668212890625 -0.861725372680102 0.5059968401254115 0.037370842410071325 -0.7009544372558594
0.28157237742459706 0.7249102681555346 -0.6286669224590483 157.04580688476562 -0.4499312414115011 -0.47893763875389284 -0.7537775641306598 4.84088134765625 -0.8475133475487956 0.4950998296379391 0.1913041672811074 -0.5584220886230469
0.26586742711933437 -0.6750951547937432 -0.6881577167851551 157.38153076171875 -0.8851822714803743 -0.4536809877024414 0.10308204331590654 6.296455383300781 -0.38179426063495336 0.5817388532420278 -0.7182012595191268 -0.35839080810546875
-0.12201799789102963 -0.33871974693627516 -0.9329418745163551 157.63746643066406 -0.581375162628222 -0.737441573967307 0.3437773192978696 6.361297607421875 -0.8044342909583562 0.5843362542406955 -0.10694210354336675 -0.38936805725097656
-0.15370326280492247 -0.9688285042772679 -0.1942849358622355 156.70033264160156 -0.6635248840282283 -0.044498915100595275 0.7468296826119033 7.880619049072266 -0.7321953532210151 0.24370304851343583 -0.6360021925015753 -0.5555229187011719
0.568453036820183 -0.8225750691370717 -0.0152118560357824 156.2140655517578 -0.5093482436750119 -0.36639271281780944 0.7786660045611258 8.377571105957031 -0.6460847557364997 -0.4348869228065475 -0.6272542170258879 -0.5261993408203125
0.4883875382961501 -0.7282325018800593 0.48078585216553094 155.21319580078125 -0.412995095893065 -0.6782469193591288 -0.6077961559175324 9.356430053710938 0.7687084383596322 0.09827786925529419 -0.6320037952491541 -0.7952194213867188
0.44381014426346765 -0.8808960691198547 0.16448304246343515 155.11325073242188 -0.49374584378736197 -0.39355236436934504 -0.7754557229410357 9.790840148925781 0.7478285883754018 0.26294229767857136 -0.6096013045425408 -0.516265869140625
0.3254602886378601 -0.7693460852945639 -0.5497110164092494 155.137939453125 -0.9444269199143036 -0.23609429046936176 -0.22872970718503086 9.926132202148438 0.04618867243104202 0.593604318590842 -0.8034304696047816 -0.7021255493164062
0.01893434067725669 -0.4643438775431141 -0.8854525702325018 154.9737548828125 -0.8809567706090524 -0.42655606016438985 0.20485384022542297 10.286102294921875 -0.47281778632067906 0.7761666643996373 -0.4171434405735679 -0.47689056396484375
0.2886428860652886 -0.3468602112494341 -0.8923974888892834 154.80258178710938 -0.810498537048792 -0.58470064870589 -0.034889437437126414 10.869186401367188 -0.5096836330172558 0.7333574471258264 -0.449899376504816 -0.4321556091308594
0.45566783908549013 -0.21850212075090275 -0.8629157801607974 154.4853515625 -0.7303572039397643 -0.6459464728305278 -0.22210697623237707 11.121444702148438 -0.5088665592043253 0.73144376233936 -0.4539216314061189 -0.2479705810546875
0.6099376747809497 -0.5294134347428392 -0.5896587555498503 153.34445190429688 -0.7753358492177775 -0.5524876892802675 -0.3059602492342728 11.830726623535156 -0.16379973687572336 0.6438002549762932 -0.7474562715583459 -0.18094253540039062
-0.14695420576457097 -0.9874524936621065 -0.057810329255170045 152.50888061523438 -0.8750364341210666 0.15703072680753805 -0.4578783569890417 12.172321319580078 0.46121112342266 -0.01670100592130258 -0.88713323465668 -0.256744384765625
-0.5870285564097931 -0.8092585658969895 0.022316977433833457 151.98974609375 -0.6319260759065151 0.44081401914894064 -0.6374577908466965 12.323780059814453 0.5060305411225965 -0.38830860670876866 -0.7701620072472198 -0.11956024169921875
-0.2841181589568222 -0.9587773434684552 -0.004783032778278518 151.1970977783203 -0.6462311933734544 0.1951806103032911 -0.7377599705004034 12.598207473754883 0.7082810998905076 -0.20652005959036274 -0.67504618251249 -0.10741424560546875
0.4725837070254678 -0.4691982283440347 0.7460011141901101 149.69342041015625 -0.023679626675723403 -0.8529465496276617 -0.5214608890020085 12.912479400634766 0.8809676016372935 0.2287688921096696 -0.4141990812017201 -0.05406951904296875
0.38431113939241324 -0.6781678817357595 0.6264130205550791 148.83013916015625 -0.04437580074771558 -0.6913064019699113 -0.7211977862579824 13.188260078430176 0.9221365064061309 0.2493667635781645 -0.29577099380373273 -0.01763153076171875
0.21224774392734327 -0.6629880065126066 0.7179121105108843 148.01123046875 -0.04126619467361897 -0.7400759692840883 -0.6712560322748509 13.42507266998291 0.9763441997445939 0.1128470775370663 -0.18443844695841335 0.01851654052734375
-0.06459136240591751 -0.889538473028648 0.4522712249352245 146.99171447753906 0.15182416322013337 -0.45670140889655036 -0.8765690198577702 13.602766036987305 0.9862947730597853 0.012046913038901985 0.16455240053301995 0.1520538330078125
0.022681791929973993 -0.9916961885088091 0.126586752908612 146.17428588867188 0.29797504480313153 -0.11415850816853301 -0.9477229065962829 13.699432373046875 0.9543041490999697 0.05921574714411365 0.2929113966726923 0.2744598388671875
0.10650422594853248 -0.9706182133515144 0.21577102160720685 145.15664672851562 0.5001581323806377 -0.1352552731838449 -0.8553057077381607 13.524410247802734 0.8593594663868063 0.19901330354093738 0.471057334668622 0.160125732421875
-0.3318574471620406 -0.923951039335297 0.19022384622943067 143.66131591796875 0.8663758839025226 -0.37829765626053224 -0.3260118265644836 13.518692016601562 0.37318020118331063 0.05661590040803713 0.9260297928607757 0.39527130126953125
-0.30668021240924054 -0.9481448427603447 0.08347816758640776 142.51806640625 0.9137993703006306 -0.317836023110252 -0.25288529662997505 13.345443725585938 0.26630425861182583 -0.0012726195113446637 0.9638881793469536 0.2885017395019531
-0.9610235491316141 -0.2763047566454625 -0.009456186840780857 141.18365478515625 0.2714588661123746 -0.936583832681742 -0.22163214651345783 13.405258178710938 0.052381504593319264 -0.21556067780156626 0.9750844948835302 0.4193553924560547
-0.9003404506616882 0.3832592234765639 0.20615392434404256 140.15208435058594 -0.42574208592866286 -0.873856956703991 -0.23477158151946323 13.307830810546875 0.09017066691235553 -0.2991427532804033 0.9499383474670345 0.5138397216796875
-0.9679894421214639 0.1508166331271454 0.20062597816227434 139.17279052734375 -0.19282769910981487 -0.9585414722560937 -0.2097992479041227 13.151178359985352 0.16066710427897818 -0.24176970268690173 0.9569396493328592 0.5369663238525391
-0.9943582252651875 -0.07099394862163182 0.07881357184251836 138.44351196289062 0.05107823637561458 -0.9716553405419837 -0.23081792167203743 13.366896629333496 0.09296630366010872 -0.22549004070102754 0.9697997256797022 0.7356424331665039
-0.9833277419439777 -0.06788823261785892 0.16869421980430127 137.42721557617188 0.10331487857283181 -0.9719969877997618 0.21106371448847167 13.089757919311523 0.149641530962629 0.22497342860927716 0.9628054676989258 0.6800603866577148
-0.9702057986521524 0.14003261302963563 0.19771589604741405 136.47006225585938 -0.17827873922658874 -0.9652240281439206 -0.19120477670132185 13.022835731506348 0.16406522910573554 -0.22075652375800064 0.961430786805148 0.6799697875976562
-0.9887964499966808 -0.030483688498921135 0.1461243484483758 135.20480346679688 -0.07438413132537736 -0.7480966394423285 -0.6594076273914821 13.080986022949219 0.12941631072214438 -0.6628892537902508 0.7374477986464356 0.7456045150756836
-0.8071803054204265 0.5194146604886462 0.2804788138360029 134.07742309570312 -0.5686537270053672 -0.811698440725086 -0.13333634196035538 13.05612564086914 0.15840736505696928 -0.26712179206108977 0.9505540778418551 0.855046272277832
-0.7851949660721272 0.6181242022031517 0.03730061535294094 132.93185424804688 -0.6016600651238257 -0.7757619541466515 0.1902591825215339 12.986026763916016 0.14654020366501705 0.1269482617024973 0.9810250290183883 0.8884954452514648
-0.9565019814006858 0.28452784316267504 -0.06440392877579823 131.9866180419922 -0.26698885222464747 -0.7648283761868914 0.5863058142020153 12.8724946975708 0.11756237648298556 0.5779978040135784 0.807525619526188 0.9265022277832031
-0.9819475311269276 0.14945410501435483 0.11594186736502918 130.94046020507812 -0.13886346874294744 -0.9857794733690085 0.0946349139218551 12.716163635253906 0.12843668931581925 0.07682643020913223 0.9887374355504667 1.0002632141113281
-0.9670090520192639 -0.2379613629913846 0.09092790020717927 129.80072021484375 0.24141885040538286 -0.9699884051245201 0.028972963136914075 12.664674758911133 0.08130456310532412 0.04996882675500896 0.9954359268034182 1.083256721496582
-0.99515852907592 -0.05987744468265924 0.07793711327555497 128.60780334472656 0.08169593877343367 -0.944806836180198 0.3172787668519468 12.652908325195312 0.05463767560373501 0.322109816561743 0.9451243254086635 1.0700836181640625
-0.9899550319371039 0.14136988857133145 -0.0018945573987115237 127.33809661865234 -0.1335722009793003 -0.9307908780362267 0.34027460747181176 12.45191764831543 0.04634114659730684 0.3371096201087704 0.9403242005617889 1.0939171314239502
-0.9925155171358108 0.11948662093870469 0.02521697169139311 126.20319366455078 -0.1213637158451667 -0.9880458029047733 -0.09505966462446423 12.530364036560059 0.01355716492810569 -0.09740861758033668 0.9951521313348025 1.190111756324768
-0.9988884093651562 0.0465412248825772 -0.007473956273468472 125.03042602539062 -0.045690148307018244 -0.9949585645077674 -0.08927410184552831 12.39276123046875 -0.011591202855226844 -0.08883337941940778 0.995979053352678 1.2282572984695435
-0.9927399078705563 0.12027224345787958 -0.001436236320472302 123.80046081542969 -0.11766254502610961 -0.9685828413417783 0.21909542431613335 12.372213363647461 0.024959984357736092 0.21767376257118434 0.9757023789398925 1.2882510423660278
-0.9985390841600827 -0.03092825094323019 -0.04430734361633472 122.47891235351562 -0.028287331039890114 -0.3994368936918465 0.9163241756389755 12.311779975891113 -0.04603829175135678 0.9162388396326588 0.3979784723338888 1.319579839706421
-0.9533886864205131 0.18664299008376115 -0.2370957757066986 121.20481872558594 -0.3012484813902351 -0.6337991954282155 0.7124239835481563 12.029583930969238 -0.01730216938552205 0.7506417082251289 0.6604828997085502 1.3246755599975586
-0.797048789097974 0.6030882701282182 -0.031587437870250624 120.06800079345703 -0.6014993598074506 -0.7881006067481489 0.13075149633723923 11.860130310058594 0.05396061479153768 0.12321514548525807 0.9909118426854966 1.4142870903015137
-0.9046123824624518 0.3944952101923185 0.16140002054189834 118.82709503173828 -0.41598911847025 -0.899650649462881 -0.1325962376365212 11.784704208374023 0.09289505266671112 -0.18708885070023537 0.9779408321231474 1.470588207244873
-0.9123688651539831 0.3754749358375781 0.16310005044573125 117.52629852294922 -0.3754916263977767 -0.9262758838454966 0.0319221789888611 11.819440841674805 0.16306162148950307 -0.03211790099011752 0.9860929712928713 1.529097557067871
-0.9922133341002857 0.10246841391616637 0.07080200408957045 116.29499053955078 0.0025815180290390885 -0.5514211137727454 0.8342230463432969 11.727619171142578 0.12452323236352363 0.8279100068456293 0.5468628577318172 1.6081299781799316
-0.9846338436506706 0.09401437222868719 0.1471648455037837 115.05817413330078 -0.01703354858934855 -0.8904021610615888 0.454855856067949 11.380672454833984 0.17379888423163417 0.4453597303206681 0.8783215006183902 1.672530174255371
-0.9668201655233437 -0.12960629448345337 0.2201385381247059 113.87550354003906 0.10823730784899957 -0.9883981777389321 -0.10655387103225857 11.111064910888672 0.2313945823199306 -0.07919122850812872 0.9696315261996994 1.8004112243652344
-0.929645324439922 0.1915022261632979 0.3147800313258341 112.47396087646484 -0.2915148475295658 -0.9047690353112646 -0.3105029571706805 11.156146049499512 0.22534121774945215 -0.380420675195795 0.8969400456367022 1.7400617599487305
-0.9264229011565654 -0.33436588515662885 0.17303197119629954 110.99596405029297 0.3578768932328397 -0.9248178603871173 0.12898082957945872 11.209964752197266 0.11689626812975501 0.18141493861426855 0.9764342694441434 1.84063720703125
-0.9836144765598231 0.1631957984043481 0.07661392096161476 109.64303588867188 -0.10664219648693495 -0.8693196812527331 0.48260826113431643 10.916111946105957 0.14536162984222195 0.46653019534625406 0.8724789816378381 1.9089226722717285
-0.91364681750367 0.40497385660326557 0.035294026878403446 108.28990173339844 -0.37483992462623295 -0.8728850611235515 0.31235668869664723 10.675963401794434 0.15730392166635832 0.27215408417881926 0.9493090280267921 1.8537282943725586
-0.9861939129974968 0.15534965816243626 0.05734151790369338 106.8083724975586 -0.10492976028848292 -0.8541299702337863 0.5093640538497318 10.605104446411133 0.1281066406260304 0.49631489767812254 0.8586385799451755 1.8923063278198242
-0.8347036421492322 -0.5137474771350194 0.1983263964282349 105.53657531738281 0.5349669698504371 -0.8419160018459979 0.07062426640108374 10.489166259765625 0.13069112805331562 0.16504840372767163 0.9775882842358022 1.9972853660583496
-0.9794877381964777 0.12493505235370692 0.15809808163328662 103.9110336303711 -0.1749634279888201 -0.9165116467719141 -0.35971405337828466 10.221243858337402 0.09995783905802388 -0.3799968868619992 0.9195709849631184 2.037044048309326
-0.8705440820521333 -0.2553244978682261 -0.42066899338119357 102.58051300048828 0.4919795858762097 -0.46973029003797584 -0.7330140119410489 10.15165901184082 -0.010444533741709255 -0.8450815673112135 0.5345353648784531 2.0735082626342773
-0.9947409112568747 -0.093747859362802 0.04125358574396865 101.1327896118164 0.07063508689381237 -0.9195775067608091 -0.38650730078366935 10.132532119750977 0.07417010159994558 -0.3815606739752756 0.9213632552387723 1.9807097911834717
-0.9224864858671775 0.2872685248036477 0.25786717132966297 99.46542358398438 -0.3842060027570507 -0.7480864958637201 -0.5410659314277598 9.84562873840332 0.037475736655532915 -0.5982001248440828 0.8004699743267383 2.234198570251465
-0.9918021780987163 0.039422552362684646 -0.12154958611140323 97.99581909179688 0.12759993829610955 0.25467721365449597 -0.9585706925375984 9.81340217590332 -0.006833393408188955 -0.9662222204081178 -0.25761973046359493 2.32334041595459
-0.9993987685614739 -0.02812104196964129 -0.020280739541529078 96.40491485595703 0.020714534069670464 -0.015221412994561303 -0.9996695537349958 9.8379487991333 0.027803047963957647 -0.9994886270413439 0.015794775684484907 2.3140463829040527
-0.9872454371419401 -0.10857758506607218 -0.116436054826843 94.96821594238281 0.1592049365488553 -0.6710670010537134 -0.7241014212631064 9.906787872314453 0.00048478953648341955 -0.733403018890702 0.679793922347876 2.3217508792877197
-0.8537185792172515 -0.453248698626168 -0.2563790254544288 93.54051208496094 0.5206501542296826 -0.7518276622345099 -0.40457209888918383 9.80518913269043 -0.009381066031385207 -0.47887449659871945 0.8778332484631906 2.242860794067383
-0.954659520297277 0.28953841300625865 0.06922938465413704 91.83615112304688 -0.2965512452274715 -0.9453133370045497 -0.13579415979842058 9.757407188415527 0.026125835102620867 -0.1501672476778479 0.9883153537535733 2.1567625999450684
-0.9615156635003181 0.25940251510274126 -0.09054260876468483 90.32475280761719 -0.2658163794969475 -0.7949346242699082 0.5453628109139769 9.768749237060547 0.06949303011581427 0.5484425934363882 0.8332955300912699 2.1592700481414795
-0.932736589458002 0.246860118251775 -0.26279752035164655 88.79923248291016 -0.36026364475069195 -0.6086133102914761 0.7069653066501909 9.638434410095215 0.014579470401961322 0.754088801503358 0.6566106292849876 2.1955509185791016
-0.9494385664471755 0.3082385579821648 -0.05962717430675793 87.21923065185547 -0.31393925684188184 -0.933886250868062 0.17116837749176347 9.333564758300781 -0.002924304412986578 0.1812331697363138 0.9834358070718339 2.183161973953247
-0.9908402852545329 0.1176048446204381 -0.06636738384567023 85.78007507324219 -0.12819258862970934 -0.9736716906435413 0.18849429450188246 9.003652572631836 -0.04245220061586959 0.19527554726885518 0.9798292051687983 1.9256280660629272
-0.9821164297369304 0.13007908255200828 -0.13611300717864147 84.22980499267578 -0.16902487149663964 -0.9276212244181027 0.3330907636434919 8.877764701843262 -0.08293317343698814 0.35014039511528505 0.9330186452864608 1.744884729385376
-0.9883601287118653 0.1101395965905292 -0.10494534403936526 82.63899993896484 -0.15116925910087098 -0.7885139405502786 0.5961489919984481 8.886651039123535 -0.017091257284324896 0.6050744043675517 0.7959854609876323 2.0938282012939453
-0.9878280915422928 0.15549573251072754 0.004091299410147152 81.3073959350586 -0.153554536765543 -0.9790203001919524 0.1339412410379208 8.754798889160156 0.02483275656528484 0.13168268292760124 0.9909808298944827 2.081873893737793
-0.97881070578858 0.17744281336663922 0.10219417898390283 79.72618865966797 -0.1814717638906029 -0.9828914078151321 -0.03150364032331951 8.366779327392578 0.09485568588173933 -0.04938145833933877 0.9942654929284154 1.7958505153656006
-0.9785628851251695 0.1450673777981613 0.14618527885621682 78.31890106201172 -0.1793593870664698 -0.9491492451652046 -0.25873909769005304 8.333531379699707 0.10121704464488482 -0.2794121799440534 0.9548214197284576 1.8096394538879395
-0.9985475283428585 -0.03830355281061593 0.03789025577180456 76.77030181884766 0.036940046519116816 -0.9986668803623341 -0.03605405706060145 8.131604194641113 0.03922074200641669 -0.03460202175376426 0.9986312800463534 1.583725094795227
-0.9638010912063019 0.2663288421239928 -0.012506176171605151 75.20938873291016 -0.25735848229695263 -0.9170326948997854 0.30465988917914044 8.224363327026367 0.06967114308916587 0.29685010415650914 0.9523790986172043 2.055821418762207
-0.9823403700866122 -0.10675132958520071 0.15366050543288487 73.82061767578125 0.16843174686106066 -0.8621676956233382 0.47780499293422474 8.052948951721191 0.08147480559921186 0.4952484409418517 0.8649224461171279 1.926823616027832
-0.43091089766291535 -0.6032602552300854 0.6711131519610333 72.4908218383789 0.9000942196564174 -0.3404015746845187 0.271950664079728 7.913539886474609 0.06439094669629852 0.7212515735941464 0.6896738167942308 2.037416458129883
-0.9579321176988495 -0.2645074890477983 -0.11136357626543203 70.93734741210938 0.2850834231625725 -0.8322835802556868 -0.4754276852210918 7.485180854797363 0.03306810727736706 -0.48717535885387797 0.8726778729901933 1.9974075555801392
-0.9476825079955563 -0.3009627733781158 -0.10639207244811753 69.51477813720703 0.31821575987999146 -0.8643580093673987 -0.3893892163458404 7.461191177368164 0.025230818521248324 -0.40287298331233506 0.9149080637494496 1.990735650062561
-0.3046177436637636 0.5549580205561444 -0.7740992350245566 67.6373291015625 -0.9482578256083662 -0.10030783740821286 0.3012398279228377 7.471782684326172 0.08952723841206639 0.825808654093001 0.5567988329795739 1.9501407146453857
-0.8506144008486687 0.5128610380154979 0.11588225383779054 66.31270599365234 -0.5188874690789518 -0.8544007989842042 -0.02747852121190497 7.108491897583008 0.08491722735523015 -0.08350347526192778 0.9928827897176387 1.9837985038757324
-0.8863810657798634 0.22097780001730613 0.4068137388614899 64.70973205566406 -0.4569328947324285 -0.558870216748113 -0.6920089670975083 6.998817443847656 0.07443746327217543 -0.7992702251000148 0.5963440041873272 1.998490333557129
-0.9093656066129308 0.395064673160876 -0.13030002889403763 63.33807373046875 -0.3979070871851824 -0.7346853877870252 0.5494609457823479 7.021064758300781 0.12134308170349241 0.551508191228851 0.8252966566818146 1.9650049209594727
-0.7885021593606782 0.6103107266502663 -0.07606024992840647 62.06632614135742 -0.589108671501781 -0.7139433956621377 0.37846505908976996 6.692638397216797 0.176678572116016 0.34322826912426724 0.9224852505211156 1.738797664642334
-0.9762418331929313 0.02618773240139624 0.21509552714033314 60.606815338134766 -0.2008147878308952 -0.482235222324351 -0.8527148476121524 6.42778205871582 0.08139597110752757 -0.8756502686697794 0.4760370813980838 1.7123665809631348
-0.9813510357430617 -0.1450507227580182 0.12613656279365004 59.090606689453125 -0.13947253045155653 0.0857419450033893 -0.9865068332842278 6.327507019042969 0.13227833494363134 -0.9857020882063771 -0.10437353788258871 1.8324131965637207
-0.978254141833463 0.1460413638206109 0.1472778124467198 57.67496109008789 -0.1564618249959604 -0.9857497776973786 -0.06178246586615577 6.268970012664795 0.1361562753038165 -0.08348230844307797 0.9871637011521476 1.768855333328247
-0.9918840246525925 -0.035035731655267056 0.12222348033972702 56.19725036621094 0.08528479664128005 -0.8962901921117513 0.43519006765565715 6.089510917663574 0.09430050424483966 0.4420818804606903 0.8920039382578471 1.7685179710388184
-0.9265074181636263 -0.375783432307121 0.019256585659228533 54.850486755371094 0.37467973281040906 -0.9260764611334636 -0.04469324284096241 5.893220901489258 0.03462805089652428 -0.034193568664299547 0.9988151470382836 1.793397068977356
-0.9292239484470739 -0.36833235095115485 0.02956573819854829 53.29008102416992 0.36659752879405055 -0.9289646204900366 -0.05129313560212275 5.866459369659424 0.04635844598910844 -0.03682408343187601 0.9982459022529855 1.694575548171997
-0.9969516922093971 0.060962278708571405 0.048692134636695084 51.79291915893555 -0.05192905511991995 -0.9842406760795754 0.1690374656245553 5.772051811218262 0.05822968860617317 0.1659936508577327 0.984406121090147 1.6908234357833862
-0.9676803710900047 0.24795392400307437 -0.0459733724952604 50.29818344116211 -0.2519147636241595 -0.9421064677882071 0.22130150297684692 5.655256271362305 0.01156076447706595 0.22573049178856003 0.9741211905105033 1.652092456817627
-0.9531015747739334 0.3013812861941509 -0.02768950153772716 48.776222229003906 -0.3023162870520401 -0.9523549490711368 0.04031021660548509 5.460822105407715 -0.0142214888994414 0.04679071822137362 0.9988034731326336 1.6559453010559082
-0.9110042771432326 0.40588464111328654 0.07299907626179035 47.37254333496094 -0.4092875864500963 -0.9115538137524651 -0.03941213279170247 5.210897445678711 0.0505458069931727 -0.0657822372808527 0.996552968313142 1.4707863330841064
-0.80315449761658 0.5957673919992762 -0.002016826378280011 45.943748474121094 -0.5938542475293126 -0.8002948951050451 0.08285658428995711 5.096843719482422 0.047749195277545245 0.06774433924089705 0.9965594407014372 1.629286527633667
-0.9613392878292348 0.27082203386971165 -0.049821678480885645 44.46006393432617 -0.27515155800022767 -0.9518844205260846 0.13493579988189858 5.004364967346191 -0.01088089178456255 0.14342759821733458 0.9896009954843313 1.5701148509979248
-0.9999791690787707 0.0040248536210764725 -0.005045984726513403 43.092926025390625 -0.00389192391453397 -0.9996522220980997 -0.026082327016106747 4.96250581741333 -0.0051492073928690735 -0.026062145108577708 0.9996470628454648 1.563469648361206
-0.9826275294155834 -0.17649416415311603 0.057384217817442996 41.65005874633789 0.18514290578423592 -0.9108145743588659 0.3689700740890069 4.802401542663574 -0.012854682897541776 0.3731844331632425 0.9276681173632265 1.5755664110183716
-0.979723865918918 -0.16794740187525786 0.10924658691346423 40.23193359375 0.19982094719614435 -0.7793883567414914 0.5938226826565601 4.672996520996094 -0.014585458872663624 0.6036120107976221 0.7971447828408121 1.5538835525512695
-0.9268386982011494 -0.3725539769773629 0.04662147311217221 38.916934967041016 0.3746724235133726 -0.9096999006710751 0.17907167776522326 4.438513278961182 -0.024302316256160476 0.18343834102331635 0.9827307731353481 1.594558835029602
-0.8167321905774512 -0.36646182224982676 -0.44570647483281456 37.40433120727539 0.5743353963079908 -0.5906756310528258 -0.5667813965084678 4.195093154907227 -0.05556420990440847 -0.71889361640905 0.6928957979840955 1.5211725234985352
-0.9595038782597461 -0.24408739151883815 -0.14061882130794462 36.02406692504883 0.2639710617721464 -0.9533662276485463 -0.1463287891225301 4.027174949645996 -0.09834422276571166 -0.17752234022992608 0.9791906007350655 1.2689135074615479
-0.9969464067806495 -0.07334153895520716 -0.026811950149768917 34.41476821899414 0.06781212641568633 -0.9833718275996062 0.16846769480940077 4.053791046142578 -0.03872179642184541 0.16613508764584395 0.9853424557658993 1.5865293741226196
-0.9541865945370718 0.23314918375036198 -0.18753506584712548 33.018943786621094 -0.2968127511319819 -0.8167653439409168 0.4947692024596319 3.857532501220703 -0.037817106859329166 0.5277649392045819 0.8485481927240045 1.3427883386611938
-0.8848846163847267 0.2862815866208583 -0.3674534920877727 31.59662437438965 -0.4640227943614927 -0.61079401886862 0.6415711284240211 3.7474169731140137 -0.0407683946042362 0.7382232180554631 0.6733234128746967 1.4700100421905518
-0.9993710228462875 0.022564096895906584 -0.027357270083786467 30.172109603881836 -0.01331390140481846 -0.9537552211892122 -0.30028939056133774 3.4373486042022705 -0.03286789808533354 -0.29973628339857195 0.9534557471062112 1.4619582891464233
-0.9828226781535788 -0.11254263446407006 -0.14626598625419898 28.85906219482422 0.18196041082154138 -0.7232837620034703 -0.6661463867017243 3.421663284301758 -0.030821943492951698 -0.6813183947685502 0.7313379880392672 1.4782044887542725
-0.9908451947970701 -0.05755847391232244 -0.12211806593801375 27.297256469726562 -0.12286419240094795 0.00959407552408938 0.9923771178037619 3.4728667736053467 -0.0559481024988285 0.998296036151463 -0.016578119044632727 1.4039713144302368
-0.8303551706003582 0.10369824892363724 0.5475006518968004 26.030603408813477 0.5506864279892844 0.30289134201631646 0.7778182904508981 3.2837114334106445 -0.08517481250729478 0.947366617578288 -0.30861261026183134 1.3925206661224365
-0.9394676188674635 -0.2544756871974125 0.22944000898906766 24.706966400146484 0.34196454986523667 -0.6544141195662103 0.6743903963935491 3.0555996894836426 -0.021467178085739697 0.7120282892819547 0.7018225384862251 1.444455862045288
-0.9968302920786036 0.0739053868471366 -0.029451020176909266 23.24440574645996 -0.0793428898428955 -0.896355476663383 0.4361783640747642 3.0777697563171387 0.00583734750240022 0.4371325351086721 0.899378158576025 1.427091121673584
-0.9864475233102117 0.16372478641343538 -0.010746072260345706 21.863632202148438 -0.1640292882701094 -0.9824625156942297 0.08866677982969165 2.813899040222168 0.003959336402852147 0.08922779594745484 0.9960033755392642 1.443291425704956
-0.9851399192233754 0.17131238197500828 0.012304768775151388 20.630142211914062 -0.16589182616278061 -0.9676295688369658 0.19019179668104846 2.531238555908203 0.04448866782607519 0.1853242706566961 0.9816698391723281 1.2305628061294556
-0.949033883956464 0.3032065452968629 0.08602603089559684 19.18064308166504 -0.30717430744529645 -0.9509302928816363 -0.037088042891851525 2.476714849472046 0.07055942139793443 -0.06162279585662041 0.995602329789762 1.2857882976531982
-0.869807240052345 0.4837549923061859 0.09703851076435749 17.7061710357666 -0.4867783539816405 -0.8734813554677429 -0.00878383430851749 2.467885971069336 0.08051210621668645 -0.054876489219672336 0.9952418659217851 1.4249436855316162
-0.9118655005376272 0.36371846177294376 -0.19028975141816276 16.241750717163086 -0.3955464507926876 -0.654619252790693 0.6442178506848926 2.434156894683838 0.10974659081069663 0.662708468665731 0.7407922592496164 1.4191398620605469
-0.9185104159233738 0.3944690006319894 -0.027070710752950783 14.973637580871582 -0.37159970288805155 -0.8378107218431975 0.39998356863512763 2.1087961196899414 0.13510098687197747 0.37744854206233136 0.9161224380186515 1.378983497619629
-0.9368813258132677 -0.3496214375152211 0.004269867932877619 13.747784614562988 0.33403923808863645 -0.8986001232184241 -0.28449183814126616 1.9959592819213867 0.10330134926290731 -0.2651087870698054 0.9586689534238811 1.3880078792572021
-0.9896999435670262 0.06971044255488365 0.12503789786391836 12.229372024536133 -0.09239401874880027 -0.9782047534234366 -0.18595377296317536 1.9594364166259766 0.1093497462405458 -0.19559119248727966 0.9745700171965749 1.444571614265442
-0.9842005883591686 -0.15652557805253603 0.08275835479748385 10.978370666503906 0.1426344120625188 -0.9778491922486797 -0.15318740716581256 1.7956501245498657 0.10490293784754721 -0.13896294698200776 0.9847256841359574 1.383582592010498
-0.9905785807856965 -0.12314951657506512 0.059902185735774965 9.533003807067871 0.13124677597761697 -0.9785888442155007 0.1585501743059654 1.7340017557144165 0.03909423338648231 0.16491837539916088 0.985532125489385 1.3215508460998535
-0.9328818627809868 0.35089575351984714 -0.08126253906945301 8.136937141418457 -0.33408427129165563 -0.7586599810194149 0.5593055809440347 1.6268856525421143 0.13460731692519226 0.5489145683632012 0.8249688884247947 1.344751238822937
-0.930582010593827 0.3335972821617016 -0.15076463409392982 6.798618793487549 -0.3533097194380721 -0.7105723750587443 0.6084892291191079 1.2919121980667114 0.09586116893581703 0.6195157408312572 0.7791090316204513 1.3526719808578491
-0.9974245161904061 -0.027487652348343633 0.06624774313673952 5.436802387237549 0.04459475244505902 -0.9610809745648621 0.2726438489748475 1.2906992435455322 0.056175106201045336 0.2748959608612541 0.9598315311269314 1.3557062149047852
-0.9911601220776743 -0.12660126587803627 0.03967028965168479 4.095555305480957 0.12205464637536897 -0.987332089753521 -0.10138051016407895 1.110995888710022 0.05200265090505894 -0.09564237565548056 0.9940564673487229 1.309480905532837
-0.9827001679046274 -0.18520337719716162 0.00029845432298171784 2.815565347671509 0.1781263182980679 -0.9455876449872862 -0.2722774694626301 1.0973751544952393 0.050708921599580695 -0.2675139523878408 0.9622187332140462 1.3432352542877197
-0.9738722499197574 -0.19669237262758896 0.11351189975663079 1.457821249961853 0.22352350496310666 -0.9185341097510211 0.32608638725483025 0.926508367061615 0.04012584659839266 0.34293906131268975 0.9385002486204963 1.3571302890777588
-0.9941288562530942 -0.0992017493501716 0.04320682921460441 0.04754394292831421 0.10081068584852264 -0.9942248433914537 0.03679900001344616 0.8162046074867249 0.03930677783366051 0.040938657881089094 0.9983882028085218 1.4124577045440674
-0.999143683058605 0.01816066115640522 0.03717648437451288 -1.4262890815734863 -0.023498363502645395 -0.9886187866773556 -0.14859583285304923 0.5554277896881104 0.03405477230556254 -0.14934217426753915 0.9881989614790437 1.4463248252868652
-0.9975580619285387 -0.021391882665069223 0.06648534001884554 -2.732733964920044 0.028513231475867797 -0.9937331437943384 0.10808068539486755 0.5456398725509644 0.06375663661283565 0.10971247094412133 0.9919164606997678 1.454045295715332
-0.9762151370646627 0.21599638090647397 0.018696780501664356 -4.053038597106934 -0.20933982749832195 -0.9615276673523149 0.17788024493739865 0.4786854386329651 0.05639896088399882 0.169735406887666 0.9838745086950285 1.442138671875
-0.9975584563994522 0.04953276896585548 0.04923038558164257 -5.442678928375244 -0.03897073409050237 -0.9797990525820082 0.19615070339880614 0.2786870300769806 0.057951772625083456 0.19375324863850474 0.9793371588434885 1.4293949604034424
-0.9955358008304377 0.049462134569701804 0.08038635772758497 -6.725710391998291 -0.07309574465453984 -0.9428481299808108 -0.32510677615990424 0.014328718185424805 0.05971165194747889 -0.32953133543791624 0.9422545397005028 1.4550421237945557
-0.8158559207537333 -0.5460572217456923 -0.190264624012069 -7.941695690155029 0.577992867968341 -0.760167853183461 -0.29676435022451764 -0.0022749900817871094 0.01741726582475281 -0.352088547904961 0.9358046234579983 1.4997397661209106
-0.9861790014218373 0.1641313587396312 0.022624637740978754 -9.475699424743652 -0.15869036113933188 -0.9749608940196562 0.15578390293564137 -0.03482717275619507 0.047627160697405135 0.15004050190090473 0.9875320254823275 1.4648888111114502
-0.9948989175540917 0.09455178477122703 -0.03515826853348043 -10.840314865112305 -0.1007913248979265 -0.9460775186262664 0.3078610686255849 -0.2218649983406067 -0.0041536339532248605 0.3098342923992469 0.9507814988620891 1.4864544868469238
-0.9739290933534401 0.22588533553954102 0.020926927818852803 -12.33504581451416 -0.22519989132478588 -0.9738260242967205 0.030787714266378545 -0.2449953556060791 0.027333680086134293 0.025272308771311536 0.9993068499426573 1.484304428100586
-0.998628942093642 0.024364274259541494 0.046331610728950846 -13.587553977966309 -0.02279719088369091 -0.9991598844729325 0.03405603247368431 -0.44331976771354675 0.04712243733876411 0.032953109107365326 0.9983454154246475 1.5037593841552734
-0.987857998758306 0.12481595868037249 0.09250703080271286 -14.808042526245117 -0.12664574501209258 -0.9918469722781103 -0.014157642920962901 -0.5849713087081909 0.08998571864227425 -0.025701362637903277 0.9956113751856134 1.496079683303833
-0.9914221845241132 0.12090440996085462 0.04964046419457588 -16.346466064453125 -0.12382831782026539 -0.9904399360685562 -0.060788820899222336 -0.6544620990753174 0.04181626166025264 -0.06641428078758352 0.9969155147595152 1.47201406955719
-0.9978082474764213 0.06175934807185504 0.023758876104993616 -17.61865997314453 -0.054519090810558085 -0.9707626405137909 0.23376818543138586 -0.8323643803596497 0.037501600035506524 0.23196051109710922 0.972002032552579 1.3893119096755981
-0.9831611947759983 0.1806531626860231 -0.027540876859112072 -18.906494140625 -0.17705784046055134 -0.9044161935692393 0.38817762679110474 -0.9333534240722656 0.04521710094729053 0.38651750752231845 0.9211729643018498 1.4451771974563599
-0.9708776318618647 -0.2351130627480125 0.046026858197658005 -20.195755004882812 0.22310265809922772 -0.9572869816633333 -0.1839207402305814 -1.2003525495529175 0.08730308069797582 -0.16829581831749427 0.9818628670224211 1.4401071071624756
-0.9894805506462719 0.11139542258863264 0.09230005264923069 -21.54523468017578 -0.1118929886624469 -0.993720238246237 -0.00021722805440774033 -1.2335342168807983 0.09169623209781488 -0.01054267167951481 0.9957312152849893 1.4478390216827393
-0.9903596017409856 0.026322777606831226 0.13599621545652377 -22.84731101989746 -0.021047987393244174 -0.9989747665210192 0.04007989621953031 -1.5838327407836914 0.13691180177811466 0.03683106342933625 0.9898982934122749 1.248336911201477
-0.9897833519597955 0.09043794950677485 0.11022655520445838 -24.240676879882812 -0.1253800213716973 -0.9201825160435332 -0.3708692322215817 -1.5390315055847168 0.06788789600557817 -0.3809003996542965 0.9221204471863385 1.4848631620407104
-0.9155219099681661 0.3501073609304532 0.19810216604205785 -25.636211395263672 -0.39707711335571155 -0.8653858652073217 -0.30567477872482546 -1.6529927253723145 0.06441582427740186 -0.35851379348874285 0.9312993404169114 1.5412683486938477
-0.9459320067842137 0.3091868847904013 0.09806176020650022 -27.017335891723633 -0.3125285972096557 -0.9496895375415896 -0.020387697520968927 -1.8236916065216064 0.08682461901646808 -0.04993247998696683 0.9949714734478553 1.4487228393554688
-0.9296087510831059 0.35743158146067616 -0.08983448382569201 -28.28943634033203 -0.36278985522865387 -0.8445643036986274 0.3938205909563714 -1.8795166015625 0.06489291835694269 0.39869010709142666 0.9147869192629212 1.5067771673202515
-0.9934140228851296 -0.03595336110468279 0.10879308323813394 -29.444761276245117 0.028932630150026808 -0.9974371402699653 -0.06543740614262784 -2.4054226875305176 0.1108669565189963 -0.061858766843106 0.9919082673901176 1.348427176475525
-0.9913466774247223 0.08054523121062865 0.10365438190539743 -30.897207260131836 -0.10255870025347469 -0.9681038948838664 -0.22859694160903737 -2.325528621673584 0.08193581732845252 -0.23724947721736728 0.9679871938196312 1.2291924953460693
-0.9406225958959309 0.33043282658478296 0.07773853102028207 -32.229305267333984 -0.338648316394118 -0.9292215671290689 -0.14786682178780605 -2.2743563652038574 0.02337626773952511 -0.16541289640589754 0.985947323039716 1.524134635925293
-0.9473537240684071 0.31378811767094916 0.06370195210700626 -33.492374420166016 -0.30891587027301126 -0.948054980459923 0.07591270722747127 -2.519857406616211 0.08421345846828081 0.05223764192283407 0.9950775458119601 1.2471734285354614
-0.8501049182398073 0.523306404414372 0.058923977151851006 -34.886993408203125 -0.5217962892545087 -0.852138842994826 0.039850028603049314 -2.636528968811035 0.07106518489890352 0.0031303926814959145 0.9974667614196193 1.4774186611175537
-0.8715467427962627 0.4795630900486322 0.10210542485212226 -36.07515335083008 -0.4768459722332081 -0.877497754570655 0.051143029714952985 -2.830322742462158 0.11412359040177195 -0.004115019619095266 0.9934580377284904 1.5146064758300781
-0.9729919015653007 0.16222172427805948 0.16422810861906012 -37.44236373901367 -0.2094029614706635 -0.9196693367545737 -0.3322028157025741 -2.80366587638855 0.09714504215685114 -0.35762050165735165 0.9288005262588345 1.5196813344955444
-0.9923840898491583 0.04956262842955485 0.11277129101598288 -38.68153381347656 -0.060298154068625126 -0.9937568858668162 -0.09386897468388483 -2.805281162261963 0.10741485386190294 -0.09995397768694023 0.9891770577173657 1.5271944999694824
-0.9748633414727644 -0.21945165003193617 0.038502451231282916 -40.006980895996094 0.20483389749286368 -0.9507454684724378 -0.23265022806137187 -3.272465944290161 0.08766150746159758 -0.21891557157357705 0.9717980410724106 1.5006077289581299
-0.6196796947228795 -0.7505763064508744 -0.22941727080305457 -41.06949234008789 0.7811795888883724 -0.5615855276542108 -0.2727272355917818 -3.2263851165771484 0.07586518208211462 -0.34821961938395274 0.9343380388401955 1.5065422058105469
-0.9911593492818739 -0.13240592875510612 0.008474335468352745 -42.42777633666992 0.06194457634991344 -0.518293884621385 -0.8529562231585537 -3.4393656253814697 0.11732865716423316 -0.8448905959913227 0.5219136585810584 1.4381191730499268
-0.9839796062844606 -0.1676359596920139 0.06068211791306924 -43.80289840698242 0.034228082189905765 -0.5116751105806274 -0.8584969537522564 -3.6635947227478027 0.17496449012836635 -0.8426664620301678 0.5092157312610055 1.438398838043213
-0.9987237439695079 -0.05028250772721353 0.004748962854294762 -45.129173278808594 0.02368774971848843 -0.5493766766121592 -0.835238982392377 -3.6631240844726562 0.04460688001646171 -0.8340605113606817 0.5498666107738814 1.5553640127182007
-0.9952643608747287 -0.08004342540631865 0.05515344070718235 -46.32667541503906 0.04715829715273054 -0.8937446847730011 -0.4460902750000983 -3.677302598953247 0.08499968813044166 -0.44137681009454005 0.8932869441162206 1.4841842651367188
-0.8144550552633898 0.5285365595294331 -0.2393993905520613 -47.73814392089844 -0.5662830639822747 -0.6341605982736724 0.5264635096984638 -3.926081657409668 0.12643755139496862 0.5643486872829311 0.8157966074698257 1.4326868057250977
-0.9898237332277722 -0.11656906107482709 0.08161268981701925 -48.906673431396484 0.1374095165568409 -0.9320384445294794 0.3352953365000525 -4.238574981689453 0.0369811019123422 0.3430976419610041 0.9385714710037522 1.170272707939148
-0.9829579544395607 -0.10468786582261547 0.15110959782059083 -50.16146469116211 0.13592308582723012 -0.9673283550555082 0.21401114046892064 -4.214786052703857 0.12376822913493626 0.2309032356964941 0.9650725989280242 1.3889636993408203
-0.9670695080395687 -0.23520861089379735 0.09722898735211113 -51.39982986450195 0.2331741273510145 -0.9719101305419352 -0.03194564890641167 -4.340801239013672 0.10201172949322854 -0.008222378692876975 0.9947492143924677 1.3155391216278076
-0.9756048636265141 -0.20512770889662568 0.07821619468570519 -52.63567352294922 0.19931776289580078 -0.9769779246276892 -0.07606946946302863 -4.562518119812012 0.09201945154424844 -0.05862386743464214 0.9940300109677279 1.220860242843628
-0.9947131766685577 -0.1026122137055448 -0.004053364083645166 -53.980926513671875 0.10190750628160078 -0.9912130113801969 0.08433045851925214 -4.592197895050049 -0.012671082251034338 0.08347155005778564 0.9964295981179695 1.3370294570922852
-0.9947489523227879 0.046993783045549735 0.09091812914806285 -55.20286178588867 -0.048753925930796506 -0.9986621035861207 -0.01723535805485217 -4.739225387573242 0.08998653543197693 -0.021577470102223564 0.9957092126845757 1.3066301345825195
-0.9978079287700198 -0.0010771033160767046 0.06616779527934866 -56.471187591552734 0.007308009859801373 -0.9955455001324315 0.09399867104356438 -4.888020038604736 0.06577180456375167 0.0942761741614162 0.9933710649651086 1.2987675666809082
-0.9929379657632689 0.08217788418998391 0.08556279270780771 -57.8778190612793 -0.07615943989016087 -0.9945374701347789 0.07137899000077673 -5.0316162109375 0.09096117777117142 0.06435849476154336 0.9937726341022426 1.2873144149780273
-0.9352072378667734 0.35351971463078413 0.020278895654562618 -59.05633544921875 -0.3477394086075951 -0.9277054299138802 0.13579373700411318 -5.203249454498291 0.06681860476573659 0.11994351452109105 0.9905295691606024 1.254063367843628
-0.7852453133930668 0.6123879069240232 -0.09149234529422691 -60.35334777832031 -0.6085424733527705 -0.735999183662577 0.2966163511570339 -5.406122207641602 0.1143059749965714 0.2885935777200076 0.950603961163033 1.2467401027679443
-0.9163597460442584 0.37392003712461097 0.14306859077530618 -61.52196502685547 -0.3705548623085647 -0.9274364915449204 0.05050394212662673 -5.540387153625488 0.15157146779385336 -0.006734982374034384 0.9884233557354047 1.2592792510986328
-0.9931366962143445 0.061224926031899336 0.0996544583289915 -62.72817611694336 -0.07570923473439853 -0.9859725010199477 -0.14874924876583562 -5.6924543380737305 0.08914939376343506 -0.15527310026162666 0.9838407645176909 1.1757454872131348
-0.9893905600073558 -0.08240545369865779 0.1196480713135384 -64.04597473144531 0.1146343649798591 -0.9487526706876215 0.2944950461871483 -5.646873474121094 0.08924842930828338 0.3050863993425871 0.9481334330157228 1.205998182296753
-0.8176143889177856 -0.546952852614664 0.17985907831209796 -65.12800598144531 0.5676362567434826 -0.818040802620613 0.09272715501982257 -5.930381774902344 0.09641468282809819 0.1779095901420292 0.9793122008178251 1.095646858215332
-0.7661091696141157 -0.6418557162892922 -0.033135776736485184 -66.32308959960938 0.6401118930092007 -0.757365493161888 -0.12905144011528252 -5.985555648803711 0.057736510644029015 -0.12007809639734661 0.9910841266533542 1.126178503036499
-0.7453060614826338 -0.6652970329760056 -0.04357444928588811 -67.69795227050781 0.6651401727676257 -0.7464476175056288 0.020112306949319585 -6.180915832519531 -0.04590670199325605 -0.013993292446542576 0.9988477173616647 1.0906610488891602
-0.8390119552106816 -0.5367539603901359 -0.08918590145899735 -68.87806701660156 0.5430823326822207 -0.8361806090362178 -0.07657394465650805 -6.381256103515625 -0.03347415334235272 -0.11268174243117027 0.9930671205818309 1.1284868717193604
-0.9967870236686328 0.028583403404919813 -0.07482391660171141 -70.2927017211914 0.005991851655005339 -0.9049319384333782 -0.4255141413830485 -6.485261917114258 -0.0798731942492139 -0.42459530832664677 0.9018531460206962 1.084542989730835
-0.9506247274867378 -0.26458534469775247 -0.16219501491086977 -71.45711517333984 0.30064983414038376 -0.9147483920102119 -0.2698982336846457 -6.539188861846924 -0.07695651188902394 -0.30533583917696827 0.9491299808729948 1.063744068145752
-0.6391085186351363 0.7651556011041095 -0.07795644621845527 -72.81321716308594 -0.7691148116053862 -0.6355987719419466 0.06690745605013845 -6.596343994140625 0.0016455932709818974 0.10271858256858207 0.9947090955741222 1.079430341720581
-0.954142214079116 0.28774655336055494 0.08255032611276471 -73.9965591430664 -0.28715182630953334 -0.9576917038327974 0.019246533634217074 -6.871049880981445 0.08459588618427065 -0.005340546690627891 0.9964010310119834 0.9325909614562988
-0.9425906956350638 -0.3028395535373826 -0.14075150200081488 -75.13884735107422 0.31840335109959744 -0.9420875323496114 -0.10531090826674373 -7.143803596496582 -0.10070792675233213 -0.14408083219047152 0.9844280711583493 0.9662172794342041
-0.9942178809541441 -0.07052142729870328 -0.08097859891850938 -76.12957763671875 0.08177911060252818 -0.9859899804809834 -0.14538203279693546 -7.266113758087158 -0.06959153871061168 -0.1511637743735696 0.9860560486387302 1.0245611667633057
-0.9670125761465348 -0.17225955229626072 -0.1876521361912356 -77.53398895263672 0.18972494748082064 -0.9786262271449352 -0.07934199296381093 -7.151451110839844 -0.16997388587027734 -0.11232699669608102 0.9790258035084656 0.7898221015930176
-0.9818197897571699 -0.18310815014945941 -0.05001305619565741 -78.5728530883789 0.04484143634692485 -0.47977112477481443 0.8762470618602121 -7.199714660644531 -0.1844427987955389 0.8580740487750185 0.47925961731749933 0.7953028678894043
-0.9602239824132678 -0.12281784516658248 -0.2507701746760198 -79.83234405517578 -0.24946430929534394 -0.02614974815488317 0.9680308616254096 -7.367912292480469 -0.125449041392117 0.992084657466324 -0.0055290536012381 0.8546528816223145
-0.8885399314900305 0.3048838573819638 -0.34284489737428847 -80.8302993774414 -0.4587791110308511 -0.5974403079158696 0.6577133157836577 -7.943939208984375 -0.004303188287076376 0.7416946217853313 0.6707239153223034 0.709913969039917
-0.8325502992205285 0.43192360033751787 -0.3468457910070192 -81.93589782714844 -0.5508270950712468 -0.7118800828125127 0.43567907802673067 -8.064821243286133 -0.058732534452212354 0.5537768062733637 0.8305911980213212 0.6939246654510498
-0.9961957711244596 0.08012692918869753 -0.034258733376074206 -82.96775817871094 -0.06087106841395855 -0.9211516177490728 -0.3844143729732398 -8.329898834228516 -0.06235943091374926 -0.38086660701229164 0.9225247579545267 0.6833381652832031
-0.998777340629995 -0.0035526564258340013 -0.049307225397446704 -83.94091033935547 0.03841429272004243 -0.6835673771140519 -0.7288758351463124 -8.302922248840332 -0.031115365318336342 -0.7298787704665312 0.6828680798392696 0.6356054544448853
-0.9988092792952726 0.04300088737069071 0.023042293266751966 -85.0317611694336 -0.037118496653258386 -0.9763369509176231 0.2130454774903256 -8.26486873626709 0.03165818693260681 0.21193650454372404 0.9767705345893314 0.6013128757476807
-0.9974335470282714 0.05160516605847653 -0.04963089862855555 -86.19702911376953 -0.07158117465408925 -0.7339061279622001 0.6754686749025978 -8.36755657196045 -0.0015667475041200168 0.6772877543375546 0.7357165508038069 0.5778356194496155
-0.9924107769183036 0.06691734910155292 0.10316452028497808 -87.21971130371094 -0.08236458849872194 -0.984693932049877 -0.15360317296718914 -8.707368850708008 0.09130675997890275 -0.16093454748242506 0.9827324900545324 0.21175003051757812
-0.9396633208396834 0.3283398213853467 0.09605105497170227 -88.44517517089844 -0.33350124496085287 -0.9417523244762427 -0.04335295783628721 -8.734176635742188 0.07622180185550298 -0.07277033074153444 0.9944318558280744 0.16346430778503418
-0.8870823255382736 0.38324776478120204 0.2573054575943176 -89.42987060546875 -0.45695210986648005 -0.8080527333580669 -0.3718138639173228 -8.584596633911133 0.0654195460560605 -0.44740577879903337 0.8919351725832151 0.5401172637939453
-0.9107712335030596 0.37274916258065144 0.17763395514016556 -90.40196228027344 -0.4024096892634326 -0.8976798263045067 -0.1795476856793713 -8.697920799255371 0.09253216851572667 -0.23500849184940914 0.9675788373814526 0.5680642127990723
-0.763119585541827 0.593046078314451 0.2567972880665204 -91.5481948852539 -0.6295084086333832 -0.7720160210215848 -0.08780903567324153 -8.712860107421875 0.14617681629565926 -0.2286648470619154 0.9624680389996415 0.5671863555908203
-0.6948405262876852 0.6935515560960308 0.19021798565074408 -92.55242156982422 -0.7082155584522336 -0.705870009033782 -0.013351146499054486 -8.813188552856445 0.12500946281959321 -0.14399225459524767 0.9816510911836924 0.47071361541748047
-0.5751610793800772 0.7644812748346153 -0.2911324667459576 -93.63970947265625 -0.7528372163155399 -0.355427268097608 0.5539924032177156 -8.840381622314453 0.320040401350538 0.5378102244471675 0.7799578860319791 0.5577125549316406
-0.9237967923102746 0.36530415981780173 -0.11468372742921135 -94.54170989990234 -0.2513699434128517 -0.3527087630750766 0.9013377169511267 -9.001294136047363 0.28881246175653047 0.8614809337819727 0.41765770993036044 0.5631608963012695
-0.951262392853074 0.20195167772909023 0.23305660215031376 -95.42652130126953 0.14980495756863438 -0.35796067985743346 0.9216412677196392 -9.288202285766602 0.26955210003133645 0.9116357120793425 0.3102611703553744 0.5337238311767578
-0.9033515673412114 -0.1383669150792355 0.4059686473037453 -96.46858978271484 0.26959215934977054 -0.9193541225042832 0.28654504890419497 -9.341519355773926 0.3335805950580835 0.36829688329639065 0.8678026229246256 0.5799312591552734
-0.9798735743454379 -0.06473027341377867 0.18883265078707334 -97.59107971191406 0.1585062568431851 -0.8273164655439753 0.5389092988447926 -9.396583557128906 0.12134061496901012 0.5579941375530761 0.8209256955506636 1.1069512367248535
-0.9908470632191138 0.006784624046477197 0.1348186418363771 -98.73570251464844 0.03467715161081045 -0.9524265225187016 0.3027890591799743 -9.563230514526367 0.13045916014683762 0.30469277654627963 0.9434737513329667 0.7658600807189941
-0.9134788257572498 0.012227370462372968 0.4067025034404531 -99.68220520019531 -0.0886595353260729 -0.9815123680207237 -0.16962593615988114 -9.605756759643555 0.39710945807034204 -0.1910077559522836 0.8976748383892421 0.6771316528320312
-0.975391736754795 -0.17866383890390636 0.129190528052887 -100.96173095703125 0.12018318903071262 -0.9220958768530948 -0.36782495152576367 -9.805190086364746 0.18484307113027737 -0.3432468886365052 0.9208770887021166 0.7435817718505859
-0.9104238281680703 -0.4126406393785332 -0.029260140756172462 -102.0257797241211 0.37147434487457326 -0.7843724255212077 -0.4967561868582855 -9.888309478759766 0.18203094298443412 -0.4631280609240306 0.8673967575342583 0.7780914306640625
-0.50093420077164 -0.8346278957824003 -0.2290441050957685 -102.8166732788086 0.82859481227858 -0.38604296077439376 -0.40546451077938367 -9.979118347167969 0.24999112696714543 -0.39289579791387813 0.8849504666473225 0.7369308471679688
-0.29613541909768143 -0.95044887189101 0.09460843237760104 -103.94213104248047 0.9493261356798208 -0.3038013450997756 -0.0805272055319538 -10.054088592529297 0.10527916066847735 0.06596729975278337 0.992252293367099 0.7300395965576172
-0.08349256857475906 -0.9722552627310224 0.21851474797967324 -105.1993408203125 0.9956395343613218 -0.07223454224198 0.059026168127892936 -10.30535888671875 -0.041604189807756695 0.2224901683196868 0.9740468245374644 0.7433063983917236
-0.3921350417937909 -0.9102477763390648 0.13296275669212565 -106.45686340332031 0.9018976068206837 -0.3519596196863667 0.25040992975788956 -10.493827819824219 -0.181137560457529 0.21811330032809928 0.9589659912694918 0.7874832153320312
-0.7666285695831653 -0.5692372419117003 -0.29706834015025924 -107.66634368896484 0.596428053271799 -0.8026657658931838 -0.0011160347308806912 -10.745487213134766 -0.2378112982372405 -0.17803547591384394 0.954855568003271 0.7819299697875977
-0.843006364791472 -0.3067159440467496 -0.4418886721659412 -108.81381225585938 0.44406607104057993 -0.8604289988279111 -0.24993451647697806 -10.95742416381836 -0.3035549266140316 -0.40692415465723997 0.8615492666614255 0.8044452667236328
-0.8975195847667266 -0.1699922266496735 -0.4068921697929919 -110.02638244628906 0.21405492242317636 -0.9746588853551303 -0.06496574008431791 -10.984209060668945 -0.3855373978572907 -0.14540529590417686 0.9111631109611759 0.8777446746826172
-0.8834633737337055 -0.34218063230598805 -0.3200076282617859 -111.20543670654297 0.22745913121014483 -0.910419239416577 0.3455418239942421 -11.152700424194336 -0.40957882135211204 0.23248488848700657 0.8821541621083012 0.9100341796875
-0.9192432160646352 -0.23033592586808033 -0.31927616724967245 -112.15267944335938 0.1491039643196731 -0.9542607842043015 0.25914158978046986 -11.180427551269531 -0.36436234375042686 0.19060880615618436 0.9115417519084961 0.7741832733154297
-0.8692488531234488 0.2294805569932885 -0.43788709196049497 -113.5548324584961 -0.2580080889040368 -0.9661249804960377 0.005860727055360719 -11.547879219055176 -0.4217087352707501 0.1180728420238154 0.8990108712205673 1.0076961517333984
-0.8171818554370561 0.22535911650799453 -0.5304970157797181 -114.75630950927734 -0.3391293625348214 -0.9322110931049549 0.12638731486502425 -11.451129913330078 -0.46605266935312795 0.28318853525310883 0.83821188424528 1.0072002410888672
-0.615521863989359 0.6223942345301602 -0.48348552385224647 -115.91484832763672 -0.6395267758626048 -0.7529581461117053 -0.15511135728503442 -11.567123413085938 -0.46058477819598737 0.21372750648346586 0.8614999797251962 1.0182304382324219
-0.845762944645427 0.515857815246154 -0.13629290485627216 -116.88190460205078 -0.48540721556244104 -0.8499556624755037 -0.20482970220586985 -11.56246566772461 -0.221505928915264 -0.10707981264128266 0.9692621096380966 0.9077615737915039
-0.9861562083899817 0.1624490911645647 -0.03325996743386487 -117.85472869873047 -0.14836420774192152 -0.9539958736628251 -0.2605377801690473 -11.621027946472168 -0.0740539972925619 -0.25199636071600273 0.9648905843000456 1.1500468254089355
-0.9637631349224087 0.016961594366101035 -0.26621969138493606 -119.25161743164062 0.05993600788160794 -0.958691966623322 -0.2780600440392735 -11.737658500671387 -0.2599390211640926 -0.28394016526104 0.9229353649242109 1.1865854263305664
-0.9323201340280443 -0.2904351130979715 -0.2154683567619578 -120.21150970458984 0.3171184640924061 -0.942983510958695 -0.10108401353174577 -11.726763725280762 -0.17382476065740216 -0.1625716554008765 0.9712648503073792 1.0246028900146484
-0.606910021364691 -0.7391650277698274 -0.2920535698962441 -121.32367706298828 0.7701135908563501 -0.6377583299913494 0.0137611665560399 -11.82174301147461 -0.19643137006458095 -0.21656263354668334 0.9563029554518152 1.1837692260742188
-0.5230262619922439 -0.8337391253308264 -0.17698192042976912 -122.55470275878906 0.8404850548474738 -0.5390026263829466 0.05532667828746608 -11.929523468017578 -0.1415217362967952 -0.11981335336628489 0.9826578033632389 1.3216743469238281
-0.9765270917476163 0.21514676258805873 -0.010330035373589251 -123.94502258300781 -0.18929902558307046 -0.8801121035986781 -0.4353947220768868 -12.123917579650879 -0.10276535406566817 -0.42321927608154497 0.9001803854543659 1.3137426376342773
-0.9996935009882486 0.02193064120599042 0.011486995175086534 -125.12677764892578 -0.02289792179796056 -0.9954737708645767 -0.09223695950102918 -11.879916191101074 0.009412186738098053 -0.09247171728130786 0.9956708252448964 1.3062316179275513
-0.7663741738150773 0.13904150778837066 -0.6271667121437444 -126.35132598876953 -0.6348240434999248 -0.014479588381358571 0.7725210516967886 -11.802669525146484 0.09833137598784791 0.9901806909005262 0.09936367477148575 1.3335132598876953
0.07245603644822046 0.9651821337606442 -0.25134353274246746 -127.65675354003906 -0.9871459174009748 0.10539246093783333 0.12014727186272212 -12.204605102539062 0.1424537136785199 0.23940734710262535 0.9604119228812609 1.3065147399902344
-0.4092821477766445 0.9112885474773846 -0.04518082278905147 -129.00787353515625 -0.9099085886682623 -0.40399765950292676 0.09408640382057665 -12.124382019042969 0.06748691561383065 0.07961830413112297 0.994538305882793 1.3334884643554688
-0.8898534143058763 0.4519622426823581 0.062378139101033285 -130.06948852539062 -0.45368786284751406 -0.8910131496259597 -0.016213892144781757 -11.953369140625 0.04825167513185246 -0.042728191901374016 0.9979208773564213 1.2905488014221191
-0.12159943350448327 0.7745249432569697 0.6207452698524385 -131.39263916015625 -0.9268538346231135 -0.3123905732370296 0.20821647148357447 -12.244743347167969 0.3551838214443599 -0.550021128708187 0.7558579304067353 1.45123291015625
-0.160488959625606 0.9826807331596236 0.09263838575426092 -132.62057495117188 -0.8865271063608101 -0.18477328494636497 0.4241798237276949 -11.945335388183594 0.4339504390201944 -0.014050261456430735 0.9008271791121683 1.4958686828613281
-0.17230857448259884 0.8913869603526619 -0.4192124068691395 -133.88662719726562 -0.8620443308306236 0.06947317023067645 0.5020488525042978 -12.040687561035156 0.47664381548757917 0.4478870008510425 0.756444252821119 1.4592514038085938
-0.639014523570209 0.7230876762631587 0.26230640690361406 -135.18753051757812 -0.6449774707359487 -0.6895160049659174 0.32950226272197203 -12.220684051513672 0.41912349124022785 0.04137500854605927 0.9069860019638761 1.5367374420166016
-0.9568499502285741 0.2156850265025497 0.1947258125934262 -136.46092224121094 -0.22792962194918806 -0.9727470150064992 -0.04255974898946292 -12.276796340942383 0.18023945235623612 -0.08510707455047627 0.9799339394447893 1.1978034973144531
-0.9299740784963174 -0.27324620340265177 0.24593642603519045 -137.6228790283203 0.15988907403752828 -0.9030315676528552 -0.3987097588796258 -12.206977844238281 0.3310342842189428 -0.33146719317070306 0.8834850324273686 1.5477485656738281
-0.7600917097760262 -0.6173513308835367 -0.20282486777040776 -138.94190979003906 0.5744358379010671 -0.4924343652449228 -0.6538592081333175 -12.363964080810547 0.30378291733515284 -0.6135028363277192 0.7289240076669088 1.6111087799072266
-0.8974145967364384 -0.2123503987238684 0.38672257462707027 -140.2723388671875 0.31228124667376367 -0.9249227027576741 0.21679118270658398 -12.278497695922852 0.31165279485391395 0.3153177795260737 0.896352181552815 1.5876960754394531
-0.9133323018699602 0.11729830937558977 0.3899553987041961 -141.67962646484375 0.23731754642983155 -0.6248642831978861 0.743790971806002 -12.499031066894531 0.3309146242121143 0.7718715788272169 0.5428717871480657 1.594705581665039
-0.8916867473424772 -0.05893703507711248 0.44879969976606804 -143.00152587890625 0.3146918834496082 -0.7933965620565948 0.5210478997248857 -12.55482006072998 0.3253671205034888 0.6058451297263152 0.7260082063463008 1.6449832916259766
-0.9587246511544675 0.2833368107878831 -0.023817953759647154 -144.48582458496094 -0.05095584216259602 -0.08879828398406875 0.994745377928938 -12.479990005493164 0.27973298950650416 0.9549005793348523 0.09957076964510236 1.638153076171875
-0.904157524519262 -0.04365449829362417 0.4249628873606872 -145.9431610107422 0.39633060270667414 -0.45698626422113603 0.7962949250569004 -12.799379348754883 0.15944034688046985 0.8884018455023278 0.4304891830170573 1.6226673126220703
-0.9896037177596979 0.1409515946858227 -0.02858548148461984 -147.2918243408203 -0.1438023995443593 -0.9665373704928106 0.21242970914193612 -12.75926399230957 0.0023133701537859947 0.21433189075909045 0.9767581527287934 1.3034069538116455
-0.9817450314651898 -0.1490842508127298 0.11811257068161957 -148.71754455566406 0.13633802189717903 -0.9845882808842984 -0.10953474759393017 -13.060784339904785 0.13262215870124355 -0.09143195997521184 0.9869405046488433 1.8089818954467773
-0.9825677546869702 -0.1562137221982831 0.1007863108083834 -150.2635040283203 0.12265520699316233 -0.9521344020327756 -0.2799924653685414 -13.132986068725586 0.1397007789773233 -0.2627496022121575 0.9546969879969678 1.8740816116333008
-0.9648555056347611 -0.26268297440907284 0.007176921477348136 -151.59417724609375 0.22601065902967624 -0.8434694684887959 -0.4873175943183251 -13.231392860412598 0.13406354930129621 -0.46856900311782324 0.8731953126683104 1.8201932907104492
-0.9919730183934643 -0.028313606531612995 0.12323907847972762 -153.1915283203125 -0.009256314412005967 -0.955735522534048 -0.2940815050459242 -13.313549995422363 0.1261104730895319 -0.29286165787235247 0.9478017714297601 1.8462953567504883
-0.9739294065784664 -0.21659362636534793 0.06744413999469581 -154.54281616210938 0.18692436079275096 -0.9346777399164371 -0.30238519449027645 -13.41938591003418 0.1285332421746901 -0.28189488027030385 0.9507967617390445 1.8136825561523438
-0.9659435344793628 -0.01603145443180512 0.2582558434311155 -155.95089721679688 -0.15208218348676228 -0.7723130602213806 -0.6167686328578852 -13.457586288452148 0.2093420589929665 -0.6350397857459695 0.743572708520356 1.8806438446044922
-0.970402597618519 -0.08418878230562893 0.22634276544463733 -157.42205810546875 -0.038786828092945896 -0.8707615426412642 -0.49017335486896296 -13.546441078186035 0.2383576734693451 -0.48444461478160894 0.8417238470587487 1.9724922180175781
-0.9757370129738479 -0.08266867155373703 0.2027391729696402 -158.8460693359375 0.11066110143379143 -0.9852054106324388 0.13086030524963632 -13.586297035217285 0.18892168256273142 0.15012058354572239 0.9704495907843738 1.9112205505371094
-0.9139119001558789 -0.3313836483704442 0.23441398496285346 -160.33493041992188 0.38284426186765075 -0.8956182488063802 0.226491111437086 -13.759378433227539 0.13488999187665754 0.29673697106644237 0.9453845038363115 1.9150819778442383
-0.981581849698769 -0.16281485921667732 0.09994195295368394 -161.76255798339844 0.1779092689447757 -0.9696556386148693 0.16767896268144436 -13.918899536132812 0.06960865151314377 0.18237122613132614 0.9807626478990105 1.9121088981628418
-0.9728626442743022 -0.1638930567541581 0.16333199724300992 -163.13694763183594 0.22104710186084464 -0.8669376158516422 0.44671842247705856 -14.104804992675781 0.06838460451398151 0.47069973036878693 0.8796393065889097 1.9276652336120605
-0.954172713005724 -0.29084369122788994 0.07045836379190092 -164.6481475830078 0.2954704654418791 -0.952949687884082 0.06770595552231834 -14.363531112670898 0.047451425762092665 0.08542154081124159 0.9952143098642513 1.9708940982818604
-0.9849581762633544 -0.1711669815359378 -0.023648582279765202 -165.9669189453125 0.17163329101695923 -0.9533128651189322 -0.24846849823150685 -14.624167442321777 0.019985105119930745 -0.2487899628815609 0.9683512533903887 1.9937514066696167
-0.9975000914730487 0.008454026495864804 0.07015765779490415 -167.41685485839844 -0.037489158209321284 -0.9048954089620926 -0.4239797894429446 -14.639921188354492 0.059901006068480506 -0.42555003028472976 0.9029501875500384 1.9231863021850586
-0.9991893695379975 -0.02660429725306973 0.030212831213396532 -168.9374237060547 0.0205684845550822 -0.982533108243182 -0.18494763758723382 -14.722404479980469 0.0346055088875489 -0.18417628124615215 0.9822838470528628 1.995988130569458
-0.9501807854035638 -0.310101238325702 -0.031522960500781745 -170.30760192871094 0.3108183989950938 -0.9502355692269557 -0.021078088671672882 -14.821870803833008 -0.023417896916554465 -0.029825910963294646 0.9992807499092615 1.9162163734436035
-0.9888008505251553 -0.1388335200585118 0.054755198007972836 -171.8291015625 0.14818138887179744 -0.9569573677449752 0.2495493384295647 -14.867108345031738 0.017752577073615286 0.2548682993759151 0.9668128029667762 1.9001727104187012
-0.9732040587321144 -0.22879452920716717 0.022954813704537648 -173.183837890625 0.22993582328637727 -0.9691095105585942 0.08919794680651462 -15.105566024780273 0.0018377260283257372 0.09208593785020953 0.9957493674681859 1.8840827941894531
-0.9893666362465171 0.13736905903551785 -0.04778494220932437 -174.6271514892578 -0.14537958633530965 -0.9437360617292786 0.29703033796009065 -15.226633071899414 -0.004293595140009439 0.3008188614621892 0.9536716298754859 1.8602348566055298
-0.8262404156280068 0.5064950616542502 -0.24655532462860352 -176.14596557617188 -0.5633049873696122 -0.7458145104161928 0.3555955669818954 -15.524734497070312 -0.0037771401059143034 0.4326932730844241 0.9015332853755917 1.8717172145843506
-0.5373700047285961 0.8360662226818446 0.11057463230099779 -177.5159149169922 -0.8432373718340266 -0.5347721484066001 -0.054492972308663325 -15.770263671875 0.013572500154063943 -0.12252355112018892 0.9923727962114168 1.873744010925293
-0.8369551648273937 0.36368554364400185 0.40894850215291983 -178.86785888671875 -0.5470994208761005 -0.574753323576071 -0.6085563578792806 -15.904571533203125 0.013721360930506799 -0.7330698755116231 0.6800149129773462 1.9039721488952637
-0.9704345120237624 0.056314809375636724 0.23470300406724182 -180.3544464111328 -0.23998639495312807 -0.1213613460670552 -0.9631603988527527 -16.00033187866211 -0.025756321759973014 -0.9910096194920502 0.13128802673366133 1.9420108795166016
-0.9986083746808989 -0.04955132736921736 0.01805491548366831 -181.5255889892578 0.05030613850377946 -0.9977608727710809 0.04407417833527643 -16.23295021057129 0.015830554191572442 0.044921116671781926 0.998865099415806 1.6697907447814941
-0.8886648496812308 -0.2771284887781936 0.36534173816927973 -183.03875732421875 0.4513856575131149 -0.38830893400178484 0.8034097086579491 -16.29769515991211 -0.08078225753523405 0.8788719886774822 0.47016832558733584 1.877819538116455
-0.9987970757621568 -0.04693758826166004 -0.014186763448477288 -184.40301513671875 0.03199736854412548 -0.8431189129218261 0.5367743167102628 -16.33662986755371 -0.03715602044373949 0.535674678775931 0.8436065840562692 1.8551355600357056
-0.9877817492364502 0.14868026275218937 -0.04670541021464512 -185.77352905273438 -0.1507805643870737 -0.9875328290512908 0.04521208852806422 -16.45391273498535 -0.03940098067934172 0.05170194400497851 0.997884999239698 1.8773177862167358
-0.9492042587755964 0.3107520243806672 0.04944142459100048 -187.1849822998047 -0.31399854247246306 -0.9456286209617255 -0.08480227911556404 -16.668733596801758 0.020400746247115024 -0.09601921974970656 0.9951703969628609 1.815845012664795
-0.8307551282972868 0.4488016760333355 0.3292764376590398 -188.58233642578125 -0.5533654063057446 -0.7299276188103142 -0.40123858040071736 -16.79326629638672 0.06027141869772762 -0.5155411980507218 0.8547424344213814 1.829925537109375
-0.8692262123059166 0.4935182026722776 -0.029758620119803476 -189.94772338867188 -0.49058724120722813 -0.8534588588260051 0.17587533953370083 -16.78304672241211 0.061399923493364525 0.16747465456760408 0.9839625447508005 1.8272318840026855
-0.8185070374750929 0.5456319459381871 -0.17981103741276344 -191.36871337890625 -0.5630726677979718 -0.6998179874169514 0.4395497187651956 -16.992103576660156 0.11399737006888222 0.46102121866503615 0.8800363830876445 1.806509017944336
-0.991341447902846 0.12913461291392328 0.02379885328036041 -192.60853576660156 -0.12431400245847754 -0.981352850356848 0.1466035875728944 -17.162006378173828 0.042286670034924284 0.14237568206706117 0.9889089961635987 1.6994285583496094
-0.9828097082673168 0.18062839837616831 0.03818977658446843 -194.0821533203125 -0.16949010793376754 -0.9647602231478176 0.20127298662357265 -17.280168533325195 0.07319959458980095 0.19134025591033701 0.9787904401964985 1.855863094329834
-0.9996306246056889 0.018452758491580436 -0.019952695419208025 -195.51893615722656 -0.015170556890347145 -0.9880033918101933 -0.15368523668586517 -17.36976432800293 -0.02254924730621888 -0.1533257756399917 0.9879183862902429 1.6276789903640747
-0.9994508473948033 -0.02000209939593736 0.026418169156184213 -196.71754455566406 0.007715020615715885 -0.9158168785862911 -0.4015220085541536 -17.50176429748535 0.032225488339337846 -0.4010976949774428 0.9154682719707296 1.8248002529144287
-0.9988559011285401 -0.04401233173600594 0.01870303279824446 -198.14141845703125 0.04233249116819461 -0.9957076880612368 -0.08230528614397588 -17.64336585998535 0.022245201104669033 -0.08141937478823323 0.9964316516635279 1.767500877380371
-0.9992811906184181 -0.009215733952467532 0.03677189584389045 -199.5456085205078 0.006587338088744288 -0.9974567158255246 -0.07096976138795388 -17.75929069519043 0.03733241290274671 -0.0706765187475718 0.9968004417357482 1.8491597175598145
-0.9889991748323159 -0.14686895380291373 0.017610865675364348 -200.8509521484375 0.14735633878317914 -0.9886093278534342 0.030621990490457454 -17.792457580566406 0.012912846371542806 0.0328801960155095 0.9993758807918902 1.8247292041778564
-0.9982123929537001 0.05508294090671983 0.023192416319014884 -202.294189453125 -0.04861155595221459 -0.9740361648452578 0.22111188616048277 -17.975854873657227 0.03476974520401907 0.21958920555120282 0.9749726383975291 1.862213134765625
-0.9770947742168141 0.21222896127671595 0.015641937015586877 -203.6071014404297 -0.1991849252258138 -0.9379593920506295 0.2838266097933752 -18.088062286376953 0.07490772831277388 0.2742098591579451 0.9587480301829047 1.6408405303955078
-0.9852671622998174 0.16426213274148363 0.04760851437384487 -205.06619262695312 -0.1441000522760771 -0.9472773703260916 0.2861830858071745 -18.21135139465332 0.0921075123304132 0.27510640744138254 0.9569914684870492 1.806157112121582
-0.9963431796580577 0.04684969271793371 0.07145190439104332 -206.2967529296875 -0.06401197024731957 -0.9632018805307645 -0.26104521640331896 -18.51032066345215 0.056592720502975306 -0.2646643981238023 0.9626785654369988 1.705521583557129
-0.99563857241933 -0.07908627276871588 0.04948933794617634 -207.57275390625 0.0605738740630285 -0.9514421377214857 -0.3018089865278466 -18.502132415771484 0.07095518932252202 -0.29749490756569563 0.9520830536674221 1.7313642501831055
-0.9778728286225086 0.20787591651318835 0.02350179515730287 -208.991943359375 -0.19752178575139015 -0.9544491025718699 0.22363375137338776 -18.636022567749023 0.06891933832674112 0.21404325248312367 0.9743898659525612 1.7647275924682617
-0.9935980476938737 0.10444907262547877 0.04305009694065659 -210.15333557128906 -0.1013426197167409 -0.9924602855989317 0.0689366008578501 -18.838041305541992 0.04992587553434097 0.06413246242398589 0.9966917448316532 1.4660038948059082
-0.9918257568238841 0.1274125994251907 -0.006906345520309408 -211.5775146484375 -0.1274857930109999 -0.9872023946292324 0.09580607819270195 -19.06818389892578 0.005388940627478914 0.09590339694726943 0.9953760584688022 1.205716609954834
-0.9788158483597166 0.19048635065963118 0.07506320811305928 -212.86302185058594 -0.1973489364345624 -0.975409430644747 -0.09813174765302843 -19.065275192260742 0.05452460259365008 -0.1108665541164991 0.9923384880625855 1.3916873931884766
-0.9259656130198589 0.23879491484414786 0.29251439648217925 -214.27734375 -0.35569404814843786 -0.8116427658720587 -0.46337648269990095 -19.044008255004883 0.12676524609108836 -0.5331163186886432 0.8364912211920309 1.6568527221679688
-0.9871663421152554 -0.15963801699636074 -0.004279780865380549 -215.50144958496094 0.12559560310996234 -0.7595455068463346 -0.6382134184651628 -19.066635131835938 0.09863243621766046 -0.6305603274540937 0.7698475926875104 1.5833892822265625
-0.9449551371734028 -0.3137156234909652 0.09296395165477059 -216.7100372314453 0.3128232046397961 -0.9494978817072384 -0.02440113260394733 -19.054136276245117 0.09592409170007185 0.006023305665674973 0.9953704277405342 1.4311704635620117
-0.9912746054630829 0.10354227390158736 0.08156993367226836 -217.86134338378906 -0.06685078307840751 -0.9282526339405327 0.3658934549623255 -19.364986419677734 0.11360294611414487 0.3572478762676585 0.9270751455715089 1.3715934753417969
-0.9480953204753472 0.231342357590905 0.2181650221209403 -219.1719970703125 -0.2451461300749973 -0.9687372268536606 -0.038099346675915705 -19.385040283203125 0.2025305858432277 -0.08960412318727835 0.9751679152360572 1.2879047393798828
-0.9659019225949769 0.13397437091045747 0.22154986767424253 -220.1714630126953 -0.10245629411502574 -0.9836448323730514 0.14814031032101538 -19.45956802368164 0.23777338733244005 0.12038983214930804 0.9638309522896216 1.2275505065917969
-0.906595336034141 0.38051978796996644 0.18245434399990265 -221.36790466308594 -0.32609784896394267 -0.9061257187484559 0.26943714429098997 -19.710050582885742 0.26785273861253056 0.1847724892560739 0.9455760348231554 1.1975574493408203
-0.9488197126371645 -0.23508080119510555 0.2108984822624277 -222.3172149658203 0.2467935770840997 -0.9685827426771456 0.03066595666292972 -19.850269317626953 0.1970636527144537 0.0811448550278168 0.9770268314029823 1.0817203521728516
-0.975707875693238 -0.09698053937114821 0.19644061772828497 -223.3545379638672 0.11775276584840531 -0.988298190783242 0.09695861091012849 -19.935094833374023 0.1847388087144649 0.1177347063437635 0.9757100550250102 0.9777927398681641
-0.9751191536839582 -0.12727682884632238 0.18150274090907062 -224.4594268798828 0.09945720978727765 -0.9829076676918141 -0.15492185195758462 -20.195484161376953 0.198118397782767 -0.13301550898847203 0.9711106913367431 0.7081794738769531
-0.982771251895011 0.09654886579610891 0.15760387990845326 -225.47671508789062 -0.14011260147894064 -0.9452894603687815 -0.2946121094295035 -20.421783447265625 0.12053682157547034 -0.311618601224611 0.9425310191263204 0.7322444915771484
-0.9902653331614595 0.026430061461937264 0.13666024216919162 -226.43504333496094 -0.09188803009181809 -0.8615980584556773 -0.4992047431578075 -20.479352951049805 0.10455218727730672 -0.5069025917437449 0.855639294690821 0.6399497985839844
-0.9882029455672983 0.10791219458075993 0.10867334830987616 -227.33897399902344 -0.1144127245832201 -0.991884249545617 -0.05545596412264746 -20.64106559753418 0.10180700774288418 -0.06723536096498883 0.9925294652605272 0.5295486450195312
-0.9921706593478807 -0.024107668464061198 0.12254061796163189 -228.16690063476562 0.03400980912478958 -0.9962649835141362 0.07936885728592538 -20.817501068115234 0.12016952863553677 0.0829150344919733 0.9892847827813323 0.41829681396484375
-0.9959668733581157 0.08923027251865487 0.009377933647950048 -228.9404296875 -0.08102601120308944 -0.9394016483084076 0.33310558185650907 -21.250530242919922 0.03853274817315256 0.33100226830294266 0.9428428955539363 0.12383794784545898
-0.9993217604396206 0.02736217238719034 0.024644079088314993 -229.8004150390625 -0.019381140475615066 -0.9598580256903143 0.27981590718141164 -21.289325714111328 0.03131118818764183 0.279148494604835 0.9597373221116976 0.4080343246459961
-0.8996756622325258 -0.29245844650055536 0.32411689227337115 -230.62252807617188 0.4331521015588207 -0.6905768026901752 0.5792088884861765 -21.190284729003906 0.054433075438040074 0.6614920533586907 0.7479741330030472 0.2234940528869629
-0.8819967307217913 -0.20137239540737287 0.42606446151253763 -231.46253967285156 0.4712411071048739 -0.3698034277982907 0.8007354393076449 -21.46324920654297 -0.0036859151705862236 0.9070251281836303 0.42106036487993515 0.21570396423339844
-0.8529114712271516 -0.39844171920694327 0.337322128898403 -232.31271362304688 0.4883448110840727 -0.38049792796101756 0.7853283850114126 -21.73379135131836 -0.18455722076471787 0.8345450995678947 0.5191079936302422 0.27208518981933594
-0.9568282779769194 0.06058027697417304 -0.2842704284751681 -233.24012756347656 -0.15062320287452824 -0.9398117679652261 0.3067026109277434 -22.03227424621582 -0.24858056484677535 0.3362794534844621 0.9083632709134875 0.2228107452392578
-0.8120036450288355 0.5816808074322354 -0.047932439170856 -234.06451416015625 -0.5498447591758903 -0.7899296623448337 -0.2714440446106423 -22.255870819091797 -0.19575704653138865 -0.19405815317259906 0.961259908620217 0.16612815856933594
-0.7849138936860033 0.617128615396553 0.055339421368594 -234.78211975097656 -0.5963006192880953 -0.7281086724065579 -0.33805817931680576 -22.354999542236328 -0.16833226350082592 -0.2983454930530926 0.9394967886265474 0.17858505249023438
-0.888061665593844 0.45845939561831434 -0.034080209388698116 -235.4708709716797 -0.43158303654660785 -0.8569447489755044 -0.28174772362615325 -22.360050201416016 -0.1583747475701126 -0.23550091246659716 0.9588830791913596 0.1665973663330078
-0.9810487452789282 0.0831490151821517 -0.1750131442517358 -236.031005859375 -0.07902392322698687 -0.9964084440845081 -0.030420915747305752 -22.37210464477539 -0.17691404394353738 -0.016014175949067552 0.9840960152465899 0.19365882873535156
-0.963083283482435 0.18175821589674016 -0.19858131843334587 -236.88360595703125 -0.1939217918084671 -0.980053940506211 0.043458167932415664 -22.47977638244629 -0.1867215245719825 0.08036308015676415 0.9791204459152265 0.17480850219726562
-0.9808544773604425 0.09220149334602273 -0.17153244260703715 -237.60218811035156 -0.10526905975575071 -0.992068240948423 0.06869519895627091 -22.683673858642578 -0.16383808867327937 0.0854370524202748 0.9827805404939711 0.12874412536621094
-0.9767618036609254 0.050420446307465054 -0.2083126436470232 -238.2333526611328 -0.05958590026656271 -0.9975012993185475 0.037956268879233465 -22.80521011352539 -0.20587836068533014 0.04948673005933468 0.9773255159615734 0.05817985534667969
-0.978075248506873 0.17844785950942887 -0.10735534311212364 -238.93431091308594 -0.14583954486494272 -0.9549156978340457 -0.2585862277533434 -22.87656593322754 -0.14865946122532875 -0.23726013459201434 0.9600041630751267 0.16992950439453125
-0.9899337280845221 0.0014327418142097322 -0.14152441927658044 -239.52854919433594 0.05023469911169881 -0.9312857688614459 -0.3608092178995747 -23.00567626953125 -0.13231662407209688 -0.36428665082190353 0.92183921972713 0.2079305648803711
-0.9686261784516189 0.24843057890607462 0.006750843103269377 -240.32818603515625 -0.2467178180689814 -0.9579708981583598 -0.14636282495547234 -23.006975173950195 -0.02989389010305133 -0.14343641708456709 0.9892079405203178 0.22351586818695068
-0.9834087422988831 0.16784955173684993 -0.06880242402610226 -240.93968200683594 -0.18140354129072675 -0.9098727461059481 0.37312778119674295 -23.066774368286133 2.7880327063210808e-05 0.3794181253911829 0.925225315989207 0.12730693817138672
-0.9994513752754397 -0.02574765545999129 0.020832827420827413 -241.67587280273438 0.030288795251537957 -0.9650224450224509 0.26041173069794954 -23.2872371673584 0.013399154534626785 0.2608998636281832 0.9652728753137906 0.11459469795227051
-0.9673041979553986 -0.08863865413191714 0.23762528824084614 -242.3790283203125 0.25356190638623227 -0.31811571588796916 0.9135145050489697 -23.345701217651367 -0.005380357575703293 0.9438991367189435 0.33019005353521835 0.21329450607299805
-0.9938544473748236 0.11050811483041291 0.006426039986807894 -243.27622985839844 -0.09836942081889267 -0.9083250067348076 0.4065330726865493 -23.36349105834961 0.050762136293101216 0.40340257646281813 0.9136134668568107 0.22786331176757812
-0.9462473631217014 0.31206378019934017 0.08504190068974536 -243.95875549316406 -0.3034886985389928 -0.9475518437268544 0.10020036581244075 -23.453413009643555 0.11185051472539127 0.06900507617223887 0.9913262640614987 0.20732402801513672
-0.9147074781173926 0.35715376671316845 0.18908044954123365 -244.56898498535156 -0.36045887196696036 -0.93260492142466 0.017817467687915155 -23.600032806396484 0.1827009334853707 -0.05185795461738785 0.9817999396243996 0.198516845703125
-0.9351607914778424 -0.3450638816872155 0.08003256610584755 -245.2711639404297 0.34504432216424535 -0.9384741612087424 -0.01451428557538397 -23.658613204956055 0.08011685106612726 0.014041591736645825 0.9966865725376004 0.17514705657958984
-0.9935885496096049 0.014422032100545759 0.11213295267124987 -246.1531219482422 0.04558247745196695 -0.8565410094497643 0.514061997117196 -23.59365463256836 0.10346029109770985 0.5158774119118514 0.8503919473073034 0.24525070190429688
-0.8146898787065973 0.4424368254885316 -0.37487338793872893 -246.9765625 -0.576734471199855 -0.5507640412725132 0.603354224789214 -23.707115173339844 0.06047934575418079 0.7077489853703786 0.7038704585677298 0.1970357894897461
-0.4461704371686413 0.7323724057926165 -0.5143564913853801 -247.95884704589844 -0.8934010617596583 -0.33071041590182665 0.30408085053280837 -23.915115356445312 0.052597374872314556 0.5951985215435065 0.8018554957777402 0.18894577026367188
-0.8872037818492623 0.4325667617397112 0.16048503391402674 -248.6778106689453 -0.44897355765421376 -0.88955304521068 -0.08436897702191301 -23.881439208984375 0.10626473544730075 -0.14690601211123247 0.9834258638076839 0.3023366928100586
-0.05798939028963984 0.14404114309804522 -0.9878711351734317 -249.09320068359375 0.9983098326883295 0.004565433595835888 -0.057936471879824814 -24.176483154296875 -0.0038351755677604182 -0.9895611683524626 -0.1440624361770756 0.3262977600097656
-0.999045977532976 0.029782995171206302 -0.03193912919620823 -250.21263122558594 0.039349361821565745 0.2967089147946637 -0.9541569302822299 -24.008419036865234 -0.018941026883875185 -0.9545034274846815 -0.29759778967690514 0.3591432571411133
-0.9981407667259374 0.023087233561484878 -0.05640912555815116 -251.13182067871094 -0.05125491228160376 -0.8187682886033256 0.5718316391601522 -24.046964645385742 -0.03298399258372036 0.5736597155318289 0.8184293414884258 0.19878125190734863
-0.9943041900126495 -0.10522027455486285 0.016966777710829405 -251.90711975097656 -0.006131449847697708 0.21540229864558064 0.9765061469652743 -24.04785919189453 -0.10640292780771865 0.970840122554069 -0.21482056091805096 0.35280513763427734
-0.9007001767927008 -0.11817034097191834 0.41806095493382067 -252.53208923339844 0.41713454942325057 0.03366786725934159 0.9082209215778223 -24.311595916748047 -0.12139999671770665 0.9924224126997474 0.018968277943790877 0.3408966064453125
-0.8941320270587024 -0.44668997273456545 0.03155925294250546 -253.36550903320312 0.43928427504717793 -0.8612592998768726 0.25546378230949823 -24.345653533935547 -0.08693240986059934 0.24228183306635376 0.9663034044656141 0.38254737854003906
-0.9708357858515891 0.2396852201460761 0.005373281441944745 -254.3663330078125 -0.21665090160079628 -0.8674977172414909 -0.4477835385723375 -24.32781219482422 -0.10266578663551656 -0.43588840983023286 0.8941258470876354 0.5290555953979492
-0.5266375211456804 0.7744572848584799 0.3505265114811783 -255.245361328125 -0.8495949833599703 -0.465434140181171 -0.24811171960104178 -24.344497680664062 -0.029004923221843726 -0.4284705066669648 0.9030901058839309 0.5608298778533936
-0.2503638210735235 0.9225663380670023 0.2935801576454148 -256.126708984375 -0.9680199558430008 -0.23353816057491827 -0.09163674287641842 -24.441558837890625 -0.015978804310080086 -0.30713397633756767 0.951532132085877 0.4725067615509033
-0.7510754089815382 0.6077208585953563 0.2579943566269203 -256.8756408691406 -0.6598292045179125 -0.6775681902024878 -0.32484883944841886 -24.405357360839844 -0.02260864632114057 -0.41421818604915056 0.9098967762651308 0.5595028400421143
-0.8482209280476435 -0.4442590904015997 0.2883662910562498 -257.4520263671875 0.5238399741997122 -0.6233129867017152 0.5805795398043514 -24.375518798828125 -0.07818528411689338 0.6435175065252932 0.7614277904982388 0.557671070098877
-0.8697593726826321 -0.2872232567865875 0.4012747617177288 -258.352294921875 0.4913503895225814 -0.4286605508717599 0.758172095795095 -24.52935791015625 -0.045753998150124014 0.8565937968998054 0.5139587909220477 0.6187562942504883
-0.9665217194124186 -0.24737750345295037 -0.0681185487914053 -259.1812744140625 0.24745562266570334 -0.9688707975484211 0.007422430128676246 -24.60445213317871 -0.06783421493015579 -0.009682377976074586 0.9976496232854185 0.6360263824462891
-0.9524994124676267 -0.27191288966410687 -0.13714317220824718 -260.1109313964844 0.29848618976188146 -0.9228920745365716 -0.2432616148902595 -24.672441482543945 -0.06042237805862796 -0.2726418881831955 0.9602164011500959 0.6177129745483398
-0.9356219882490303 -0.27769694165920267 -0.21793554941325244 -260.9113464355469 0.3489217362897882 -0.8211282092805164 -0.45166590071455615 -24.647912979125977 -0.05352678814808816 -0.49863099835138325 0.8651601068204958 0.6634359359741211
-0.9977004698540591 -0.05774596710276036 -0.03548486630038408 -261.8141174316406 0.06115401391886994 -0.9926996650489298 -0.10395942282137213 -24.6234130859375 -0.02922257748043243 -0.10589040700228272 0.9939483199192455 0.7109501361846924
-0.9963242056389212 0.08466757672208611 0.013018398902397704 -262.7523498535156 -0.08082501036666695 -0.9794880202429437 0.1845820573614522 -24.707622528076172 0.028379481270813696 0.18285135944960298 0.9827308814676737 0.7475366592407227
-0.9931550837798043 0.10693986546340505 0.046977066074826 -263.631103515625 -0.11237841686691198 -0.9844940868085611 -0.13469404018539197 -24.656583786010742 0.03184448123013297 -0.13905127907950457 0.9897730400458166 0.7233061790466309
-0.8480677575890908 0.48949766916786686 0.20291158275721258 -264.6380615234375 -0.522536046938428 -0.8361220491160627 -0.16690116426172008 -24.749725341796875 0.08796111747682886 -0.24757211244641897 0.9648683282972064 0.7818336486816406
-0.9272940416493205 0.3724471700922093 0.0375348612888443 -265.5216369628906 -0.37087970571686013 -0.927697485598614 0.0427272641457912 -24.64959716796875 0.050734645056835864 0.025699819149439085 0.9983814476875272 0.8233695030212402
-0.9559391761494662 0.28818705260214683 0.055933122701730884 -266.2994689941406 -0.28995703014465235 -0.9566736499154211 -0.026465982452931015 -24.705360412597656 0.04588259116890167 -0.04151807160735144 0.99808368264271 0.8500981330871582
-0.9767293304016794 0.18963495243339237 0.10019181577689913 -267.21435546875 -0.2013372247065652 -0.9716901854811012 -0.12361838612100248 -24.790054321289062 0.07391303728399441 -0.14091404562813534 0.9872588792531404 0.9106721878051758
-0.9816557104827215 -0.19057519017027472 -0.005758729740762747 -268.0638732910156 0.17376414073205657 -0.8818137829396542 -0.43841815155546066 -24.81402587890625 0.07847349534915314 -0.43137634277880893 0.8987526697698683 0.9052867889404297
-0.9870512210708143 0.09451085889508772 0.12960549576899597 -269.0445251464844 -0.11196185410722247 -0.9845355315435066 -0.13473800634274652 -24.69525718688965 0.11486701096262338 -0.14750418529403764 0.9823686095927816 0.8922805786132812
-0.9865375896629568 0.03623277458623463 0.15947028007684366 -269.86907958984375 -0.017999117133696924 -0.9932795925817041 0.11433145998862997 -24.742982864379883 0.16254112084150063 0.10992195870938322 0.9805598130808144 0.8967571258544922
-0.9771699546494295 0.04379768824119382 0.20789574847783407 -270.6777648925781 0.02877943111148542 -0.9422153169463987 0.3337694426643885 -24.857933044433594 0.21050088853810314 0.3321325925234145 0.9194440259789306 0.93157958984375
-0.9107472377829502 -0.31706670763128525 0.26459057387326507 -271.6029357910156 0.3671328065004898 -0.9150143561016619 0.16721910931151168 -24.92660903930664 0.18908456114077782 0.24943422186965142 0.9497523875718772 0.9264736175537109
-0.8763321338154858 -0.44706777601620556 0.17936664932567925 -272.4957580566406 0.4528956447061549 -0.8915143154556812 -0.009368049091698194 -24.95970916748047 0.1640960884621983 0.07302485183492022 0.9837376910365356 0.9020671844482422
-0.9460922750085303 -0.32384493955460725 -0.005819131726989113 -273.5245361328125 0.3036768464297881 -0.880637694127661 -0.36367241388916866 -25.03000259399414 0.11264892414773515 -0.34583479698605907 0.9315087294716936 0.9627695083618164
-0.9385529277104587 -0.34420283667199747 0.025353680464126546 -274.37432861328125 0.29663725556042186 -0.8420393281639666 -0.4505286987959336 -25.090980529785156 0.17642205219220125 -0.4153241830812724 0.8924018615221319 1.0029869079589844
-0.9837151080871712 -0.09312958029246296 0.15372529848920322 -275.3269958496094 -0.01709561885411847 -0.8029303461982676 -0.5958276587822394 -25.09645652770996 0.17891988692439878 -0.5887526988715038 0.7882626044881749 1.0372695922851562
-0.984994252858822 -0.09010763861298796 0.14719692693355452 -276.29473876953125 0.02127348440479685 -0.9097701340098345 -0.41456693322671884 -25.043956756591797 0.17127101534226358 -0.4052146551240701 0.8980352568670739 0.9784374237060547
-0.9642566364880302 -0.2133800965876056 0.15709256306093755 -277.1360778808594 0.1691778659380233 -0.9520837274383503 -0.2547850576932501 -25.198970794677734 0.20393133321156592 -0.21910159818531835 0.9541522420490308 0.8965969085693359
-0.9844550983674054 -0.06883321266463603 0.16158634884385276 -278.169921875 0.0527430768163757 -0.9934016944968409 -0.10183929113435192 -25.233699798583984 0.16753007833330757 -0.09173364816178625 0.9815898382973235 0.9581127166748047
-0.9205039911904959 0.36517938398579247 0.13898352317496007 -279.14117431640625 -0.3506840712169577 -0.9289912514729678 0.11830442460613567 -25.34264373779297 0.17231681402889062 0.06016038728637162 0.9832027478625589 0.9364738464355469
-0.9745990085218027 0.19546583057892286 0.10931551428965242 -280.024658203125 -0.170122954355235 -0.9635937195859207 0.20626517877726439 -25.392398834228516 0.14565353751202204 0.18242876048107667 0.9723707082998603 0.9544620513916016
-0.9920672727372246 0.045400800438238735 0.11722326425796312 -280.9324951171875 -0.03267824403527988 -0.9935854103878068 0.1082597091778109 -25.518817901611328 0.12138640257663016 0.10357026399532214 0.9871871867510456 0.9393157958984375
-0.9901864150182023 0.11522664552582387 0.07908023567407113 -281.8388671875 -0.11961477292229167 -0.9913948482535224 -0.053184217161896384 -25.491504669189453 0.07227149930746626 -0.06212145375988306 0.9954485196988389 0.844944953918457
-0.977246037815929 0.06557969128595051 0.20171634952057663 -282.7240905761719 -0.13986852631751076 -0.9141813921831937 -0.38040659501612983 -25.614736557006836 0.15945838616653504 -0.3999646062801525 0.902552678132599 0.8417987823486328
-0.9225904974519873 -0.3657482815671198 0.12269869005817931 -283.6105651855469 0.37380405009805173 -0.9261631808812386 0.04992288563613906 -25.578815460205078 0.09537979944195486 0.0919236471787572 0.991187538737129 0.7663002014160156
-0.6963946211411612 -0.5306706732798161 0.48313887047763493 -284.3738708496094 0.7149702452463667 -0.5712389097352221 0.4031174226163699 -25.650253295898438 0.062065127551697685 0.6261587215117757 0.7772214455460748 0.7438945770263672
-0.6960363728255013 -0.36778428718396816 0.6166588082598838 -285.3536376953125 0.7152140711491132 -0.4308163227368991 0.5503327434323412 -25.878456115722656 0.06326294440058045 0.8240946633512659 0.5629083279733323 0.7024707794189453
-0.8977198623665575 -0.2825736322229375 0.338010637532172 -286.2047424316406 0.4364403449635169 -0.6751522573968928 0.5947177941007032 -26.030471801757812 0.06015707772735995 0.6814114555129053 0.7294241251117818 0.6990871429443359
-0.8931684348277942 -0.43610998846865395 0.10980994939047772 -287.1061706542969 0.4497195990858662 -0.8652823522377389 0.22144690809305448 -26.11614990234375 -0.0015585972271814422 0.24717307471445268 0.968970093403758 0.6771135330200195
-0.9341756773231282 -0.3365918332143587 0.11841343551840663 -287.9102478027344 0.3560333129634681 -0.9012393705869741 0.24699772663782155 -26.304485321044922 0.02358143248684664 0.27289839632616414 0.9617538049441116 0.785820484161377
-0.959954385212718 -0.27390792096384936 0.05883901039390535 -288.7856750488281 0.2784414954265861 -0.9095972146835004 0.30838813314494506 -26.394882202148438 -0.030950152430624836 0.31242176280355305 0.9494391661350617 0.674525260925293
-0.8320282084533946 -0.5400659031047275 0.12671969318740262 -289.7153015136719 0.5470034677868998 -0.7607402821984034 0.34937290860883824 -26.374801635742188 -0.09228362025267792 0.3600042268423645 0.9283752959276173 0.6279764175415039
-0.9525875683843359 -0.3042111821981463 -0.005699226721583576 -290.4259338378906 0.30243842600751686 -0.94875332146401 0.09164133065982996 -26.371997833251953 -0.03328547782011697 0.0855727271776166 0.9957757706078569 0.6855418682098389
-0.9610391230503118 -0.2481046169750856 -0.12185197168012282 -291.2825622558594 0.2747611698813442 -0.9055778360223071 -0.3231641725664992 -26.54233169555664 -0.03016792157445533 -0.34405360329576706 0.9384652441977147 0.7127771377563477
-0.9722410241377945 0.180029931657411 0.1494543900021698 -292.10528564453125 -0.23362417207740543 -0.7822105903132698 -0.5775520224385963 -26.55913543701172 0.012928155500286878 -0.5964359279161459 0.8025565691502167 0.7042369842529297
-0.8688801434271471 0.3428581339009152 0.35706525506691755 -292.8509826660156 -0.48922174355960396 -0.7048453756491959 -0.5136682607037791 -26.57459259033203 0.07556045252989094 -0.6210002386826649 0.7801598051486324 0.6706457138061523
-0.8732744830078668 0.34767302763675695 0.3413431457950097 -293.6843566894531 -0.47050886051891777 -0.7837157621660976 -0.4054762832837472 -26.67786407470703 0.1265428366227497 -0.5146970662305186 0.8479822170972482 0.6665573120117188
-0.9517028420204638 0.22020258310596924 0.21394513989252167 -294.3939208984375 -0.2824028538914875 -0.9012570159947821 -0.32860982826769514 -26.73284339904785 0.1204588253475649 -0.3731576255600837 0.9199147014165201 0.6476421356201172
-0.9240616345862984 0.3309857334913154 0.19120287579143197 -295.1789855957031 -0.3532345457074418 -0.9305693029436701 -0.09626072998782413 -26.81543731689453 0.1460665985246286 -0.156490308467162 0.9768189863794096 0.6677417755126953
-0.9185359791568287 0.34159123954322146 0.1990152759506968 -295.9444580078125 -0.34572610135809057 -0.9382202872188309 0.014702227407788999 -27.005794525146484 0.19174232144767056 -0.05530025061733912 0.9798860976907051 0.673980712890625
-0.7907338411838002 0.5704978516652628 0.22197340753349887 -296.80938720703125 -0.5793038871582488 -0.8145639334629028 0.029876489499052146 -27.01909637451172 0.1978560050391598 -0.10496570652724502 0.9745948910820232 0.7378692626953125
