0.8486612328556745 0.5289310212671091 -0.0024671013800699887 0.0 -0.5288182949231549 0.8483631886793482 -0.02512192365994099 0.0 -0.011194766744055545 0.02262465105016283 0.9996813504124225 0.0
0.7293403776498902 0.645512715114258 -0.22666263069887418 0.21058034896850586 -0.5895311552860679 0.7610886169930612 0.2705496886537916 0.8157058954238892 0.3471536122188413 -0.0636981295597299 0.9356425160359069 -2.6357011795043945
0.693845617629995 0.6777416997087798 -0.24340182285986406 0.28337809443473816 -0.6540671683508371 0.7345234126161758 0.18075258118268878 0.7494575381278992 0.30128789916153004 0.03378675472046486 0.9529344452921673 -2.558429718017578
0.7149233245611363 0.5479756216718321 -0.4342894864624531 0.3268272280693054 -0.5557470105642588 0.8222563171540679 0.12263689962290472 0.7568546533584595 0.42429930502811536 0.15367910382871805 0.8923860335073943 -2.5754306316375732
0.5558065106906304 0.5442752368985335 -0.6283658084053836 0.3541445732116699 -0.6501091152710221 0.7556700635609098 0.07950404567931996 0.8675124049186707 0.5181093136737025 0.3643174735541732 0.7738446339851877 -2.5668938159942627
0.5170856041069558 0.3008719443897094 -0.8013105210244653 0.37503427267074585 -0.5209008998298936 0.8534731410658284 -0.01567960572321664 0.9010074138641357 0.6791794538866378 0.4255110698423533 0.5980431413032543 -2.5882928371429443
0.5273889166965007 0.35022573616399544 -0.774081949327123 0.35832059383392334 -0.3732923315176244 0.9139550075235929 0.15918253501149282 0.5563161969184875 0.7632258943299993 0.20500775095331536 0.6127463229373441 -2.0278210639953613
0.46865995471600497 0.5162737933420405 -0.7168118422248704 0.3924763798713684 -0.3752209767152611 0.8509464886406408 0.36755855601932247 0.6913912296295166 0.7997293701487009 0.09670286334118566 0.5925212998223595 -2.4332480430603027
0.484869788411503 0.03148202258694574 -0.8740195481450171 0.5193951725959778 -0.06990269654774864 0.9975497503509128 -0.002847558635997373 0.6667402982711792 0.871788335148583 0.06247701840410689 0.4858824146541992 -2.394120693206787
0.31635136648372125 0.03281823328480886 -0.9480742462950599 0.4445229768753052 -0.05616450945894268 0.998296252006025 0.015815849896837125 0.6890596151351929 0.9469780149513073 0.04824475924685301 0.3176556034514338 -2.4015884399414062
0.11137783034568965 0.3938509237692759 -0.9124014624898271 0.2931728959083557 -0.094576292242086 0.9181475155362311 0.3847862584089854 0.5493309497833252 0.9892675592847604 0.04343488875011589 0.13951023828392933 -2.3879876136779785
-0.009696490906322908 0.9938445019449866 -0.11035888735315003 0.19909310340881348 -0.03968665464797699 0.10989463149094747 0.9931506126526437 0.455582857131958 0.9991651252455502 0.01400985093391488 0.038376771227575684 -2.258596897125244
0.06883895304308263 0.9034602764338313 -0.42310841098947366 0.4919142723083496 -0.2175835291107509 0.42750112432352716 0.8774395686096171 0.21611183881759644 0.9736111166187675 0.031659399997871596 0.2260068051810199 -2.280327558517456
0.014603656482528482 0.9948389487075666 -0.1004101556206558 0.3029968738555908 0.0757036597270655 0.0990325521245522 0.9922003373934254 0.29556065797805786 0.9970234145301049 -0.02209116914339032 -0.07386671188437416 -2.2938644886016846
-0.19562422574672628 0.5180948438855839 -0.8326517249367629 0.47202378511428833 0.17654616324359418 0.8537899314519144 0.48976954294372155 0.3690461814403534 0.964656734048418 -0.051190679723052496 -0.2584896511749198 -2.3006460666656494
-0.16346802426260823 0.939428884258168 -0.3012500231786438 0.539447546005249 0.3084257281906125 0.3387156266599052 0.8889011724857148 0.3812643885612488 0.9370975270662975 0.052393660664643626 -0.34511321198758593 -2.2621920108795166
-0.18213979043253983 0.9764225579293722 -0.1158623541442701 0.5636725425720215 0.38479692039370744 0.1792181439310858 0.9054348054616717 0.21344560384750366 0.9048516048483912 0.1203322286528361 -0.4083671484714856 -2.271897554397583
-0.2928166523572342 0.8788845489200758 -0.3765904377063459 0.7511535286903381 0.4020478988767142 0.4705157649269589 0.7854759079462704 0.14068728685379028 0.8675343769045246 0.0785930316551875 -0.4911285374157408 -2.28314208984375
-0.17066671431578662 0.9213327570340072 -0.34931192856924964 0.7798489928245544 0.5341702321430998 0.3844100827615503 0.7529216767788298 0.10744664072990417 0.827970431668209 -0.05809336526121439 -0.5577545384806711 -2.3120803833007812
-0.09767852506665536 0.9638004418280333 -0.248087916015454 0.8123113512992859 0.5753790822261824 0.25808571513571205 0.7760996555723012 0.3263726830482483 0.812033138164545 -0.06693632776733655 -0.5797600456634322 -2.278507709503174
-0.5716172513571349 0.5640504857724726 -0.5959033205569102 1.025986671447754 0.43212245383781217 0.8243184413780316 0.3657448456140983 0.16244357824325562 0.6975126542508758 -0.04843714178118186 -0.7149335217039188 -2.1927404403686523
-0.47748103897605787 -0.8711417316258023 0.11455976972018983 1.3866937160491943 -0.5978342330842663 0.2265592157358037 -0.7689376772650205 0.03236889839172363 0.6438991281022919 -0.43564091312131853 -0.6289760787533437 -2.192629337310791
0.09965108821487016 -0.8833076248756241 0.4580800153403072 1.4054425954818726 -0.904480103330724 -0.2722895129604144 -0.3282897558721918 -0.229874849319458 0.4147112288043756 -0.38160982818628264 -0.8260681180963231 -2.217517852783203
-0.923706051731634 0.2515807348491551 -0.2889191302892823 1.2545911073684692 0.02888350839554797 0.797744051058316 0.6023040527373458 -0.4011770486831665 0.3820116136155032 0.5480069003706305 -0.7441475419626498 -2.172785758972168
0.3535061696672043 0.330985156658084 0.8749184042407873 0.9982523918151855 0.9101455794677624 -0.33770067260987136 -0.23998599937107123 -0.7178285121917725 0.21602872999328826 0.8811396494261646 -0.42062394847015405 -2.1350014209747314
-0.5731059035111188 0.8098852245035263 0.12504217885008603 1.099348545074463 0.8193403364346138 0.5634672110543377 0.10576443238565632 -0.8107872009277344 0.015199883286329603 0.16306632146926883 -0.9864980174083287 -2.0290284156799316
-0.991341780665925 0.11722568172940229 0.05915753079017165 1.511514663696289 0.0968774323168062 0.9570903413410308 -0.273116901013855 -0.9016445875167847 -0.08863541625002876 -0.26502116529587993 -0.9601601662907069 -2.11181640625
0.3346466266578952 -0.941806752196462 -0.03180686692592152 1.8835713863372803 -0.9034664453394875 -0.330252630088059 0.2732793121799576 -0.901335597038269 -0.2678806029038354 -0.06271556295746422 -0.9614087272075317 -2.0407843589782715
0.2290476973206476 -0.9730286390648867 0.02743027363412709 2.0736358165740967 -0.9251248689180679 -0.2088329388067551 0.3170690470207736 -1.0289723873138428 -0.30278891865693575 -0.09800036341191891 -0.9480056959268205 -1.9651249647140503
-0.5526300161027925 -0.8035437123196076 -0.22117316223685662 2.234349012374878 -0.800261238477068 0.4374940003361561 0.4100987074607975 -1.1391841173171997 -0.23277030629652196 0.40362916403735133 -0.884817202841995 -2.032304048538208
-0.6996604311170532 -0.6601156925193415 -0.27335426394846835 2.3558435440063477 -0.6361558969350519 0.401404838686676 0.6589232354938495 -1.2430610656738281 -0.32523984369055764 0.6349184419818292 -0.7007835729435358 -1.9421894550323486
-0.718305341161173 -0.6957279882980265 5.6197079591868704e-05 2.612380266189575 -0.6104882794029358 0.6303382199061384 0.47955999545125044 -1.3056883811950684 -0.3336787340706231 0.34443619848143353 -0.8775090926051333 -1.8937270641326904
-0.9010755021424078 -0.4276515008553677 0.07195229846891152 2.862989664077759 -0.2981900832491678 0.7314697327375027 0.6132166862869772 -1.2867672443389893 -0.31487396477108465 0.5310990716477275 -0.7866308933701117 -1.8985364437103271
-0.850000048093376 -0.5083315285048793 -0.13819904257682636 3.1104307174682617 -0.4423725775870941 0.5463558590843189 0.7111974253631591 -1.2918908596038818 -0.28601821767189717 0.6656533124473497 -0.6892744350312596 -1.8565278053283691
-0.9412107247925834 -0.2535558235824068 0.22323040980759493 3.4422919750213623 -0.08264386151603295 0.8135405686828048 0.5756055378998512 -1.4270461797714233 -0.32755513076295745 0.5233174824470377 -0.7866679406688413 -1.789804220199585
-0.8937416981858256 -0.44852686540703834 -0.007030500128211256 4.068301200866699 -0.39506751021826136 0.7796006984985101 0.48594692433493075 -1.2487637996673584 -0.2124792679153904 0.4370885515645216 -0.8739600441652743 -1.664501667022705
-0.13124054281537312 -0.626175961080918 -0.7685568200763786 4.761355876922607 -0.9823144726802594 -0.022294437123121638 0.18590652176905254 -1.295186996459961 -0.13354473664068617 0.7793629602680332 -0.612175774984455 -1.6801677942276
-0.29239494409563993 -0.9119762375592849 -0.2877577779913486 5.072983264923096 -0.9557020088195144 0.2892885173486558 0.05427544627694238 -1.1812539100646973 0.03374710366316386 0.2908805525596842 -0.9561640220887422 -1.596925973892212
-0.7741962575192449 0.6293840355857406 -0.06705140261770846 5.1770243644714355 0.5730661496092918 0.7419865176539504 0.34792412361281394 -1.0577274560928345 0.2687291257291914 0.23093666527767115 -0.9351218709961036 -1.5375242233276367
-0.8078239076181623 0.2900118150596197 -0.5131409956399392 5.653120040893555 0.23772737941165534 0.9569403202182686 0.1665860636986916 -0.505126953125 0.5393572353816994 0.012584540769634736 -0.8419830176286381 -1.5577712059020996
-0.6351408441375789 -0.45688335971456406 -0.6227790167660885 6.116097450256348 -0.1323718458949469 0.8587516302077777 -0.4949983151787981 -0.005545377731323242 0.7609689891990135 -0.23195523971537393 -0.6059067289987917 -1.4810967445373535
-0.25116350987325575 -0.9617304722143089 0.10950520591547025 6.682146072387695 -0.3458727745996869 -0.01649132384449603 -0.9381364826231684 0.36073100566864014 0.9040403282480607 -0.2735005211188793 -0.32849436806259 -1.3003418445587158
0.741057174341991 -0.6693229603084213 0.05330139923337022 8.361940383911133 0.6530717909968075 0.700065815977823 -0.2887993924916168 1.6548099517822266 0.1559855767706936 0.24882650201149414 0.9559047398858517 -0.10142045468091965
0.7357768992476288 -0.6217170619341924 -0.26851489611092366 8.133065223693848 0.4564313431796533 0.7481613136840929 -0.4815860023606475 2.016737699508667 0.5003026918743912 0.23178124084232454 0.8342509651758456 -0.6360689997673035
0.1703831977637309 -0.9671723878423696 -0.18853948688562455 7.777791976928711 0.10044950277361109 0.20738845554118923 -0.9730878305172533 1.9671103954315186 0.9802445936154609 0.14685911855764833 0.13248749368952129 -1.1364474296569824
0.3040667255144294 -0.9500930741564153 -0.06976085488972594 8.131267547607422 0.49383441545119466 0.21981982851263399 -0.8413125537567198 2.897841453552246 0.8146600496838604 0.22136484235914466 0.5360285533592417 -1.2004880905151367
0.17150479909038868 -0.9408891973321114 -0.2920849572174167 8.551863670349121 0.6391460856120468 0.3318806003321982 -0.6937921506978424 3.3112215995788574 0.7497188707347331 -0.06769627365575198 0.658284763151451 -1.2693259716033936
0.6626062291976558 -0.2620664255219616 -0.7016225293151626 9.086703300476074 0.4664556646654162 0.8773195989121354 0.11282479455418848 3.6966590881347656 0.5859796053874304 -0.40203421493548563 0.7035597999397061 -1.1973052024841309
0.5195434989121568 -0.606056871401935 -0.6023035956763103 9.46927261352539 0.7453043905824204 0.6661604174074482 -0.02741648515220929 4.510112762451172 0.41784676391792336 -0.43465545769728087 0.7977961612951561 -0.678309440612793
0.45072283720774897 -0.8195590791421464 -0.3537963253272623 9.642040252685547 0.8349647055568256 0.5272437585470919 -0.15763235564927514 5.07617712020874 0.3157259325646227 -0.2243589420299822 0.9219437079547679 -1.059142827987671
-0.40950161671232327 -0.9097458125457037 0.06834458621976047 9.921634674072266 0.8875808771086139 -0.41460615310905163 -0.20075339198931846 5.834008693695068 0.21097064369503354 -0.021547490797548433 0.9772548762422382 -0.9080420136451721
-0.36830717370070354 -0.7901524738949993 -0.4899070256673328 10.248689651489258 0.9296994999256344 -0.3146899659533484 -0.19138721265096675 6.421501636505127 -0.002943745679529458 -0.5259556001469072 0.8505069317974319 -0.9239020347595215
0.5598376821982048 -0.5584534022684298 -0.6121368859052339 10.75477409362793 0.8285768117167727 0.3715081046032777 0.41885820428797643 6.804199695587158 -0.006498975012259101 -0.7416950355158753 0.6707057757429069 -0.8937978744506836
0.6807879984774176 -0.6654700547232592 -0.3060674883023917 10.868707656860352 0.7315371065665465 0.6389105493953088 0.23800582259186515 7.322643756866455 0.03716399931866052 -0.385931232395109 0.9217786724678736 -0.7952663898468018
0.9004863255584644 -0.2606564287042354 0.3481129179696858 11.24893569946289 0.42629574957812005 0.6873647736930139 -0.5880489790634627 7.759896755218506 -0.08600181029399392 0.6779291217089776 0.7300793070379753 -0.7192661762237549
0.42634061806753 -0.88014428021086 0.20875757087565344 11.322786331176758 0.9023414161004323 0.397649529122741 -0.1662973865649393 8.639540672302246 0.06335334383963483 0.25926993269673465 0.9637247821986148 -0.873144805431366
0.3067827467464069 -0.7394784097096576 -0.5992128402095582 11.62083625793457 0.9509724095630501 0.21222793280112368 0.22496839953381925 9.288269996643066 -0.03918957193663103 -0.6388513020353306 0.7683314332624862 -0.6236705780029297
0.7123679613705057 -0.39709501630935096 -0.5786600345929428 12.154451370239258 0.6992587497434697 0.331419218846845 0.6334023226087401 9.812100410461426 -0.05974184898401713 -0.8558486136001057 0.5137645979227721 -0.5927908420562744
0.7604353895843833 -0.39590876615807435 -0.514775938780008 12.632650375366211 0.6469431723001305 0.3927531874214698 0.6536126265491813 10.369497299194336 -0.05659107775869701 -0.8300609511653148 0.5547938962070889 -0.5518405437469482
0.8266962427189366 -0.5043384533717006 0.2494314469449159 12.85058879852295 0.5610871175125183 0.7719689324872776 -0.29873937443187293 11.098298072814941 -0.04188757376462357 0.38691948997833436 0.9211616250360298 -0.48660600185394287
0.9804573959932014 -0.03956197860078192 0.1927125955702478 13.032652854919434 0.18125928206471076 0.5624445868534185 -0.8067224797814133 11.74313735961914 -0.07647461871507596 0.8258879685335526 0.5586239308550119 -0.37110114097595215
0.8221170900409869 -0.5183777152842498 0.23538911308559118 13.273262023925781 0.5660087775295782 0.7887223948559632 -0.23989799418116584 12.435956001281738 -0.0612988908709816 0.3304565450242367 0.9418284970357567 -0.2971019744873047
-0.4608198073409824 -0.6871766756529578 -0.5616345089119519 13.851075172424316 0.8873322353873814 -0.36881450546272876 -0.2767984187142608 13.388590812683105 -0.01692953645710288 -0.6259105982477307 0.779711045065103 -0.3428993225097656
-0.3129893355678345 -0.7634815298784658 -0.5649191352355155 14.400586128234863 0.9497279235266063 -0.2562207270640796 -0.17991056193730023 13.914608001708984 -0.007385600493270417 -0.5928295645100635 0.8052940831448858 -0.33463239669799805
0.18850940381478531 -0.7104200920837447 -0.6780615734851212 14.757201194763184 0.9816159758946348 0.11527825975439476 0.1521216575521791 14.525689125061035 -0.02990452376845948 -0.6942724361457269 0.7190907480050481 -0.3205435276031494
0.5613354382065382 -0.2062802223220756 0.8014680253710865 15.3341064453125 0.8270488249428247 0.17478866196448117 -0.5342650698008984 14.977516174316406 -0.029879206384478496 0.9627551056875374 0.2687188856377838 -0.261913537979126
0.1364599053471793 0.7352288536152025 0.6639406803655838 15.69039249420166 0.9903080004372333 -0.11873766769715402 -0.07205158249372062 15.79091739654541 0.025860365477851643 0.667337919708985 -0.7443059467825288 -0.28235721588134766
-0.6940498179970039 0.01901450046078096 0.7196758290442666 15.716434478759766 0.7152444074863327 -0.09561746007995195 0.6923024908863059 16.88105010986328 0.08197736088610397 0.9952365297255149 0.05276326565010661 -0.26624298095703125
0.24671905191556562 0.5093252382715542 -0.8244498232648905 16.06414031982422 0.9388682950518507 0.08517009136105788 0.33357514908035346 17.258150100708008 0.24011670905689902 -0.8563491444482055 -0.45717623389072926 -0.07471466064453125
0.7332669695139427 0.5751561022483971 -0.3626499820298763 16.473121643066406 0.6783899892685472 -0.5828468817993311 0.44729915586441316 18.09618377685547 0.0458974278152772 -0.5740078139043298 -0.8175625087396765 -0.22756195068359375
0.41251811439638664 -0.7993184486407545 -0.4369425854244322 16.975605010986328 0.9098412986400775 0.3378750774300936 0.24089259710614985 18.86005973815918 -0.04491788712514472 -0.49692096928399576 0.8666325251812714 -0.378204345703125
0.47777984609439317 -0.8139178564008521 0.33055126939381124 17.435476303100586 0.8642756049110912 0.5028997070939689 -0.010934503206260743 19.56610870361328 -0.15733434914723926 0.2909116835684712 0.9437246923450568 -0.22554349899291992
0.6292236304828522 -0.7097001461579283 0.3168648377232701 18.116865158081055 0.7745786302479775 0.5389918079642453 -0.3309316795210171 20.105833053588867 0.06407470955959199 0.4536667648074404 0.8888649493055761 0.08850052952766418
0.5783286213328757 -0.47285222092474044 0.6647907813092444 18.415660858154297 0.8125444346136713 0.2610973413700134 -0.5211523002998835 20.661808013916016 0.07285291706969937 0.8415693408721892 0.535213505975311 -0.16631150245666504
0.7427202006914828 -0.6670498119750835 0.05840592289150867 18.579818725585938 0.6633356704570031 0.7210603851543224 -0.2001442211517937 21.68106460571289 0.09139196783175862 0.18739388812099972 0.9780240482272062 -0.10497760772705078
0.8579829949624674 -0.5079723452444482 -0.07634970086443986 18.906084060668945 0.5132091935213972 0.8413290620006217 0.16965179963168953 22.43851089477539 -0.021943200321543305 -0.18474172755500856 0.982542105998333 -0.15952932834625244
0.8113125702943061 -0.4127172453823931 -0.41404877568520404 19.541418075561523 0.5845144520144478 0.5856423348722231 0.5615744928250047 22.974266052246094 0.010713013987517755 -0.6976299384124659 0.7163781824999438 -0.25261354446411133
0.8309387103081766 -0.5542582760446518 -0.04835931293344616 19.92743492126465 0.5551875410100694 0.8316929566385988 0.007322580483581491 23.795654296875 0.036161499119600975 -0.03293310361561145 0.9988031621233818 -0.3993258476257324
0.7326147836555423 -0.03391299243869794 0.6797981227638068 20.239377975463867 0.6802598578422443 0.0029529815665682024 -0.7329650780960284 24.459482192993164 0.022849607825791096 0.9994204264691213 0.025233045366883977 -0.26711952686309814
0.8133336715667494 -0.1824725050927077 0.5524419639934524 20.574737548828125 0.5787525464436218 0.15673446833659987 -0.8002998165814277 25.346986770629883 0.05944601484350681 0.9706379815978947 0.2330838475716206 -0.2887588143348694
0.3359441312553023 -0.9412158507624748 -0.035415574943672826 20.897857666015625 0.9377558482146249 0.3377516046777108 -0.08085680352883601 26.050893783569336 0.08806537239113688 -0.006047793903737046 0.9960963378983522 -0.30994367599487305
0.21196433587530028 -0.7271706090071086 -0.6529119586231926 21.46059226989746 0.9764107087123877 0.18570874140657312 0.11015621306562529 26.848587036132812 0.041149097544366076 -0.660859416791058 0.7493807997339316 -0.27699947357177734
0.37104507898263295 -0.3403201729428197 -0.8640067877342984 21.81310272216797 0.9280639055791952 0.1679462177388258 0.33240254979213607 27.646686553955078 0.03198337886875391 -0.9251898442132793 0.3781544864744375 -0.2714548110961914
0.5104856061070878 -0.7898351220811685 -0.33994841650536456 22.148143768310547 0.8597630995490234 0.47552336626345526 0.18623893468157454 28.254987716674805 0.014555363662073884 -0.38734739971309656 0.9218189265382695 -0.23111975193023682
0.4549985702089895 -0.2754010796707526 -0.8468356076736256 22.69365882873535 0.890423728108962 0.12891582886812047 0.4364931769086232 29.074729919433594 -0.011040177911267712 -0.9526462902795713 0.3038801738979664 -0.20209622383117676
0.36298053844996453 -0.9239238224592988 0.12087141514341884 23.217823028564453 0.9317965074759794 0.3600013314969411 -0.046414544875475666 29.757110595703125 -0.0006303666724921664 0.12947513897512702 0.9915824680908949 -0.21291759610176086
0.47231589554827313 -0.42967355821579456 0.7696092048452976 23.37745475769043 0.881038736302059 0.20414819195984202 -0.42672504127927485 30.54646110534668 0.026238139181428588 0.8796045413080278 0.47498148486292624 -0.18925905227661133
0.9800762508026001 -0.11967867328819423 0.1585167428781482 23.626296997070312 0.18327587611445442 0.852517372157213 -0.4895141299335897 31.253931045532227 -0.07655387545512277 0.5088134681100117 0.8574662435470355 -0.38519197702407837
0.9441300519204133 0.2175884968133918 -0.2475352320685803 23.921037673950195 -0.3288693648531199 0.6710534372565078 -0.6644789125377353 31.885833740234375 0.0215264005784251 0.7087612647434356 0.705119907304724 -0.2866549491882324
0.9953167553874362 0.03164098381592066 -0.09134223879556799 24.293529510498047 -0.07453836692022851 0.8528681584230756 -0.5167784208003432 32.706451416015625 0.0615515093388562 0.5211667223559 0.8512324354763019 -0.20991945266723633
-0.009952830599940232 -0.8734843056927363 0.4867505612441837 24.96639060974121 0.9947204610810968 -0.0583691927784567 -0.08440522283011967 33.5369758605957 0.10213787480489148 0.48334067182771856 0.8694536499937593 -0.25629863142967224
-0.7747426892159017 -0.053309172118250314 0.6300253151061306 25.298927307128906 0.6118723118174281 -0.31430973632573433 0.7258248161106391 34.367271423339844 0.1593299706198062 0.9478225159906857 0.2761275767528075 -0.2057971954345703
-0.9044496435864504 -0.21632108850373621 0.3676629283527254 25.481430053710938 0.4207419151431271 -0.5944829177106126 0.6852490798184049 35.30216598510742 0.07033550353865511 0.7744644906119554 0.6286952121045046 -0.2625560760498047
0.07627560292430102 -0.5345857411634519 -0.8416650864466562 25.795806884765625 0.9830215548028481 0.18160149982964335 -0.026258675758976113 35.863224029541016 0.1668851556955422 -0.8253720255765559 0.5393610703453928 -0.3071861267089844
0.499232861482122 -0.8508185500223442 -0.1639339652245629 26.400543212890625 0.8652727822193564 0.4994735896492934 0.04276851170222658 36.626338958740234 0.04549244296305279 -0.16319904466854296 0.9855437633370363 -0.3957533836364746
0.393587484784641 -0.901691397254361 0.17900144116285288 26.76005744934082 0.9129901478470905 0.36065765674229144 -0.19072242806578174 37.29166030883789 0.10741453232709143 0.23849251298654597 0.9651857020772296 -0.3664426803588867
0.16940468759127297 -0.9076183998078671 0.38409750344451615 27.43764305114746 0.9743214691782687 0.0955790232848645 -0.20386840119599614 37.899757385253906 0.1483230478395165 0.4087707066781061 0.9005036273338817 -0.2892686128616333
0.9469952220725387 0.18143020403649737 -0.265109657377958 27.637243270874023 -0.30740145932928387 0.75145076020248 -0.5838031327368342 38.354087829589844 0.09329733208409538 0.6343538728930328 0.7673921890217545 -0.30348634719848633
0.9234097916245597 0.08418954968339615 -0.3744682582756442 27.831819534301758 -0.36053200144618336 0.5249050331121705 -0.7710326725546206 39.07431411743164 0.13164738001607484 0.8469869101335736 0.5150554740969997 -0.26241207122802734
0.8799493392866218 0.38833532746220967 -0.27365093410009755 27.846012115478516 -0.46437840430612753 0.8246189790314074 -0.32304215984186013 39.763816833496094 0.10020907096232518 0.41133831922885267 0.9059574654644942 -0.31775569915771484
0.9373868251672699 -0.22170655172973303 -0.26861151301263575 28.449691772460938 0.31855777556637105 0.8575577363668192 0.40387581312034837 40.59196472167969 0.14080796720722777 -0.46415615229955554 0.8744896698380376 -0.336867094039917
0.36457424285748774 -0.7612608541921209 -0.5362532361856402 28.924894332885742 0.9217483713366779 0.3767658448201954 0.09180107905197193 41.4320068359375 0.13215733571418392 -0.5277588559670099 0.8390500751238401 -0.33080291748046875
0.5365521803998294 -0.8385648432475773 -0.0944497823044336 29.33411979675293 0.843355835832058 0.5367534385918427 0.02542991010294677 42.16142272949219 0.02937161684687816 -0.09329924881261925 0.9952047820899983 -0.38334107398986816
0.7706591144180789 -0.6367175318120255 -0.025986805258530185 29.777158737182617 0.6362195869879936 0.7710912672623791 -0.025355367962724914 42.802120208740234 0.03618240590631261 0.0030070309111786125 0.9993406782814008 -0.40513527393341064
-0.006565666305706097 -0.8907119596625239 -0.4545207332345892 30.02469253540039 0.9983237701067431 0.02029865680477272 -0.05419976542182686 43.67677688598633 0.05750253964670707 -0.4541147095680435 0.8890856474424219 -0.3780531883239746
0.07735675453817831 -0.6935794854729804 -0.7162146534792178 30.473970413208008 0.9955021001599365 0.09314218706407879 0.017323439787652106 44.379756927490234 0.05469461677785381 -0.7143332767832926 0.697665011718065 -0.39072370529174805
0.5787430710046346 -0.06101323884614274 -0.8132243493954348 30.687807083129883 0.8145575373775829 0.09142843267657658 0.5728323140323636 44.95076370239258 0.03940147288480805 -0.9939407559728136 0.10261236548632674 -0.38726186752319336
0.4336830172565775 -0.6649462230811816 -0.608083514785019 31.144733428955078 0.8955609950907015 0.39256350263364326 0.20943829752974485 45.8031120300293 0.09944618954682727 -0.6354057104009034 0.7657480255113555 -0.2074284553527832
0.4090915696196754 -0.9124295038643931 -0.010792967334678886 31.501405715942383 0.9100589987948705 0.40883505949063303 -0.06816533461935317 46.42877197265625 0.06660860588984067 0.01806362668645798 0.9976156569603065 -0.42544054985046387
0.4644031786879132 -0.8729135092692647 0.14950482587454927 31.711336135864258 0.8784829809143336 0.4326531027854102 -0.20267941408545545 47.08749771118164 0.11223787180995713 0.2254624092512418 0.9677651379059885 -0.43791651725769043
0.5235683936642581 -0.42151333849587286 0.7404070789949893 32.23834228515625 0.8519824011917745 0.26051865470407587 -0.45415417933855545 47.723121643066406 -0.0014578118283012365 0.8685945751737356 0.49552127982906147 -0.5300412178039551
0.5982041893123167 -0.5087334900488841 0.6191461733644779 32.508121490478516 0.7944176582585182 0.4778515865149896 -0.3749112501808391 48.51325988769531 -0.1051300724638119 0.716134133642427 0.6899996887651214 -0.5588841438293457
0.726138486657888 -0.5575532887871266 0.4023148373560823 32.8303337097168 0.6866068316246325 0.6186545555142079 -0.3818868938676755 49.13311767578125 -0.035971613260675134 0.5535348869801945 0.8320487797811181 -0.5935578346252441
0.9293491832444708 -0.3466058692780268 0.1271788779037567 33.140541076660156 0.3555671862222212 0.9329993030895171 -0.05553626307637108 49.78970718383789 -0.09940860971187299 0.0968332164936137 0.9903238139611981 -0.6335639953613281
0.6856423201488882 -0.7082530570093319 -0.16814343893766912 33.4703369140625 0.6973839053091788 0.5728800083821124 0.4306555289460814 50.5247802734375 -0.20868708018602392 -0.41253618415000504 0.8867150609583583 -0.7226362228393555
0.06514982977107342 -0.9487307018185224 -0.3092984886929359 33.86491775512695 0.9617196787936407 -0.022982469770601477 0.27306970814116316 51.26096725463867 -0.2661780590166229 -0.3152488881981623 0.9109156818213011 -0.7435965538024902
0.07129633438866928 -0.8679258767360786 -0.4915501044600117 34.200660705566406 0.9392676067860669 -0.10743672412464089 0.32593513641787725 51.84521484375 -0.3356980720008882 -0.4849350707066619 0.8075548165007818 -0.8099679946899414
0.4429385198111068 -0.867436750803948 -0.2266251332536515 34.30880355834961 0.863660412482782 0.3449925737100185 0.36751981714597165 52.3123893737793 -0.2406162080526096 -0.35851583987269936 0.9019812819470016 -0.7277522087097168
0.7173851321717637 -0.6496580025290389 0.25160097751972266 34.75208282470703 0.3578812294771917 0.653499241049686 0.6669780862482497 53.10550308227539 -0.5977286990991769 -0.38843689538644904 0.7013110440993654 -0.9768028259277344
0.4553513215506908 -0.8508325514134761 0.2621815085342093 35.05671310424805 0.4838108506991702 0.48368055673587 0.7293697140555151 53.810794830322266 -0.7473835927472482 -0.20527320451270076 0.6318866012199518 -0.8325519561767578
0.45559890546639736 -0.8392782951006719 0.296718015480574 35.348388671875 0.37961985155223177 0.4846726026021463 0.7880236269264542 54.453521728515625 -0.8051822189077962 -0.24638265291974487 0.5394230090522153 -0.9866371154785156
0.3706724900890689 -0.924383851271402 0.09009106836873221 35.608123779296875 0.7473317794695 0.3544499705979246 0.5620146170146121 54.80853271484375 -0.5514500126812218 -0.1409954391169476 0.8222062816970566 -0.5961780548095703
0.0023199166036356744 -0.9910894830033783 -0.13317753063880072 36.31047058105469 0.08873929780203849 -0.13244844982744372 0.9872095750973593 55.984588623046875 -0.9960521848841823 -0.014108324436433117 0.08764131542282469 -1.1676864624023438
0.02980843005388309 -0.9422146294402169 -0.3336810596461205 36.823211669921875 -0.09552828551294829 -0.3349867335057282 0.9373677160229699 56.72293472290039 -0.9949803034053889 0.003934519538298931 -0.09999357675032605 -1.2231369018554688
0.07746743910995448 -0.9475735151027707 -0.31000520859096026 37.288177490234375 -0.3605825930760111 -0.3165197580128001 0.8773798700438131 57.29295349121094 -0.9295047011437464 0.043814110321879374 -0.36619849028686197 -1.3120956420898438
0.08103697153536153 -0.9711271320777499 -0.22437714363727318 37.56528091430664 -0.4659179382439647 -0.23591647267440813 0.8527976857047387 57.67732238769531 -0.8811092350366496 0.03543319437067116 -0.47158350763127865 -1.3044166564941406
0.05067479134534689 -0.995215062359206 -0.0835406797642152 38.005027770996094 -0.6749242520140695 -0.09578200048283073 0.7316440817957566 58.18875503540039 -0.73614490391862 0.01930771961855199 -0.6765485144450301 -1.4683799743652344
0.21853450720536935 -0.7296689431258162 -0.6479397368568784 38.519378662109375 -0.7978377112532556 -0.515918113303241 0.3119030087507831 58.70701217651367 -0.5618697853263452 0.44878918637070425 -0.6949033102051309 -1.494171142578125
0.6001827233311289 -0.7056778677220537 -0.3765626715728548 39.072792053222656 -0.706507293701603 -0.6884290455859962 0.16405149539090338 59.109336853027344 -0.3750041900582803 0.1675834007317266 -0.9117497799494788 -1.4228019714355469
0.5274468459930786 -0.832454980910058 -0.16976021150431214 39.346946716308594 -0.6009860245690503 -0.5068185934493329 0.6180216109544463 59.56137466430664 -0.6005127999673636 -0.22395003481150638 -0.7676136782153392 -1.4808616638183594
0.980791277530638 0.012633029632011378 -0.19465065240613963 40.09885025024414 0.15252859616408318 -0.6716946294127566 0.7249561036161247 60.13929748535156 -0.12158740589400327 -0.740720413773224 -0.660719131967276 -1.5049324035644531
0.9841499939905822 -0.09628393324556203 0.14892344854690115 40.38447189331055 -0.17278762378873733 -0.709639269669446 0.6830494447757481 60.484413146972656 0.03991524011927187 -0.6979552357721662 -0.7150281550152002 -1.4796638488769531
-0.23408938645542657 -0.9686735376360683 0.08290800101646592 40.77924728393555 -0.9682309980285769 0.22456851859618351 -0.10998961274639246 60.72209930419922 0.08792550031423055 -0.10602149753300005 -0.9904688528446274 -1.454559326171875
-0.04527969058451708 -0.9953609512174334 -0.08489008429785364 41.21882629394531 -0.9982900164794494 0.04194015550625874 0.040719360918016326 60.59467697143555 -0.03697015847993132 0.0865886837158132 -0.9955579376582419 -1.4710006713867188
0.9489202833149212 0.28661713911324027 -0.1319125144937771 41.77207565307617 0.23249360913928596 -0.9178260066240972 -0.3217796501860424 60.72845458984375 -0.21330029916274945 0.27467442023421895 -0.937580367353155 -1.5108051300048828
-0.21489734589764142 0.9000923664871447 0.3790156494364333 42.67383575439453 0.9608477899497962 0.2643529325236289 -0.08300031093164667 60.99728012084961 -0.17490184468650352 0.34633980258949376 -0.921660504669441 -1.5492362976074219
-0.0887601731523234 0.9858657542545581 0.14209273820312007 41.813419342041016 0.046359529679708744 0.1465901306794579 -0.9881103822930186 59.858341217041016 -0.9949735803878641 -0.08111749611193814 -0.058715638076103055 -0.7138938903808594
-0.933854842480574 -0.26957369665862846 -0.23504287958877657 43.06071472167969 0.3501042554408376 -0.5547186859449605 -0.7547941373551552 60.60453796386719 0.07308996851688404 -0.7871576726001583 0.6124056294392655 -1.6022908687591553
-0.7839644270715869 -0.4703080586739613 0.4052284627622403 43.45118713378906 0.5663293278328722 -0.8091852853055677 0.15649366275128923 60.92418670654297 0.2543046785308635 0.3521782275940362 0.9007217253325455 -1.4803791046142578
-0.8548305401055841 -0.45025707899646494 -0.2579405173995868 43.971099853515625 0.5055016853548344 -0.6103176855635043 -0.6099019337498689 61.028438568115234 0.11718700357214284 -0.6517521657056297 0.7493239090618983 -1.4785373210906982
-0.8803299463837211 -0.04662010149828341 -0.47206541033666544 44.438087463378906 0.38625214361870575 0.5072469904256427 -0.7703958542555135 61.12469482421875 0.2753696915965685 -0.8605388177417782 -0.42853760174527644 -1.3728151321411133
-0.9531112960575885 -0.28379856518991553 0.10505823015627769 45.03955841064453 -0.23846057355475167 0.4905833316345767 -0.8381315824989881 61.11104202270508 0.1863207239878673 -0.8238849246821212 -0.535255283667684 -1.2814521789550781
-0.5313736940125195 0.3433720298444819 -0.7744273022253089 45.59466552734375 0.825004462511982 0.4173568945042374 -0.3810260613725718 60.934539794921875 0.19237888175890128 -0.8413732059735795 -0.5050559316778049 -1.3314428329467773
-0.8535223761893455 0.4616813765738595 0.24155715652606924 45.78738784790039 0.5208485405014698 0.7428746542105596 0.4205401835604188 60.627891540527344 0.014708881724407971 0.4847551491798803 -0.8745262112378392 -1.2231569290161133
0.3779536840816365 0.9255911283933785 0.0207864313577603 46.27149963378906 0.8964665773015753 -0.36026739605252084 -0.25798271089887986 60.60087203979492 -0.23129783498839218 0.1161398569872049 -0.9659259004440632 -1.2744121551513672
0.42639596366398846 0.5538068350821863 -0.7151814256447873 46.38701629638672 0.7494013284991596 -0.6590592111100129 -0.06355002041495991 60.6812858581543 -0.5065413418614051 -0.5088604383004236 -0.6960437653753875 -1.1722412109375
0.11820834015514411 0.9790978206328307 0.16551207191563755 46.81293869018555 0.6281022367596405 0.0553740398280039 -0.7761580353836861 60.533294677734375 -0.7690997129730985 0.19570685564171758 -0.6084278578102169 -1.1376399993896484
-0.1847511896517673 -0.061417393906709396 0.9808643645519827 47.17597961425781 0.17759337420712293 0.9795287140885596 0.09478444869144788 60.15711212158203 -0.9666062235264087 0.191706551796544 -0.17006177300702663 -1.1122875213623047
0.24759960213586263 -0.6313453264105733 0.7349132709658256 47.51481628417969 0.07665991256055676 0.7689201454380534 0.6347322803715991 59.86329650878906 -0.9658248779299331 -0.10082107299096382 0.23878319960286232 -0.9913921356201172
0.4667004424209531 -0.5106716806018787 0.7220838813291287 48.057090759277344 -0.0156727154478353 0.8115496328498998 0.5840732483273686 59.88804626464844 -0.8842765760974208 -0.28390425860216606 0.37074696076026925 -0.8949985504150391
0.2823055680173156 0.18259510256774336 0.9417869158067003 48.3620491027832 -0.43190431096752757 0.9007870983469253 -0.045180411899324896 59.59467315673828 -0.8565992250954275 -0.39400714710523044 0.33316082542206443 -0.8228111267089844
0.28599512750057254 0.9154158752453637 0.2832323470133596 48.20893859863281 -0.9197721263604718 0.3451497815770568 -0.18679096297103467 59.421573638916016 -0.2687489955632722 -0.20708791279568897 0.9406851618674856 -0.7093429565429688
-0.31120743333220224 0.8505620472486816 0.42390345270935714 49.271446228027344 -0.626920577544749 0.15148839726141552 -0.7642132260999711 59.218345642089844 -0.7142272207706318 -0.5035826340088575 0.4860905346074535 -0.8546218872070312
0.7785838840056571 -0.22199976955302228 0.5869610190507291 50.21842956542969 0.1790800894811526 0.9750423007927094 0.13123579243591343 58.96621322631836 -0.6014461381687373 0.0029349588182393666 0.7989079602173503 -0.8117189407348633
0.7021211357915937 0.3412147858733129 0.6249787040981087 50.91599655151367 -0.23298276591672218 0.9394822355810457 -0.2511815276118732 58.76424789428711 -0.6728632412760531 0.030750592336889884 0.7391274988866361 -0.7132120132446289
0.5976816534897611 0.3192051619957807 0.7354486424197092 51.57921600341797 -0.30341799101869 0.9391509951125476 -0.1610370488592439 58.52950668334961 -0.7421011816510793 -0.12689945994510674 0.658165908610977 -0.6156806945800781
0.8587018567255235 0.36592813798300966 0.358786453323459 51.834869384765625 -0.30871519130719444 0.9281797367759579 -0.20779149861020874 58.03884506225586 -0.40905507197968033 0.06766811709218383 0.9099972384666327 -0.5132627487182617
0.6317602260558166 0.764250353237443 0.12961641234946786 52.603363037109375 -0.4321421579406081 0.4860551566178239 -0.7596074907843244 57.594871520996094 -0.6435310187584886 0.42387708395437756 0.6373351124753723 -0.6373958587646484
0.36324807912206575 0.5450844739943899 -0.7556015810097203 53.3647575378418 -0.6993465698751786 -0.3763353632817861 -0.6076891224527456 57.35266876220703 -0.6156015011498521 0.7491692803057435 0.2444998593623789 -0.64215087890625
0.8464439512879334 0.5320362021288971 0.021682180525266992 54.12343215942383 0.24336822197149144 -0.35032758753156684 -0.9044570138755891 57.34769821166992 -0.47360800865537084 0.7708489223178377 -0.4260133719719635 -0.5191688537597656
0.8543889060722932 0.4944772926642623 0.15972415039689986 54.791778564453125 -0.3726452109063507 0.7972691060659632 -0.47486579083077907 57.32727813720703 -0.3621534812329594 0.3461996238475733 0.8654424743902088 -0.46079349517822266
0.6288787855584819 -0.524933752193742 0.5735468846417768 55.26171112060547 -0.6888627027205476 -0.034123530113439104 0.7240882276995942 56.885345458984375 -0.36052690589612185 -0.850458782364199 -0.38306684746212716 -0.46923065185546875
0.05942552644923822 -0.8918984941744947 0.4483142680034844 55.570213317871094 -0.9243906524268672 0.12035110979084436 0.36196344025045285 56.25546646118164 -0.376789766994888 -0.43592738668427483 -0.8173107028704305 -0.37813568115234375
0.889408012395136 0.028547783196895604 0.4562218885168453 56.24982833862305 -0.25993873630267816 0.852558773432976 0.45340422496027344 55.740211486816406 -0.37601228817247523 -0.5218510917081639 0.7656932788175022 -0.10277557373046875
0.9763287643395416 0.0011565815175913763 0.21628871039057232 57.04081726074219 0.11651083519316127 0.8396897694061738 -0.5304208861245931 55.28449249267578 -0.18222889234645454 0.5430651466203662 0.8196785207143008 -0.4352149963378906
0.7744483974344587 0.6324365714397857 -0.01592679555615073 57.66090393066406 -0.6150314196615532 0.7467597704423821 -0.25315251939875105 55.05247497558594 -0.1482094212264961 0.20584904263641718 0.9672952698661239 -0.44104480743408203
0.8178110683104749 0.4680537773047896 0.33482938655320815 58.32614517211914 -0.5487896813759198 0.8094388893724925 0.2088984681292369 54.715091705322266 -0.17324820969982827 -0.35459039175102275 0.9188311661636538 -0.4969148635864258
0.9699694557514633 -0.21888126145768305 -0.10606718763078542 59.11623764038086 0.22199146281132554 0.618469877234977 0.7538002397133082 54.25776290893555 -0.09939338684288161 -0.7547092183984813 0.6484866616332641 -0.46643829345703125
0.9424858787261489 -0.3281853080796128 -0.06336222820015779 59.7730712890625 0.3095401607230513 0.7854689376575477 0.5359323062427485 53.67152404785156 -0.12611604696210077 -0.5247217848877758 0.8418799149301758 -0.5163059234619141
0.5664824813292297 0.6051141328404508 -0.5594054742168939 60.16285705566406 -0.8146559473342252 0.30887714838473845 -0.4908468138622153 53.50598907470703 -0.12423077646080605 0.7337791176113295 0.6679333205773491 -0.4856376647949219
-0.0028209938017696168 -0.7476670185376992 -0.664067821374382 60.969058990478516 -0.9938592465564868 -0.07136070346555692 0.08456623460384932 53.279937744140625 -0.11061573137733532 0.6602285054372075 -0.7428744716168464 -0.4641571044921875
0.6482606449587445 -0.5272164429032067 -0.549364140193153 61.50312042236328 -0.7542899667917928 -0.5431587178215425 -0.36881601544902337 52.93875503540039 -0.10394605425367892 0.6534687671089934 -0.7497824939395046 -0.5083694458007812
0.953990654032373 0.27441936567710934 -0.1208132598693461 62.28108215332031 -0.2737183350906045 0.9615422514948403 0.0226885791855953 52.725257873535156 0.1223932394134282 0.011424111851974613 0.9924159332730813 -0.387723445892334
0.6651805488402118 0.597152760601215 0.44826712789472134 62.92217254638672 -0.7466754475198281 0.5293478338070714 0.4028233445504685 52.24078369140625 0.0032578391149385155 -0.6026603117429494 0.7979911873787779 -0.4344921112060547
0.0934184807592881 0.3049140896615709 0.947787099183399 63.32124328613281 -0.9902558823616352 0.12720238348837526 0.05668192906963898 51.9869270324707 -0.10327765925313087 -0.9438468898930228 0.31382602431675805 -0.5094413757324219
-0.18807035145242057 -0.1978077927353129 0.9620299475784245 63.873844146728516 -0.9816404745369395 0.06957654052299134 -0.17759809616024774 51.58906555175781 -0.03180442823656904 -0.9777684706217704 -0.20726141995679964 -0.48482513427734375
0.9457665318215542 -0.3153491469991019 -0.07797809162302019 64.81156921386719 0.31575735843113817 0.8360355012751607 0.44871141193887737 51.233642578125 -0.07630830808515549 -0.4489983920845709 0.8902682101606523 -0.5501976013183594
0.7837494385285767 -0.6161580984276508 0.07801291782879427 65.61017608642578 0.6208510516992275 0.7806479038758766 -0.07164371415667464 50.69163513183594 -0.016756766099218445 0.10458512282452792 0.9943747597730317 -0.527026891708374
0.9782094145126728 -0.18686679634032655 -0.0904828259078871 66.20112609863281 0.1998649361249789 0.9655413256734893 0.16668519947625615 50.358646392822266 0.05621697845430858 -0.18113737560808402 0.9818497351892925 -0.5809273719787598
0.7966291756675676 0.5498730229368659 -0.25104106262021164 66.89586639404297 -0.6027931512623846 0.6917718250263464 -0.3976080468135451 50.07771301269531 -0.04497080460004982 0.46807200380496106 0.8825453110110738 -0.5317840576171875
0.978486781184064 -0.16620015652368936 0.12223390290566132 67.5944595336914 0.20610653387994127 0.7612042837822287 -0.6148887176096017 49.618770599365234 0.00914963059615602 0.6268536881307193 0.7790832676529952 -0.5146007537841797
0.991319137170284 -0.11863916248460878 -0.056666722200200574 68.270263671875 0.1289781930858806 0.9611538399620706 0.2440244283559907 49.393104553222656 0.02551458383484654 -0.24921485720381387 0.9681120601255918 -0.5729179382324219
0.10875120271880256 0.9768976381312076 0.18396787904653972 68.7012710571289 -0.9939079327975193 0.11018666799924681 0.0024329647316534003 49.16481399536133 -0.017894050111017912 -0.18311172220503014 0.9829292447382632 -0.45951032638549805
0.337290335957685 0.9202232600176087 0.19855573774665003 69.40269470214844 -0.9402302280218541 0.3398070554756 0.02232226160080203 48.848121643066406 -0.04692917625021868 -0.1942171896912501 0.979835361499527 -0.38633060455322266
0.83513127239439 0.5160864089560459 -0.1902907679310284 69.92353820800781 -0.5196928876265418 0.8536594220351728 0.03442228523735536 48.349117279052734 0.1802083805468383 0.07014563180575306 0.981124115450873 -0.3912525177001953
0.9343069747891017 -0.27033640934519754 -0.23235469145851662 70.88819885253906 0.2929728717236051 0.9536637161403874 0.06850118941544459 48.12367248535156 0.20306987293653556 -0.1320747602672531 0.9702158957705687 -0.4143979549407959
0.5955536983069937 0.7591846924999083 -0.2625916889520344 71.3204574584961 -0.7789712591202375 0.6256435595531358 0.042117856715574886 47.706687927246094 0.19626403108438956 0.1794679332457513 0.9639873915352858 -0.37161922454833984
-0.29615148391916046 0.9379492912151088 0.1804035079524624 71.9443130493164 -0.9298242013032993 -0.3263108021070994 0.17014175001716322 47.33004379272461 0.21845194721759897 -0.117355815950026 0.9687653788299533 -0.30584049224853516
0.45208862688420404 0.05069297203242307 -0.8905313560052084 72.62542724609375 -0.8566874822880484 0.3027102479900726 -0.4176757874868425 47.03329849243164 0.2483997406055815 0.9517335385223689 0.18027989493776375 -0.2977485656738281
0.8308721086823252 -0.24329836093541177 -0.5004572375137846 73.4700927734375 -0.4940318301621095 0.09137885538221785 -0.8646285072652373 46.78046417236328 0.25609390816742034 0.9656375160251274 -0.044272992267962386 -0.3652496337890625
0.9775014366936984 0.11129145254566557 -0.17917911109287127 74.73576354980469 -0.14825774249440976 0.9667537447730677 -0.20834307945720576 46.682132720947266 0.15003527269351336 0.2302203500073921 0.9615029939580308 -0.2801990509033203
0.6259495089018974 0.7336386559439254 0.2645024287417117 75.26543426513672 -0.7682301047713265 0.5216994046497039 0.3710151443151362 46.051048278808594 0.13420029220724633 -0.4354354759237416 0.8901607876549913 -0.26316165924072266
0.959589308889268 0.2637206434344497 -0.09818238381673505 75.99268341064453 -0.1827617123900341 0.8493568502386216 0.49516774676566916 45.58504867553711 0.21397783705253043 -0.45721369531024253 0.8632317893075261 -0.22632980346679688
0.9659989607214083 -0.024375738474790562 -0.25739431085198367 76.99213409423828 0.120276537137524 0.9236288828283743 0.36392752220657215 45.39262771606445 0.22886581767351105 -0.382512104617642 0.8951563703184028 -0.21065235137939453
0.9562241394325283 0.242150723054856 0.1643119669729846 77.56816864013672 -0.2267953461631724 0.2584008851086216 0.9390382598881729 45.00538635253906 0.18493043590833702 -0.9351962413841767 0.30200782105048374 -0.1934967041015625
0.9749792106216947 0.14950270382234532 0.16451285787228115 78.16718292236328 -0.16874998609255293 0.016023768771424973 0.985528630242736 44.26555252075195 0.14470307892114964 -0.9886314684371362 0.04085142061876834 -0.1759185791015625
0.5066995804636522 0.8276615721701837 0.2413127785898182 78.85955810546875 -0.8499377161037407 0.5264639572410691 -0.021013816179618616 43.79975509643555 -0.14443480848575202 -0.19445314005912467 0.9702198526204411 -0.118133544921875
-0.11119207879767762 0.973564420729023 -0.19952102722072274 79.54241943359375 -0.9895099970547232 -0.12709011424292566 -0.06868819833480311 43.38660430908203 -0.09222953616609038 0.1897904674958188 0.9774831410854643 -0.16767024993896484
0.9089185446707804 0.40145055003584623 -0.1127143958395175 80.43191528320312 -0.41170890869150384 0.8212121324398894 -0.39510303471066976 42.97541427612305 -0.06605190124138646 0.40552199620914064 0.9116957041321145 -0.1084451675415039
0.9514962660929108 -0.22033191050941525 0.2147293757791886 81.23158264160156 0.30595123775611 0.7510956298970249 -0.5850206790063885 42.54469299316406 -0.032383571865271674 0.6223417099639577 0.782075508063246 -0.20342636108398438
0.5774436984789925 -0.6972365488971398 0.42475871970909423 82.21479797363281 0.8156228644184814 0.5157881606762671 -0.2621486531416572 42.00373458862305 -0.03630589655543737 0.4978190114772633 0.8665206943213222 -0.1781597137451172
0.9980297838370766 -0.02209589346510444 0.0587224153632725 82.9197998046875 0.026578149166653173 0.9967015297017955 -0.07667895850215946 41.91804885864258 -0.056834431122279046 0.07808861749371361 0.9953250801908528 -0.14459466934204102
0.9888354401896723 -0.09866605815618376 -0.11166683121150056 83.43134307861328 0.14765844231011263 0.7495616460378376 0.6452552388036835 41.34480667114258 0.02003638289333525 -0.654539798451529 0.7557619966653415 -0.16182327270507812
0.8017509081007763 -0.35695391425165524 -0.4793530895488236 84.3846435546875 0.5943873990225963 0.5600259996055197 0.5771260691122791 40.890201568603516 0.06244278375227477 -0.7476327861097721 0.6611702624067467 -0.1714305877685547
0.9803787771997919 0.18977234197177784 0.05332833617118331 84.99510192871094 -0.1910896299093791 0.9813532656070134 0.02074901018233365 40.487274169921875 -0.04839634859508164 -0.030532381253296676 0.9983614411312499 -0.12670612335205078
0.3094439640234341 0.6266238896312607 -0.7152530559689021 85.62492370605469 -0.950388652537438 0.1787136583539427 -0.25460329425563866 40.134422302246094 -0.031715016278360986 0.7585538407134591 0.6508380969805958 -0.08942031860351562
-0.1141115070635817 -0.29412195950012554 -0.9489314184362769 86.24349975585938 -0.9934113037828677 0.04398123598911946 0.1058283156687862 39.81510925292969 0.010608745076634507 0.9547554261802735 -0.297202844379429 -0.10622406005859375
0.30544875750254225 -0.02653540577383423 -0.9518387094358849 87.09581756591797 -0.9521134940011862 -0.02263262635279767 -0.3049059834854473 39.45043182373047 -0.013451805864135191 0.9993916331773007 -0.032177825504545954 -0.17023468017578125
-0.6815415041251695 -0.383565382303698 -0.6232004297599769 87.70622253417969 -0.7315270082797063 0.3347418536530985 0.5939832721299738 38.93871307373047 -0.01922015380127262 0.8607121986535953 -0.508728903028666 -0.13898468017578125
0.7080404589135041 0.6883715422253227 -0.15755420780126933 88.77894592285156 -0.7060965430820871 0.6933780764171891 -0.1437167874380899 38.799171447753906 0.010314086924251356 0.21300578160775274 0.9769964977483745 -0.18387222290039062
0.5694148815649327 0.20809262895304237 -0.7952761472770357 89.7494888305664 0.8168330625065369 -0.03440437781977751 0.5758472773079909 38.57708740234375 0.09246859276849528 -0.9775038601265192 -0.18956730411431388 -0.12297439575195312
0.9774211046710607 -0.20428341014949103 0.05400252291604772 90.24633026123047 -0.18645246012633104 -0.9540817655648396 -0.23444288159276055 37.92058181762695 0.099415613745741 0.21908051705793702 -0.9706287976302704 -0.1278839111328125
0.694135685271707 -0.6117922415531902 0.37932295423253914 90.64736938476562 -0.703571478821984 -0.6880174883042499 0.1778176312286221 37.220458984375 0.15219337903018224 -0.3903103751667825 -0.9080170628443834 -0.15854644775390625
0.7102786248101322 -0.4590050942108006 0.5336839876053634 91.6097183227539 0.6575682663280733 0.162082850585329 -0.7357534401308811 36.60323715209961 0.25121355508037296 0.8735235961521978 0.41695116825500367 -0.1526641845703125
0.12367383297937029 -0.6484770046418793 0.7511207342943522 92.5101547241211 0.9591042843348498 -0.1160950502723 -0.2581490094360376 36.492027282714844 0.2546050957988195 0.752329391791234 0.6075991535875487 -0.1352386474609375
0.9859963355289512 0.14656416065088573 -0.07956238518408959 93.3118667602539 -0.16627706043271 0.9005458684548693 -0.40170770217002605 36.037418365478516 0.012773625066400923 0.4093117218228264 0.9123051840700547 -0.031103134155273438
0.3971939372103741 0.6158761817580836 -0.6803921699919875 93.6385498046875 -0.9010152522898378 0.4025653291612167 -0.16159415490172052 35.60785675048828 0.17438030675624305 0.6772279413169582 0.7148103413599954 -0.18528366088867188
0.5659685727872721 0.6367245915229597 -0.523699693686237 94.83624267578125 -0.8232777366432437 0.47002870296598026 -0.31825585106278287 35.521141052246094 0.04351256099928086 0.611273108305967 0.7902226547608245 -0.1990795135498047
0.647279800526477 0.0716533329107345 -0.7588772362597177 95.34493255615234 -0.6843238537363292 0.4931487937827299 -0.5371267358809255 35.08978271484375 0.3357524728693194 0.866989081288468 0.36823933778008416 -0.28162384033203125
0.39637177683291563 0.005584755087113702 -0.9180731044099562 96.03612518310547 -0.8819474577709852 0.28013227066390656 -0.3790706961293367 34.60790252685547 0.2550648863752388 0.9599451658523526 0.11596198642264544 -0.3828887939453125
-0.8067508906427914 0.520009839148749 0.2806114175074766 96.73567199707031 -0.5415344861744004 -0.8406779545048693 0.000988480317216961 34.36811828613281 0.23641785197165494 -0.15116330241828382 0.9598209495896135 -0.32860469818115234
0.14241861073991913 0.8038258249726156 0.577564699771381 97.36798095703125 -0.8945856354077546 -0.14518692331845007 0.4226550581969019 34.19353485107422 0.4235958926111247 -0.5768750301446723 0.698413716473673 -0.3804168701171875
0.13125221457636968 0.12077045950301463 0.9839651174102817 98.16302490234375 -0.945627149420748 -0.2827027068884077 0.16083679242125354 33.741050720214844 0.2975939355013624 -0.9515743142967856 0.07709846900823178 -0.3149528503417969
0.8218433752026132 -0.030313695109480343 0.5689064479546582 98.94863891601562 -0.4912896623834768 -0.5433133176746131 0.6807680269170506 33.30854797363281 0.28845785527647905 -0.8389825497149594 -0.46141125582616593 -0.264678955078125
0.9492252422546473 0.29706813760468564 -0.1035469028348504 99.66797637939453 -0.0699136300509239 0.5201050525926257 0.8512360533957222 32.7776985168457 0.30673037638895323 -0.8007754091427295 0.5144659564175121 -0.24532508850097656
0.8817437828055237 0.461492644313221 -0.0977365884845389 100.34242248535156 -0.3177799757785744 0.7342203449325303 0.5999469743913411 32.637107849121094 0.3486313073692232 -0.4979407839612526 0.7940473456854314 -0.051959991455078125
0.8204295179346941 0.13373931318421964 -0.5558859615159021 101.1550064086914 0.43826860240314036 0.47727159564818966 0.761664267335044 32.251285552978516 0.3671730358414733 -0.8685192111268722 0.33295396326596255 -0.16381168365478516
0.7544270498152842 0.6149781189917238 -0.2294378775799847 101.62155151367188 -0.5399357001131637 0.7802023135798558 0.3158382333219784 31.815698623657227 0.3732415655447753 -0.11439520552034416 0.9206543709251827 -0.21723175048828125
-0.5122100806336533 0.8588328616956801 -0.006851931762322128 101.96236419677734 -0.7717639079119553 -0.4567520227924914 0.44244554480685483 31.63188934326172 0.3768571396984986 0.23191314181515552 0.8967691960095922 -0.3525848388671875
0.4213740819521418 0.23741827885607786 -0.8752579299406589 102.84272003173828 -0.8438275939625506 0.4562428945161935 -0.2824843586304527 31.295509338378906 0.33226326117457267 0.8575983804022156 0.3925890258338032 -0.3736915588378906
0.8763240608472798 -0.20529709998417375 -0.4357857743412713 103.71026611328125 -0.2678619094906025 0.5442252772008316 -0.7950275750561904 31.03466033935547 0.4003824894075433 0.8134322027026999 0.4219264317177253 -0.23685455322265625
0.4795832364157541 0.7850950659627325 -0.3919510897420287 104.44619750976562 -0.7948046157482838 0.5779383918913246 0.18512924664485858 30.797706604003906 0.37186764061183647 0.22273965201338253 0.9011667466605409 -0.2784309387207031
0.6283731682140509 0.7739761180570552 -0.07815452735425724 105.21315002441406 -0.7371239462624524 0.6245180845465057 0.2581190615216798 30.196149826049805 0.24858690495499816 -0.10458551884316854 0.9629467378485685 -0.14582157135009766
0.7619868745653238 0.4223344118322746 0.49092733430972846 105.73526000976562 -0.5193189180587008 -0.05439306893748569 0.8528477328327149 30.175874710083008 0.3868899899667987 -0.9048066305204931 0.17787944521400373 -0.2952117919921875
0.9066513143048286 0.39602609530272054 -0.1454191394164035 106.26864624023438 -0.1814041758862927 0.6771586635131747 0.7131259842412602 29.466224670410156 0.3808883290944235 -0.6201769717333364 0.6857875797149775 -0.27240490913391113
0.866546772773832 -0.49746869933014776 -0.04026889347906312 107.12714385986328 0.11309569978203932 0.2743052242849049 -0.9549691129145587 29.370370864868164 0.4861132103595498 0.8229711642073368 0.2939598775294905 -0.2883453369140625
0.8371366954123592 -0.23279565309400194 0.49498316849627505 107.8150863647461 0.11762742686456482 -0.8071293934128781 -0.5785377522151692 29.320507049560547 0.5341965384044491 0.5425387785121872 -0.6482944795131355 -0.37111663818359375
0.8017270980953911 -0.5945081224612064 -0.061593445326548424 108.68354797363281 0.2929901593853481 0.4807387233279094 -0.8264666033158268 29.07103157043457 0.5209514628858352 0.6445543981858344 0.5596062911515607 -0.39458465576171875
0.7610885475845994 0.6485414978382885 0.0117536512298973 109.19013977050781 -0.23361290548529215 0.2571595328398838 0.9377067692302816 28.619060516357422 0.6051191891902659 -0.7164236876675993 0.34722883898442725 -0.34920644760131836
0.7834284797169565 0.5247452984312846 0.3329897730301048 109.91207885742188 -0.18537812698159184 -0.3140983492142469 0.9311160921483863 28.51324462890625 0.593190329662559 -0.79119188494015 -0.14879729164093525 -0.244384765625
0.6482070481934974 -0.09222791599676652 0.7558582103696212 110.42513275146484 -0.39036144153443864 -0.8925270946266093 0.22586130771014956 28.22492218017578 0.6537932147364549 -0.44146279216744555 -0.6145445756788475 -0.34603404998779297
0.7619066334844644 0.6000534018306418 0.24379129763763988 111.39823913574219 -0.20733087000402645 -0.13064006336510386 0.969508681852481 27.794002532958984 0.6136058932211648 -0.7892205577628069 0.024874062973719246 -0.31410765647888184
-0.3007900869313598 0.5061827604914727 -0.80827243958028 111.9115982055664 -0.6928518530620728 0.46640826306993194 0.5499269422828285 27.362932205200195 0.6553484823452917 0.725425630317348 0.21041868160028282 -0.34653472900390625
0.5897426054182812 -0.6215448274364113 0.5156410445663719 112.71849822998047 -0.4298917805913325 -0.7821219169177714 -0.45108576131028993 27.369037628173828 0.6836641838903592 0.044354645347607025 -0.7284476296217984 -0.3612518310546875
0.7033585031582474 -0.6919465325475742 -0.16277841420280043 113.8269271850586 -0.029611191335853937 0.2002760301327462 -0.9792919325216249 27.73187828063965 0.7102182716479921 0.6936133705816636 0.12037648760319752 -0.39246368408203125
0.813647454462141 0.5020743681578458 0.29308556546882003 114.39774322509766 0.04375984500479438 -0.5556010606847126 0.8302966562206419 27.299190521240234 0.579709320101406 -0.6627433818642946 -0.47403408525404944 -0.4332774877548218
0.7191379286227987 0.20511255682223137 0.6639047210631638 115.1495132446289 -0.12159735384875428 -0.9035509914817913 0.4108645632434768 26.968584060668945 0.6841452500405826 -0.3761973482444008 -0.6248366442685559 -0.4984254837036133
0.7695282875752961 0.58029965287326 0.2666055653894085 115.79157257080078 -0.09179628814731794 -0.3126265628191048 0.9454300998499502 26.583147048950195 0.6319807402949926 -0.7520086070618383 -0.18730562938979417 -0.38456201553344727
0.47170159766022934 -0.8811997726082873 0.0313777551760786 116.63890075683594 0.5302367605476342 0.2550410028397219 -0.808580895541355 26.38506317138672 0.7045186871394811 0.3980465395222169 0.5875477613314941 -0.3201942443847656
0.7493297759667972 -0.6478867472760087 -0.136922056490775 117.35686492919922 -0.12267106362189295 0.06737802583976432 -0.990157569169579 26.139179229736328 0.6507355046402672 0.7587509237806893 -0.028988595387280824 -0.36639404296875
0.8155665859219308 -0.46474534140126234 0.34476500920695247 118.02957916259766 0.14894171432424586 -0.4071291269994745 -0.9011449604158037 25.930387496948242 0.559166799498862 0.7862936102973683 -0.2628209442638267 -0.31162261962890625
0.6968554661711619 0.036209683501153556 0.716296948261068 119.03680419921875 0.4816212244099935 -0.7636677177399522 -0.4299448953990168 25.945659637451172 0.5314446871172874 0.6445932637738305 -0.5496053755488655 -0.42794036865234375
0.39066740328775285 0.7379059951551888 -0.5503396426957035 119.57430267333984 -0.892434456732604 0.45018581064650876 -0.029891074402359774 25.597206115722656 0.2256982951747442 0.5028195284658066 0.8344056575483161 -0.24235916137695312
-0.5694082442419548 0.8086209111677394 0.1480083558842201 120.0069808959961 -0.6488028432680535 -0.5526214030483589 0.5231294824994606 25.739089965820312 0.5048060240890402 0.2018459980161083 0.8393027291319248 -0.5504989624023438
0.8175476154086385 0.5154416943617532 -0.2567795869089553 120.89136505126953 -0.2093499296375637 0.6814252568483067 0.7013075119303702 26.22925567626953 0.5364592281808525 -0.519595495595087 0.6650052762624519 -0.3766136169433594
0.7730082151547637 0.44429726143251413 -0.45283357073743424 121.90325927734375 0.3741089681260955 0.25722539008792017 0.8909980800550277 26.422765731811523 0.5123482987879191 -0.8581579354510949 0.032621749668583055 -0.3880300521850586
0.8538083906277186 0.5196691205420707 -0.030906912636753797 122.63864135742188 0.327103737856459 -0.48934625961432154 0.8084203008842654 25.89202308654785 0.40498688469386024 -0.700345802697856 -0.5877936541588876 -0.3510756492614746
-0.941140275405761 -0.2762234289391954 -0.19482196825368997 122.77458190917969 -0.05192047041852976 0.6876635723441444 -0.7241706125095165 25.168102264404297 0.33400486038482596 -0.6714308814583695 -0.6615295342336198 -0.271820068359375
0.14677241815208425 0.9124494968158268 0.38196043385452183 123.64360809326172 -0.9664420049039093 0.04997758897477561 0.2519763714271256 25.15472412109375 0.2108262517503503 -0.40612578883987804 0.8891648526634894 -0.07741838693618774
0.9063211785611073 -0.38760816809503934 0.16835031724833016 124.48789978027344 -0.2783654179627793 -0.847323705431115 -0.4522778264484034 25.20547866821289 0.31795379440103066 0.363046066278775 -0.8758441290466555 -0.43317413330078125
-0.18024307756485855 0.7062007087504176 0.6846845930429253 125.73458862304688 0.9364312512236903 -0.08982089701151982 0.33915883917668965 25.24671173095703 0.30101319692263007 0.7022910831133012 -0.6451188184032179 -0.4730033874511719
0.869337127833364 0.271323683219227 -0.4130816106955017 126.32400512695312 -0.411511877118016 0.8602716401161371 -0.3009828569913886 25.083723068237305 0.27369861739008544 0.43164356144421323 0.859518994963178 -0.4292488098144531
-0.29972869451584666 -0.2455775169295658 0.9218754757897267 126.80474853515625 -0.9049965611994859 -0.23259682328858938 -0.3562021083783219 24.962623596191406 0.3019005364369718 -0.9410581283718692 -0.15253086613634365 -0.5168914794921875
0.7778937615233597 0.30511942135228187 0.5493481905828826 127.68751525878906 -0.5315848189814115 -0.14667771687381764 0.8342081440511019 24.44597053527832 0.3351102445636933 -0.9409504695181 0.04809717145663345 -0.5058355331420898
0.4703938961481142 -0.8782266411750789 0.08629918421941532 128.66648864746094 0.804889175835627 0.3868976339821376 -0.449959593121059 24.24254608154297 0.36177755194213235 0.2811195253790873 0.8888694028716448 -0.4583721160888672
0.8336968300514488 -0.4731044705340395 -0.28481881174331203 129.156494140625 -0.4632552009274902 -0.3184489227978441 -0.8270337976059525 24.091201782226562 0.3005731431379005 0.8214392512715709 -0.4846579640268015 -0.4060249328613281
0.930958118890629 -0.3549743561514653 0.08549963360432766 130.03530883789062 -0.18963093913659673 -0.6701644856637669 -0.7175790333316542 24.39275360107422 0.31202097332357953 0.6518226512095692 -0.6912091894472573 -0.3948478698730469
0.7641862491698459 0.22655396913827577 -0.6038979016749564 130.6881103515625 -0.533779934499803 0.7477281317077873 -0.39494508805423567 24.420574188232422 0.3620750724713152 0.6241601878688475 0.6923335191758497 -0.4581260681152344
0.9260094685898115 0.37505437074825215 -0.04290318245361032 131.5533447265625 -0.3547530200409636 0.903427351102191 0.24076817906919173 24.286361694335938 0.12906106637491735 -0.20773358000841202 0.9696339520061464 -0.5412502288818359
0.903972550111092 0.4239961686119398 -0.05532519903303186 132.2643280029297 -0.30237065697272025 0.7253565180771723 0.6184091748064918 24.049869537353516 0.30233361448495044 -0.5422962019831562 0.7839063814430324 -0.5168924331665039
0.8900981421134287 0.3807317888049524 -0.25053662885814404 133.17755126953125 -0.30699764697286924 0.9071352310179484 0.28785085964633667 23.963520050048828 0.3368645753998835 -0.17930135983699236 0.9243231470656036 -0.5455474853515625
0.8909373870201911 -0.3564710883422 -0.28135197810884777 133.95391845703125 0.30603358572897155 0.9290262439067052 -0.2079751969309495 23.881563186645508 0.3355205162363433 0.09918972380608004 0.9367963395934952 -0.5298519134521484
0.837456490164652 -0.5329908891006211 -0.12077805767949819 134.7568817138672 0.4692298801439402 0.8145574995790054 -0.34105629954554806 23.822837829589844 0.2801605729955703 0.22894713803698996 0.9322517156452251 -0.5305404663085938
0.9533426722119607 0.00046416150359532976 -0.30188993672174097 135.4070587158203 0.077065994251927 0.9664923336048695 0.2448538372437233 23.843280792236328 0.2918879611592779 -0.25669505962739597 0.921362612923472 -0.4489002227783203
0.9918994012118892 -0.10762380817746296 -0.06747365255324336 136.2261505126953 0.09666948727502754 0.9841499546164563 -0.1486737268598928 23.62228012084961 0.08240502475867864 0.14094673725137227 0.9865816890418724 -0.07725143432617188
0.9750658113004695 -0.12512568483618017 -0.1832763667995253 136.92759704589844 0.013202540532157692 0.8571277602651806 -0.5149346516853299 23.700895309448242 0.22152281272242358 0.4996754602510236 0.8374079518767863 -0.8157691955566406
0.8789740670636229 -0.4070403395757872 0.24844063956539397 137.6449737548828 0.327476989240736 0.1365103944877578 -0.9349458453379105 23.50635528564453 0.3466459446574517 0.903151744810818 0.25328544154316956 -0.5898666381835938
0.8896006766844159 -0.3844235892361451 0.2466356423581738 138.2847900390625 0.31976484374955666 0.13862619518815 -0.937301030997768 23.57419204711914 0.3261304658330022 0.912689039074348 0.24624710599130384 -0.5575141906738281
0.9381820016080529 -0.31340805797925797 -0.14693509128992183 139.06643676757812 0.020703154860201467 0.4745403629451197 -0.8799902404656251 23.818103790283203 0.3455226638551256 0.8225489852462188 0.45169376311044385 -0.5906105041503906
0.9643413761898487 0.059103657242067606 -0.2579776499406119 140.0413818359375 -0.11099011921411626 0.975203295798564 -0.19146729564198348 24.065095901489258 0.24026423704976352 0.21327280549622504 0.9469888102985506 -1.020681381225586
0.9196697353801851 0.12987297261521066 0.370594912012873 140.3636932373047 0.019880454982272804 -0.9579155546064436 0.28636088726068676 23.868515014648438 0.3921891703444119 -0.2559898459453396 -0.8835478784069618 -0.633936882019043
0.4947509607636714 0.8687846967237 -0.0208479630211868 141.38327026367188 0.8154166701419411 -0.45579586529219807 0.35685540942679483 23.414756774902344 0.30052810330824814 -0.1935543332535985 -0.9339269667381395 -0.6080818176269531
0.4515702744886757 0.17656621880892542 -0.8745905656784441 142.21803283691406 0.8676143660498368 0.14178903447682978 0.47659330831020724 23.223068237304688 0.2081576302280606 -0.9740227102473777 -0.0891636747795363 -0.5650320053100586
0.3211169120235197 -0.9464214502830385 -0.03421063075463107 142.9386749267578 0.9162264496094764 0.3196058675049392 -0.24162198263491952 23.261451721191406 0.23961014554582863 0.046244220185509444 0.9697672144648639 -0.6268043518066406
0.9044343083299538 -0.42620018433846873 0.01876125756908595 143.60557556152344 0.3262575527134709 0.6626731732364093 -0.6741070202647387 23.221397399902344 0.27487195421347566 0.6158065185938221 0.7383953821931863 -0.85748291015625
0.9572746747743297 -0.2654184859563067 -0.1147964474553266 144.0384063720703 0.06007332903575209 0.5708327350442491 -0.8188657910429918 23.305877685546875 0.28287168853433176 0.7769832790443848 0.5623882928290489 -0.6978340148925781
0.9472076629957892 -0.2746358805256332 -0.16544720091305737 144.7492218017578 0.18053765295247917 0.8833028481924783 -0.43264562200658624 23.5041561126709 0.2649599951473159 0.3799357991858175 0.886253343840557 -0.7697238922119141
0.8013116434709117 -0.5895454344878135 -0.1016652876478589 145.61611938476562 0.5177330265126756 0.7685299190451285 -0.3759179123033558 23.491981506347656 0.2997535042263424 0.24859192305274835 0.9210591145507245 -0.920623779296875
0.9703942070631342 0.13915673386335436 -0.1974094382718177 146.20103454589844 -0.05459415532126784 0.9225636883595981 0.3819629813543342 23.41265296936035 0.23527550043102305 -0.35987726288391403 0.902847603173489 -1.0569324493408203
0.9395260491133024 -0.15254624072120126 -0.306627538683951 146.83810424804688 0.28443969264227537 0.8462289275572639 0.4505448517238333 23.391311645507812 0.19074816981328147 -0.5105156673473521 0.8384443267777362 -1.1126470565795898
0.7964788536074516 -0.5589636914039605 -0.2306101200039098 147.55499267578125 0.579472702916363 0.8145426227482978 0.027049996324004982 23.473678588867188 0.172721806182555 -0.15517701962076172 0.972670175470932 -1.2016029357910156
0.618965654900863 -0.7686227988107694 -0.1615565263350437 148.0937957763672 0.7543897232243431 0.6390448254306067 -0.15005951014135915 23.449493408203125 0.21858102284197772 -0.02899490021823084 0.9753879393424393 -1.263723373413086
0.9304900804859926 -0.3661289730695456 0.011738193907548503 148.5936279296875 0.3536469391715217 0.8894902967991032 -0.2893801208010971 23.470991134643555 0.095509436872936 0.2734165082420654 0.9571422885281642 -1.4576034545898438
0.9989448646068488 0.026670553829683752 -0.03738768559329043 149.10670471191406 -0.04565143895668254 0.4878436725698107 -0.8717364838383121 23.352664947509766 -0.005010348968792738 0.8725234854673067 0.48854648060465405 -1.5492181777954102
0.9714374310645955 -0.23544526610217253 -0.0295777652417529 149.46292114257812 0.033546916314199995 0.2596559885133621 -0.9651183202255342 23.270261764526367 0.23491258359744618 0.9365598188579445 0.26013800908046275 -1.5139999389648438
0.4768720839381894 -0.8099980163241707 0.34131543930996844 150.0968017578125 0.8442583912947508 0.3140436469238687 -0.43428603080821737 23.64440155029297 0.24458287815962895 0.49525730825265446 0.833606270569918 -1.585000991821289
0.8777601617379338 -0.40615483804972263 -0.2541167959710637 150.4486541748047 0.4079706908024844 0.9117311304876279 -0.048023547827028994 23.650814056396484 0.2511911899568519 -0.061519047688946484 0.9659805344102463 -1.3770790100097656
0.9369952163963281 0.0970612913660472 -0.33558764901103527 150.6717987060547 0.03630407869378617 0.9283716973430336 0.36987566213879275 23.77256202697754 0.347450684731796 -0.35875492650383256 0.8663561186882887 -1.6032161712646484
0.33285806171046894 0.8189182216456052 0.4675237502107773 150.7537078857422 -0.8746187558177281 0.08278212528299356 0.47769148171752057 23.627883911132812 0.35248764904064245 -0.5679085014246841 0.7437959338981162 -1.669830322265625
0.06801675757511533 0.412919811756671 0.9082240636251624 151.08583068847656 -0.9307402551835966 -0.3015795803818388 0.20681473370504116 23.566146850585938 0.35929973291075656 -0.8593875643477447 0.36380862575633016 -1.7511868476867676
0.7503731803663753 0.1350598419451715 0.6470694933935586 151.57997131347656 -0.49361532199265945 -0.5365782383606081 0.6844177876209165 23.687267303466797 0.4396407670825517 -0.8329721683295139 -0.335966311863993 -1.9291563034057617
0.8506025279826261 0.2682276184099588 -0.4522491394261433 152.0984649658203 0.2989284516447973 0.4609001564532394 0.8355913035561244 23.663570404052734 0.43257036443428454 -0.8459462101714865 0.3118619715670528 -1.9617176055908203
0.0867216993474424 -0.9584180489692222 -0.2718716430088318 152.6117706298828 0.8427450693838738 0.2161109834738814 -0.49302818464173215 23.70545196533203 0.5312815589604649 -0.18636224465267004 0.826443596911826 -2.023193359375
0.1714279610958046 -0.969349135360413 -0.17599632930988915 152.8786163330078 0.7619993043387167 0.2436909828939271 -0.5999764704082181 23.698196411132812 0.6244753913020488 -0.03125633747276502 0.7804188151409097 -2.0640525817871094
0.3851403547055633 -0.7426974899065306 -0.5477840319540281 152.9752197265625 0.5482000211516127 0.6616181841659889 -0.5116034745682158 23.720638275146484 0.7423904929258216 -0.10325607423991265 0.6619626418053494 -2.108245849609375
0.5108000020012826 0.01482595143922703 -0.8595717242437718 152.92044067382812 0.07017859835033874 0.9957952659458317 0.058879135977455935 23.626527786254883 0.8568303929536295 -0.0903990015641301 0.5076117593467836 -2.0855178833007812
0.44067243664022765 -0.021535879050196834 -0.897409610768182 153.10479736328125 -0.02343558709836171 0.9990954151182514 -0.035484147827505336 23.542591094970703 0.8973620099173577 0.03666820698131343 0.43976910504701877 -1.9193878173828125
0.23333835848594198 -0.5768468659686281 -0.7828160088304643 153.21681213378906 -0.021901613616247706 0.8017166711135096 -0.5973028533162027 23.403675079345703 0.9721489236634944 0.15651860106979007 0.1744373748342518 -2.1353073120117188
0.3008667732558473 -0.9353553765264815 -0.18598253776529206 153.4776611328125 -0.0943888891052293 0.16485447292541713 -0.9817910879458844 23.549625396728516 0.9489836259725956 0.3129430017742634 -0.03868792158307449 -2.114501953125
0.4542273205630597 -0.8846224617882443 0.10545445155994893 153.83738708496094 0.05479163211912824 -0.09040657633916754 -0.9943965647589257 23.785173416137695 0.8891993130360737 0.457460108702755 0.007404771558799206 -2.1696853637695312
0.12788760228023288 -0.44191432952670684 -0.8878944118204453 153.62188720703125 -0.1987944301266883 0.8656556367506892 -0.45947915416519636 23.918437957763672 0.9716612247762173 0.23527015093445292 0.022856516481334688 -2.21405029296875
-0.09037458362150086 0.9843154056742514 -0.15151111110269955 153.338623046875 -0.14620341799821285 0.13737245308795384 0.9796700310299575 23.95619010925293 0.9851177570224182 0.11068871344871689 0.131495298448985 -2.2867660522460938
0.041340020568574165 0.8361096132789325 -0.5470024837986968 153.69236755371094 -0.06393265163989015 0.5485621722318368 0.8336618974443901 23.86486053466797 0.9970975974064334 0.0005077192552691012 0.07613227612173118 -2.3225250244140625
0.023948132986552517 -0.8584541069697691 -0.5123309800833782 154.26522827148438 0.05101762636649987 0.5128596427192209 -0.8569551847499619 24.179012298583984 0.9984105812371915 -0.005615433789968705 0.05607832180944683 -2.2540435791015625
-0.009653682659924612 -0.6489576485291761 -0.7607632856720833 154.45263671875 -0.07458807654794414 0.7591466063920705 -0.6466320815117983 24.223726272583008 0.9971677016670665 0.05050148927393344 -0.055733063195335775 -2.2449111938476562
-0.08371502655148677 0.31682274792714654 -0.9447831183532948 154.39663696289062 -0.047458578630952986 0.9457677501838939 0.3213581273694903 24.160139083862305 0.995358969238643 0.07174056807683976 -0.06413901502360964 -2.2982177734375
-0.029364101320118796 0.8645130263608842 0.5017519076256782 154.32745361328125 0.11336932776572034 -0.4958488935169648 0.8609769278673793 24.0938720703125 0.9931188977537435 0.0821650902168733 -0.08344910349454096 -2.243072509765625
-0.12888932384626273 0.9916181256944374 -0.009001943829227088 154.59661865234375 0.09812184590785394 0.021785821641600284 0.9949359182032962 23.972082138061523 0.9867926051375178 0.12735333042230085 -0.10010736074964566 -2.2840576171875
-0.18852673948116863 0.9368983139643297 -0.2944133451312901 154.89984130859375 0.13281316720861008 0.32135836587842925 0.9375977086661228 23.85702896118164 0.9730459039103025 0.13766027012447057 -0.18501707735406595 -2.24853515625
-0.11706631833923453 0.9814833467723688 -0.15161107188792827 154.96437072753906 0.17698035491716035 0.17083450448064033 0.9692747422956246 23.821069717407227 0.9772274203499882 0.0866372442276625 -0.19370223754191224 -2.2374114990234375
-0.07082383975901393 0.9730473507306008 0.21946033117160096 155.04364013671875 0.17953346404349696 -0.20398493661091396 0.9623709684546722 23.793231964111328 0.9811991230175106 0.10755928073393134 -0.16024756509122842 -2.28021240234375
-0.14382094733213716 0.9896033193236896 0.0008974920736940506 155.3363037109375 0.18983708657479947 0.026699287750921313 0.9814525095970694 23.70758056640625 0.9712246988566955 0.141323806972248 -0.19170332786259112 -2.261322021484375
-0.30264963032124204 -0.41719305404541196 -0.8569440803942096 155.76507568359375 -0.1137473925306666 0.9084949524196968 -0.40211746060126174 23.71690559387207 0.9462899830173043 -0.02422554610725719 -0.32241028357810664 -2.2570648193359375
-0.42571809285612816 -0.8701836001874913 -0.24808185620814155 155.791015625 -0.11182068139319135 0.3226594115877306 -0.9398867162198972 23.69422149658203 0.8979199522383403 -0.37238609812746154 -0.2346664724533548 -2.2040252685546875
-0.5017043738273508 -0.766355765943576 0.40123753723641153 155.82135009765625 -0.2185939274074699 -0.33646680426408354 -0.9159731352659273 23.902713775634766 0.8369644055651851 -0.5472558173590756 0.00128615067803578 -2.0369033813476562
-0.10345465763909145 -0.8534409605574025 -0.5108186181568136 156.37557983398438 -0.08770886512098747 0.5194014879838181 -0.8500172052725662 24.161096572875977 0.9907594505186245 -0.04313491767760547 -0.1285888412148558 -2.3480072021484375
-0.7090360527222823 -0.6334853751801091 -0.30978081827789383 155.98178100585938 -0.43924796983574504 0.7404221381550244 -0.5087595486328668 24.072559356689453 0.5516603093708857 -0.22465826662479715 -0.8032431551541293 -2.07806396484375
-0.7484709025330286 -0.653066379648497 -0.11530659926560402 156.26373291015625 -0.4834771707149832 0.6563656339649525 -0.5791666253740981 24.040939331054688 0.45391754037361054 -0.37774125843305906 -0.807013263966944 -2.0323333740234375
-0.6661247926702134 -0.6447716052845361 0.3748964358444441 156.17105102539062 -0.6636116097947787 0.2829368048950977 -0.6925073254351434 24.011917114257812 0.340437060167731 -0.7100819258751455 -0.6163491434323543 -1.982208251953125
-0.750550777822252 -0.63500063227328 0.18288719726363395 156.58590698242188 -0.6123506717272698 0.5643075241766684 -0.553699984642189 24.294815063476562 0.24839521884604415 -0.5275710522480678 -0.8123845149215316 -1.8957061767578125
-0.805212851150704 -0.576031626349374 -0.14078291724158035 156.74618530273438 -0.5455206234856377 0.8126522129370592 -0.2049478718121798 24.354652404785156 0.2324640051569181 -0.0882266754094004 -0.9685951373265347 -1.8851699829101562
-0.8163201242757113 -0.3464115408582581 -0.46219097682959465 157.51217651367188 -0.5425856433548024 0.7342722600785679 0.40797679799759085 24.159385681152344 0.19804614191582373 0.5838178589588703 -0.7873591513616504 -2.290924072265625
-0.3437538359021286 -0.7259872574926084 -0.5956305921130427 157.60342407226562 -0.9389172141765382 0.27676846667390154 0.2045328354517834 24.205123901367188 0.01636353340636776 0.6295567629795893 -0.776782155408529 -2.0592575073242188
0.2745787219256059 -0.7874083064593682 -0.5519009733498303 157.73031616210938 -0.9615337664978079 -0.22024230809307746 -0.16415279958128265 24.214393615722656 0.007703333709479232 0.5757442875484076 -0.8175935261516794 -1.8351030349731445
0.4057467414427362 -0.7843405809087457 -0.4692328152935729 158.44114685058594 -0.9139211031307347 -0.3420722381800861 -0.21848295384026423 25.00800132751465 0.010853527578716105 0.5174905187597134 -0.8556201049139158 -1.6985664367675781
0.06891152833180315 -0.8456939818336814 -0.5292002365393157 158.6647186279297 -0.9958128335971478 -0.02637199799921229 -0.0875289561502266 25.254364013671875 0.06006664387323335 0.5330161412300964 -0.8439702550931422 -1.6603317260742188
-0.23102577954554468 -0.8375603106320957 -0.4950957637056102 158.7788543701172 -0.9639902000870615 0.26593775563865085 -6.528387940513136e-05 25.00585174560547 0.13171933541238762 0.4772523820576962 -0.8688384087382268 -1.6507072448730469
0.3050606641131688 -0.9357848355578546 -0.17676179663827601 159.22328186035156 -0.9449427045191741 -0.27435530589904344 -0.17836045329901795 25.98451805114746 0.11841147067248727 0.22144052850596502 -0.9679580651806035 -1.5328435897827148
0.8370071646098425 -0.5431862285054012 0.06608878538655721 159.50497436523438 -0.5178933095660607 -0.8253825737914751 -0.22478907177190052 26.418376922607422 0.1766508598861176 0.15392312381003156 -0.9721636413989452 -1.4809761047363281
0.7832545796158078 -0.610461045079699 0.11768422133432517 159.54193115234375 -0.5602424209353354 -0.7751269698069224 -0.2920729540071336 26.13981819152832 0.2695193746196723 0.1628357857417724 -0.9491279226671613 -1.3786821365356445
0.7861452042409622 -0.5738573219471084 0.2294852759909198 159.86697387695312 -0.47731448839396706 -0.7996129673423467 -0.36440359716552306 27.245079040527344 0.39261507487377667 0.1769374932162772 -0.9025223135613871 -1.2943115234375
0.5239989240430338 -0.8434276454908941 0.11855350869303477 159.9113006591797 -0.691030402553423 -0.5023702232093932 -0.5197125566882127 27.147581100463867 0.49789769064396866 0.19040474168000912 -0.846075601821239 -1.285965919494629
0.2539336307758774 -0.9658718061833794 0.05108194574442723 160.1562042236328 -0.8197979177846472 -0.24295491864144989 -0.5185598147792436 28.09331703186035 0.513272914887331 0.08980290378369007 -0.853514120161512 -1.298914909362793
-0.09153592378953349 -0.9380837243511875 -0.3340959454459179 160.1506805419922 -0.6515360498397649 0.31014427999087235 -0.6923231191778434 28.55431365966797 0.7530749965409765 0.15430311628851984 -0.6395847073597519 -1.1973190307617188
-0.15564076373640118 -0.8169077782873588 -0.5553716183216075 160.2742462158203 -0.3445015802602285 0.5718127161113145 -0.7445460891654773 28.891891479492188 0.9257940450563262 0.07544467818880873 -0.3704233883966185 -1.1273746490478516
-0.010070770670616458 -0.6490493658310941 -0.7606796305228336 160.38778686523438 -0.03206803380068596 0.7605365533805064 -0.6485027310507321 29.884429931640625 0.9994349507528031 0.01786257781941919 -0.028472926217501415 -1.126028060913086
0.13444946720727863 -0.9300900784248589 -0.3418417569334075 160.67271423339844 0.11928635624027456 0.3576566842515617 -0.9262032506016685 30.54704475402832 0.9837144433129958 0.08375047597368412 0.15903380707127696 -1.1974124908447266
0.27359135029378656 -0.8171290494467537 -0.5073932297485524 160.5730743408203 0.38648941777150714 0.576454126675226 -0.7199490049925369 31.513591766357422 0.8807801672353119 0.0008697064718536929 0.47352459346436143 -1.1040191650390625
-0.09251240030087504 -0.9954425715062449 -0.02314179387180454 160.64727783203125 0.6423420995016118 -0.04190583608355947 -0.7652715388082842 32.41952133178711 0.7608140922711881 -0.08566205539894706 0.6432914807973099 -0.951690673828125
-0.15540896855162933 -0.9878499394140613 -0.0007414130793577667 160.59579467773438 0.6978319076339256 -0.10925192268807365 -0.707880389668308 33.257999420166016 0.6991985992418142 -0.11052834291979008 0.706331936294608 -0.8288917541503906
-0.24875439963162665 -0.9650372986855474 -0.08260908430439406 160.5915069580078 0.7828616112436414 -0.15010764019243733 -0.6038173515201989 33.995243072509766 0.5703060111071236 -0.21487370360646565 0.792830590475369 -0.7376194000244141
0.24843487346069992 -0.9312614881479825 -0.266518581605432 160.5492401123047 0.8589162317772062 0.33899197249955626 -0.3838585017561872 34.526161193847656 0.4478202992699311 -0.13355329750053127 0.8840930359914188 -0.7263298034667969
0.18563368866333213 -0.9753805868307555 -0.11904975626575756 160.46484375 0.8873124142316533 0.21844520812027485 -0.4061506747497595 35.347164154052734 0.4221573322632691 -0.030239078738960118 0.9060180930496801 -0.6144952774047852
-0.11242340826284092 -0.9929729145822953 0.03695630095813121 160.4239044189453 0.9225292625781055 -0.11812189366589954 -0.36740574018907013 36.13459396362305 0.36918929692186797 -0.00721173645686779 0.9293262365260185 -0.5581674575805664
-0.32832545890329295 -0.9421590123664529 0.0673705310400039 160.27569580078125 0.9006324551992522 -0.33375662972280123 -0.278330186573149 36.97390365600586 0.2847166550760757 -0.030706799454632158 0.9581197831114563 -0.5360698699951172
-0.4125125277171703 -0.9105920047818462 0.025604985916212825 160.1520233154297 0.8836616284862163 -0.4068248407014604 -0.23159377221618038 37.69062805175781 0.2213041816538483 -0.07290918882836388 0.9724755572079491 -0.5147972106933594
-0.15923859536382712 -0.9859189364783383 0.05105801053681419 160.047607421875 0.9792285128513241 -0.16431036851445713 -0.11880076774847595 38.44911575317383 0.12551728711830648 0.03107979234270023 0.9916044862455973 -0.4824768304824829
-0.09998347906397231 -0.992002250311938 0.07703790813823584 160.01292419433594 0.9777331055319022 -0.11231177562399608 -0.17726826958913855 39.2431755065918 0.18450278659469227 0.05759861484650651 0.9811427629588658 -0.4818328022956848
-0.1426745668415761 -0.9041989938949071 0.40257688385699253 159.8520965576172 0.9842337749276051 -0.1725689888131765 -0.03877912314318577 40.127994537353516 0.10453632989695608 0.39069697150020954 0.9145643947761357 -0.4881572723388672
-0.25651114980066547 -0.8582002512295979 0.44462833784791 159.6521453857422 0.9605926266831928 -0.2773157339344946 0.01891531850792763 40.94430923461914 0.10706930274277626 0.43195869305042034 0.8955154113181683 -0.4120616912841797
-0.1388334864983824 -0.9831576006461864 -0.1188545132434479 159.5338897705078 0.9842461183446365 -0.12371786395005041 -0.12630704122554773 41.62909698486328 0.10947530109672612 -0.13451774021024251 0.9848452345513534 -0.3094062805175781
0.3383828284911838 -0.7237549727192746 -0.6013948792984755 159.37033081054688 0.937873134740638 0.3115198845506301 0.15280492355068562 42.15966033935547 0.07675314009260392 -0.615738662903089 0.7842033247138404 -0.2901763916015625
0.050660876827127554 -0.9969680039372067 -0.05906161769345883 159.50343322753906 0.9834217058553564 0.06010759273853744 -0.1710813424886508 43.035682678222656 0.17411267619460546 -0.04941534600344102 0.9834850784672396 -0.2662086486816406
-0.11308486909089865 -0.9924425516487632 0.04764025671201345 159.43289184570312 0.9817195703561248 -0.11899388545369993 -0.14855012758129008 43.827964782714844 0.15309636691469902 0.02997060062000686 0.987756683366909 -0.23757481575012207
-0.3756338308439957 -0.9024476243535798 0.21092062588576987 159.274658203125 0.9218502217117558 -0.3872502094125596 -0.015147410336944861 44.978729248046875 0.09534880101737725 0.1887473459641467 0.977385822250374 -0.09241104125976562
-0.39984183038529475 -0.7868791551250334 0.47005074822177506 158.9937286376953 0.9107864698552199 -0.3986784877771744 0.10734742527127386 45.73137664794922 0.10292967017727897 0.4710378526333302 0.876087224187054 -0.18102264404296875
-0.7695324884260919 -0.5660504021337515 0.29564622693510845 158.909423828125 0.6205256618716711 -0.7721727213343759 0.13673767361553818 46.850284576416016 0.150889536467814 0.28868015288773025 0.9454607961799608 -0.2172870635986328
-0.8072576298748678 -0.573234234671995 0.14049068014933713 158.89373779296875 0.5786337888071345 -0.8155821804271682 -0.0029403095698830248 47.78300476074219 0.11626718135188287 0.07891906721242004 0.9900776350220271 -0.1313328742980957
0.08653958755617047 -0.7245776375173691 0.6837383615063266 158.87425231933594 0.9922129682910987 0.0009753469933909131 -0.12454908371084056 48.52045822143555 0.08957859867499263 0.6891924955395197 0.7190197346049927 -0.07842636108398438
0.22448641965359833 -0.7525516214835013 0.6190895770352313 158.86346435546875 0.957057722662426 0.0506776500443325 -0.28543351463728883 49.60224151611328 0.18342944933494107 0.6565804084714508 0.7316117852578258 0.02611541748046875
0.47336939847085946 -0.30395110584844537 0.8267618386481346 158.64459228515625 0.8795467277235072 0.11178573480135184 -0.4624948683453608 50.4306640625 0.04815564704380515 0.9461065874141398 0.32025514657748044 -0.09754180908203125
0.7233548547831282 -0.6792524300334923 0.1239914930762393 158.43988037109375 0.6901963737355308 0.716422070697812 -0.10182525374082105 51.414772033691406 -0.019665191176363124 0.15923427052822134 0.9870449469732077 -0.028972625732421875
0.32884497187584116 -0.8114119011479466 -0.48318910495524625 158.39263916015625 0.944381483319183 0.2837036930189112 0.16630041650967337 52.43748474121094 0.0021443963804962662 -0.5110018994513681 0.8595769077408122 0.07387161254882812
0.10432758498585393 -0.6106821518604613 -0.784973288978737 158.24566650390625 0.9944063565489256 0.07713440049304399 0.07215457238227996 53.468284606933594 0.01648493451944577 -0.788110140563903 0.61531345936379 0.11402130126953125
-0.4210656945022671 -0.6605711056661039 -0.6215701853148883 158.2303924560547 0.9053559086001424 -0.2644694058591213 -0.33224480752501473 54.663631439208984 0.055085022248648474 -0.702639130509812 0.7094109476180089 0.1371612548828125
-0.6574556419584844 -0.6528843951110278 -0.376156942615 158.07200622558594 0.7507390403768394 -0.5249429222586909 -0.4010309484622954 55.783355712890625 0.06436592352339474 -0.5460557617963693 0.8352724902078168 0.11566925048828125
-0.36276029172369945 -0.9043264368517755 -0.2249414731869344 158.0391845703125 0.9297287934198794 -0.33481825956790795 -0.15330069714757466 56.75856399536133 0.06331936066126873 -0.2647459700748793 0.9622370965071756 0.06783676147460938
0.07606010934829632 -0.9963943856061901 0.037591064076301015 158.0279541015625 0.9937113249734477 0.07264047851341715 -0.08521246094825041 57.57089614868164 0.08217458479019238 0.04383593518798421 0.9956534278556745 0.1452803611755371
0.3740076906845306 -0.9261205828158151 -0.049182450058123446 157.78468322753906 0.9262993200835049 0.3756405985846823 -0.029388948735513197 58.47874069213867 0.04569263531097232 -0.03456597720066532 0.9983573389816405 0.0863180160522461
-0.10602612115078269 -0.9636097046798889 -0.24538703853393898 157.7200469970703 0.9927115016697957 -0.08835779237538888 -0.08195593315341454 59.62769317626953 0.05729167554033318 -0.25228800521087996 0.9659546709553696 0.16052818298339844
0.10679055077611105 -0.9226258358376115 -0.3706175188922989 157.76528930664062 0.9920610226466845 0.12377089698759641 -0.022264150648524828 60.663204193115234 0.06641314335392698 -0.3652975938927527 0.9285186924806716 0.215087890625
0.06743413654048436 -0.9822274640174007 -0.17516234229703914 157.6683349609375 0.9926362923000573 0.08375487643249735 -0.08751178139297795 61.68358612060547 0.1006271754439852 -0.16797121659297137 0.980642565850801 0.15686988830566406
-0.13151161593207755 -0.9895884659885361 0.058475318360739166 157.40640258789062 0.9863723612990316 -0.13651099825271934 -0.09183851164636234 62.52935791015625 0.09886485594136407 0.04560060677778486 0.9940554938841148 0.17943024635314941
-0.4172514900154885 -0.823878807101804 0.383568644819103 157.1282196044922 0.9048556297217965 -0.41586410217715125 0.0910677653243071 63.493595123291016 0.08448362824018577 0.38507240842327356 0.919011293091915 0.21627235412597656
-0.321773179035617 -0.9135906264474991 0.24862459355538152 157.02288818359375 0.941662756173604 -0.33615285471926637 -0.01650793444436137 64.58118438720703 0.09865736104743718 0.22880870947442888 0.9684592400198379 0.2010335922241211
-0.20833378174487743 -0.9774681723124753 -0.033955964129840144 157.023681640625 0.9729356553783882 -0.20356933039229214 -0.10934229838932402 65.64408111572266 0.09996622368232161 -0.05581666274279576 0.9934240052882521 0.16889476776123047
0.15926390506961752 -0.9845622291418614 0.07261009219925897 156.8375244140625 0.983996624803668 0.15235808207233625 -0.09239944373333112 66.44696807861328 0.07991026790698187 0.08616398188598468 0.9930710535045246 0.14780724048614502
0.18798988320969356 -0.9539851227287471 0.23360691219016422 156.7495574951172 0.9798521750991501 0.16582989660596703 -0.11131109713374905 67.54908752441406 0.06745012056527694 0.2498256011778449 0.9659387404136237 0.1508769989013672
0.18670990703939772 -0.9262514156899154 0.32741063749635124 156.46560668945312 0.981707342265337 0.1632609364095563 -0.09796203746862066 68.40692138671875 0.03728410862107434 0.33971190967509884 0.9397902498266459 0.14810562133789062
0.22117185449702376 -0.9695994193397701 0.10468990779596632 156.48333740234375 0.9752123410815046 0.22061805563966536 -0.016987151853813873 69.68889617919922 -0.0066257513293475 0.10585196994744174 0.9943598241469571 0.18461990356445312
0.8808495661773192 -0.4682981773800831 -0.06928823008073212 156.3427276611328 0.471768695030867 0.8562411488122037 0.21044095007776 70.45274353027344 -0.039221679644057705 -0.2180548374681233 0.9751480645023345 0.190582275390625
0.3731868332501086 -0.9277491470547643 0.0036204458168579527 156.18646240234375 0.9272395294221221 0.37310637965692295 0.03191370452243549 71.43656921386719 -0.030958723581519226 -0.00855275385248571 0.9994840708264147 0.18947625160217285
0.19155639435833444 -0.8493433340875612 0.49185571931355965 156.0525360107422 0.9789915267644708 0.20102104705804652 -0.03414863339954671 72.50016784667969 -0.06986943755179553 0.48806397068490065 0.8700067943501841 0.18506240844726562
0.5319825173572954 -0.648636416603621 0.5443026734104918 155.89913940429688 0.8402931642872368 0.48366662004399563 -0.24489589361065192 73.41847229003906 -0.10441263945680848 0.5876541497435637 0.8023469330724905 0.129669189453125
-0.07320133296927106 -0.9968662118978353 0.02998867166083516 155.64515686035156 0.9952234827138073 -0.07106724416050642 0.06693030899697325 74.45407104492188 -0.06458935133999452 0.034744818086880874 0.9973068802076859 0.20052409172058105
-0.5438240989129308 -0.6328962350967401 -0.5510877471346202 155.3787384033203 0.837001313940403 -0.45655617807223425 -0.30163762485159806 75.49182891845703 -0.06069719848212077 -0.6252989779812905 0.7780212325071699 0.181488037109375
-0.9034339365840371 0.035229336489406404 -0.427277446255692 155.119384765625 0.4272937950123336 -0.007443104095941035 -0.9040821936889225 76.5063705444336 -0.035030486325876714 -0.9993515367736885 -0.00832892405052418 0.2393798828125
-0.8974423888353417 0.16018228609192603 -0.4110216465636325 155.1843719482422 0.4408735507763913 0.3575556404635458 -0.8232766705054383 77.58418273925781 0.015088768913730316 -0.9200519546172746 -0.3915057213599823 0.2495880126953125
-0.2435125665300773 -0.7159298821643395 -0.6543286893955436 155.37225341796875 0.9695528035630944 -0.19767579526063056 -0.14453941009642007 78.44874572753906 -0.025864861199677014 -0.669603377972537 0.7422683646518213 0.1898651123046875
-0.18009530093482845 0.10177825159297815 0.9783694956834406 155.10189819335938 0.9831343909504819 -0.013549618173374772 0.18238195409025676 79.33888244628906 0.03181904950840497 0.9947148311702365 -0.0976214768293816 0.18680572509765625
-0.20396638804414574 -0.549898436184084 0.8099440859902143 154.63134765625 0.9781916208886963 -0.08132528032277342 0.19112130075835948 80.12984466552734 -0.03922837456956313 0.8312628396979629 0.5544936662991822 0.136138916015625
-0.20631081446093763 -0.9365060938004526 0.28353515498273374 154.576416015625 0.9784275222856962 -0.19426577113633542 0.07028793494390671 81.08260345458984 -0.010743903868637245 0.29191976027570177 0.9563824664276519 0.16096878051757812
0.1819081940524504 -0.5802126232777495 -0.7938908745701316 154.5627899169922 0.9830826779310796 0.12487958306959934 0.1339908134321912 82.15882873535156 0.021397600062466493 -0.8048343938485205 0.5931135988915204 0.1724700927734375
-0.2515063436247766 -0.9675847103071404 -0.02289950864851257 154.40528869628906 0.9676948874684308 -0.2509629528143053 -0.024170252009159763 83.11808013916016 0.017639837979905988 -0.028238709152017902 0.9994455520044456 0.2241053581237793
-0.44468046358402025 -0.7417243464898325 0.502099869678266 154.4215087890625 0.8896542622872582 -0.43072515871554384 0.15162826663780105 84.07328033447266 0.1038006690769159 0.514121417054085 0.8514132895518394 0.22265243530273438
-0.2668623119490272 -0.774199927811379 0.5739329039513905 154.15748596191406 0.9577846430135571 -0.279129342340273 0.0688141544457252 85.02368927001953 0.1069256006231131 0.5680680258750201 0.81600590310968 0.19728851318359375
0.10747671680880388 -0.9762795649721897 -0.1879546923109721 153.90628051757812 0.989975488595286 0.12251421926730888 -0.07027658257091524 85.89087677001953 0.09163671384617131 -0.17851744199106645 0.979660265388181 0.18193435668945312
-0.24799257747315073 -0.38961606222410594 -0.8869605434150974 153.73037719726562 0.9645265361051824 -0.013781876112741454 -0.26362591116912515 86.90760803222656 0.09048890908371976 -0.9208742498016734 0.3792128338875725 0.173309326171875
-0.23068919795276643 -0.41076619728658564 -0.8820734805641917 153.70631408691406 0.9663030805562889 0.009678585130204198 -0.25722496281913165 87.88064575195312 0.11419654309713417 -0.9116893419123617 0.39469189678541566 0.23506927490234375
-0.5220863442269084 -0.852891823859601 0.0011772702430539184 153.73281860351562 0.8472308995182751 -0.5187788792896968 -0.11431656618522319 88.91707611083984 0.09811040756839444 -0.05868569839721792 0.9934436756708425 0.1975688934326172
-0.4501511261351514 -0.8117637775334751 0.3720262532723163 153.58641052246094 0.8911921453925854 -0.43456277554587897 0.13012207384000152 89.8473892211914 0.05604037499710254 0.3901214728702389 0.9190564252404415 0.16560935974121094
-0.29983460445628135 -0.7783720079747082 0.5515761299874802 153.4783172607422 0.9526236664255477 -0.27523460165053243 0.1294374915556503 90.59168243408203 0.0510623162076656 0.5642543143438897 0.8240204539984519 0.109710693359375
0.4875582806249701 -0.8037016492210519 0.3411020111834346 153.22108459472656 0.8728974654449614 0.4569241595664237 -0.17108573062730725 91.43519592285156 -0.018355865923052217 0.3811613456843157 0.9243262901932068 0.10263442993164062
0.6386308474649202 -0.7495149341519006 0.17429286890033754 153.17567443847656 0.7624098184794122 0.6469962544209408 -0.011274548836354398 92.406494140625 -0.10431639062212592 0.14008286921870794 0.9846293111618335 0.06074810028076172
0.3655449820568158 -0.9121940092352211 0.18514576854050907 153.01991271972656 0.9287598250931642 0.3705999483011007 -0.007801641630871867 93.39777374267578 -0.06149840149139879 0.17480780255639344 0.9826800999203188 0.1033792495727539
0.4730890836488901 -0.8809574192198214 -0.010037153670497526 152.8658905029297 0.8784555410714193 0.47081659175379925 0.08153281112690763 94.33511352539062 -0.06710127639004491 -0.04738947616178066 0.9966201163211279 0.11422491073608398
0.4346963612512804 -0.9005037965464233 -0.011488512539668837 152.6776885986328 0.8991483257163999 0.4332531096774155 0.06183875254437434 95.29107666015625 -0.050708597656524385 -0.03721095753037298 0.9980200312435525 0.0723733901977539
-0.24597603238043242 -0.9661618984788267 -0.07763361013227317 152.54612731933594 0.96874828974858 -0.24769469663558918 0.0131942551060991 96.28707885742188 -0.03197722007276166 -0.07196195652143414 0.9968946454917016 0.10330581665039062
0.20577035214521716 -0.8845010388215936 0.41870810178638196 152.4015655517578 0.9785073519453443 0.1800692228855068 -0.1004909804824276 97.24537658691406 0.013487934124368245 0.4303870203583416 0.9025436766938901 0.10338020324707031
0.2665587402228012 -0.9113435900908042 0.3136866251711049 152.08523559570312 0.9637882683134937 0.24945278074631855 -0.0942628454864692 98.06690216064453 0.007655839085953381 0.327454074609453 0.9448360795130322 0.11849403381347656
-0.4136677700411169 -0.9086445760314348 0.056956215445409214 152.0452880859375 0.9093344075132108 -0.41542686412491436 -0.0230533267867779 99.23939514160156 0.04460842231919529 0.042255828142330414 0.9981104816833647 0.06727242469787598
-0.43390935555290355 -0.8843111905723159 -0.17238442328771167 151.9027099609375 0.9007022673568074 -0.4212272384948609 -0.10631575202339355 100.1746826171875 0.02140319466738627 -0.20139844035783055 0.9792755339941172 0.0793914794921875
-0.45416929694568076 -0.8853875920638375 -0.09909117786799107 151.88551330566406 0.8908816439629422 -0.45036603738973335 -0.059163576766073755 101.1295394897461 0.0077553956541096675 -0.11514879150589971 0.9933179801317297 0.059752464294433594
-0.12012370115773918 -0.6614013589868575 0.7403502811173263 151.92022705078125 0.9927494310641107 -0.08329129292971638 0.08666676204855217 102.27249908447266 0.004343217937238131 0.7453930525920094 0.6666110812201635 0.02710723876953125
-0.5516755079698031 -0.3247767458679557 0.7682279604711618 151.49957275390625 0.8338528072872834 -0.19429442554237056 0.5166615642587289 103.29942321777344 -0.018537251289666323 0.9256185723863699 0.37800347719041194 0.0787811279296875
-0.47061046587155086 -0.7009628838214429 0.5358888176822579 151.24478149414062 0.8816611080796303 -0.34974187609784657 0.31678748492223807 104.03015899658203 -0.034633508513584155 0.6215558346667538 0.7826039001179041 0.006439208984375
0.9189061335304811 -0.39312634281598635 -0.03260669170874876 151.6844482421875 0.3865830661088765 0.8809853000729044 0.2727974231060747 105.15321350097656 -0.07851783719589968 -0.2632804201599168 0.9615187827611564 -0.17337799072265625
0.4970707885765854 -0.8671296345747053 0.031730552881877386 151.62498474121094 0.8469403633201211 0.4928013224911755 0.1995967873742699 106.19812774658203 -0.18871314772170117 -0.07233984651135583 0.9793642297346176 -0.23624181747436523
-0.09912765439140564 -0.9913910473296207 0.08554238370267539 151.4654998779297 0.9948976723878641 -0.09712151734195701 0.027313592704109272 107.03821563720703 -0.01877044517500985 0.08781345081406187 0.9959600736194489 -0.23780202865600586
-0.11151217599529534 -0.9167459675080242 0.38359075283767075 151.25643920898438 0.9932328251993284 -0.1154228084771996 0.012889151632131168 107.69630432128906 0.03245904421505155 0.3824322245065293 0.9234132358308673 -0.2566413879394531
-0.3311451584166222 -0.9227174808401304 0.19732038569107424 151.0955352783203 0.94248697145624 -0.33351031979539714 0.022117306011739668 108.56076049804688 0.045400360047858565 0.19329593151956415 0.9800895317089706 -0.28969383239746094
0.04456597736210477 -0.9931758850097073 0.10777539188954752 150.98951721191406 0.9990051099093825 0.04448207501827883 -0.003183610687798155 109.3470687866211 -0.0016321877047749608 0.10781004794198633 0.9941701713117547 -0.2953376770019531
0.24578816718379726 -0.9691861233446329 0.01632284254140543 150.9179229736328 0.9693185130727536 0.24580641083401844 -0.0009102787065156451 110.09407043457031 -0.003130029848980631 0.01604576919625672 0.9998663591720869 -0.33890676498413086
-0.07025051882070543 -0.9886727705777913 0.1326311325573862 150.67160034179688 0.9971842115984562 -0.07310014232703321 -0.016733718371369298 110.95880126953125 0.026239526371230705 0.13108211895525926 0.991024200181818 -0.37116479873657227
-0.24193084779584806 -0.9653341593257754 -0.09797665907541932 150.4720001220703 0.9693438899517284 -0.2359924351216499 -0.06841047857313562 111.8103256225586 0.042917221462179925 -0.11152368091195966 0.9928346190065159 -0.3479480743408203
-0.20652254491096395 -0.8430658836658943 -0.4965766348129397 150.35096740722656 0.9783902046064378 -0.1727249024236865 -0.11366052794572401 112.62274169921875 0.010052162636546291 -0.5093191768246831 0.8605189888346192 -0.37030029296875
-0.30690538384555377 -0.8069908188331414 -0.504554163282426 150.2567596435547 0.9509013249903593 -0.23774787773268247 -0.19814796684595157 113.36966705322266 0.039946908493550565 -0.5405939002177338 0.840334742557504 -0.4797210693359375
-0.552382353740587 -0.7584715746666056 -0.3458245302154966 150.36050415039062 0.8284803473237746 -0.453655185224054 -0.32835542787900907 113.77725982666016 0.09216316712378647 -0.46788657102132036 0.8789699126156845 -0.5370368957519531
-0.6393992930861685 -0.7558739306810109 -0.14079469065893865 150.32997131347656 0.7586883276856091 -0.5905507828981278 -0.2750305333086171 114.18082427978516 0.12474199547274321 -0.2826736169776845 0.9510704815260705 -0.6053657531738281
-0.7886299352811135 -0.6140962798198065 -0.0307990956032903 150.2966766357422 0.6124889561312484 -0.7801900116179235 -0.12712523112615298 114.89444732666016 0.05403798474925103 -0.11911886871146042 0.9914083877601306 -0.6590347290039062
-0.5352635487106825 -0.8426136847539278 0.05911946961073909 150.04025268554688 0.8443849539109038 -0.5356268646728723 0.010858703863227463 115.74052429199219 0.02251628367487753 0.05573185898673054 0.9981918537352203 -0.6332110166549683
0.037645452936191925 -0.9981168428713025 -0.048431269339679 150.02410888671875 0.9973507832680821 0.04054700447919368 -0.060393340214857275 116.1075439453125 0.06224335296055481 -0.04602942976387846 0.996999025379584 -0.6701736450195312
-0.6838789527343588 -0.7045970181767527 0.1893478808526392 149.65530395507812 0.7214427307942748 -0.6917558548594785 0.03153130907101109 117.07588195800781 0.1087656388344041 0.15816725085826347 0.981403666472101 -0.7493319511413574
-0.7396193321966488 -0.6308526723420198 0.23449552072463098 149.50888061523438 0.6709893696200513 -0.7182576996920745 0.184062877001138 117.8476333618164 0.05231165546864025 0.29348046379952136 0.9545327171292498 -0.32973480224609375
-0.8068930829671104 -0.43224255653884947 0.4026039306521881 149.46746826171875 0.5112186219063908 -0.8524651560987693 0.10935574174972221 118.4933090209961 0.2959376172032934 0.29405701820269614 0.9088186820096606 -0.7025012969970703
-0.7452976964258491 -0.4315113635042973 0.5082610420531807 149.33181762695312 0.4629434519002098 -0.8835188922852184 -0.0712581736912942 118.90238189697266 0.4798069445569135 0.18218756857086257 0.8582499553237368 -0.7393484115600586
-0.6369597631997276 -0.48958617369972285 0.5954726178310907 149.03927612304688 0.4345855117121124 -0.8660461688259763 -0.2471830626717178 119.54462432861328 0.6367241891702158 0.10133810726431491 0.7644036204398943 -0.7784690856933594
-0.5670607685495592 -0.7083694602578561 0.4203032150078999 148.88783264160156 0.4427437184762733 -0.6924288000169303 -0.5696668821837165 120.06341552734375 0.694564672670433 -0.1369491317281993 0.7062753363930435 -0.876434326171875
-0.41927399032004053 -0.8334376901624333 0.3599874131935976 148.8610382080078 0.5191229071535001 -0.5453939263404203 -0.6580705679328611 120.40299224853516 0.744795762816632 -0.08903416045365736 0.6613260844414829 -0.9254570007324219
-0.5044610690791254 -0.6855983880141523 0.5248560565868905 148.29293823242188 0.6442758857644206 -0.7035768164045304 -0.29981368621284876 121.50147247314453 0.5748283333361506 0.18690776808485265 0.7966416216991941 -0.6780681610107422
-0.2539775722234449 -0.08453670546840816 0.9635086601769765 148.5164794921875 0.05784178833991824 -0.9957176520699274 -0.07211577412737813 121.88851928710938 0.9654790108174931 0.037415274753749075 0.2577797061174066 -0.8781509399414062
-0.5565765668521522 -0.8284119454867264 -0.06289812243595513 148.30563354492188 0.8220764032243407 -0.538214039908863 -0.18578491463709235 123.1203384399414 0.12005378999766139 -0.15511059222334728 0.980575235097909 -0.3099632263183594
-0.20252221001557852 -0.9776731068476395 -0.05603615437634829 147.94471740722656 0.927033498972892 -0.20984406713156328 0.31076415377543287 123.97512817382812 -0.31558461025925016 0.010989250955730473 0.9488338053268071 -0.29543638229370117
-0.04398997593843368 -0.998930770800457 -0.014219604950234083 147.99786376953125 0.9968911079397765 -0.04482257359112607 0.06480012196958156 124.12340545654297 -0.06536819507635634 -0.011324841927055327 0.9977969467921749 -0.01373910903930664
-0.05544448728724355 -0.9983888268309752 -0.01206893899744374 147.48675537109375 0.9626718736787848 -0.05666047557531578 0.2646742415411013 125.04209899902344 -0.26493163732788294 0.0030562995024022988 0.9642623536030634 -0.3511521816253662
-0.2676490498341744 0.35408243028873576 -0.8960968801885691 147.66860961914062 -0.08211495246291747 0.9182614311872253 0.3873668527068393 123.44264221191406 0.9600110003040991 0.1772613227830931 -0.21669633762551604 -1.0025482177734375
-0.3772701131817645 -0.06954461244793751 -0.92348839114484 147.4625701904297 -0.31869902670524525 0.9460206904412686 0.05895577693623505 123.05599212646484 0.8695390687467403 0.3165571040689056 -0.3790691332548194 -1.0673141479492188
0.21157296639718115 -0.7310321760075994 -0.6487132167078851 147.3942108154297 -0.6702413937561359 0.37456223932016863 -0.6406868212873533 124.16400146484375 0.7113461562317811 0.5703464618256653 -0.4107207804545752 -1.1126365661621094
-0.7887215410936255 0.2718914715789668 -0.5513559270539501 147.4517822265625 0.006555745357419873 0.900546380746202 0.43471052244881947 124.44387817382812 0.6147156682708725 0.339251004136378 -0.712062780500957 -1.233673095703125
-0.4909101212479019 0.7889666578043052 -0.36951165844865386 147.84544372558594 0.7839773898894465 0.5850426248740135 0.20761642329703847 123.96405792236328 0.37998250617429874 -0.18776778199049146 -0.905735367007312 -1.1085052490234375
-0.5190657149345684 0.7832934352209286 -0.34208504486349844 147.53933715820312 0.801429315871665 0.5851410308978845 0.1237781306258723 124.63672637939453 0.29712259294934096 -0.20990799960829865 -0.9314809694564362 -1.1134490966796875
-0.3245889382216246 0.5754183515458504 -0.7506901770293883 147.3114776611328 0.8270797037234454 0.5577230759407975 0.06988658134344022 125.4036636352539 0.45889125604318964 -0.5981961979713608 -0.6569475807548972 -1.2664031982421875
-0.7851360107895907 0.013406783196694083 -0.6191782479429685 147.74737548828125 0.4967114331193969 0.6107848739224587 -0.6166194855792353 125.62579345703125 0.36991782434735715 -0.7916830779749195 -0.4862085018572534 -1.2760772705078125
-0.17260723790409285 -0.8865095285384363 0.42931060694289724 146.72320556640625 -0.9330587501984298 0.0075046780592497924 -0.35964572635493813 126.90143585205078 0.3156075254192522 -0.4626494738112062 -0.8284608344882394 -1.3619384765625
0.18861532524159783 -0.9696536254046214 -0.15555097500073883 146.97970581054688 -0.9405261207054533 -0.13278723869603407 -0.31269500397389394 126.61494445800781 0.2825506598023748 0.20527882496535454 -0.9370302709443734 -1.388153076171875
0.11733892510513877 -0.9903312889697159 -0.07399672116216699 146.36083984375 -0.7162245381174704 -0.032774803125157334 -0.6970998660726619 127.51103973388672 0.6879345809403585 0.13479521641248265 -0.7131453301948524 -1.580125331878662
-0.8892493249566973 0.34446774311796474 0.30096114701946886 146.53680419921875 0.3912501005049653 0.23191744146305868 0.8905827638125967 128.05117797851562 0.23697889551374196 0.9097012005578782 -0.3410054673823315 -1.385101318359375
0.031872598148727393 -0.287044467317264 0.9573868660420393 147.07955932617188 0.9708235087312578 -0.21888019746181314 -0.09794475000635228 127.70122528076172 0.23766752487872406 0.9325754301618855 0.27169323634642667 -1.4175491333007812
-0.6291736206116102 -0.07718929414695497 -0.7734225029022446 146.05398559570312 -0.7466547963138664 0.33651952247280403 0.5738128842542443 128.9208984375 0.21597955983837075 0.9385075513088699 -0.26936296305961005 -1.382415771484375
0.8964149558623087 0.4429230735139582 0.016105212054594892 145.28634643554688 0.4173680039009351 -0.8558073902084533 0.3056103077193975 129.54054260253906 0.1491448162898187 -0.26723185029772284 -0.9520204629945364 -1.3448638916015625
-0.5139192536737585 0.7522417860630156 -0.41233396173991166 145.73837280273438 0.8548886720916772 0.488935668426501 -0.17351446760907055 129.35885620117188 0.0710799481762305 -0.4416720587053867 -0.8943564353915108 -1.4047393798828125
0.9227479286283898 0.3560742929792664 -0.14746985485627928 144.90208435058594 0.3815921759091603 -0.7904109459441812 0.47920553817390055 130.02267456054688 0.054070985721817684 -0.49845926053283507 -0.8652252273784732 -1.3576507568359375
0.9180883875196607 -0.36446836792265735 0.15580924711115154 145.34814453125 -0.3812966373807871 -0.9194598134035871 0.09595064282195151 129.9083709716797 0.10828936708492627 -0.14750071294619457 -0.9831159405974 -1.3260574340820312
0.5527909289446189 -0.6821195086511167 0.47868065011456695 144.41253662109375 -0.8136251968836576 -0.5659437561895011 0.13312288994064048 130.2056427001953 0.18010060486454396 -0.4630557641879407 -0.8678381942388498 -1.3882436752319336
0.973434997277173 0.21837760409413712 0.06881517351642173 143.77554321289062 0.1735406312374462 -0.8997500639952394 0.4004166225948566 130.61790466308594 0.14935847945697506 -0.37783732527460473 -0.9137455883579595 -1.3591766357421875
0.4183262989990412 0.8728011665479708 0.25143832491938495 143.7509307861328 0.9011673613717127 -0.4334393210066651 0.00526704885359916 130.56173706054688 0.11358034321179795 0.22438466676175217 -0.9678589912575631 -1.36260986328125
0.8773299070435514 -0.3053770884853064 0.3701851807341711 143.03225708007812 -0.11046232160903566 -0.8791945266975862 -0.46348145564817317 130.88446044921875 0.46700140225881076 0.36573462791106465 -0.8050763145410873 -1.2059478759765625
0.01104845850965469 -0.5021362095160385 -0.8647179648055342 143.1841583251953 -0.8847208577519331 0.39809047372809775 -0.2424726347149757 131.42828369140625 0.4659902739577767 0.7677129683806334 -0.4398520919092605 -1.2819061279296875
0.4948090406072919 -0.8572587750778216 0.1423776874561592 141.8252716064453 -0.21173555874376077 -0.2778356493784647 -0.9370034178688538 131.71929931640625 0.8428119994973721 0.4334913430352667 -0.3189877568445566 -1.2879409790039062
0.4639521951386565 -0.47837557424022864 0.7455904845130156 141.11920166015625 0.4267884258472086 -0.6168333995986152 -0.6613381863331927 132.01205444335938 0.7762731479246744 0.6250386924902701 -0.08201605148487592 -1.262359619140625
0.2138916971904041 -0.6580163963292144 0.7219866785716499 140.4970703125 0.017844707860528497 -0.7363359061044489 -0.6763808097386508 132.1351776123047 0.9766943781318601 0.15755588070032417 -0.14575402629898196 -1.2044296264648438
0.19292373542681898 -0.5818119437294855 0.790110938060397 140.00221252441406 0.008432526427877007 -0.8042255042012749 -0.5942644452516475 132.19134521484375 0.9811775195177506 0.12131034797544321 -0.1502480438044735 -1.2863388061523438
-0.04930504748745204 -0.9004276299211191 0.43220260939390004 139.5325927734375 0.05176033049351331 -0.43445096879490797 -0.8992069972483356 132.22222900390625 0.9974416677076723 -0.021964493797991258 0.0680270573576105 -1.213836669921875
-0.24472338498681873 -0.5386969987528947 0.8061736837525877 138.82376098632812 0.21119921830724595 -0.8411076975448581 -0.49792843995618064 132.15924072265625 0.946311447160501 0.04840851852113695 0.3196111079227178 -1.1650009155273438
-0.47876889575626047 -0.3768053239810907 0.7929679011636198 138.2232666015625 0.23962645913699912 -0.9250038655925378 -0.29486778176044665 132.12875366210938 0.8446061239049804 0.04884256809758901 0.5331556048695703 -1.1625289916992188
-0.6342265023121948 -0.42717808492065984 0.6444188292782554 137.5332794189453 0.3375537359929586 -0.9028580233416029 -0.26627967441186673 132.23532104492188 0.6955675517748335 0.048644356828015434 0.7168120447277327 -1.0472602844238281
-0.5854239802409328 -0.5896321485291678 0.5564285154265021 136.9660186767578 0.5546178869433531 -0.7918735084420593 -0.2556077974361376 132.19436645507812 0.591335575491069 0.1589662733051918 0.7906022774506187 -1.1151466369628906
-0.5525422865456411 -0.5877925488550838 0.5909288798911072 136.38279724121094 0.6909512635570788 -0.7195380247775716 -0.06965186492885181 132.08790588378906 0.46613664623990997 0.3698174555231738 0.8037111898079896 -1.0374221801757812
-0.8482824091333071 0.48077788423737067 0.2219675210097864 135.64259338378906 -0.28131989127210455 -0.7642736374598808 0.580297273695555 131.85726928710938 0.44863802015616533 0.42981209046754376 0.7835722645412331 -0.9842300415039062
-0.992149132331466 -0.06248144114918738 0.10833359924713876 135.09779357910156 0.07930501312303556 -0.9841373809530591 0.1586957160871339 131.92576599121094 0.09669960758697105 0.1660412145305306 0.9813661401178215 -0.7040004730224609
-0.9883782331378248 -0.09724222332883015 0.11684356320062322 134.695556640625 0.09483195298369851 -0.9951530089856409 -0.026026705518045923 131.6776123046875 0.1188081182102036 -0.014643725922435395 0.9928092426737672 -0.9122366905212402
-0.6591172558297648 -0.6757010495379707 0.33014017435132786 134.28050231933594 0.7272322477989484 -0.6844992837418301 0.05093121163108434 131.5255889892578 0.19156643972452264 0.27365822152861824 0.9425568826129617 -1.0510082244873047
-0.2718080774922263 -0.7754021632217685 0.569975310238068 133.8636474609375 0.9459548098521937 -0.3241399151940168 0.01013967926097381 131.58242797851562 0.1768894194899168 0.5419269329430099 0.8215992530568066 -1.0184555053710938
-0.5273614758474717 -0.8458679647144097 0.07998287355352386 133.19117736816406 0.8389729642346696 -0.5332982460630117 -0.10824669061642353 131.21856689453125 0.13421713405995847 0.01001833399412489 0.9909013038182529 -0.9380111694335938
-0.6197852844909899 0.7339373637245554 0.2778527438365007 132.2809295654297 -0.7774515282035341 -0.6224767841135701 -0.089954291357428 131.16018676757812 0.10693606698589528 -0.2717693863713815 0.9564026757641944 -0.8458561897277832
0.3214948693038389 0.9465285311905831 0.02692189914372169 131.35421752929688 -0.9428362196527347 0.31734702418608357 0.1017385332662962 131.4324951171875 0.08775483987933369 -0.05809135807015092 0.9944468222058522 -0.7817001342773438
-0.9262119746532753 0.3757800056281122 -0.030344116052654118 130.77017211914062 -0.3769919906504159 -0.9237990264096605 0.06687598814223636 131.6049346923828 -0.0029012056662284756 0.07338082974932705 0.9972997728020312 -0.7437901496887207
-0.07420302883014418 -0.3914099196165037 0.9172198129882689 130.37794494628906 0.9969986806690958 -0.049481604010180646 0.059541595617366605 131.56008911132812 0.022080336422145574 0.9188851101690472 0.3939068583473802 -0.7027969360351562
-0.9482814479626656 0.23866418371950734 0.2092885636133327 129.70745849609375 0.3164984197042617 0.6603866651078347 0.6809685770081156 131.13182067871094 0.024311433000458668 0.7119893678681263 -0.7017692599909251 -0.6232528686523438
-0.9969499537521871 -0.06798245117323128 0.03832983232406401 128.94715881347656 0.07804333970954107 -0.8694561996177246 0.4878064719469027 131.0817413330078 0.00016383068334878403 0.489310027772559 0.8721098955296428 -0.20987510681152344
-0.9796962932898933 0.1938719682304794 0.051076734904299155 128.22528076171875 -0.19524111752853576 -0.8646806309934602 -0.46282643875535084 131.1166534423828 -0.04556400926446819 -0.46340162528760304 0.8849761887986343 -0.2961750030517578
-0.8777929004320966 -0.41309704677911596 -0.24254989980080427 128.07945251464844 0.4730900388966761 -0.6680000173657705 -0.574423007805286 130.87374877929688 0.07526911084733763 -0.6189723796274783 0.7817977706610245 -0.4910430908203125
0.37647212115677986 -0.7460145571377798 -0.5493004847351195 127.56086730957031 0.9255546245907683 0.32861088387974324 0.1880519180822567 130.9103240966797 0.040216649417334216 -0.5792039084245687 0.8141900598603173 -0.4692344665527344
-0.25226551942904424 -0.8957140429987683 -0.3661399471267719 126.65400695800781 0.9654899896471739 -0.20767210445956358 -0.15716671696143641 131.03504943847656 0.0647393821278412 -0.3931521972520781 0.9171914534041234 -0.39647483825683594
-0.9905063325004267 -0.13600683260658514 0.019983662348985146 125.69281768798828 0.12118121559629201 -0.9325183573059644 -0.34018322456286787 130.87139892578125 0.06490237486532302 -0.33453199364441955 0.9401468113891209 -0.2232532501220703
-0.9985383935714098 -0.05403541089677322 -0.0011184511812286912 124.86293029785156 0.027132317554453486 -0.4832749821107724 -0.8750480723994292 130.54132080078125 0.04674306267193245 -0.8737994426841031 0.48403473021777926 -0.12821197509765625
-0.9285904482977466 0.028040882078927076 0.37004525164150637 124.14744567871094 -0.3635351654182026 -0.26912150090621606 -0.8918608642912558 130.445068359375 0.07457856819857953 -0.9626979415591483 0.2600975018781006 -0.10840225219726562
-0.5958087421010968 -0.6796840685454194 -0.42783350710463774 123.36343383789062 0.8029138096350449 -0.49184323471894575 -0.33677833475231533 130.66461181640625 0.018475852706908796 -0.5441689070745859 0.8387722238128793 -0.045940399169921875
-0.19279746779990492 -0.6602569175504736 0.7258718476678178 122.73027801513672 0.9789628023436974 -0.17978188983766752 0.09648991508842597 130.62548828125 0.06679047864268872 0.7292045494325606 0.6810284553890069 -0.0491790771484375
-0.9091725923152536 -0.2024677116803988 0.3638846288450012 121.83123016357422 0.40764629864559254 -0.6111638617744966 0.67845650506236 130.17515563964844 0.08502759895063344 0.7651702815633828 0.638188645800678 -0.19312286376953125
-0.5740106074817486 0.8049672686487386 0.15013167188379686 120.81591033935547 -0.8093522044700099 -0.5855775781413737 0.045253829645890864 129.81422424316406 0.1243415924699772 -0.09553322135400577 0.98762977476368 0.09160327911376953
-0.2991438749778926 0.7813664139895702 0.5477038151704722 120.01808166503906 -0.9510474467656387 -0.2908254648968605 -0.10454330666324255 129.71530151367188 0.07759958803866698 -0.5521658048599213 0.8301151895246974 -0.011930465698242188
-0.20179708741996105 0.639378039746445 0.7419391200083832 119.19049072265625 -0.9794114549776487 -0.13604845543504895 -0.1491442913165063 129.87596130371094 0.005580086682659413 -0.756760556625232 0.6536683582435998 0.14312362670898438
-0.782395291943723 0.6225021433220214 0.018673208181404846 118.46204376220703 -0.6151707389612923 -0.7771590586450504 0.1326226205884839 129.9116973876953 0.0970699184614581 0.09227610267793561 0.9909906920876992 0.20385169982910156
-0.24787677771704764 0.3591798687727732 -0.8997482564234214 117.59480285644531 -0.9646859991356467 -0.0060994139540639924 0.26333195822208166 129.83822631835938 0.08909560112751091 0.9332484229923941 0.3480076936533689 0.21403121948242188
-0.08852138092362521 0.11027887876764897 -0.9899507735322626 116.39483642578125 -0.9910099415371052 0.09034135018670236 0.09867996869206652 129.70530700683594 0.10031580580346283 0.9897863453009412 0.10129032412727351 0.241790771484375
-0.9387005993201233 0.33266287061738986 -0.09042455058577391 115.31494903564453 -0.3445679504275835 -0.8972695480707845 0.276007763736792 129.695556640625 0.010682339358766405 0.2902460553004091 0.9568924260377318 0.29470252990722656
-0.9618190246982932 0.2722640695145658 -0.02786467620109483 114.32670593261719 -0.2717941768998187 -0.9621573165464918 -0.019524948640236368 129.4364471435547 -0.03212614405393594 -0.011206010325779874 0.9994210004801802 0.5496783256530762
-0.9451273014268969 0.32586633544523735 -0.023356273696882986 113.40742492675781 -0.3203518716876338 -0.9384118315269031 -0.12945235709153127 129.32667541503906 -0.06410196879770116 -0.11486673092682485 0.9913105324379657 0.41602039337158203
-0.9816659490255928 -0.1232029164157487 -0.14544072988793882 112.6436538696289 0.19060659522828965 -0.6303230206787978 -0.7525702727704803 129.49072265625 0.0010442122204239734 -0.7664945733591401 0.6422499347075317 0.3058433532714844
-0.7843149965471814 0.43262084404747664 0.44462252696736315 111.48011016845703 -0.6203192559364676 -0.5554077390926901 -0.5538287317125875 129.53762817382812 0.007348939081378708 -0.7101840949018746 0.7039776590508986 0.2725067138671875
0.4830731247777981 0.8016951589293266 0.3520301524964815 110.34040832519531 -0.8748601101630116 0.4256454671541299 0.23118331240966794 129.56436157226562 0.03549850367237248 -0.4196555831159937 0.9069890009237147 0.3006153106689453
0.9677370219165904 0.2512002063717532 0.019583481069449835 109.18617248535156 -0.24997200778856923 0.9474377619311898 0.199688964614898 129.4459686279297 0.031607779646162716 -0.1981417260084486 0.9796636181262591 0.3506026268005371
-0.14084389388548973 0.5883743945190808 0.7962277120456673 108.50633239746094 -0.9892952383487533 -0.11465856255460244 -0.09026818605353615 129.06922912597656 0.038182835615711064 -0.8004180069858607 0.5982249452815606 0.3629608154296875
-0.2558405267203761 -0.24086622394294954 0.9362313213361887 107.75372314453125 -0.9665937638342104 0.04814828342581179 -0.25175034959253345 128.73377990722656 0.015560225070853972 -0.969363298751615 -0.2451380721738911 0.39472198486328125
-0.2802167163877297 -0.3669272281566095 0.8870417132774455 106.446533203125 -0.9593554961029623 0.07489275184253646 -0.27208106846763724 128.70339965820312 0.03340095738025273 -0.9272300065025719 -0.3729998540044256 0.43878173828125
-0.7544639247246971 0.5608018230504788 -0.34100660045263953 105.84876251220703 -0.6561266308105045 -0.6311362243216909 0.413720812493421 128.92385864257812 0.01679376760178139 0.5358809397732112 0.8441265235481691 0.41411781311035156
-0.7195843373574637 0.5217794903275986 0.45819705902950914 105.18830108642578 0.691494450890706 0.5987839252086251 0.4040955769358442 128.89434814453125 -0.0635122493475159 0.6076215716918082 -0.7916831561916648 0.36065673828125
-0.9990662920965794 -0.038590451419053644 0.019424753683531866 104.34979248046875 -0.030550882100286274 0.9489522958529621 0.3139365920027263 128.6553955078125 -0.03054811940671033 0.31305002356598777 -0.9492452239258555 0.370330810546875
-0.9877271063960386 0.054943568472337924 -0.14620659210184228 103.47116088867188 -0.15599163446404213 -0.29991290896753114 0.9411263767485588 128.16802978515625 0.007859597174514954 0.9523830381302257 0.30480284679460506 0.3583221435546875
-0.9966649146722495 0.07620808308511488 0.029178347003388696 102.4721450805664 -0.0752725752819987 -0.7204846441682351 -0.6893735684867731 128.03414916992188 -0.031513287225768356 -0.6892707781345907 0.723818145073721 0.3183860778808594
-0.95765669107507 0.2046616170428766 0.20250255442473641 101.53113555908203 -0.2878311193007007 -0.6972856789690925 -0.6564647200472528 128.02090454101562 0.006849000018557885 -0.686954368509297 0.7266682783669169 0.3559455871582031
-0.9978221446494404 0.06272815696577033 0.02039965614585504 100.57990264892578 -0.06556771955249838 -0.9094769388450117 -0.4105515459254685 127.98957061767578 -0.007200124990329378 -0.41099498297763293 0.9116091718315142 0.37233924865722656
-0.5314690669176972 -0.8419169394640962 -0.09336218695511388 99.75605010986328 0.8264131657577372 -0.5395411870053198 0.16104839951755304 127.82514953613281 -0.18596212079858399 0.008436502136541069 0.982520694468973 0.2987709045410156
-0.7128879568934292 -0.7012555732228003 0.005601958610537569 98.881103515625 0.6826916274981325 -0.6921448673952326 0.23423839199069602 127.77185821533203 -0.16038361094657838 0.17081013893325453 0.9721630489672701 0.2803974151611328
-0.9693051948209849 0.19591811766487166 -0.1485379765033377 97.69889831542969 -0.18871761662076358 -0.9801193387952297 -0.061251472607440585 127.6314468383789 -0.15758521653388394 -0.031339637685446536 0.9870079668572659 -0.06977176666259766
-0.7523450323507712 0.4189949434427546 -0.5083504594927793 96.43971252441406 -0.4326748864539291 -0.8961747341435999 -0.0983020270123029 127.47225952148438 -0.49675889013604635 0.14599343564712358 0.8555211989300748 0.2127819061279297
-0.5016281693595194 0.6869845772048324 -0.5257579009275231 95.17440032958984 -0.47055255428700876 -0.7266626330803131 -0.5005414182050854 127.16828155517578 -0.7259128552098999 -0.003688952084812569 0.6877767939335603 0.22068405151367188
-0.07926548477167772 0.8771668083594257 0.4735983247821399 94.04763793945312 -0.5874725291764877 0.3427206123021827 -0.733088404877746 127.22142791748047 -0.8053527242065378 -0.3363346134666419 0.4881454879412007 0.27197265625
-0.34489191169466427 0.9285146167381386 -0.13751427471803596 93.2000961303711 -0.4419317084801 -0.28987952462801925 -0.8489206242289637 127.18815612792969 -0.8280977806318888 -0.23201393860081154 0.5103171543339289 0.0781402587890625
-0.16581550442343668 0.8134032412277181 -0.5575664854105241 92.0881576538086 -0.2708574136882321 -0.5812138710082582 -0.7673504398889193 127.3126220703125 -0.9482307102930824 0.02378241593780478 0.3166905694036974 0.21270751953125
0.025861016805825948 0.9794126364692891 -0.2002051331361031 91.35731506347656 -0.12475635784043282 -0.1955443993908016 -0.9727272171813022 127.27485656738281 -0.9918503208590289 0.05013257814202915 0.11713097634987374 0.20093536376953125
-0.1702568964997799 0.9296756115530149 -0.326673914596484 90.68519592285156 -0.5086101941263679 -0.3668500134221946 -0.7789330767677503 127.39006805419922 -0.8439954144573308 0.03353095488743624 0.5353012380326941 0.3805351257324219
0.13838951416662598 0.8864603692343226 -0.44162920662663846 89.06074523925781 0.11553088701114855 -0.45732516752404706 -0.8817631798252408 127.2666244506836 -0.9836162648691524 0.07100496409442897 -0.16570256050769522 0.12442779541015625
0.08555865671440521 0.21513684336872893 -0.9728287901201146 88.64788818359375 0.018248554530345407 -0.976583735825786 -0.21436230353797026 127.4029769897461 -0.9961660034947889 0.000587831515717438 -0.08748112902409033 0.2170562744140625
0.09109220500925125 -0.9349635809255435 0.3428488187662849 87.36640930175781 0.03535120643177492 0.3470991630391983 0.9371619194255099 127.76786804199219 -0.9952148021358859 -0.07324802632407484 0.06467011867359662 0.19753646850585938
0.18632913664445588 0.2777530976296282 0.9424089715163357 87.01034545898438 0.007785177486597211 0.9587596862797771 -0.28411134256872783 127.50394439697266 -0.9824565353484263 0.06027504227994451 0.17648250743152144 0.174652099609375
0.044634978078846976 0.6603581480512449 0.7496231286681533 85.82504272460938 -0.2842146465631755 0.7277570499251379 -0.6241728213910226 127.7900390625 -0.9577211250728835 -0.18519393236980075 0.22016687762363263 0.091827392578125
-0.04456356765101244 -0.726716498548773 0.6854904953208505 85.55624389648438 -0.1922620511654044 0.679583780631965 0.7079556404066831 127.6085205078125 -0.9803312665216208 -0.10024477960959671 -0.1700046824094511 0.16176795959472656
-0.44247528721580115 -0.6062581815660357 -0.6608075646415817 85.13611602783203 0.532676648160695 -0.7704696734546337 0.35018862173262766 127.53917694091797 -0.7214369055624904 -0.19704694763165953 0.6638533661294974 -0.10416412353515625
-0.07578177331249833 -0.43503646168054155 -0.8972181450695744 83.57530975341797 -0.05142689885922935 -0.89690283616446 0.439227249329855 128.3753204345703 -0.9957973673932543 0.07942656664254563 0.04559631129862976 0.15145111083984375
-0.42651970214393553 -0.5987860902249537 -0.677890966038169 83.24799346923828 0.14082177878069355 -0.7843058789690229 0.6041800351183989 128.36343383789062 -0.8934484709842475 0.16223287696315436 0.41884403222222005 0.01776885986328125
-0.39525905923044513 -0.3716095226370595 -0.8400456170838106 82.49800109863281 0.577621105487624 -0.81162817713104 0.08725571948130476 128.3972625732422 -0.7142297491644538 -0.45073946440532786 0.5354528930130825 0.166168212890625
-0.03465385260878961 0.06500693804110383 -0.9972829129719853 81.69676208496094 0.36479673863262707 -0.9282068616156787 -0.07318033569594526 128.85794067382812 -0.930442072341082 -0.36634153471329534 0.00845162478700901 0.320037841796875
-0.4732441498968031 -0.44922820245678685 -0.7577822884614661 80.9880599975586 0.4244384154344899 -0.8700532451212221 0.25071773403070313 129.12277221679688 -0.7719404161539359 -0.2029812128534933 0.6024173147715903 0.10615348815917969
-0.585615978312289 -0.4129220835806648 -0.697530844362271 79.91324615478516 0.08879915929954668 -0.8880252084861124 0.4511384913758632 129.44345092773438 -0.8057100193326592 0.2022537564165337 0.5567088851117494 0.29439401626586914
-0.5033879414572862 -0.5889864700442052 0.6322147724470399 79.37669372558594 0.3346108838988877 0.5417080853902658 0.7710952642827069 129.9051971435547 -0.7966405317154037 0.599706001577172 -0.07560803462939633 0.34105682373046875
-0.5950330974477249 -0.205804907055475 -0.776904082351003 78.3096923828125 -0.44441858692858066 -0.7211678962814652 0.5314216639970276 129.9064483642578 -0.669647468847729 0.6614840932364537 0.33765524112765777 0.5117759704589844
0.2065976038387305 0.8051993358488936 0.5558520123527447 77.29014587402344 -0.8411677028696989 0.43634383309809877 -0.31943849950526093 130.11712646484375 -0.4997542653514916 -0.4015695317946313 0.767455266056095 0.5269851684570312
-0.1668647064365838 0.5083187738080662 0.844848030085942 76.78190612792969 -0.944397609906226 0.1638180850629063 -0.28509084413521624 130.47537231445312 -0.28331841477256736 -0.8454440603615276 0.4527195783817761 0.35485076904296875
-0.5962785644304821 -0.7409507160119788 0.3089399780573231 76.21115112304688 -0.8025360449726551 0.5596298261030087 -0.20676158795957386 131.04745483398438 -0.019691879554067038 -0.37122297097196444 -0.9283349264690929 0.5036468505859375
-0.854607031000156 -0.5063618272287442 -0.11508484909259875 75.71846008300781 0.5190282248751743 -0.8397937359082456 -0.15923624873814887 131.49588012695312 -0.016016377493810317 -0.19581670269627058 0.9805097116281595 0.4075660705566406
-0.013429196718555914 -0.6137646780998254 0.7893748010878685 74.98898315429688 0.9850203957015253 0.12760881618208975 0.1159776275176218 131.9739227294922 -0.17191415511093006 0.7791077652992706 0.6028570421939781 0.4907379150390625
0.6805375036293235 -0.226433110697338 0.69684772549955 74.27381134033203 0.7274111245476416 0.3229933945224782 -0.605432343849569 132.1420135498047 -0.08798728338972944 0.9189142035439295 0.38451908208425967 0.5035400390625
0.9624524917079212 0.19815407021561932 -0.18552672492715805 73.59716796875 -0.2709172930525154 0.7439995908572707 -0.6107932785561015 132.361083984375 0.017000633232660933 0.6381219109709345 0.7697476243604077 0.4928741455078125
0.6287933136220492 -0.7449787578500011 -0.22276808365758477 72.5365982055664 0.7765357336126975 0.6164221159819068 0.13044550337584798 132.77537536621094 0.04014004442938547 -0.255010637583333 0.9661047311511051 0.42545509338378906
-0.3456794971140682 -0.7438830564919647 -0.5719647572526974 71.49796295166016 0.9370064827810372 -0.24100742731392688 -0.2528522715061737 133.24594116210938 0.05024476590924137 -0.6233405315264637 0.7803345726385772 0.5513954162597656
-0.7103123897219594 -0.6408553177188057 -0.29113703089611975 70.58003997802734 0.7038087104034005 -0.6404822191483157 -0.30730412642063815 133.71795654296875 0.01046939194899954 -0.4231867066749356 0.905982010376498 0.6444206237792969
-0.8482364597596039 -0.5283961011850165 0.0359509191394041 69.7134780883789 0.5245008391922084 -0.8475167516944686 -0.08132788749208988 134.33778381347656 0.07344234487789221 -0.05012899210766902 0.9960388075417074 0.6923980712890625
-0.5089407878022942 -0.8371333284226561 0.2004671168924861 68.87699127197266 0.8557343811007241 -0.5172652904068575 0.012461474329710301 134.8349609375 0.09326276595373342 0.17788875676757898 0.9796211750989994 0.707545280456543
-0.5150810232152463 -0.7644587978124419 0.38767807001517496 67.80526733398438 0.8570981502355218 -0.45481365870265633 0.2419241548922932 135.19976806640625 -0.008619767188367128 0.4568886979392897 0.8894821062331487 0.5023765563964844
-0.43536360967275983 -0.7305013670799431 0.5261428323820814 67.0862045288086 0.8989163554764169 -0.3846017812223826 0.2098353062226814 135.77960205078125 0.04907049245423073 0.5643130536988354 0.8241012463255921 0.6227264404296875
-0.48498881145759415 -0.8289284680381513 0.27868162414639697 66.01434326171875 0.8745197720838088 -0.45933609845921314 0.15564548463335198 136.3865966796875 -0.0010104431864972896 0.3191989090335234 0.9476872033938073 0.6088695526123047
-0.1587883202125463 -0.981779070735536 -0.1043845085716504 65.24537658691406 0.9847684191752739 -0.1650766736184811 0.0545971832798111 137.0277862548828 -0.07083381931753858 -0.09412517247115428 0.9930372711777568 0.7273359298706055
-0.5078551543012377 -0.8415051133591316 -0.1842614621674899 64.23976135253906 0.8578106778043302 -0.5136303572833203 -0.018566020625985197 137.49673461914062 -0.07901887935513718 -0.1674902990248811 0.9827018960183269 0.8064031600952148
-0.8492418787652563 -0.5244495920664551 -0.061162543542485334 63.2680778503418 0.5278885979585777 -0.8409187679808825 -0.11911865430251359 137.97499084472656 0.01103899889413448 -0.13344755913407877 0.9909943942649584 0.8217802047729492
-0.7507254894975304 -0.646193136991002 -0.1372795291528252 62.23388671875 0.6602302401303096 -0.7409951353341369 -0.12256524559848803 138.41818237304688 -0.022522642743844704 -0.18264895049485558 0.9829201856951362 0.7679386138916016
-0.9200831587854975 -0.3745332086971578 -0.11476870872460246 61.14211654663086 0.3916022567105827 -0.8867127039696064 -0.24574021477586552 138.72755432128906 -0.00972900089835877 -0.2710451183879187 0.9625174753424476 0.7796821594238281
-0.8170182857394704 -0.39241836311638656 -0.4224795250143999 60.213523864746094 0.5765146730237538 -0.5693804263407801 -0.5860347787361309 139.19735717773438 -0.010580763472042981 -0.722366775529611 0.6914291641631132 0.7810592651367188
-0.7101098971623152 -0.6267713523831221 -0.32078280157134126 59.15339660644531 0.7037221403906596 -0.6465409156268398 -0.2945504940488078 139.5948028564453 -0.02278339474518981 -0.43490518076040446 0.9001879807416033 0.7559013366699219
-0.7185178932450389 -0.654427490776049 0.23549245508779065 58.3732795715332 0.6949954488867758 -0.6625766226948653 0.27923743496339265 140.21914672851562 -0.026708858331642674 0.3643032780182334 0.9308972867678742 0.7881107330322266
-0.8027519711863902 -0.44991398143027883 0.3913651518338336 57.28653335571289 0.596284684012715 -0.6120451227752213 0.5194664024736546 140.59788513183594 0.0058179350478961556 0.6503677244456547 0.7595972450128814 0.6999740600585938
-0.8248434674805013 -0.5443123188327227 -0.15283112811756322 56.32960891723633 0.5288637428529636 -0.8384208042698141 0.13173342955799677 140.94837951660156 -0.19984092586429075 0.02783261637902114 0.9794329736205539 0.4524984359741211
-0.7968988274557082 -0.602536384014092 -0.0436138136252663 55.49405288696289 0.6038746971772326 -0.796532808519064 -0.02950991463622058 141.52403259277344 -0.01695903619968751 -0.04985369486762419 0.9986125375736192 0.6178245544433594
-0.8798437297857304 -0.4739357283012826 -0.035495585588461165 54.46102523803711 0.4738886740708914 -0.8691731794495356 -0.14130643549717817 141.94677734375 0.03611835743866744 -0.14114853724044965 0.9893293459161182 0.4189786911010742
-0.7358896727183897 -0.6713696432252555 -0.0879158219094561 53.38176727294922 0.6578136474010717 -0.7396452300839964 0.14214829899401238 142.15310668945312 -0.16046057110493028 0.04677323774965719 0.9859334000585913 -0.0690925121307373
-0.4839019647369912 -0.7946454982776519 -0.3665752591088799 52.044525146484375 0.7083299802049625 -0.6016443316660472 0.36917846269379384 142.72293090820312 -0.5139139302125574 -0.0810100625921131 0.8540081042310458 -0.21144556999206543
-0.7511251080087277 -0.6554385015783966 -0.07881270689136077 51.58455276489258 0.6593319164941154 -0.7507951754692642 -0.03985007383021624 143.24298095703125 -0.033052927420641504 -0.08189612408864681 0.9960926306564981 -0.14034271240234375
-0.599989189200135 -0.7999142781757964 0.012252363586639538 50.811275482177734 0.7899686407106481 -0.5899716144678806 0.16698215717834522 143.8291473388672 -0.1263428650012962 0.1098664721043551 0.9858837856312515 0.6052684783935547
-0.694558487800619 -0.6436063985530287 -0.3214954288410916 49.980255126953125 0.7025550967238259 -0.7030076282636066 -0.11043826633261852 144.45567321777344 -0.15493496407039015 -0.30257408736502656 0.9404488707865666 0.5980739593505859
-0.8733165466056985 -0.330574439734022 -0.3578250259823006 49.0247917175293 0.4686478658503209 -0.7706335881021322 -0.4318484117404771 144.90716552734375 -0.13299393692434353 -0.5448342983727901 0.8279300695457275 0.5009803771972656
-0.9590739984832408 -0.16687965847937244 -0.22875367760798193 47.970985412597656 0.25139110516940744 -0.8736044564882646 -0.4166746522714669 145.50833129882812 -0.13030570852833911 -0.4571284646460467 0.8798033809524011 0.559600830078125
-0.9592494203268161 -0.2565975835286894 -0.11831411466897968 47.06495666503906 0.26536696190187187 -0.9619354000655053 -0.0652737438162314 146.0821533203125 -0.0970614502963853 -0.0940104580780979 0.99082849607705 0.49011659622192383
-0.944887274489475 -0.3199578009106856 0.0693905191236519 46.29240798950195 0.3272594474237748 -0.9291531813895619 0.17197563660455448 146.31350708007812 0.009449475103805938 0.18520629349472503 0.9826542302713649 0.2578725814819336
-0.9907926188489906 -0.13478569142303418 0.0127594600972516 45.48285675048828 0.1305649888745027 -0.92631100182117 0.35341294767631437 146.88966369628906 -0.03581578024502226 0.35182487872899915 0.9353803956641197 0.5711555480957031
-0.7145870332622961 -0.6992337038299266 -0.020918874770713 44.60902786254883 0.6989180599826812 -0.7148930495911388 0.021011260702941167 147.14537048339844 -0.029646539822303888 0.0003937950790480118 0.9995603671624843 0.5426279306411743
-0.5320608960759139 -0.8182123684684582 -0.21780661824685646 43.87278747558594 0.8465768749170989 -0.5185712248340344 -0.11996449320414942 147.38882446289062 -0.014791812684545935 -0.24821846196317787 0.9685911404809255 0.5166664123535156
-0.685090192481274 -0.6763108939374722 0.2706566143796765 42.944210052490234 0.7143133978913356 -0.5508338539977196 0.4316693582858922 147.8105010986328 -0.1428558635790149 0.4890660896356614 0.8604688037399018 0.3013458251953125
-0.8026704362042852 -0.19085537451224208 0.5650614098161493 42.236995697021484 0.5963720486699594 -0.24447200342760694 0.764574273112356 148.37554931640625 -0.007781414319901869 0.9506879959060616 0.310051260328511 0.4780731201171875
-0.6232676000950796 -0.34048083871391377 0.7039959496619211 41.26482009887695 0.7819081216294002 -0.28576428208655447 0.5540383239574134 148.85552978515625 0.012537463926309833 0.8957742871684957 0.44433235133857907 0.5236892700195312
-0.8830700150031132 -0.44956996135639826 0.13444031556199232 40.2644157409668 0.46642645235882263 -0.8723096894505462 0.14670436336610718 149.19741821289062 0.051319714948199105 0.19225674380031113 0.9800018527130127 0.5078258514404297
-0.9632918773212665 -0.2524274340408053 0.09137368127882765 39.44884490966797 0.25825852590339743 -0.9642898567988777 0.05871631692301632 149.77374267578125 0.07328910481834329 0.08015898339159974 0.9940841234506017 0.4595813751220703
-0.9920550953875699 0.05693813642042261 0.11218171123908402 38.54461669921875 -0.09154634623100186 -0.9383655889604895 -0.33330059697904457 150.304443359375 0.0862899426776575 -0.3409223813066594 0.9361228422151034 0.4375648498535156
-0.9699619754131781 0.19186910414545272 0.14953264903353697 37.77629089355469 -0.225869389572394 -0.9386020503723629 -0.2607857547700614 150.85853576660156 0.09031492183886132 -0.2867271140147334 0.9537456563371718 0.4201526641845703
-0.9702139219987785 -0.23594619466183578 0.05490299431130724 36.787742614746094 0.22169578496025408 -0.9561499680419016 -0.1913849982217197 151.3195037841797 0.09765205830193807 -0.1735126273159103 0.9799782873468804 0.3734130859375
-0.9568265075854097 -0.28705642090498223 0.04562505451098246 36.074588775634766 0.27835966365605097 -0.9501567888835378 -0.14042070427046932 151.90745544433594 0.08365962007562934 -0.12165807723183068 0.9890401307394233 0.31758975982666016
-0.8864438501850354 -0.4440548404877056 0.13050900010562122 35.26753234863281 0.45499277946573224 -0.88775206572244 0.0698415380671704 152.49325561523438 0.084846161393302 0.12129125461045738 0.9889841052574319 0.28982114791870117
-0.8159960057147647 -0.4781782793472781 0.3248015575979075 34.44927978515625 0.5670150565506723 -0.7714117065252227 0.2888215793196243 153.02439880371094 0.11244751799123089 0.41984462863816735 0.9006031553915919 0.44939231872558594
-0.9749056755695917 0.17957403778399506 0.13157541068205 33.447914123535156 -0.11049813423928657 -0.9034257367930929 0.4142609086427218 153.34788513183594 0.1932591164003251 0.3893264736102713 0.9005974743881732 0.4825859069824219
-0.9740665230374186 -0.0460776991194825 0.22152032489514162 32.59300231933594 0.1097167907432764 -0.9524264898129244 0.28433432316839247 153.69039916992188 0.19788035406980337 0.30126504468073656 0.9327822566530325 0.4354515075683594
-0.5219735198090328 -0.8235365805979286 0.22210615713041468 31.84246063232422 0.8341589511265645 -0.5472304622799163 -0.06868526340008027 154.0913848876953 0.17810808199966274 0.1494199503747082 0.9726002208288979 0.4388446807861328
-0.8172116462254911 -0.49156620501407466 0.3008783663899476 30.96585464477539 0.5597765064346366 -0.8012312978934336 0.211373295663944 154.69952392578125 0.13716919521983087 0.34116135971716455 0.9299427608829909 0.42375946044921875
-0.850363617232835 -0.45381471554139446 0.26633423070414997 29.96155548095703 0.4622366940250516 -0.8861041727068315 -0.034009319433539104 155.0692138671875 0.25143380278609917 0.09418916641326039 0.9632805633598636 0.5257619023323059
-0.72845132124322 -0.6850292794908677 -0.009672580794669677 29.11260223388672 0.681541768553676 -0.7231616914837875 -0.11197314716946372 155.43336486816406 0.06971004443933569 -0.08815925482063489 0.9936641562891033 0.3227996826171875
-0.5300438559053053 -0.6588746009817545 -0.533795626619561 28.36033058166504 0.8478125318523153 -0.39962875212026017 -0.348583951599856 156.0084228515625 0.016353031865770862 -0.6373234035087191 0.7704229083359734 0.34728240966796875
-0.7168630349928209 -0.5609153383654012 -0.41410309374274124 27.437929153442383 0.6966395016412471 -0.6003545637057224 -0.3927694012913266 156.55838012695312 -0.02829830054821278 -0.5700424379150553 0.8211277763916793 0.3475685119628906
-0.7787413902767135 -0.5946676294725745 -0.19983057205382945 26.691497802734375 0.6268174808630232 -0.7506181518987116 -0.20897903178236937 157.02325439453125 -0.025723389248412387 -0.287997917523082 0.9572854886333246 0.2664337158203125
-0.5537121960945851 -0.8297920981936564 -0.06962670228785053 25.850032806396484 0.832461941696524 -0.5536430706649843 -0.022055972694496103 157.41433715820312 -0.02024646939505434 -0.0701742408581415 0.997329261777182 0.21878910064697266
-0.581281572619726 -0.813556732990353 0.015400504498296642 25.00115966796875 0.8072647992876509 -0.574203361035156 0.13643329508224683 157.76162719726562 -0.10215320437366254 0.09173844549584556 0.990529545472622 0.22125530242919922
-0.6661976165617078 -0.7163496986046913 -0.2074219009566427 24.1614933013916 0.7215774471745262 -0.689422871161985 0.06341996884151352 157.99571228027344 -0.18843227806454266 -0.10742073369574762 0.9761936603746584 0.12229204177856445
-0.8780692841248399 -0.3768053902646861 -0.2949780163740492 23.279525756835938 0.3844080092336392 -0.9225309072301309 0.03416442070608025 158.35061645507812 -0.28499967493581746 -0.08339318361010833 0.9548930632347526 0.09454786777496338
-0.9104901454668295 -0.25594199267427425 -0.3248097772446417 22.542665481567383 0.23876815173791957 -0.9666697253461094 0.09240893796021782 158.8047637939453 -0.3376351058812603 0.006583197186725467 0.9412540553917158 0.07107925415039062
-0.9145360063597529 0.23661964055208565 -0.3280777937876257 21.641834259033203 -0.17758703930506617 -0.9635822059852303 -0.19993042734786057 159.12637329101562 -0.3634373901271235 -0.12458121051602863 0.923251203868127 0.006363868713378906
-0.8810581227413831 0.4431738474428387 -0.16532853744632595 20.87899398803711 -0.31410921388033763 -0.8095098987818367 -0.49601323120426616 159.72427368164062 -0.3536551796692734 -0.385085269410467 0.8524302605938868 -0.021940231323242188
-0.6650077846824048 0.7051379973732077 -0.24605903960696585 20.27680206298828 -0.6647104940251825 -0.7090356087970661 -0.2354325053822683 160.29544067382812 -0.340477026309556 0.00699357693001762 0.9402268260569497 -0.08641910552978516
-0.9092365645042806 0.2443342280890005 -0.3370306436403161 19.746448516845703 -0.18702102119460942 -0.9630793181362567 -0.1936526906849695 160.63827514648438 -0.37190322316400926 -0.11304429203792332 0.9213625674173366 -0.23317885398864746
-0.9263018512500364 0.09174016831886954 -0.36544304876079037 19.268253326416016 -0.04138612599947018 -0.988809796495035 -0.14332611391579686 160.85714721679688 -0.37450242849080684 -0.11763897259103162 0.9197331151927798 -0.38266420364379883
-0.9236452482067925 -0.23891565068836645 -0.2996644245171032 18.492881774902344 0.19149295620925189 -0.9650063720134501 0.17914561031652382 161.20468139648438 -0.33197876918148495 0.10808336518443869 0.937074214234472 -0.43485069274902344
-0.9508544939321265 -0.02218738991088974 -0.30884211354350893 17.828359603881836 -0.01829280081474522 -0.9916620317553416 0.12756091961576543 161.4320831298828 -0.30909724166907665 0.12694146093302167 0.9425204298521908 -0.5316543579101562
-0.9283509677437359 -0.27307731200089597 -0.2521770456636265 17.298603057861328 0.20808727264266838 -0.9439700619248618 0.2561644182038346 161.5581817626953 -0.3080002721644986 0.18533565188581125 0.9331594335839168 -0.5532245635986328
-0.9566685422140916 -0.05110063595179738 -0.2866601216480703 16.90953254699707 0.0163513053280621 -0.9923547579903292 0.12233016434233829 161.98318481445312 -0.2907196848375305 0.11234215281574803 0.9501901417867319 -0.6086654663085938
-0.9283845519458696 0.18289665160181098 -0.3234979730092798 16.116382598876953 -0.25425827287167685 -0.9474790859444837 0.19400028962379778 162.26931762695312 -0.2710255603897515 0.26235890785458627 0.9261279334329409 -0.8942623138427734
-0.9817046882524917 -0.04482804734144514 -0.18505769704238556 15.594907760620117 0.054402747085574056 -0.9974129217339197 -0.04698728197873217 162.6617889404297 -0.1824725901954079 -0.056195282095198876 0.9816037103116614 -0.9199368953704834
-0.9233560369004931 -0.1789929188631238 -0.3396691980681712 15.018765449523926 0.30483489475624337 -0.8796346824613833 -0.36512807663888475 162.9508056640625 -0.23342946698813616 -0.44068623805142865 0.8667792819015198 -0.9739665985107422
-0.9534267301053488 -0.20658208646996848 -0.2197755943464521 14.579202651977539 0.22905483634574855 -0.9699575659687328 -0.08195243844226562 163.08010864257812 -0.19624309482691144 -0.12847630820398542 0.9721020964708542 -0.9868788719177246
-0.9012556809173015 -0.3601362329167973 -0.2409151123420651 13.945245742797852 0.36782732525147976 -0.9297904627129386 0.013883596306496729 163.36228942871094 -0.2290005598522276 -0.07610249134264892 0.9704468838626916 -1.1179373264312744
-0.9894210070520424 -0.02747390394508809 -0.14244737767378673 13.560127258300781 0.037956347221457895 -0.9967252503284585 -0.07140091780415811 163.49896240234375 -0.14001923621319495 -0.07605235012600262 0.987223709971851 -1.123349666595459
-0.9389778592276141 -0.15755073655246868 0.3057749912797013 13.396432876586914 0.12432879866077913 -0.9842895446766728 -0.12536523466956645 163.46875 0.3207225120004741 -0.07969854234528151 0.9438141833243147 -0.7345752716064453
-0.9870250299650472 -0.16055667948176422 0.0017728215610069362 12.830526351928711 0.15862562643148753 -0.9767464688843284 -0.14423677118271006 163.73980712890625 0.02488977423994248 -0.14208408846801013 0.9895416165793629 -1.4165973663330078
-0.7700139154611649 -0.6124577912435522 -0.17881281816814856 12.572866439819336 0.6376925123350302 -0.7296925336701365 -0.2467733089657265 164.10427856445312 0.02065985740519774 -0.30404647712336047 0.9524331525313839 -1.5098323822021484
-0.5552817170787141 -0.8278929993130074 -0.07909106375961325 12.365835189819336 0.8292687475209127 -0.5439641851165973 -0.12812614758718258 164.18724060058594 0.06305203456837077 -0.13673385461892265 0.9885991573624975 -1.5261316299438477
-0.6815192108882719 -0.7195291214139211 0.13345189630551502 11.96827507019043 0.7271795396085176 -0.6863207504439293 0.01318122470888869 164.0592803955078 0.08210653058662036 0.10602674637747085 0.9909676315034897 -1.778838872909546
-0.3408268042710994 -0.9098849450732095 0.23653007466170514 11.748394012451172 0.9381073366008644 -0.34563409899531844 0.0221741883126826 164.29725646972656 0.06157689912606565 0.22944815610681307 0.9713711078435479 -1.8024616241455078
-0.4173312135264665 -0.8649975003524558 0.2785928617185486 11.528900146484375 0.8968572712841495 -0.4414797191449388 -0.027252385738787813 164.26136779785156 0.14656634388998194 0.2384847625482801 0.9600225647717944 -1.8262557983398438
-0.5989787911002629 -0.692302574434289 0.40241962333331044 11.24134635925293 0.786098341815364 -0.6041054094993206 0.13079010363476787 164.33082580566406 0.15255754588745457 0.3946818967793101 0.9060642336763345 -1.8601055145263672
-0.7550654274562125 -0.3377291208797639 0.5619744132699893 11.105203628540039 0.6176155441572021 -0.6540622722860656 0.4367534585866397 164.2946319580078 0.22006190010033552 0.6768615699548692 0.7024465639765487 -1.9309806823730469
-0.8926753787161128 -0.2035457980639517 0.40211910713687027 10.822309494018555 0.3931710234124125 -0.787866967405519 0.47400652740238425 164.199462890625 0.22033432456810023 0.5812355372495216 0.783337753242737 -1.9113101959228516
-0.9342979853094866 -0.2599453711399937 0.24395835437534294 10.765447616577148 0.2878634236429426 -0.9537885655396299 0.08615115538644341 164.30099487304688 0.2102900948099987 0.15071753802642304 0.9659514996913953 -1.949184536933899
-0.6664301675922275 -0.7450717722886363 -0.027182455033824673 10.698514938354492 0.7264933197794669 -0.6407548174521569 -0.24827549260380571 164.0577392578125 0.16756577227705194 -0.18520615014227643 0.9683080057041105 -1.9970016479492188
-0.33096461983366765 -0.9423934734939806 -0.04854854822037076 10.694622039794922 0.9336968904487414 -0.31959236797173574 -0.1614646558865734 163.9870147705078 0.13664749242011992 -0.09876871696123471 0.9856836223480253 -2.029844284057617
-0.4178419520078103 -0.8683642162946926 0.2671173730800881 10.638957977294922 0.8953293545633251 -0.44349406781674766 -0.04121114738239848 164.2826690673828 0.1542512560711336 0.22193827896570326 0.9627824003014489 -2.0038084983825684
-0.9314527219988811 -0.25824070151398887 0.2563348723104959 10.239927291870117 0.321893508995244 -0.9132810986465774 0.2496040939600745 164.66067504882812 0.16964785748014657 0.31500694426704917 0.9338041708602142 -2.0361194610595703
-0.9399516048193138 -0.1883218160945906 0.2846504420871882 10.154638290405273 0.22243901320205695 -0.9705571045615314 0.09241099604934305 164.92164611816406 0.25886650228117897 0.15017922748493467 0.954166826937898 -1.9102182388305664
-0.820709506752056 -0.3804016276593695 0.42629861271284897 10.117545127868652 0.4213651713663596 -0.9068889364919197 0.001961944941498206 164.64793395996094 0.3858591684620123 0.1812375748642026 0.9045803687739123 -2.1745004653930664
-0.47475300642847584 -0.8584543405920261 0.19407660344779765 10.050117492675781 0.8033543864094485 -0.5127463581541832 -0.30284138098404073 164.60585021972656 0.359487569637425 0.012137434586110551 0.9330709351157852 -2.1875858306884766
-0.621658722117505 -0.7832680674869011 -0.005618511419076669 10.090906143188477 0.7711091082896456 -0.6107170061995257 -0.18004299889591957 165.19850158691406 0.13759061133659684 -0.1162577859501201 0.9836426947210037 -1.0639266967773438
-0.6641872454488184 -0.7173536638457121 -0.21037828773484307 10.07290267944336 0.7245292025401706 -0.5483800422862325 -0.41753654198004586 165.27401733398438 0.18415411385471642 -0.4297476587362439 0.8839707077506026 -1.46185302734375
-0.5113777643809415 -0.8512267894177747 -0.11792258084971587 10.024810791015625 0.7969483940712778 -0.41841654451495935 -0.43566139657235237 164.85989379882812 0.3215058930781234 -0.31676576243916976 0.892352739931004 -2.2383766174316406
-0.5105448496179756 -0.8598482681144699 -0.0022163819853924793 9.870311737060547 0.7914006729930854 -0.46889233355673127 -0.3922052451431708 164.86459350585938 0.33619775626058274 -0.20199241409585078 0.9198750639804734 -2.3129024505615234
-0.6847748015316016 -0.7229161953105974 0.09206327033625447 9.716545104980469 0.6857482235752093 -0.6819568404078996 -0.25433096878736516 164.84466552734375 0.2466431532615507 -0.1110272145850972 0.9627253567714286 -2.40032958984375
-0.8340338705545933 -0.4557533921728251 0.3109282043988404 9.598705291748047 0.5033020458497242 -0.8593677882207564 0.09041048175984633 164.92750549316406 0.22599679955965338 0.23189620542718764 0.946123457323232 -2.393798828125
-0.8012656832397611 -0.5461701440472173 0.2442774623532853 9.543201446533203 0.5598714205626378 -0.828429013289826 -0.015791212012355005 164.93775939941406 0.21099122564574285 0.12411101357690657 0.9695767937659296 -2.454850196838379
-0.8468544373871093 -0.5032249504967282 0.17205293102800678 9.526216506958008 0.5002866206983353 -0.8635445322565062 -0.06327825819451711 165.005859375 0.1804185661953961 0.03248830570309126 0.9830532289578933 -2.460653305053711
-0.7679341890791627 -0.6116487505962941 0.19016542045630047 9.442309379577637 0.6235163368327615 -0.7818032902829875 0.0033155701394222067 164.9802703857422 0.14664398707749143 0.12111738602152661 0.9817464641430236 -2.521430492401123
-0.7937419803582004 -0.6026520466225297 0.08236612968155319 9.368407249450684 0.5999210027857248 -0.7979949182551003 -0.05743605884465089 165.00257873535156 0.10034171133488093 0.003823760022813108 0.9949456868722409 -2.550924777984619
-0.8732750078514446 -0.48430374560068384 0.05329767967939761 9.316387176513672 0.48490642244248067 -0.8745641083489504 -0.0018389839151580576 165.00888061523438 0.04750286450409079 0.024238448484873658 0.9985769752397421 -2.564488649368286
-0.9507374803296398 -0.2894729347574708 0.11092188034533498 9.28303337097168 0.3076695462140071 -0.924891048305589 0.22341888706341662 165.12081909179688 0.037916933274128824 0.24653999433577867 0.9683905913235628 -2.593423843383789
-0.9326245748426387 -0.30835441457166324 0.18742720563929394 9.243282318115234 0.35562730045584334 -0.8734571467229366 0.33256854332470426 165.17787170410156 0.06116065377411081 0.3768158274977223 0.9242668481435057 -2.6091670989990234
-0.824266831678759 -0.5607936892320934 0.07806810047464019 9.041749000549316 0.5655706495526057 -0.8219916246634392 0.06678030658662192 165.150634765625 0.02672135024477614 0.09919781802347134 0.9947088832118061 -2.6149659156799316
-0.8311027129851181 -0.5560697887804136 -0.007393948504210025 8.968478202819824 0.5543363355935456 -0.827301731163087 -0.09101138750332122 165.174072265625 0.044491656627920526 -0.0797385453859413 0.9958224022737375 -2.610884666442871
-0.8742352205094541 -0.46898798285810855 0.12555099026080446 9.003262519836426 0.48247983549287804 -0.8680517529814127 0.11704427576204526 165.21856689453125 0.05409239838971376 0.16290004935720184 0.9851586604988405 -2.605870246887207
-0.8791875390071116 -0.467933550254261 0.08981906145725159 8.99759292602539 0.47263467268510784 -0.8803526055123285 0.039946916570561625 165.21224975585938 0.06037994228598974 0.07757243398332618 0.9951566610616858 -2.5240957736968994
-0.8773352371990482 -0.47982631632591377 0.007041855578869792 8.926872253417969 0.4781030382526732 -0.875257025929115 -0.07309325122939174 165.07814025878906 0.04123549905666754 -0.06076055235779385 0.9973002501226614 -2.594076633453369
-0.8697350686142198 -0.4798970926441355 0.11515073119318273 8.998380661010742 0.49076473297865897 -0.8656252656789276 0.0992112709457536 165.03770446777344 0.05206618179782482 0.1427994393896286 0.9883812183681981 -2.630359649658203
-0.8838743814643908 -0.4660919993238704 0.039042617192211825 9.044779777526855 0.46664675128726324 -0.8844234018602783 0.006004644447039626 165.07447814941406 0.031731487579114905 0.023526461871038643 0.9992195045573553 -2.640458822250366
-0.8817571444781709 -0.47077699734782624 0.029552612910995323 9.030972480773926 0.4703536617557747 -0.8822428982838164 -0.020369126164522428 165.04762268066406 0.03566189892078915 -0.004060442825207261 0.9993556632998218 -2.5729823112487793
-0.8867911757332554 -0.4565205484487912 0.07204442716578088 9.05937385559082 0.4589490157346032 -0.888217893106855 0.020851266653577824 165.07252502441406 0.05447211761873682 0.05155543820815235 0.9971834461087368 -2.600015640258789
-0.8945710776974095 -0.4386903781327518 0.08540104847739628 9.139153480529785 0.44240307688946545 -0.8963170259823668 0.029921672628028792 165.11293029785156 0.06342006390748141 0.06454874954535131 0.9958972609793154 -2.6175825595855713
-0.8786845548147489 -0.4709029696796217 0.07851016671055906 8.967204093933105 0.4741641705432225 -0.8799645693564496 0.028821798180824757 164.9400177001953 0.055513894684703066 0.0625519769810009 0.9964965919022022 -2.6076669692993164
-0.8708161688315618 -0.4857015808580476 0.07598140860443425 8.94527530670166 0.4889071492179641 -0.8718054440535034 0.030414916771818554 164.92933654785156 0.051468432510461286 0.0636336551729251 0.996645252025137 -2.644577980041504
-0.885268660708274 -0.46095913059115995 0.0617744145453514 8.982786178588867 0.46286854706592123 -0.8861901537779664 0.020487056500809397 164.964111328125 0.04530018217250374 0.04672998257678099 0.9978798536013801 -2.628305196762085
-0.8875899334807322 -0.4562252228959392 0.0635818840332695 8.997940063476562 0.4580239334976854 -0.8887862391499008 0.016525660080112532 164.96849060058594 0.04897128063444285 0.04379003415534405 0.9978397900373068 -2.5935354232788086
-0.8829581312146524 -0.4598940496041673 0.09424649415552963 9.077555656433105 0.4616751797001693 -0.8870431144916666 -0.0032467648113292807 164.9435577392578 0.0850938715228362 0.04064450973506031 0.9955435986724296 -2.6514108180999756
-0.887384279736986 -0.45248843655007764 0.08833659979950259 9.096724510192871 0.4530957002483391 -0.8913486735566334 -0.014206638071618222 164.94537353515625 0.08516705050744913 0.027418186251045935 0.9959893656915042 -2.6650450229644775
-0.8899489938543417 -0.4466121985430716 0.09234897102929339 9.104866027832031 0.4470863392609283 -0.894335899036429 -0.016646469324303054 164.93710327148438 0.090025516293479 0.02647345476560963 0.9955875464311845 -2.668079137802124
-0.8896581953776797 -0.4466184800709704 0.0950801170404577 9.116209983825684 0.4479940351395626 -0.8940047009550656 -0.00754580344406223 164.93251037597656 0.08837216686662837 0.03588213941977744 0.9954410239657379 -2.6731204986572266
-0.8951308260310056 -0.43536357032056444 0.09591332507415516 9.126306533813477 0.43603323664139787 -0.8998060178865788 -0.014971530286672242 164.92800903320312 0.0928214459760046 0.028419919296665274 0.9952770907411136 -2.683171510696411
-0.8948013284152246 -0.4360440396539736 0.09589670561908324 9.138036727905273 0.43784410212383457 -0.899047405904767 -0.0025108108814313503 164.9315185546875 0.08731050854119636 0.039741130056317006 0.995388124140591 -2.696910858154297
-0.9000401983405011 -0.4260205761312164 0.0918374111352114 9.15396785736084 0.42732566253416954 -0.9040782463425674 -0.005941601625909997 164.9402618408203 0.08555945015557564 0.03389680225293286 0.9957562891019576 -2.7097761631011963
-0.89349067414322 -0.444904641909757 0.06110871317778487 9.094974517822266 0.44697255398639646 -0.8941953084262901 0.025105504800526444 165.03289794921875 0.04347356900430115 0.0497454520088249 0.9978153330163181 -2.6983609199523926
-0.8923424427618084 -0.446865695166042 0.06352964134684658 9.102631568908691 0.4489030736288733 -0.8933150922595446 0.021775592480391216 165.03944396972656 0.047021222149571565 0.04794993665367734 0.9977423556422116 -2.6995558738708496
-0.8793496678778938 -0.47095559060620906 0.07032064618441951 9.120835304260254 0.4725142142080071 -0.8812995836093402 0.006431275254013824 165.05088806152344 0.058944711165863486 0.03888284463307866 0.9975037069699604 -2.704958200454712
-0.8825411203626199 -0.46502867978005796 0.06978178738831614 9.138214111328125 0.46702838230995863 -0.8841188528059643 0.014776475561136503 165.0663299560547 0.05482390889051016 0.04563092257539904 0.997452834934506 -2.7104668617248535
-0.8886651287028071 -0.4553916861775558 0.05378383760932333 9.173489570617676 0.4565339548101112 -0.8896429063908813 0.010594678561674432 165.0939483642578 0.04302368107290347 0.03396926947622445 0.9984963953856764 -2.7137510776519775
-0.9038881108256048 -0.4276392283571968 0.010534395007800845 9.16667366027832 0.4276674211360382 -0.9039360334463519 0.00047364134769682046 165.10386657714844 0.009319871617661415 0.0049333363291931154 0.9999443995471414 -2.750612497329712
-0.8782970270936997 -0.4739690904870022 0.06283019545801924 9.146334648132324 0.47592977526748537 -0.8792510082936452 0.020211715128832616 165.19158935546875 0.04566378447095505 0.04765465011446572 0.9978195493726599 -2.739205837249756
-0.8690740887919925 -0.48842097233997445 0.07845496777668862 9.157670021057129 0.49221086850254575 -0.8696206602895227 0.038579374354485226 165.13807678222656 0.04938308534647165 0.07214472244099257 0.9961708939261248 -2.7477667331695557
-0.882709118757668 -0.46583817790983445 0.06180132412584128 9.07744026184082 0.4682481299214006 -0.883012485925096 0.03213469348685247 165.02056884765625 0.039601773788215326 0.05730394141791881 0.9975710289552315 -2.7446610927581787
-0.868832212284616 -0.49075098422135305 0.06552906517258553 9.140480995178223 0.49252796705297447 -0.8701940390962725 0.013361736113952092 165.0782012939453 0.0504657167519071 0.04388400400018368 0.9977611966926895 -2.709230899810791
-0.932678619930489 -0.35889740115475305 0.03610051757139658 8.994094848632812 0.3606676674686187 -0.9293959453509667 0.07837097937329028 165.05128479003906 0.0054245338329006795 0.08611522635136669 0.9962704162139656 -2.7022461891174316
-0.9357315430997861 -0.34909978383178647 0.050356927792442836 9.010576248168945 0.3512624518225556 -0.9352718479476174 0.043373498547567585 165.0529327392578 0.03195573794641859 0.0582744486481766 0.9977890154972898 -2.7408509254455566
-0.879690044281957 -0.4683095019018404 0.08265371388908788 9.158698081970215 0.4695339228545239 -0.8828993989358779 -0.005152343884869379 165.04095458984375 0.07538780591084387 0.034276256900602264 0.9965650088844346 -2.798067331314087
-0.8895480990865796 -0.45348458302116207 0.055280307285465326 9.169628143310547 0.453501909669147 -0.8911611630532095 -0.012953740467056737 165.03350830078125 0.05513798452872167 0.013546749712524562 0.9983868429793817 -2.7301111221313477
-0.8958973746755385 -0.4418447894709575 0.04627176316980555 9.156949043273926 0.442221562432321 -0.8969028764468787 -0.002306499779239012 165.12857055664062 0.04252039239464002 0.018395984308539802 0.9989262255001244 -2.7348921298980713
-0.8919203379009717 -0.44882573358130906 0.05507786954681938 9.184999465942383 0.44938850558207444 -0.8933332029220209 -0.0023999182889154844 165.14646911621094 0.05028003469893909 0.022610825555105386 0.9984791778892488 -2.7626988887786865
-0.8890039830759544 -0.4505955918196871 0.0814587669177092 9.211543083190918 0.452500394638615 -0.8917465081269291 0.005617659239051182 165.03985595703125 0.070109278465731 0.04185424561611831 0.9966608807397429 -2.793276786804199
-0.8792551539119263 -0.4722652377886116 0.06225688311971149 9.217458724975586 0.473083922510521 -0.8810155460836201 -0.001791597343284575 165.14883422851562 0.05569539102452445 0.027877459271734267 0.9980585507289533 -2.76615571975708
-0.8795720335498038 -0.47350092146514605 0.04636717770924076 9.213886260986328 0.4736725655380524 -0.8806655015367617 -0.007910439912133362 165.1684112548828 0.044579574399742486 0.015005058302506194 0.9988931423188749 -2.752326488494873
-0.8744542584916087 -0.4800756560289921 0.06969300032444699 9.285003662109375 0.48017833385393166 -0.8770180798882247 -0.016372392813316643 164.95172119140625 0.06898200854681326 0.01914816015977233 0.9974341233682268 -2.810568332672119
-0.877637951498861 -0.47410296584518835 0.07055497052425957 9.301691055297852 0.47311533447789794 -0.8804488142878095 -0.03117315673872808 164.99842834472656 0.0768993262047836 0.006021893056733077 0.9970206770339639 -2.8143515586853027
-0.8850540497087748 -0.4620091734881343 0.05680539329067719 9.304969787597656 0.46319449452917316 -0.8862103069121255 0.009063782906703505 165.07591247558594 0.04615397417299307 0.03433388319906522 0.9983441266079104 -2.777831554412842
-0.872688436322806 -0.48088739698667504 0.08462980874276033 9.241241455078125 0.4803950487228562 -0.8766230383750535 -0.027434389963225798 165.0999298095703 0.08738129245451123 0.01671406621590674 0.9960347131096938 -2.7672200202941895
-0.8794791693447496 -0.44556341805641203 0.1673010196578513 9.247448921203613 0.45777941057249755 -0.888109084338739 0.041234276650665966 165.21405029296875 0.13020907013171726 0.11285164954440828 0.9850431986722917 -2.727736234664917
-0.9003504884023449 -0.4329566656126563 0.04378953910730312 9.159099578857422 0.4341039746474526 -0.900619640881252 0.020928489057000163 165.2262725830078 0.030376590146745118 0.037852188318453564 0.9988215429247416 -2.7129313945770264
-0.8920457882615316 -0.4490350278675204 0.05120405641038819 9.189175605773926 0.45089769664321216 -0.8919568476320816 0.03323024411715445 165.18624877929688 0.030750265148594174 0.0527306904018433 0.9981352090188165 -2.7545719146728516
-0.8737746416201552 -0.4833968388733186 0.0533420268536216 9.193469047546387 0.4857134004228609 -0.8729259266215065 0.0456379149572609 165.11038208007812 0.02450241439595765 0.06578619003459185 0.99753286105747 -2.7465293407440186
-0.8732784132603341 -0.48237115038695616 0.06857759260777482 8.896059036254883 0.48620250624420996 -0.8718750380704404 0.05866038622031937 164.9076385498047 0.03149501318244422 0.08456944639781337 0.9959197120654883 -2.725212574005127
-0.848875072282193 -0.5148275171889527 0.11984881811248563 7.949347496032715 0.5232144795412963 -0.8506182107634582 0.05191596975789674 164.41744995117188 0.07521781741204295 0.10677680957319842 0.9914338066059363 -2.7648231983184814
-0.8678538495449981 -0.4928460778276653 0.06270916519788014 8.348553657531738 0.49125791475273173 -0.8701088601357176 -0.03970179726561768 164.675048828125 0.0741306753154587 -0.0036489838598262082 0.9972418602796741 -2.72869873046875
-0.7048973635725474 -0.6972941561420154 0.13000217936122074 8.533882141113281 0.6890011734539738 -0.7166597645045029 -0.1080563043945061 164.71881103515625 0.16851436083467644 0.013403050046375029 0.9856080704021936 -2.7637805938720703
-0.7438692690915066 -0.6488231689451837 0.16027166293889006 8.361173629760742 0.6466580245940391 -0.7593181439705209 -0.07259032625149205 164.7687225341797 0.16879546714708477 0.04964324402265294 0.9844001415042078 -2.8224854469299316
-0.9192351405322179 -0.29175169457761724 0.26436282855538257 8.191652297973633 0.28439537636532625 -0.9563919841771356 -0.06658560282633541 164.78750610351562 0.2722609526038177 0.013975740152521354 0.9621219529635789 -2.7596445083618164
-0.8287393963506388 -0.4780397881159351 0.29097933588908165 8.53490161895752 0.4559760501541617 -0.8782388698457871 -0.14416077544812297 164.92123413085938 0.3244639496495544 0.013207894232867168 0.9458058452493012 -2.7877635955810547
-0.6416511851750457 -0.7182646000785973 0.26903479484518683 8.506887435913086 0.6694714020919894 -0.6956497610180237 -0.26053685301037943 164.81105041503906 0.37428838927282376 0.012937320800651311 0.9272221025116129 -2.8142967224121094
-0.7456708655593272 -0.5691533591634242 0.3464670460649817 8.923879623413086 0.5269102818430468 -0.8219549268797259 -0.21623055534828003 165.05825805664062 0.407848642444823 0.021320223524501386 0.9128005986658753 -2.805828094482422
-0.7439749085729742 -0.5246384948767867 0.4138306236943498 8.70875072479248 0.4772090415552047 -0.8506690944139602 -0.22053032096946584 165.05140686035156 0.4677316175669522 0.03341468991854625 0.8832386950455975 -2.902895927429199
-0.7364010450068159 -0.5577727179134029 0.38288783744637955 9.042214393615723 0.46045770867937574 -0.8278492491407559 -0.3203815213379608 165.14166259765625 0.49567348066101824 -0.05962563080238664 0.8664597998296336 -2.900369644165039
-0.5968920582479209 -0.7684502752349086 -0.23066002100917693 9.19009780883789 0.7999843143342441 -0.5919559404316244 -0.098047240689786 165.68624877929688 -0.06119614056237617 -0.24304801805220438 0.9680819662100753 -1.6938838958740234
-0.5535903928650471 -0.8236672114048569 -0.12292274721982728 9.22824478149414 0.8305953002165822 -0.5567910745028851 -0.009754312484652965 165.7817840576172 -0.06040798114196848 -0.10749894981100697 0.992368304413176 -1.4225564002990723
-0.5977971594181412 -0.5857339929713399 0.5473154900689834 9.252592086791992 0.430055628493159 -0.8104999478794853 -0.39767070660120946 165.1281280517578 0.6765284270398066 -0.0023503117243500737 0.736412767028005 -2.826946258544922
-0.5405384912813487 -0.452935014667863 0.7089908405128418 9.270841598510742 0.3999777156343909 -0.8797348955333677 -0.25706874679118186 165.2465057373047 0.7401594196111927 0.14462498424794074 0.6566944856568429 -2.8034448623657227
-0.42658365525537867 -0.346454087712638 0.8354615192671441 9.266097068786621 0.44420730786791324 -0.8848953729935953 -0.14014295020181117 165.09352111816406 0.7878491306752212 0.3113354203455336 0.5313793403328443 -2.8646342754364014
-0.3853639329140733 -0.4460399775126945 0.8078013231416946 9.214427947998047 0.5331482368484064 -0.8221355321126045 -0.1996149402809323 165.23703002929688 0.7531584141164679 0.3537534527017364 0.5546268096181135 -2.816469192504883
-0.35722942834171073 -0.6575214442216417 0.6633646703852573 9.108592987060547 0.4480831602378543 -0.743806582574241 -0.4959569025938506 165.43540954589844 0.8195173073449468 0.12007213710064188 0.5603338869407888 -2.7112722396850586
-0.3602095235791977 -0.7977971763106253 0.483496395636659 9.760894775390625 0.3289192167012567 -0.5936190788729643 -0.7344579893245395 165.28163146972656 0.8729611950181287 -0.10552750669283711 0.4762380679069178 -2.5707054138183594
-0.5230506979767948 -0.6525657672412144 0.5482480157473193 9.454944610595703 0.3288092177666414 -0.7479582862690264 -0.5765786159000268 165.62477111816406 0.7863221131684375 -0.12131084628501393 0.6057897431584135 -2.2719974517822266
-0.2908863563518652 -0.27364835534602105 0.9167888008176986 9.28734016418457 -0.061242689904121295 -0.9509340370063093 -0.30327180910231555 165.58053588867188 0.9547955072274082 -0.1443642437700605 0.25985477578650584 -2.4592533111572266
-0.3132687759985784 -0.4863105350244553 0.8156989257738301 9.121673583984375 0.04521132418831783 -0.8655971073532247 -0.4986958831862044 165.64651489257812 0.9485876923877365 -0.11934702034804909 0.2931512895836397 -2.453338623046875
-0.02411728773313243 -0.9321368184068122 -0.36130223941019696 9.358283996582031 0.05053999613845955 0.3598083946508166 -0.9316563894103485 165.6906280517578 0.998430801419268 -0.04072923899642883 0.03843258862020599 -2.3374977111816406
-0.05677050984424181 -0.9343342874663632 0.35184733689023134 9.545921325683594 0.07905588239575773 -0.35551601685178097 -0.9313208519197194 165.68991088867188 0.9952523683320993 -0.02505595790560139 0.0940474470827346 -2.4322242736816406
-0.16913373321525052 -0.17205482253719562 0.9704591275939272 8.857331275939941 -0.022022243144422943 -0.9837392422380015 -0.17824736768853006 165.8294219970703 0.9853470460175744 -0.051519329602550554 0.16259445741397024 -2.346188545227051
-0.015397659644071374 -0.6814165988571275 0.7317337841588768 8.926826477050781 0.023224860743381703 -0.7318668370613477 -0.6810517885251232 165.9078369140625 0.9996116835656411 0.006507811598621682 0.02709484207853928 -2.2719345092773438
0.06477626973149178 -0.7235162055385431 0.6872614751335779 9.346454620361328 -0.023332244523404044 -0.689617723911887 -0.7237976245001694 166.00149536132812 0.9976270050701179 0.03084955736630396 -0.06155212072000457 -2.0126142501831055
0.2863480702257536 -0.6699652637431073 0.6849462227471699 8.888877868652344 0.014029493594682196 -0.7118729046535546 -0.7021681714016863 166.0633087158203 0.9580229412636545 0.21067394949955226 -0.19444415911720375 -2.1948342323303223
0.7657577235803523 0.058705327356417765 0.6404442156167958 9.37814712524414 0.127676222210789 -0.9898810099257525 -0.061922277657995364 166.13743591308594 0.6303283993752924 0.1291869603650015 -0.7655043031966793 -2.022359848022461
0.522925963149635 -0.4116907814601913 0.7463639444163437 9.534442901611328 -0.5586014940568143 -0.826905474329078 -0.06474339628175821 166.09457397460938 0.6438266908893424 -0.38306401160288994 -0.6623814272103195 -2.118663787841797
0.18846197028414022 -0.8503768350243345 0.4912650244120945 8.994522094726562 -0.8404115446834456 -0.3984638654532432 -0.3673349744999037 166.256103515625 0.5081245135981978 -0.3436361249665927 -0.7897617946561734 -2.0835113525390625
0.7950856383096672 -0.37334743429479544 0.4779649789045244 9.43209171295166 -0.46426191886431667 -0.8817493785056294 0.08353983599073478 166.39930725097656 0.3902559396679718 -0.2883222620791354 -0.8743972636870718 -2.0001258850097656
0.5272975630885984 0.7817311936304062 -0.33294687393938094 8.069469451904297 0.8408786844782962 -0.4238476062463444 0.33656536463114256 166.28579711914062 0.12198490870134598 -0.45743802594933475 -0.8808349076102173 -1.8888397216796875
0.25982738166792085 0.6311497096705966 -0.7308486681374703 7.596271514892578 0.9584542285504299 -0.07630110336137241 0.2748520209124125 166.22103881835938 0.11770821343216742 -0.771899077346617 -0.6247532239869185 -1.8308334350585938
0.9469761456212493 0.2851835468188993 -0.14800852761957664 8.421058654785156 0.3063007421857808 -0.6621516101341225 0.6839116174866667 166.5055389404297 0.09703625590861453 -0.6929831093328188 -0.7143937116315178 -1.727935791015625
0.9897608613619718 0.05445766335206977 0.13193862292081254 7.339937210083008 0.059221243934568936 -0.9977172887228393 -0.032450825111066395 166.49790954589844 0.1298702490289828 0.039932125986220326 -0.990726573647528 -1.7737293243408203
0.8857031035788899 0.37906421832412246 0.26803046598669433 7.006183624267578 0.45754011101903685 -0.8105435774399586 -0.3656174994164278 166.60159301757812 0.07865786114184589 0.4464632431199193 -0.8913380466598709 -1.6576614379882812
0.6378770552620665 -0.08526332486929544 0.7654038331511203 6.433112144470215 0.09575850424301949 -0.9773591123621885 -0.18867822966027367 166.52166748046875 0.7641617441584828 0.19364743973218015 -0.6152702640708694 -1.5750007629394531
0.777317097406506 0.08226290532366495 0.6237074189772269 6.582914352416992 0.5215199552812698 -0.6387334789141561 -0.5657176673550524 166.82040405273438 0.35184523063834006 0.7650178803936083 -0.5394002005516167 -1.49334716796875
0.7080747876347264 -0.1784064469764879 0.6832285377479944 6.514503479003906 0.7060842744906196 0.16700875993032172 -0.688151924667505 166.7886199951172 0.008665589021661813 0.9696799543064514 0.2442246788986443 -1.30230712890625
0.7225259907615249 -0.002284850968139074 0.6913399830258121 5.144425392150879 0.6702855612219434 -0.24261575552708098 -0.7013236496706838 166.33030700683594 0.1693323923278156 0.9701197733404248 -0.17376468652307248 -1.360137939453125
-0.021629900053132478 -0.09136534659659384 0.995582503293914 4.471687316894531 0.9979167456217273 0.05856768239037191 0.02705541326909877 166.37094116210938 -0.06078088705697471 0.9940936575699018 0.08990819622182672 -1.199462890625
0.7102752603971481 -0.04880740129463251 0.7022299424309875 4.684398651123047 0.7037445239779132 0.02670683525778378 -0.7099509771256137 166.73634338378906 0.01589652285449894 0.9984510917062378 0.05331714575779628 -1.0654449462890625
0.6233718694476558 -0.09615911809477717 0.7759902940041001 3.4279098510742188 0.7713487777431487 -0.08705308343261975 -0.6304306652908186 166.1525115966797 0.1281740046011109 0.9915519072000761 0.01990577485069045 -1.010009765625
0.5616394893568226 0.3259285157777868 0.7604812204110609 3.2243080139160156 0.8009441136869951 -0.44467028257613334 -0.4009449669765359 166.22213745117188 0.20748400117879312 0.8342894835706314 -0.5107949166331707 -0.942474365234375
0.1623474172698569 0.9733487603734288 0.16197378425324488 2.11248779296875 0.8993223201294032 -0.2135054789250702 0.38162124545947873 165.37513732910156 0.4060328565804426 0.08371141587911507 -0.9100163285505594 -0.9283981323242188
0.5106291439686129 0.7596700970398871 0.40268998124275446 1.5878524780273438 0.44818209884708243 -0.6348642504879808 0.6293490205961698 164.94578552246094 0.7337511046689507 -0.14088551066643729 -0.6646507272856562 -0.8495025634765625
-0.49140840012096465 0.5634151256818091 0.6641394284662712 0.5135951042175293 -0.2973386301446732 -0.8252784781571547 0.4801095422029229 164.06285095214844 0.8186009548701023 0.03845555413151991 0.5730738582784899 -0.33159637451171875
-0.01905569202496095 0.8234926839207003 0.5670067725614321 0.38231658935546875 0.02999298443367504 -0.5663836884855901 0.8235957371806994 163.64210510253906 0.9993684513162358 0.03270041202400947 -0.01390617011433605 -0.649139404296875
-0.22014047636043818 0.9743463417882949 0.04676940144545638 -0.23023605346679688 -0.18117556760184733 -0.08795145140473656 0.9795100591111602 162.93504333496094 0.9584954795782542 0.20715633815929257 0.19588942592310846 -0.63067626953125
-0.2701721028476696 0.9362541684029948 0.22457775266237956 -0.769775390625 -0.4287049412902629 -0.325833172329448 0.8426415709677755 162.0839385986328 0.862101564872829 0.13138065290500317 0.48940782164374386 -0.5723342895507812
-0.23411048834167708 0.9674998717105678 -0.09558387671807633 -1.342071533203125 -0.547776872191132 -0.0500420546803082 0.8351265120063387 161.4033203125 0.8032015796429448 0.24787051257341597 0.5416894234297642 -0.5525894165039062
-0.1943136182296935 0.8997812043344844 -0.3906865778304519 -2.0121383666992188 -0.6436371006072605 0.18360585201539337 0.7429806012458069 160.74783325195312 0.7402523221796499 0.3958316251035108 0.5434554481054998 -0.48972320556640625
-0.1328940949410075 0.539891657093805 -0.831177573163711 -2.3650131225585938 -0.5516751360328533 0.6564055731938438 0.5145738700742531 160.03610229492188 0.8234037307499544 0.5269238294863566 0.21061237880639824 -0.506927490234375
-0.4282956226594571 0.7536874016230302 -0.4985159578644135 -2.726925849914551 -0.4910589285833769 0.2689853727878109 0.8285577818624049 159.32955932617188 0.7585670624732491 0.599668383242712 0.2548996702033527 -0.3787994384765625
-0.7512075283559088 0.13686788908094297 0.6457200866319194 -3.1572113037109375 0.010697140722816162 -0.9756129486577045 0.21923719025698113 158.78150939941406 0.6599794091649852 0.17159998645089158 0.7314236967232405 -0.15690994262695312
-0.7954600888886557 -0.35993660289256174 0.4875334746285781 -3.662811279296875 0.21159986555001326 -0.9188368631635532 -0.33311306757762915 158.13729858398438 0.5678633144379627 -0.1618161326627357 0.8070605896248482 -0.3542213439941406
-0.7388288686369942 -0.6678200803663573 0.09026761948811715 -4.367851257324219 0.6232402714713453 -0.7280874297344517 -0.28541243609731437 157.09017944335938 0.256326875073417 -0.15461253158186095 0.9541443801610662 -0.14403057098388672
-0.9857116946842128 0.09180217601575294 0.14122611458774045 -4.942451477050781 -0.05853582727358225 -0.97286683507114 0.2238385090730826 156.0552215576172 0.15794306533740007 0.2123734486639887 0.9643399330186372 -0.05549812316894531
-0.8413555355314207 0.49908029050254354 0.20746018042634826 -5.433280944824219 -0.5320696208247546 -0.8322734489830445 -0.15563683597808603 155.07273864746094 0.09498832257724163 -0.24132917301844076 0.9657833343065085 0.04226398468017578
-0.5070825145264218 0.7744770268523176 0.37822302724656465 -5.900166988372803 -0.8330448156849373 -0.5529888945903104 0.015479583981328898 154.2750701904297 0.2211417159244491 -0.3072273056513384 0.9255850712604483 -0.16175271570682526
-0.2825940420118441 0.945542857644838 0.16152186160467946 -6.456857681274414 -0.9372017436505989 -0.3080457879805706 0.16358693164707902 153.41375732421875 0.20443458395703207 -0.10514987809913304 0.9732163192312654 0.22277259826660156
-0.24812505124596068 0.9682456799046605 0.030565704476605657 -7.003778457641602 -0.930484425680837 -0.24698889390323336 0.2705461510608869 152.4761962890625 0.26950453151958736 0.0386883656209354 0.9622216573409625 0.29859161376953125
-0.5303292493232504 0.8477349187034982 -0.009818091617566499 -7.509624004364014 -0.7789280063752355 -0.48264746712181095 0.40040302616888596 151.70458984375 0.3346969497867268 0.21999302282498362 0.9162865390868664 0.31215858459472656
-0.5350569698797971 0.8281422992153813 0.16701608076263647 -7.651086807250977 -0.7590065324399569 -0.5580347679288478 0.33541956039573717 151.22579956054688 0.37097590581670187 0.052702277302396267 0.9271458069099049 0.44333457946777344
-0.5932963864082477 0.6560696838866764 0.4664461038102389 -8.331597328186035 -0.7404701224468624 -0.6720803783148657 0.003458734982020567 150.29220581054688 0.3157584450785824 -0.34333734863685283 0.8845428589913392 0.3066082000732422
-0.3018587974125177 0.6714591733099254 0.676774589507186 -8.934806823730469 -0.8671893037456065 -0.48830442107901767 0.09768062153720936 149.19473266601562 0.3960605735160706 -0.5574059301197262 0.7296811983143627 0.511935830116272
-0.35399076863530476 0.8932005680661318 0.27727834557953773 -9.832256317138672 -0.8905622102368483 -0.4124700282300606 0.19174833900180815 148.0451202392578 0.2856387323509287 -0.17905647438233674 0.9414612544139679 0.4896879196166992
-0.5730324962018121 0.7973705724367335 -0.1892985169213856 -10.63454532623291 -0.818886465118126 -0.5479260185488151 0.17088603056886614 147.38963317871094 0.03253790932220764 0.2529372420367538 0.9669353835948813 0.4416351318359375
-0.5486395619540269 0.8346694495192881 -0.04818237331288272 -10.756739616394043 -0.8173209361899747 -0.5233189972357731 0.241088602795089 146.1439971923828 0.1760145400938138 0.17165120789354618 0.9693063212959305 0.5842418670654297
-0.8230752575133937 0.4957000980351014 -0.27717960472814684 -11.358449935913086 -0.5619092275587294 -0.6398837487983098 0.5242201903858472 145.2449493408203 0.08249327520236367 0.5872224457833783 0.8052109405084946 0.6373081207275391
-0.5298223926423025 0.8478551133323581 -0.020734971689394376 -11.990408897399902 -0.8474526625624951 -0.5282929822600639 0.052254278394267176 144.12518310546875 0.033349917099203846 0.045257393770982826 0.9984185251378974 0.48344993591308594
-0.13928393998316568 0.7885195811707659 0.5990299276105042 -12.512636184692383 -0.9893276994206384 -0.13694310629443274 -0.049772369819999884 142.86605834960938 0.04278653084596884 -0.5995693919378404 0.7991782385860212 0.6422367095947266
0.029440612653700127 0.8321517074187438 0.5537660030794993 -13.212268829345703 -0.9979386489947221 -0.007135420040208396 0.06377725788585381 142.00863647460938 0.057023707080158303 -0.5545021385178952 0.8302262795225872 0.6909027099609375
-0.10295877382702684 0.9350046036974285 0.3393609906230379 -14.013252258300781 -0.9927585727001315 -0.11782055254372553 0.023425066247268284 140.84036254882812 0.06188624421010547 -0.33449171658339416 0.940364495456236 0.6389608383178711
-0.45421408180181966 0.8852222595335534 0.10035496559333687 -14.634096145629883 -0.8901985674464855 -0.4554169480044348 -0.011912765696960911 139.85775756835938 0.03515790678005001 -0.09474679254009515 0.9948803781833317 0.6547272205352783
-0.57405095412732 0.818005553753435 0.03650227519003632 -15.278664588928223 -0.8186028248951225 -0.5743541244985797 -0.002598989264108136 138.87928771972656 0.018839244656793534 -0.03137281785249082 0.9993301902578323 0.2968287467956543
-0.7509269302310451 0.5770221774908615 -0.3211762010758027 -15.925470352172852 -0.6595249959349669 -0.6800964683976833 0.320149298624847 137.97618103027344 -0.03369755467035637 0.45223246274090523 0.8912633025388932 0.6299619674682617
-0.58815169058896 0.575684754644266 -0.5680357841963124 -16.344463348388672 -0.8087490359167548 -0.4172607211311675 0.41450993655739793 136.92942810058594 0.0016080301825943666 0.7031931127871416 0.7109970888601883 0.6306533813476562
-0.49166824657840175 0.8689754957996351 -0.05607069650270875 -16.805301666259766 -0.869931741419348 -0.4873226554672661 0.07573238897217799 135.58982849121094 0.03848506954158998 0.0860128895463414 0.995550441843239 0.673832893371582
-0.6766724217784624 0.5931913341616026 0.43616335779160575 -17.29946517944336 -0.7360640157146914 -0.5594882479368816 -0.38102843094771915 134.65267944335938 0.018005509557713156 -0.5788755837795339 0.8152170631981833 0.6514453887939453
-0.3981526520323697 0.7472495652135145 0.5320644255800269 -17.88042640686035 -0.9172302369541234 -0.33238088018041156 -0.21957149839534545 133.56768798828125 0.012773335377772699 -0.5754485535464557 0.8177382246933418 0.6884746551513672
-0.6525466940979049 0.6672758640132384 -0.35906229727901184 -18.226177215576172 -0.7563669124103103 -0.5449854356687739 0.36180100707406926 132.69644165039062 0.04573735708137627 0.5076748922433557 0.8603338293667802 0.6263542175292969
-0.1919627071752656 0.7267830458753337 -0.659497326213015 -18.895427703857422 -0.9790457222022004 -0.09527732675028505 0.17997695642745953 131.4110107421875 0.06796905833918448 0.6802268998176213 0.7298435256087379 0.6260128021240234
-0.44587817017057396 0.8187588159486843 -0.3616996802205524 -19.45185089111328 -0.8934957410742959 -0.38299016013008924 0.23448645574024968 130.40536499023438 0.05346043441121895 0.4277295156402439 0.9023244668093217 0.6409111022949219
-0.45757665879693443 0.865013271598059 -0.20585344612965956 -20.01056671142578 -0.8889909581090936 -0.4497035107864974 0.08638187765136195 129.33453369140625 -0.01785154683801915 0.22252818326118046 0.9747628070099765 0.5376920700073242
-0.7808442974477761 0.5424281124189747 0.3099256781889451 -20.391860961914062 -0.6084313367847429 -0.7728630582681881 -0.18026092638914898 128.30911254882812 0.14175151343678863 -0.32932421110803817 0.9335159733054645 0.5374550819396973
-0.8836478228354179 0.32047836614086184 0.34126257051412723 -21.048490524291992 -0.4662395870671559 -0.66826472056762 -0.5796920826577922 127.18893432617188 0.04227496480984824 -0.67135376671347 0.7399303665007686 0.6054821014404297
-0.7237158390003051 0.6781453996245389 0.12788354604154104 -21.50838279724121 -0.6851467418953862 -0.728236991652669 -0.01564691850837263 126.13814544677734 0.08251864304641446 -0.09894291766844675 0.991665756489067 0.6628663539886475
-0.5750924369825545 0.8025716594241799 -0.15857938206016955 -22.199249267578125 -0.8128266241646915 -0.5386061018443549 0.22184757403465102 125.00817108154297 0.09263675282790387 0.2564804057723456 0.9620999082633546 0.5978507995605469
-0.6049778094596513 0.7762301327265363 -0.17739399964132277 -22.768836975097656 -0.7960555693902561 -0.584809304818594 0.15586406718788007 124.0336685180664 0.017244723951314073 0.23550978333168368 0.9717189724662714 0.5412216186523438
-0.7592315757373121 0.6493283794819582 0.04404622574945184 -23.339197158813477 -0.6506498588669754 -0.755742121982912 -0.07421998529473031 123.1280288696289 -0.014905554663372882 -0.08500882695402201 0.9962687005924045 0.5304393768310547
-0.28508992577189435 0.8879302699905847 0.36097585772157004 -23.92745590209961 -0.9583387989830541 -0.2709785439686447 -0.0903181879377051 121.92984771728516 0.01762045933263684 -0.37168597544577964 0.9281912815092728 0.5117359161376953
-0.2191452129870135 0.9580691162146198 -0.18460483249529053 -24.536518096923828 -0.9734102937038303 -0.20175100100375132 0.10848471646000515 120.97734069824219 0.06669164667557603 0.2034701505128507 0.9768071058883522 0.46631908416748047
0.28445303947439277 0.7003201266774295 -0.6547046574634157 -25.110862731933594 -0.9552364901360502 0.26495714347175175 -0.13160911836133993 119.86282348632812 0.08130016141643998 0.6628343928115064 0.7443392045699744 0.5244827270507812
0.2621493437518471 0.8189938974883096 -0.5104181789938367 -25.495681762695312 -0.9539279422515307 0.2999092334123101 -0.008713937445326364 118.81070709228516 0.14594246319093168 0.489186516158151 0.8598821720717407 0.45710182189941406
0.43042352905492265 0.9017646497419185 -0.03944746014309525 -26.039085388183594 -0.8912799006653849 0.4315143930309021 0.1393393959979502 117.77122497558594 0.1426734884476005 -0.02481622620397944 0.9894586553318866 0.4257049560546875
-0.04559437904654107 0.921703130433108 0.38520707671221327 -26.60918426513672 -0.9809917779216806 -0.11411942095369698 0.15694549821913495 116.7330322265625 0.18861676555762458 -0.37072914251647593 0.9093863967750881 0.4884657859802246
-0.2735275307850145 0.90122196370195 0.3361274491080048 -27.19217872619629 -0.9357645110985987 -0.33018211242842793 0.12379237618165988 116.00545501708984 0.22254767954542592 -0.28067551509439215 0.9336454281768021 0.4377017021179199
-0.7350172241464289 0.6138805744580572 0.2879241575677939 -27.661563873291016 -0.6546476311462773 -0.7530873150097556 -0.06554368776598402 115.02860260009766 0.17659603405129393 -0.2366646071436176 0.955407611694041 0.4501657485961914
-0.8569844581270329 0.4965017104012226 0.13807132250172832 -28.171049118041992 -0.45366249092304833 -0.8539339258204826 0.25492586110929155 114.09465026855469 0.24447491253339454 0.15582972085413987 0.9570523053837289 0.401702880859375
-0.7553368869011429 0.5776368511332618 -0.3095187482194573 -28.80117416381836 -0.6214582039630218 -0.48146939833529573 0.6180428133986378 113.15283203125 0.20798049911841526 0.6591835000054977 0.722648756524881 0.4138679504394531
-0.516286812761249 0.8553561219342195 -0.04258910234418893 -29.69980239868164 -0.8344505848228426 -0.4912322591871894 0.24976606859753014 112.02194213867188 0.19271779486504925 0.16448942885031465 0.9673691536010699 0.4168386459350586
-0.4544433540452494 0.7428874786234813 0.49152765137736726 -30.109638214111328 -0.8701162542953605 -0.48835667374461267 -0.06637366360318991 110.96066284179688 0.19073264527897577 -0.45784926920717534 0.8683289150496716 0.43137550354003906
-0.368803587038079 0.8898366363313781 0.2686534474565789 -30.636720657348633 -0.9171492858529957 -0.3953429664539256 0.05040958574269412 109.96332550048828 0.15106654708169487 -0.22780408143373743 0.9619169396756382 0.4621317386627197
-0.4725110513589163 0.8623528626410968 0.18188140817136095 -31.1051082611084 -0.8757451850441906 -0.4825977043678455 0.013031753941892155 108.91426086425781 0.09901352036771499 -0.15312411969899228 0.983234115941265 0.472123384475708
-0.5504367284429936 0.7696586027929222 0.32348886090222784 -31.584548950195312 -0.8310012273554093 -0.542373899441543 -0.1235617794399972 107.99810791015625 0.08035152839104873 -0.3368325820811014 0.9381297583670398 0.47231388092041016
-0.8432117905658078 0.5155726619604862 0.15224554669934443 -32.03703689575195 -0.5289326737220291 -0.8462759675178831 -0.0636177134997471 106.98877716064453 0.0960421934363726 -0.13417085018978062 0.9862931004723098 0.3723430633544922
-0.6358476186579468 0.7711026173421498 -0.033144522550561696 -32.56792449951172 -0.7717077478067627 -0.6344584691728569 0.043927245188485814 105.9736328125 0.012843590698577156 0.05350891909692687 0.9984847709179376 0.43560731410980225
-0.6083440134863233 0.7920643596160155 -0.05051347821545732 -32.940486907958984 -0.7926293928951056 -0.6030485262094777 0.08983941537717817 105.02509307861328 0.04069652041745575 0.09469173809075555 0.9946744532575789 0.5094914436340332
-0.5458740670357322 0.8196750944480292 -0.1736497695923721 -33.45977783203125 -0.8375168269844445 -0.5397917995786253 0.08479609440049474 103.89160919189453 -0.024229474938130657 0.19172259295472727 0.9811500292488091 0.4414510726928711
-0.189903494211147 0.9798579153253345 0.06176672778030779 -33.942108154296875 -0.981168955299735 -0.18714479394511735 -0.04779442703146684 102.84276580810547 -0.03527242609211206 -0.06967992446558297 0.9969456174155376 0.4613304138183594
0.49647339254418976 0.8405673264668463 -0.21670426892897446 -34.16920471191406 -0.8679675318533404 0.48418843442275555 -0.11042610026466326 101.7920913696289 0.012105128833820034 0.2429158900681867 0.969971822378515 0.48555755615234375
0.5187305932156584 0.7076122673961915 -0.47979521745485476 -34.688697814941406 -0.8548410440544512 0.43773396776002527 -0.27863194875850195 100.70137023925781 0.012859279218774666 0.5546835606897733 0.8319620102134999 0.4901542663574219
0.36705033036311413 0.821874293409433 -0.43565663177905833 -35.092689514160156 -0.9301954475602419 0.322673156994359 -0.17498132212752004 99.7580337524414 -0.0032379497417261427 0.46947276767458945 0.8829410150703335 0.5051193237304688
0.25517099111827085 0.963984179948499 0.07498177178981047 -35.59210205078125 -0.9663508218824187 0.25686280031749836 -0.013696381282174631 98.70243835449219 -0.0324631227532574 -0.06896377760877709 0.997090839913312 0.38424158096313477
-0.45125835096566674 0.7677726123078198 0.45485285145173393 -36.2527961730957 -0.8894470681458794 -0.34557554292180775 -0.29910108174494643 97.96259307861328 -0.07245559778544697 -0.5395393960818096 0.8388369486528531 0.4068584442138672
-0.5791741613381316 0.7786157133948467 0.24148470281346118 -36.671817779541016 -0.8151902170845226 -0.5548824747424757 -0.16604321483684498 97.04721069335938 0.00471177333502075 -0.2930239070081138 0.9560935043779659 0.34554576873779297
-0.7036235928487466 0.6691470863496244 -0.23907324487786036 -37.484474182128906 -0.7052728570958474 -0.698677427004113 0.12016675929213012 96.20079803466797 -0.0866258427403822 0.2531640373843029 0.9635371988381134 0.3447279930114746
-0.8724230268975288 0.4075694897788772 -0.26975020507932806 -38.04702377319336 -0.4802033373890324 -0.8175606615879689 0.3178039008323811 95.41704559326172 -0.09100998241615527 0.40679438986449723 0.9089749762646839 0.3136911392211914
-0.7130507005193745 0.4632678094344237 -0.5262524443939997 -38.43940734863281 -0.6991974578816124 -0.5253083959846592 0.4849474239543037 94.31926727294922 -0.05178429666144099 0.7137464716899515 0.6984871944205026 0.2948474884033203
-0.7315044408940669 0.39258926048721077 -0.5574719055722572 -38.52400588989258 -0.6818145036676866 -0.42776694497728723 0.5934175792586401 93.7076644897461 -0.005498685356050914 0.8141800251387302 0.5805864717029253 0.3622627258300781
-0.11881948990027297 0.7308385748303903 -0.6721286382529188 -39.07164001464844 -0.9923229824807602 -0.06401571358106167 0.10581628823199302 92.4372787475586 0.03430783088928374 0.679541732312734 0.7328342287209849 0.3528118133544922
-0.4587658469276396 0.8743416471317713 -0.1583053435095202 -39.47320556640625 -0.8885470945250742 -0.45227085146748086 0.07703984504092176 91.50770568847656 -0.00423774749304677 0.17600500278055053 0.9843801503953664 0.3376913070678711
-0.33646794235284627 0.7945331480589415 0.5054764093450744 -39.940677642822266 -0.938856975992528 -0.32467282437928047 -0.11460861983178208 90.44743347167969 0.07305410596952636 -0.5131321796039773 0.8551949858692252 0.22136497497558594
-0.6600870079255525 0.6572756965401518 0.36369465311652543 -40.33020782470703 -0.7427590635739505 -0.6434121275726203 -0.1852830471770753 89.56432342529297 0.11222350665809583 -0.3924404322061278 0.912905467024504 0.1947650909423828
-0.9613995268794193 0.24487048518103188 0.12549659438899025 -40.84001159667969 -0.265122737017853 -0.9464239545818127 -0.1843681982064294 88.67540740966797 0.07362665300141685 -0.2105234991181007 0.9748122754083887 0.188690185546875
-0.9924536932067954 -0.11151692492906712 0.05098668742482763 -41.32249069213867 0.09369268034830008 -0.9579019042785063 -0.2713772713930972 87.80718231201172 0.07910340377849445 -0.2645522958395491 0.9611216022318301 0.18430423736572266
-0.9835321176857359 0.15848998281204002 0.08686483079389003 -41.808841705322266 -0.17221062000203258 -0.9676652212753738 -0.18430279947032174 86.81977081298828 0.05484592819095534 -0.19622676902584252 0.9790234824959774 0.15767765045166016
-0.9984898789706048 -0.049707691696883494 0.02339031807038755 -42.282264709472656 0.05308329319264546 -0.982635492795288 0.17779103543988037 85.95687866210938 0.01414657474761854 0.17876418457042434 0.9837902422456632 0.25208091735839844
-0.9593571354725281 -0.25048537545243654 0.1299652388232984 -42.762657165527344 0.27543913552803223 -0.9313408835683687 0.23819622418010786 85.0231704711914 0.06137726971375776 0.264312760339984 0.9624819974856373 0.2724943161010742
-0.8241316809218098 0.5463698549680902 -0.14928815787978816 -43.368019104003906 -0.563411915329076 -0.7637675644845694 0.31500177952915054 83.96321105957031 0.058086023845798605 0.343713673023721 0.9372763332178661 0.2945976257324219
-0.8569927840257805 0.41778343897239445 -0.3016958174190389 -43.55256652832031 -0.5046153081839654 -0.5615779879076801 0.6557389375688801 82.82485961914062 0.1045311382992843 0.7142038655859836 0.6920882021158105 0.33740997314453125
-0.2545631435200021 0.9655043528438593 -0.05476267525217657 -44.0687370300293 -0.9635718426738694 -0.2484361933581224 0.09903919343274922 81.61592864990234 0.08201774178370652 0.07797950031441667 0.993575506724786 0.31719303131103516
0.785215775647205 0.39724131050268074 0.4750110808232486 -44.39008331298828 -0.604704973683908 0.3267874350327076 0.7263207742497029 80.39291381835938 0.13329696349393017 -0.8575600932499463 0.49681244548465275 0.3335247039794922
-0.049152404748324 -0.3807498971383306 0.9233707581121506 -45.21668243408203 -0.9959093834337511 -0.05149536392675064 -0.0742477439566846 79.75369262695312 0.07581913410256563 -0.923243057554836 -0.37666127433110885 0.3647117614746094
0.40254728050826216 0.8968980236799706 -0.18311095563719063 -45.98707580566406 -0.8870622754212978 0.43158791511141514 0.16386699196046559 79.21074676513672 0.2260004568132372 0.09646660898333995 0.9693389432347508 0.40682125091552734
0.3388710595371996 0.1873700438756704 -0.9219863728202087 -46.64525604248047 -0.9255793288128282 0.2421402195108165 -0.29098285201992163 77.94563293457031 0.16872851295062646 0.95197719550065 0.25548015219227366 0.3159332275390625
-0.28671355845749114 0.17770162427896835 -0.9413912407311101 -47.04575729370117 -0.9508851611726483 0.06688689719693333 0.3022309601034171 77.07611083984375 0.11667367165864462 0.9818086757163959 0.14979645733363506 0.32831573486328125
-0.656024242239684 0.7081762204703138 -0.260995468072206 -47.4416618347168 -0.7517137974393112 -0.5821477740720369 0.3098876181494556 76.15641784667969 0.06751711141050513 0.3994876842949657 0.9142488883030853 0.2353973388671875
-0.5415796243901911 0.838519392909288 -0.05980583717680357 -47.76119613647461 -0.8367481122558893 -0.5308542885711443 0.13433659569093437 75.19648742675781 0.08089565551736902 0.1227963843957267 0.9891293853170836 0.23823213577270508
-0.020765350050824194 0.9972947410261556 -0.07051240854516388 -48.33022689819336 -0.9965126349800445 -0.014944805082553969 0.08209275927981101 74.15025329589844 0.08081688290447275 0.071971190921214 0.994127144340696 0.26567530632019043
0.16879234718763564 0.6695025891381854 -0.7233777897255034 -48.93457794189453 -0.9783805530488772 0.20278613417060692 -0.040611294043821744 73.31065368652344 0.11950161901272222 0.7145936376188964 0.6892570609924366 0.2303009033203125
0.16227835329505536 0.7244382562246736 -0.6699663789847959 -49.43854522705078 -0.9687893179123939 0.24590871561521288 0.031243576672891238 72.41610717773438 0.1873846139646573 0.6439861151473923 0.7417337055484844 0.29866600036621094
0.09216019329177072 0.8973230310694577 -0.43164554519274834 -49.74446487426758 -0.9935167092741469 0.11184422674147187 0.020381789363861896 71.34025573730469 0.06656611123908379 0.4269686719853386 0.9018130105390932 0.1632061004638672
0.14872495764534566 0.9887363946342306 -0.016769880711967257 -50.130924224853516 -0.9864808891463003 0.14952323904024722 0.06706904156194651 70.39775085449219 0.06882108922790425 0.006568326470004424 0.9976073951033386 0.13640755414962769
0.09872849462509775 0.6144426680667062 0.782759792023153 -50.75044631958008 -0.9935590069356514 0.016902743404787535 0.11204819053619075 69.34661865234375 0.05561640123295153 -0.788780390808785 0.6121538295146376 0.1638164520263672
-0.48133712915226 0.8576726659242779 0.18086504976308382 -51.26813507080078 -0.8760216299269845 -0.46363792069755727 -0.1327628803217039 68.4073486328125 -0.030011197902285222 -0.22234539936231584 0.9745059524614934 0.1957721710205078
-0.7857562071095302 0.5390381680327753 -0.3033562862258088 -51.686058044433594 -0.616651040398157 -0.7209416020603557 0.31620357492368506 67.46483612060547 -0.04825637123443682 0.435523891218975 0.8988827859141406 0.16267967224121094
-0.9423801046747459 0.2328911403280033 -0.24016963811010222 -52.031349182128906 -0.33040691718930315 -0.7604732586570927 0.5590274518670112 66.41950988769531 -0.05245004658411789 0.60617005833692 0.793603712812093 0.1604328155517578
-0.7659202968803347 0.6424679726436603 -0.024515361589915866 -52.507816314697266 -0.6412617972256264 -0.7661204083839703 -0.042928164141244146 65.69145965576172 -0.046361689418086466 -0.01715878739080392 0.9987773374329123 0.14780664443969727
-0.5791367512318781 0.7152150947752094 0.39123904659207265 -53.09281921386719 -0.8145656775392931 -0.4882955920491245 -0.3131296405010986 64.67432403564453 -0.032914743619509274 -0.5000347817813109 0.8653795910820747 0.15314292907714844
-0.5616388054383529 0.7665472687938668 0.31139546710002597 -53.7796516418457 -0.8270869348915404 -0.5100975389854275 -0.23606715750550117 64.04319763183594 -0.022114573418832578 -0.3901355987674971 0.9204918034490202 0.1312694549560547
0.0945803064630894 0.9846024015297774 -0.14701250467610966 -54.53639221191406 -0.9938001008673059 0.10205181587492335 0.04412240239111649 63.30756378173828 0.058445916414074144 0.1419279316358335 0.9881500579750493 0.07160711288452148
-0.48916974458864976 0.866176176950028 -0.10223400345926356 -54.86705017089844 -0.8718874442895215 -0.48254987835459556 0.08341402394232822 62.42671585083008 0.02291823442941305 0.12994016078256362 0.9912569339714299 0.06358122825622559
-0.5371314586939966 0.839742092056964 -0.07951738746370504 -55.24256134033203 -0.8434745898134377 -0.5340137215808132 0.058137436325170426 61.6222038269043 0.006357076396650528 0.0982983417520529 0.9951366858821376 0.04015016555786133
-0.943167480344549 0.3145665936845714 0.1071585841554493 -55.669219970703125 -0.33160496782759497 -0.8697631213614608 -0.3654452873298936 60.80253219604492 -0.021754294577725743 -0.38021042970604385 0.9246441368495076 -0.0057659149169921875
-0.7786009866439947 0.6204990851266298 0.0936022913929613 -56.21791458129883 -0.6275190885522505 -0.7697606981476028 -0.11699684222177681 59.852725982666016 -0.0005450683904559203 -0.14983108136942047 0.988711459403662 -0.0656280517578125
-0.6352140179430533 0.7659415224759005 0.09918031838999919 -56.65410614013672 -0.7721143329659286 -0.6328513531564336 -0.05778080681896022 59.102684020996094 0.018509679554796626 -0.11328172383650575 0.9933904785165842 -0.14035701751708984
-0.6684803826772163 0.7119712102115574 0.21501389212237554 -56.95339584350586 -0.7413912731197405 -0.6608308935103966 -0.11679687634582128 58.28517150878906 0.05893180904751345 -0.23748584381419666 0.9696017305421059 -0.16310977935791016
-0.8927279715030407 0.36164015686244266 0.26879949003034476 -57.4730224609375 -0.44708939809268666 -0.7851893513865535 -0.428472580899037 57.61541748046875 0.056105605862379435 -0.502686860195958 0.8626459769668808 -0.20827484130859375
-0.2537171352368961 0.9630861066718897 0.08995980448379935 -57.86647415161133 -0.9596092445326552 -0.2623028047046261 0.10172185827811556 56.899559020996094 0.12156361747928045 -0.06051768154570705 0.9907370474175693 -0.29659247398376465
-0.5028493851342045 0.8099782627614023 -0.30179083770746495 -58.07697296142578 -0.8425993484881873 -0.38146046828996083 0.38015029798658106 56.24241256713867 0.19279220367389122 0.44544710683315103 0.8743043184249638 -0.31060791015625
-0.5175472472400129 0.8362406592192988 -0.18123577666332244 -58.349822998046875 -0.8135210963079047 -0.4152515856874725 0.407123502694237 55.3275032043457 0.2651947826339534 0.35814477582747495 0.8952117329499307 -0.3816680908203125
-0.5012631782959165 0.8176145865613785 -0.2832695075837542 -59.04562759399414 -0.844911840075261 -0.39184821983544554 0.36411393150005855 54.43585205078125 0.18670620928430112 0.4218546674553437 0.8872313288882603 -0.05767631530761719
-0.6472873944702395 0.7601580222280726 -0.056380938287989055 -59.57920837402344 -0.7095070450981795 -0.573816893944491 0.40906469559220965 54.08312225341797 0.2786014750786127 0.3047850939042169 0.9107619143430512 -0.05182933807373047
-0.6003745340067392 0.7997098258382935 -0.0038227442861431815 -59.71366500854492 -0.6923989439253904 -0.517408137603713 0.5028643172789873 53.511085510253906 0.4001676165898427 0.30455379426161133 0.8643569083623162 -0.6124181747436523
-0.11030931025308638 0.8819177296184698 -0.4583153655029383 -59.993064880371094 -0.9191491379416196 0.08492666611610195 0.3846457117966892 52.630062103271484 0.3781490688771637 0.46369017626752423 0.8012457189528854 -0.7253017425537109
0.1551688277297094 0.7790460698542697 -0.607461814392974 -60.37261199951172 -0.8345227866333619 0.43244040626347047 0.34141911724502627 51.965965270996094 0.5286722552684944 0.4539631219331598 0.7172329680334159 -0.6325016021728516
-0.25762221526944745 0.9619577478453116 -0.09092901385167565 -60.57380676269531 -0.788346610214907 -0.15484469460346323 0.5954265216765422 51.38951873779297 0.5586952804188774 0.22507867938464526 0.798247562930283 -0.8893461227416992
-0.4442909346930531 0.8155065554889137 0.3708835710896081 -60.902748107910156 -0.52261399737614 -0.5721733419019355 0.6320540139602806 51.13902282714844 0.7276538841345555 0.08698692299063121 0.680406569730567 -0.9611101150512695
-0.3588073949258266 0.8764776469225947 0.32100496536903134 -61.12125015258789 -0.5864290869003571 -0.4792340081827531 0.6530204372286567 50.524444580078125 0.7261943124149038 0.04606191318349673 0.6859446922093069 -0.9523119926452637
-0.29593089440693776 0.7908173498669885 0.535754444577796 -61.28384780883789 -0.5667684135003449 -0.5968467299561214 0.5679326953072753 49.713523864746094 0.7688943173114311 -0.13557986609389105 0.6248356813724315 -0.932108998298645
-0.08397996644986366 0.7321340677233935 0.6759638097663789 -61.8264274597168 -0.6122757947132865 -0.5731109919770905 0.5446670010963112 49.27177429199219 0.7861715566231668 -0.36813516234371435 0.496397810030296 -1.0252609252929688
-0.4345214506782581 0.5317079614086127 0.726964753392597 -61.89739990234375 -0.32369428987778 -0.8454086601969469 0.42486021697085596 48.755943298339844 0.8404838580252342 -0.05070346180193633 0.5394590284352628 -1.0317569971084595
-0.39140800253074187 0.14525896379101993 0.908680146692583 -62.11060333251953 0.022605766979978376 -0.9856468511300555 0.16729992276344197 48.623809814453125 0.9199395386948764 0.0860239402478513 0.38250637491431755 -1.0210747718811035
-0.6137297784605579 0.4697216283214368 0.63458439227404 -62.0600471496582 -0.3481495812395373 -0.8824103585945665 0.31645509654253234 47.704376220703125 0.7086096443836265 -0.026712374137590478 0.7050949020908065 -1.133796215057373
-0.6001107292609436 0.7587892814127636 0.253191506648625 -62.256595611572266 -0.7768389024692502 -0.6283143268023976 0.041742380684633845 46.38129806518555 0.1907575220961669 -0.17163896162571016 0.9665152014406079 -1.1852836608886719
-0.19656838357915046 0.53593317764937 0.8210581585196807 -62.12916564941406 -0.1890261347092286 -0.8424003662923298 0.5046094958157616 46.57950210571289 0.9620966640488723 -0.05601117714525797 0.2668946553620623 -1.1964340209960938
-0.02985405731365553 0.6213614942483052 0.7829550617547768 -62.07956314086914 0.021546610405481947 -0.7827221452694145 0.6219982209660089 46.198062896728516 0.9993220095854726 0.035439198218341295 0.00997919774800416 -1.2555828094482422
-0.1315195139424733 0.7037114105310562 0.6982068949392629 -62.28242492675781 -0.08406989542251336 -0.7097053546786735 0.6994644824607364 45.7664909362793 0.987742309580785 0.03329504811243811 0.15250104798068498 -1.1618127822875977
-0.040828349816530635 0.9988595315426272 0.024752415997273958 -62.22136688232422 -0.021327392786590238 -0.025638649698189436 0.999443746270184 45.276771545410156 0.9989385307255824 0.04027773439627197 0.022349853326540298 -1.0513935089111328
-0.0268982224351203 0.710283185048923 -0.7034019353588588 -62.434635162353516 0.487128314795365 0.6237689284518377 0.6112432648485165 44.98334503173828 0.8729160844860508 -0.32620564209529457 -0.3627773263459804 -1.3168315887451172
-0.050190486875460655 0.8761847667948413 -0.47935495143356344 -62.381717681884766 0.658468960428493 0.3899023079494408 0.643735052958839 44.55268478393555 0.7509324491453436 -0.28333098081990465 -0.5965098592045288 -1.3976669311523438
-0.679697546992034 0.6641347600314671 -0.3113458930690386 -62.208709716796875 0.42569946791880553 0.7028448989617192 0.5699026329270085 44.214088439941406 0.5973200211165347 0.2548216406065943 -0.7604437677119237 -1.2652702331542969
-0.7895144955664016 0.4831353568833023 0.37847997069828476 -62.40192413330078 0.5800060243121012 0.3857450658412776 0.7174912932856947 43.735042572021484 0.20064863082563147 0.7859904395782131 -0.584772738625397 -1.2744522094726562
0.7759593050425228 0.20882631859455392 0.5952131765848023 -62.57255554199219 0.5898383229502402 -0.5746406584908782 -0.5673436933538769 43.65403747558594 0.22355739687421056 0.7913151598897974 -0.5690715315594438 -1.2668190002441406
0.7385409386235979 0.6020179792838375 0.3035319334040163 -62.593833923339844 0.5661776273035263 -0.7982316886077712 0.20559442026313718 43.40768814086914 0.36606034518631536 0.0200130937486261 -0.9303758916484695 -1.3887462615966797
0.7023806172542649 0.6956744989989703 -0.1506600808046039 -62.80205154418945 0.6704743211309705 -0.5755391108586031 0.4682081978949672 42.89420700073242 0.23900973454962499 -0.429874078439978 -0.8706794033832991 -1.3049774169921875
-0.7050281256401416 0.4646716509303918 -0.5357383679352942 -62.990272521972656 0.6931726227592396 0.6111204425778667 -0.38215640740475476 42.11674499511719 0.14982341977616617 -0.640790185228407 -0.7529547671683328 -1.3043746948242188
0.13377514902445728 0.7111820945097883 0.6901624721412736 -62.90182876586914 0.4820018312132214 -0.6551920511638225 0.5817195293256398 41.30612564086914 0.8658974790415925 0.25483995868076326 -0.4304394861638526 -2.1013259887695312
0.5480195966664452 -0.5216401831523887 0.6538853423883189 -63.20768737792969 -0.02169065284184518 -0.7903235992380898 -0.6123055806267371 41.35930633544922 0.8361842125087278 0.32137225737156183 -0.44442753621154607 -1.6649227142333984
-0.05190406391745361 -0.45618598246772935 -0.8883694713061707 -63.58231735229492 -0.9838763611368732 0.17581669294457303 -0.03279933654967415 41.6883659362793 0.17115278012617252 0.8723433039130788 -0.4579562053003495 -1.3741645812988281
0.784151058557206 -0.1582646571165612 0.6000495110167082 -63.01670837402344 0.5239536071356538 -0.3492878296193133 -0.7768337207210863 40.71430206298828 0.3325353138136614 0.9235530901835622 -0.190971083358824 -1.6107597351074219
-0.21314287565166007 -0.4005695794074331 0.8911308134119776 -62.859745025634766 0.9527655964726065 -0.2871899561768454 0.0987909269586022 40.12577438354492 0.2163511791905447 0.8700953632358315 0.44286140737071117 -1.3557300567626953
-0.8849585613392865 -0.10965657838679971 0.4525746121125223 -62.93241500854492 0.4449043924387513 -0.4860852997830847 0.7521842612840913 39.63822937011719 0.13750791359411269 0.8670043345631487 0.4789520409683059 -1.3196601867675781
0.47305857817174607 -0.5315407670541608 0.7026236507388577 -63.015289306640625 0.8663297246935024 0.13556136711376177 -0.4807243741050874 39.15011215209961 0.16027597989282766 0.8361145428143936 0.5246180339672585 -1.3708629608154297
-0.4192985037995849 0.6282299880032659 -0.6553745851685475 -63.26348876953125 -0.9011743162813447 -0.20064708465149045 0.3842207686938702 39.52254104614258 0.10988000903840672 0.751709937139502 0.6502757522923992 -1.3723888397216797
0.9040937907347539 0.031773604044617265 0.4261512121781177 -63.01001739501953 0.3320435357918234 -0.6799762487685039 -0.6537426033612753 38.750999450683594 0.2690009440387289 0.7325453837112957 -0.6253125241905388 -1.302767276763916
-0.19531377686769044 0.5915505931464232 -0.7822534271665373 -62.22246170043945 0.9423291612407708 0.334231355698224 0.01746862167982627 38.03944396972656 0.2717871969776053 -0.7337283534226018 -0.622715362700178 -1.2796134948730469
0.029279693909859544 0.8620737787361369 -0.5059362603531625 -61.8759880065918 0.44357012784862626 0.44238109003354753 0.7794514178966407 37.25959014892578 0.8957612635099257 -0.24724031062172774 -0.3694373933412442 -1.6224174499511719
-0.4019034596047799 0.7337028776568747 -0.5478628445840532 -61.48369216918945 0.5845922883557227 0.6661034289907064 0.46320414320452996 37.09604263305664 0.7047875322057908 -0.13411304636329882 -0.6966263167885829 -1.2612686157226562
0.5658250651700831 0.4441004999200042 0.6947062268297826 -61.56899642944336 0.14056966353243758 -0.8821754676684315 0.449451458934512 36.81351089477539 0.8124544081483269 -0.15665628048305744 -0.5615840493332813 -1.3066787719726562
0.41481677461319055 0.7094576383638043 0.5697340632845846 -61.02363967895508 0.11349496006411647 -0.6615997237693956 0.7412183885659502 36.3015022277832 0.9027989463549202 -0.24280787646926338 -0.35496252983228094 -1.3811378479003906
0.3306907010717221 0.3595954891759474 -0.8725449812983879 -60.55146408081055 -0.26929657667607965 0.9220765573612224 0.2779463548158544 34.73369598388672 0.9045015279231081 0.14305910152516532 0.40175997741882546 -0.8758583068847656
0.11036116405583962 0.9933820150284303 -0.03182115155515158 -60.2867431640625 -0.2899645885879114 0.06280485595113017 0.9549743909833401 34.75804901123047 0.9506529076551986 -0.0961650783133548 0.29497682430947514 -1.2504196166992188
0.115511425462126 0.6068762895890341 -0.786357602953233 -60.054386138916016 -0.08295173695144281 0.7947851290725497 0.601195149632687 34.489051818847656 0.9898364106883754 -0.00421517968504409 0.14214820553132723 -1.3937416076660156
0.4166298485084198 -0.27433776298169976 -0.8666939258665933 -59.31368637084961 0.04364729562074619 0.9583158179810058 -0.2823574093102409 33.92723846435547 0.9080277985374932 0.07980967867115125 0.4112370755094453 -1.1397132873535156
0.5673109571742296 -0.21951453750042033 -0.7937075315858079 -59.00703430175781 -0.1881653381951081 0.9037668706030471 -0.38444667914067904 33.355045318603516 0.8017182069605132 0.36744905963460045 0.4714118212366633 -1.1782054901123047
0.33871706124282003 0.6231276119569658 -0.7049700218022303 -58.64889144897461 -0.5573415234092189 0.7365406216624651 0.38324709904311155 32.90591049194336 0.758050907727785 0.2630967347913666 0.5967737673819138 -1.1654224395751953
0.33952981181924335 0.7022030868742982 -0.6258037485268012 -58.294498443603516 -0.4023510536445264 0.7098112901906634 0.5781708760816348 32.82396697998047 0.8501959400733036 0.05548654883908821 0.5235342456619231 -1.181692123413086
0.2258511645309631 0.758457810380941 -0.611337060345728 -58.06285858154297 -0.20185947092875373 0.6503681523832596 0.7323073264429003 32.58655548095703 0.9530183657602675 -0.04198828691115686 0.2999882969148878 -1.1573104858398438
0.5762944406458976 0.28616165959852463 -0.7655039008760504 -57.19279861450195 -0.2484702407811073 0.9537014819443048 0.1694580266125373 32.06108856201172 0.7785545948273701 0.09254721990991935 0.6207155185430234 -1.0303878784179688
0.6182938205724898 -0.07954749103553481 -0.7819110870884396 -56.54067611694336 0.11790025000172773 0.9929948659318643 -0.007792771168799062 31.579357147216797 0.7770535904887153 -0.08736929038804579 0.6233412585459793 -1.0035381317138672
0.6590658537977949 0.18042312987267253 -0.7301230680951895 -56.19052505493164 -0.287541622789083 0.9574931849356868 -0.022948114640114065 31.183147430419922 0.6949474911974319 0.22506509060417135 0.682930222987482 -0.884490966796875
0.5695352287150937 0.517715304954612 -0.638435968808305 -55.642547607421875 -0.5226359189075659 0.8275772849114447 0.20485979050620395 30.649404525756836 0.6344141545710422 0.21699470158129358 0.7419110323789202 -0.5178718566894531
0.30420799222116024 0.7534769578884793 -0.5828635958780523 -55.11328887939453 -0.7772228134930005 0.5500998335047563 0.3054748293461576 30.564664840698242 0.5508014121757453 0.36008699936149074 0.7529642469839073 -0.7790336608886719
0.7971605028740124 0.2577968404511793 -0.545963297036569 -54.32432556152344 -0.4268385949345855 0.8801718012644052 -0.2076208422419128 30.096853256225586 0.42701750143515255 0.398545341601632 0.8116758368682155 -0.743556022644043
0.7917714870840175 0.5018076855701241 -0.3482627728361433 -53.92183303833008 -0.5366358168711085 0.843803462572289 -0.004209109418125009 29.60306739807129 0.2917531701487435 0.1902229304100092 0.9373874996256282 -0.6103200912475586
0.9309195760300853 0.25702476837262667 -0.25947449085982177 -53.20253372192383 -0.2642053600154407 0.9644377515225342 0.007439837180330096 29.352516174316406 0.2521592169703053 0.06162866119879664 0.9657213042155415 -0.5597057342529297
0.9502115258744503 0.29009467905946196 -0.11376789211695872 -52.411434173583984 -0.24323948319982572 0.9187316041475717 0.31107361404193495 28.878768920898438 0.1947629582544635 -0.2679128901748044 0.9435518392595887 -0.5173115730285645
0.9750780716707182 0.15365381733988148 -0.16004142764858015 -51.636558532714844 -0.02765157154120501 0.799897109091886 0.59949979604479 28.538532257080078 0.22013210746779988 -0.5801337081081616 0.7842109001910514 -0.46972084045410156
0.9745803514760194 0.13051972008470858 -0.18209267197195977 -51.00121307373047 0.03401904520795559 0.7171375008832348 0.6961009333351649 28.12224578857422 0.221440382676732 -0.6846009111124216 0.6944679614093257 -0.4945850372314453
0.9677525249898636 0.24307950622203278 -0.06608633769998283 -50.41969299316406 -0.12630836370026904 0.6952362900185549 0.7075964233237733 27.610017776489258 0.21794780942946868 -0.6764309681675498 0.7035196498100159 -0.4660825729370117
0.9670802832897323 0.2543595090841548 -0.0075475698552039255 -49.8667106628418 -0.2012561898057658 0.7826581669971089 0.5890179451405461 27.14821434020996 0.15572948255586344 -0.568108646097904 0.8080847074977286 -0.5563168525695801
0.9544708414413978 0.01093397203229797 -0.2981037757119948 -49.108028411865234 0.1378057279323201 0.8701410787736809 0.4731427737793516 26.829343795776367 0.26456567084032984 -0.49268138922245913 0.8290175236547381 -0.49571704864501953
0.9399727119430269 -0.1817425278591277 -0.2888268588096433 -48.477333068847656 0.22638065825635284 0.9654244477445958 0.1292572367972583 26.399822235107422 0.2553489737004867 -0.18688308983002266 0.9486156294125097 -0.4692049026489258
0.9379266234078746 -0.2082137612625603 -0.2773818283947251 -47.9395751953125 0.21433111662777288 0.9767246115040042 -0.008438348620676352 26.07796859741211 0.272682638882264 -0.051537005183165244 0.9607227048159919 -0.4912996292114258
0.9767855310542893 0.06813916733200276 -0.20309377193378236 -47.269039154052734 -0.07676994423977931 0.9964372529806594 -0.03491670851867771 25.804237365722656 0.1999910047587417 0.04969763321988737 0.9785365313916136 -0.512814998626709
0.8977802114885399 0.3315852723379926 -0.2898998086031315 -46.708274841308594 -0.3573215970520889 0.9331568057074427 -0.03923840264367338 25.573436737060547 0.25751110294458696 0.1388149240190754 0.9562522934507615 -0.4884953498840332
0.8650023346471025 0.47625727320753225 -0.15795559746963087 -45.9389762878418 -0.46028942432968406 0.8784807397257189 0.12808292540850896 25.171995162963867 0.19976137490843945 -0.03808673847784326 0.9791040769227806 -0.5327935218811035
0.7539652460552444 0.6508656460661983 -0.08893997139467608 -45.32121276855469 -0.6365185875367501 0.7573046102484942 0.1460609975886709 24.830509185791016 0.16242073593318102 -0.05351297101831851 0.9852694385150274 -0.5143580436706543
0.761624243730655 0.6292702785230488 -0.15474956519884722 -44.57302474975586 -0.6385751113237901 0.7694312539765233 -0.014048935971233384 24.346580505371094 0.11022857415170026 0.109519231058473 0.9878538350732075 -0.4590625762939453
0.8125494483812817 0.566472230689154 -0.13737760295378873 -43.7888298034668 -0.581450537086078 0.8042729868479239 -0.12272015135677934 23.754919052124023 0.04097153716406643 0.17959447231129688 0.9828871545898037 -0.40017616748809814
0.9362834199831059 0.33491617356978104 -0.10585137762974717 -43.019168853759766 -0.34763610792923344 0.9266735401888829 -0.14291706118451147 23.302997589111328 0.05022443557227325 0.170608635757922 0.9840580264782497 -0.43775486946105957
0.9861968147752392 0.164644901066186 0.017547053316105066 -42.139404296875 -0.16551509004846104 0.977370134295402 0.13172841589284212 22.61511993408203 0.004538446146232214 -0.13281444627860917 0.991130528924563 -0.5503041744232178
0.9241191434860034 0.37979600777766487 0.0419380628885444 -41.64918899536133 -0.37971308244106794 0.9005275530577589 0.2118209177746813 22.4130916595459 0.042682357781621674 -0.21167219623737418 0.9764082638293515 -0.5405057668685913
0.8904965555300787 0.4342566672201849 0.1357830312074491 -41.07875061035156 -0.45357982712401473 0.8238059530626138 0.34001337050878955 22.095703125 0.035794203653865604 -0.36436917909369904 0.9305664276726135 -0.5268596410751343
0.9400538622986258 0.3370196557405633 0.05211993497644328 -40.32655715942383 -0.3381679086273866 0.9014789385017589 0.27014475566318474 21.78999900817871 0.04405906889638031 -0.27157591034967454 0.9614079900675517 -0.5223007202148438
0.8731262489256519 0.48709040124013364 -0.0198366947031605 -39.75697708129883 -0.48291320442980906 0.8697704425750471 0.1014604071061238 21.629026412963867 0.06667376113850314 -0.07900834286664038 0.9946417904618292 -0.6619945764541626
0.8151969120605618 0.5733382273899023 -0.08208088437833423 -38.99403762817383 -0.5759719704016343 0.8173983590379917 -0.010780164825148236 21.317445755004883 0.06091209960741607 0.05606424578466261 0.9965673667474835 -0.6764540672302246
0.9056991015215405 0.41485343677577885 -0.08721102853652768 -38.3560676574707 -0.4234946182838845 0.8946605470199556 -0.14224912615035915 20.84961700439453 0.01901172763483499 0.1657683069868263 0.9859814514538597 -0.6589635610580444
0.9903519860098513 0.1333306561889885 -0.0377608252896718 -37.605682373046875 -0.1380300932076575 0.9732642803175434 -0.18358740160223358 20.50827980041504 0.012273433726091748 0.18702827801749167 0.9822778558261319 -0.620419442653656
0.8569820569005426 0.51471264894614 -0.02554688171504989 -36.91184616088867 -0.515259861480531 0.8548773311017307 -0.06076202692015856 19.997377395629883 -0.009435533772878025 0.06523524954523974 0.9978253018034726 -0.6197221875190735
0.660301649291149 0.7315121723453547 -0.16997550898281993 -36.494178771972656 -0.7509354415847288 0.6401324476364264 -0.16225415882172692 19.44524383544922 -0.00988405358832975 0.23477732257093722 0.9719989271038756 -0.7074441909790039
0.9335361978072119 -0.32375628981559024 -0.15392216275929155 -35.61716842651367 0.35566494764996937 0.8902083041808023 0.2846605349898099 19.15953826904297 0.044862148820568486 -0.32048563146010745 0.9461904394099623 -0.74045729637146
0.9894776677427582 -0.13023704188503574 -0.06302585151655925 -35.03474044799805 0.14409877566203946 0.8478577620010055 0.510267339996739 18.819135665893555 -0.013018751516683469 -0.5139800855438681 0.8577033192038288 -0.7422823905944824
0.8841410308744025 0.46696743016247155 0.015364136546058596 -34.579689025878906 -0.467095428020452 0.8826673636061969 0.05215540573014881 18.563644409179688 0.010793453883693469 -0.05328925212407241 0.9985207844413243 -0.5984886884689331
0.7522995923099945 0.6414868014562904 0.1501332973313835 -34.01200485229492 -0.6575309596268724 0.7453258626501523 0.11019253875363108 18.10364532470703 -0.041211170116610095 -0.18161509304621112 0.9825057747593322 -0.6750431656837463
0.8489862555649512 -0.33249566982499756 0.4106932765573713 -33.136329650878906 0.5247031433749642 0.43849729075049343 -0.7296620706442876 17.965343475341797 0.06252158982491665 0.8349651223566787 0.5467396960653775 -0.8041729927062988
0.9483193916363566 0.22684265503147694 -0.22188452245418427 -32.53120422363281 -0.31621742136565034 0.7337532324008587 -0.6013424451725911 17.376691818237305 0.026398368724407706 0.6404284533026015 0.7675640183913837 -0.9247723817825317
0.029347009623052978 0.3642137040776326 -0.9308529050221818 -32.10531234741211 -0.9977524031257998 -0.0454494523488857 -0.04923910374771007 17.28394889831543 -0.060240311112043754 0.9302057433940283 0.3620612929793615 -0.7958188056945801
-0.04272378836346841 0.8923633208043311 -0.44929097652962036 -31.615373611450195 -0.9988538458120455 -0.02843790103521776 0.0385003959875391 16.94607925415039 0.021579448889156444 0.4504209025653422 0.8925555097123442 -0.817467451095581
0.5137661835385275 0.8539509671056303 -0.08253517087651087 -30.95113182067871 -0.8572092275462416 0.5148967274703771 -0.00858488496557619 16.654891967773438 0.03516601856667945 0.0751605336573323 0.9965511754639163 -0.8060752749443054
0.8854064058600364 0.46473260231759783 0.008894088212190843 -30.23472023010254 -0.464683940121278 0.8854485695071058 -0.007047449977458882 16.403459548950195 -0.011150437452281954 0.0021069174007932088 0.9999356122489533 -0.892383873462677
0.8453924427025369 0.4791723634966958 -0.23602004974668633 -29.642969131469727 -0.5341208831444406 0.7626093914995528 -0.3648860071113779 16.202592849731445 0.0051478160845834925 0.4345351102703579 0.9006401822769663 -0.899173378944397
0.521941386892508 0.7906217018352268 -0.32014764287105824 -29.159515380859375 -0.8520874768022764 0.5004547133625168 -0.15327104015426798 16.14104461669922 0.03903998623789809 0.35279229648677224 0.9348868781912247 -0.9157370328903198
0.4305628216387377 0.8771209403941992 -0.2127780828574325 -28.672990798950195 -0.9003620893747778 0.43385247731838283 -0.03346843201267262 15.899051666259766 0.06295843580627847 0.20598758177787807 0.9765271893368505 -0.8756552934646606
0.6047191650042476 0.7932463169182244 -0.07123911967618071 -27.997343063354492 -0.7910012811737632 0.6086174340267374 0.06246432726104432 15.57884407043457 0.09290696775823881 0.018576859109699216 0.995501479480361 -0.8685827255249023
0.931518912570638 0.36200199729549354 -0.03502955148570363 -27.34975814819336 -0.34199742463417615 0.9046467894700425 0.2542674730380105 15.16073989868164 0.12373470437515521 -0.22487494359225066 0.9664993443751397 -0.884358286857605
0.9540176395891355 0.2940614752200317 -0.05812221730278795 -26.8533992767334 -0.2606119210348449 0.9095075372493184 0.32384790612447517 14.738399505615234 0.14809378774040993 -0.2938092722806716 0.9443221598345556 -0.9300947189331055
0.9326111065587055 0.33788767122514585 -0.1267613724972817 -26.51934051513672 -0.3196757959540004 0.9364760978117077 0.14429103821281822 14.232369422912598 0.1674631583498984 -0.09404488216487081 0.9813825200878974 -0.9194643497467041
0.9393900837706036 0.27772297400438095 -0.20103785768760157 -25.854686737060547 -0.2922909062884764 0.9552121583690872 -0.04621426841280868 14.11296558380127 0.17919904189062935 0.10217476309750831 0.9784927292379074 -0.885261058807373
0.9317624354942403 0.23527306413136748 -0.27652368632014046 -25.218563079833984 -0.3251817825402762 0.8795314929650002 -0.3473919417411502 13.56032657623291 0.1614793240813526 0.41360722693999874 0.8960209203569045 -0.9246976375579834
0.9304499083331571 0.31345544421704635 -0.1897594597734568 -24.67860984802246 -0.3404787287785483 0.9309972035699863 -0.13159955240885032 13.351262092590332 0.13541493024095888 0.1870558511128699 0.9729711738958542 -0.9361773729324341
0.8718389283098752 0.4625339607418411 -0.1611186464812611 -23.993074417114258 -0.4601301899573769 0.8861944285740081 0.054218475210724745 13.165369987487793 0.16786033293567862 0.026865776088784335 0.9854446401000265 -0.976405143737793
0.9062798575328768 0.3879233769207642 -0.16784598138942688 -23.50236701965332 -0.3801275054688057 0.9216681543846599 0.07765882293235238 12.988953590393066 0.18482396872768483 -0.0065777527747767975 0.982749629230244 -1.0000746250152588
0.9736275741644295 0.11893936304390072 -0.19468634966375956 -22.974761962890625 -0.1274213186972696 0.9913453614756648 -0.03159401560631945 12.684091567993164 0.1892436375895827 0.05556799617940791 0.9803565899367781 -0.9978594779968262
0.9723223761744946 -0.1556989074461944 -0.17420403844471116 -22.274131774902344 0.15275671454764583 0.9878005706483423 -0.030255888475117572 12.524535179138184 0.17678965736432112 0.002807640801650956 0.9842446515994563 -1.0107359886169434
0.9839562971133445 0.12020576620787457 -0.13183542445554494 -21.737548828125 -0.06526918282179317 0.9302565962572215 0.36105761159918015 12.338967323303223 0.16604198006760593 -0.3466601201325398 0.9231775679493746 -0.9611606597900391
0.8864050855059348 0.4626944689307095 0.014136930718693368 -21.162870407104492 -0.4425520730582407 0.8380695588870457 0.31904087057730746 12.200562477111816 0.1357707148875264 -0.28905577816020456 0.94763551542306 -0.9569486379623413
0.7936820921781914 0.6027973402655448 0.08187858770419965 -20.774538040161133 -0.5883168702487495 0.7263413741599563 0.355403247543045 11.920952796936035 0.15476432643333962 -0.33024774753541 0.9311199860981523 -0.9681903123855591
0.8047687659891107 0.5858510981870002 0.09552865560369865 -20.31839370727539 -0.5654013937478803 0.7075582000213285 0.4238899120414783 11.606910705566406 0.18074428687048055 -0.39514539645004565 0.9006617669402971 -0.9697468280792236
0.9088993712400009 0.41554102803451604 -0.035036937359721014 -19.81000518798828 -0.3886572605135605 0.8745502274468558 0.2900128161353346 11.243047714233398 0.15115378529704723 -0.24997510614593313 0.9563811894311305 -0.9860889911651611
0.9032438783909674 0.42033300664681145 -0.08643297792217454 -19.249454498291016 -0.41530813423822893 0.9069443044099996 0.07050661198656125 11.056000709533691 0.10802615324450283 -0.02778834686543632 0.9937596077491184 -1.0269520282745361
0.8125335709581029 0.5788002710083675 -0.06913351102550844 -18.887210845947266 -0.5788765029963101 0.8151454988732058 0.020971646228073813 10.796425819396973 0.06849226485404508 0.022979598503736334 0.9973869598645104 -1.0330965518951416
0.6523882871742994 0.756078891709268 0.05228988687565533 -18.22283935546875 -0.757544003558386 0.648471783043495 0.07490947382756424 10.581437110900879 0.022728955772670346 -0.08848195357289168 0.9958184264520358 -1.0825469493865967
0.7180228428249479 0.6953462362621851 -0.030607334049107388 -17.62110710144043 -0.6952632424677102 0.7185982506782601 0.015019247498801624 10.426036834716797 0.03243795392539567 0.010495991528093721 0.9994186376624041 -1.2058398723602295
0.8086459136179618 0.5882469470675527 0.007570710315123914 -17.076162338256836 -0.5869645134329724 0.807614581298297 -0.05684494739878007 10.204411506652832 -0.0395530828048275 0.0415236961273928 0.9983543140090867 -1.1808384656906128
0.7865338396073462 0.6174761672399407 0.009364936903047983 -16.707393646240234 -0.6173496647494412 0.7865753736614151 -0.013363120262792672 9.916786193847656 -0.015617637026066151 0.004729105631932708 0.9998668536228431 -1.2596088647842407
0.841047226730086 0.5407544964295937 0.01497120572325197 -16.141618728637695 -0.5365165386880494 0.8373572756636877 -0.10479883876876599 9.627152442932129 -0.06920669132263312 0.0801084732363782 0.9943807451836094 -1.1590454578399658
0.8494116055288666 0.5218396993016735 -0.07863366089412363 -15.771979331970215 -0.5247760240362086 0.8194805085347794 -0.23035151557636432 9.450093269348145 -0.055767813204586875 0.23692831060115707 0.9699252170379219 -1.2632681131362915
0.8210631728136822 0.5708077837293668 -0.0058086386613197556 -15.349504470825195 -0.5702289505272755 0.8196759634385594 -0.054500082033255376 9.332284927368164 -0.026347869547487447 0.04806026420066714 0.9984968706887722 -1.2607958316802979
0.7516514387083633 0.6558439845219314 0.06991983019175937 -15.027586936950684 -0.6595331355620696 0.7483513685832982 0.07061354144333516 9.040091514587402 -0.0060131342337134824 -0.09919121486251402 0.9950502224062794 -1.29667067527771
0.8017523385181433 0.5948845222886322 0.0574942851256916 -14.79833984375 -0.5966796416329297 0.8022273115867806 0.020118295281780094 8.779643058776855 -0.03415542331002401 -0.05043555973390487 0.9981431066599823 -1.4164304733276367
0.880841726720512 0.4730837134883476 0.017596945760619057 -14.36970043182373 -0.47270756893485016 0.8809507001935754 -0.02175817318051926 8.492280960083008 -0.025795479056048343 0.010847297383431865 0.9996083880199008 -1.5023815631866455
0.9720317012890521 0.2324844767320632 0.03324665047383785 -13.989461898803711 -0.23481295836667507 0.9595884720241082 0.15508977703745436 8.300691604614258 0.00415286313293527 -0.15855892417980122 0.9873407827547402 -1.5824613571166992
0.9738362100947577 0.2147866037019996 0.07422769549460004 -13.70654582977295 -0.2272090240412728 0.926533156290583 0.29985391391212923 8.16417121887207 -0.004369817214850059 -0.3088738013564285 0.9510929920534261 -1.5714704990386963
0.9225652331628139 0.3847880557221541 -0.02848758910133696 -13.43751335144043 -0.37416822416182033 0.9102363320129169 0.1773921078043215 7.959415912628174 0.09418880287397174 -0.15299664067303806 0.9837278573649995 -1.521196961402893
0.7148146762204503 0.6989373516991669 -0.022946831145232938 -13.054325103759766 -0.6950833659022567 0.713711618977585 0.0864571534483058 8.054960250854492 0.07680555387367684 -0.04585088151987325 0.9959912668081022 -1.677596926689148
0.7744377064115111 0.6288203106198467 0.06950723588258731 -12.619728088378906 -0.6312140814681158 0.7754007115568068 0.017958838313228205 7.739726543426514 -0.04260307787520925 -0.057781947606126614 0.9974197833843089 -1.8782919645309448
0.9972713869663339 0.06466515889102682 0.03561176721033171 -12.398089408874512 -0.05987020133547959 0.9906837914995811 -0.12231591986353829 7.285563945770264 -0.043189578954809696 0.11985008337757899 0.9918521148760502 -1.9239286184310913
0.9919061368250877 0.12522830100508842 0.02097828296381642 -12.091798782348633 -0.11770290825808219 0.9688213422862112 -0.21801658679635824 7.273892402648926 -0.047626055015300914 0.21378278545786492 0.9757195701253288 -1.9292470216751099
0.9594608023544866 0.27721189550336467 -0.05087763493634698 -11.766671180725098 -0.2816535715060007 0.9364656058065788 -0.20905366487873717 7.155295372009277 -0.010307007480287771 0.21490866462929975 0.9765797619570316 -2.0411605834960938
0.8714131217786274 0.48814741356077457 -0.0484899353057211 -11.410589218139648 -0.4826836601839591 0.8356093238398847 -0.26224710122948297 7.025788307189941 -0.08749660212512939 0.25193086461522834 0.9637817097614896 -2.0831706523895264
0.8836987666630858 0.445524751893297 -0.14347189706892866 -11.12310791015625 -0.4680555137178365 0.8406832781336269 -0.27235209186791853 6.931596755981445 -0.0007251734091175827 0.30783002016846095 0.9514410926623947 -2.029468536376953
0.9555676547821413 0.22739750269359527 -0.1875655429519894 -10.844978332519531 -0.29407827927302277 0.7790493903924947 -0.553714739725159 6.832489490509033 0.020209472877249404 0.5842708473797052 0.811307065239928 -2.059481143951416
0.9239962416832482 0.3101990384316432 -0.22362357190447674 -10.486231803894043 -0.38228417050439134 0.7637916012484238 -0.5200780737967508 6.75499963760376 0.009474087660679073 0.5660379372607927 0.8243247510808741 -2.046137809753418
0.8473783464253224 0.5199260093698475 -0.10782802414137055 -10.269219398498535 -0.5290934068835995 0.8439058542199593 -0.08878668822288041 6.666652202606201 0.04483419232898666 0.13228701370136978 0.990196970912445 -2.024829864501953
0.8826159522565747 0.46920225754878353 0.028953796527311535 -9.941285133361816 -0.4689998617049188 0.8746872423193193 0.12231662946873398 6.516467571258545 0.03206572224333923 -0.1215379349625027 0.9920687072083585 -2.05841064453125
0.9826441345225052 0.18428225112250585 0.021226323509707472 -9.627300262451172 -0.1853694411259466 0.9711954387397249 0.1497250482311082 6.315037250518799 0.006976760363612691 -0.15106115216155067 0.9884997992526118 -2.02569317817688
0.9612250614691608 0.27263515593774107 -0.04143009715666921 -9.622666358947754 -0.2694363301865987 0.9605074778872281 0.06949423643938826 6.322371482849121 0.058740490117002046 -0.0556368283560362 0.9967216753694558 -2.0361368656158447
0.9379229794431262 0.34508875540313866 -0.03484588249480482 -9.505318641662598 -0.3408163457250073 0.9356092721066642 0.09208424639801437 6.162973880767822 0.06437936873860542 -0.07449188440595823 0.9951413246561857 -1.9917235374450684
0.8352590159737463 0.5490375005084935 -0.03000332098211621 -9.283121109008789 -0.5474966838445077 0.8354851119215241 0.04703199907240109 6.098183631896973 0.05088965920338964 -0.02285718252246091 0.9984426832789645 -1.9947729110717773
0.7885916274267566 0.6031623539784223 -0.11965960009806004 -9.139153480529785 -0.5999430595837274 0.797362800052436 0.06542851327865352 6.048482894897461 0.13487612987380504 0.02019256882486889 0.990656696214444 -1.8999298810958862
0.9662033981642053 0.17622843468231933 -0.18813434610767327 -8.93359088897705 -0.18375568899600916 0.9826979588774424 -0.023207076069822065 5.901562213897705 0.18078949122541454 0.056993512152946436 0.9818690846721511 -2.085528612136841
0.9616092510371465 0.04484434614351997 -0.27073350907994104 -8.685917854309082 -0.05021003933004953 0.9986550832161148 -0.012921947109075464 5.805187225341797 0.2697899187706116 0.026019404020365833 0.9625676029994839 -2.071925401687622
0.8646390994856533 0.40102991618970757 -0.30261234932089975 -8.568136215209961 -0.3923398755022835 0.9152216262607449 0.0918629245968672 5.659482002258301 0.3137971474240816 0.03929861505846162 0.9486764301504469 -2.0381088256835938
0.7865313595961342 0.550280186808709 -0.2802858119449298 -8.181146621704102 -0.5233702180492459 0.8348844980797997 0.1704449756523363 5.59030294418335 0.32779877246710537 0.012632928077565775 0.9446631007386949 -2.0299644470214844
0.6341169174475202 0.7446265733407216 -0.20839146163341232 -8.01485824584961 -0.6691702545885814 0.6635060515634105 0.3346205162756555 5.500007152557373 0.38743632429175784 -0.0727391628600993 0.9190223657809988 -1.9627950191497803
0.5024295707844193 0.8138321597383372 -0.29196188480179724 -7.884985446929932 -0.7518109145376254 0.5779884072909556 0.317347994824867 5.477309226989746 0.42701858880320837 0.06005511479381401 0.9022463676865751 -1.9701964855194092
0.2554305366423355 0.9577731405574319 -0.13200701563690598 -7.797737121582031 -0.8911348824301983 0.2861876919096419 0.3521011592079026 5.306774616241455 0.3750118161694713 0.027698668310692565 0.9266061307303599 -2.04791522026062
0.45384887970998206 0.8458250142635376 -0.28035912617940745 -7.632582187652588 -0.8305024658574752 0.515538225603162 0.21091702668726559 5.020164489746094 0.322934743548364 0.13711448934386905 0.936436206167469 -2.056920289993286
0.9179277317786416 0.1655485015792614 -0.36055841809140976 -7.262271404266357 -0.19922054880082943 0.9782347302100615 -0.05803434798759274 5.006440162658691 0.34310326749714126 0.1251019833404329 0.9309294503865884 -2.030435562133789
0.8001021408776142 0.44271931955271354 -0.4047668072580074 -7.073968887329102 -0.4341251161673911 0.8930103933125659 0.11860784522275813 5.129100799560547 0.41397095027997777 0.08082104633397696 0.9066951035457143 -2.081993579864502
0.621307250179166 0.7226431345601495 -0.3029260651510282 -6.915041923522949 -0.6951292218008908 0.6867471204432725 0.2125411902699365 5.037055492401123 0.3616250349094919 0.07851937745521902 0.9290113247376233 -2.0866785049438477
0.431671650005028 0.8599100467248677 -0.27242301320478146 -6.771975517272949 -0.8785211761345226 0.46929092375327974 0.08925565509259692 4.891913890838623 0.2045974820596575 0.2008002500606742 0.9580287730075852 -2.1616108417510986
0.3840984070910362 0.915992668780729 -0.11586994610375294 -6.675316333770752 -0.9209926779780923 0.38896430008076627 0.021892016202761995 4.637508869171143 0.06512219883320129 0.09830668340778057 0.9930231091049653 -2.1238150596618652
0.5539650689288211 0.8322128269956192 -0.023334802134285636 -6.514667987823486 -0.8286047117219587 0.5538519666268777 0.0816224893991215 4.426532745361328 0.08085130870218601 -0.025880680970557613 0.9963901124728427 -1.8162288665771484
0.7292693334915906 0.6813878998226972 -0.062263706956342486 -6.191310882568359 -0.6751236110726113 0.7313758248523521 0.09642361014719972 4.466231822967529 0.11124005124508304 -0.028283083225768495 0.9933910197914191 -1.8745369911193848
0.7736163753170787 0.6336370328547487 0.004670592713430552 -5.90455436706543 -0.6324124526321773 0.7716180858379625 0.06826433449109927 4.393054008483887 0.03965089654747821 -0.05576414800558345 0.9976563367213143 -2.1130692958831787
0.859442594951655 0.5052804204878589 0.07778253437872783 -5.653804779052734 -0.5107780252768082 0.8550944097479554 0.08899078217501019 4.054852485656738 -0.021546110486345697 -0.1162120780702603 0.9929906938302604 -2.1759591102600098
0.8416928860873276 0.5365792448416256 -0.060297591288343694 -5.465908527374268 -0.5390217159132031 0.8284117656478016 -0.15228110949910473 3.8096230030059814 -0.0317596486751882 0.16067563767255783 0.9864961551747407 -1.9703431129455566
0.9012770679295633 0.43199897524428454 0.03281055031811589 -5.291353225708008 -0.4109209860177747 0.8763808213724523 -0.25119832638918166 3.753413677215576 -0.13727195662067837 0.2129167473883491 0.9673793819423158 -2.1627259254455566
0.9021806146956352 0.4173262250647932 0.10912818307190764 -5.020810127258301 -0.40491326741703537 0.906540043880025 -0.1192912180827369 3.683983564376831 -0.14871242159640413 0.0634347752827441 0.9868437794036913 -2.090230941772461
0.8371955199959541 0.5285792223829305 0.1403839982468114 -4.821453094482422 -0.5212573771098351 0.8488839469089784 -0.08767434909259492 3.5850768089294434 -0.16551256178090976 0.00022437756455722518 0.9862076564027625 -2.0778872966766357
0.8712851564346247 0.49058810011229714 0.013619552301687958 -4.622230052947998 -0.490630576794126 0.8713676449285447 -0.0002539416175046383 3.4636175632476807 -0.011992217949774018 -0.006460913239522138 0.9999072173500683 -1.9233098030090332
0.8917063970805115 0.4170883030227846 0.1757755639651514 -4.149042129516602 -0.40933834319199564 0.9088657784962173 -0.08003197780448043 3.5085859298706055 -0.19313679659382685 -0.0005866515478730253 0.9811716636967438 -2.1247053146362305
0.899948318206041 0.4328733550829986 0.05209302273151845 -3.926025390625 -0.4024519857219999 0.8707157738137984 -0.2826418943119679 3.4325990676879883 -0.16770636167580974 0.23339815700006422 0.9578099375984966 -2.055093765258789
0.8739488265004892 0.47463596917240547 -0.10456646415648378 -3.713284969329834 -0.4408114518229007 0.6834836286327006 -0.5818379442188892 3.3153839111328125 -0.20469175020064773 0.5545906834403622 0.8065546858341024 -2.0005042552948
0.9284016427967079 0.36992206874408584 0.03504358298561938 -3.3145267963409424 -0.3010961608476388 0.8042114707032145 -0.5124304951036636 3.288776159286499 -0.21774180024787848 0.46518982517405594 0.8580133652684814 -2.0077993869781494
0.9016917898758086 0.39466637997948467 0.17660794032106797 -3.103607177734375 -0.35048997756698613 0.9063536936762508 -0.23596558559355774 3.1373822689056396 -0.2531969425085035 0.15086891818166565 0.955578294976942 -1.9764761924743652
0.9110203204007314 0.3177980721167349 0.2627667429029695 -2.8136954307556152 -0.3254663272845693 0.9454340902979442 -0.015034982753304175 3.066540002822876 -0.2532067250703312 -0.0718245519400235 0.9647422392109576 -1.9448485374450684
0.9498786980680615 0.16991778503416152 0.2624088513857888 -2.6165313720703125 -0.18371207612488047 0.9825589357204255 0.028771703491984907 2.8686513900756836 -0.25294333761222226 -0.0755373031357954 0.9645277516964249 -1.9660614728927612
0.9657870007070594 -0.21062886767257635 0.15129755241982865 -2.347926378250122 0.1698013204832147 0.9545460776681536 0.2449679513130235 2.6328203678131104 -0.19601780742427224 -0.21089633878119263 0.9576532532505015 -1.910839557647705
0.9510819522456445 -0.294426915533075 0.09357302774995158 -2.181110143661499 0.23648086627703868 0.8887210297981065 0.3927489415382993 2.471830368041992 -0.19879617701926522 -0.35140819939818224 0.9148728640626808 -1.8930014371871948
0.9730912088140584 -0.054782172975566895 0.22381334377751017 -2.0346908569335938 -0.02079476632041236 0.9464842501039546 0.3220794032514875 2.4560158252716064 -0.22948001442930566 -0.3180667820273439 0.9198763205715734 -1.8039652109146118
0.9997791621238381 0.01624721629699575 -0.013328726329055298 -1.999201774597168 -0.017569673484477952 0.9942128364704497 -0.10598180207484571 2.178140163421631 0.01152968154829302 0.10619257864832916 0.9942787349045605 -0.9288345575332642
0.8735099318573264 0.39662051044061053 0.28226329843682946 -1.4698628187179565 -0.4319649437046854 0.898870469301774 0.07374392739349103 2.032015800476074 -0.22446978940787785 -0.1863439028115438 0.9564984388529576 -1.5460841655731201
0.8331787607074487 0.39064629449436494 0.39141873397146176 -1.0506744384765625 -0.4733866444012341 0.8697126367074386 0.1396603539088112 1.9462053775787354 -0.28586401943675877 -0.30165444162023664 0.909552835321975 -1.6390546560287476
0.9415318810234219 0.07788054608863634 0.32779923361324814 -0.8262661695480347 -0.16514515886046474 0.9547049243510303 0.24751885569557217 1.6852917671203613 -0.29367463888025624 -0.28718135030121544 0.9117467184024968 -1.7925972938537598
0.9752995531458515 -0.10169990131271538 0.19608139051548626 -0.5265302658081055 0.06398441255380531 0.9797187714137426 0.1898871346081443 1.43477463722229 -0.21141612186313305 -0.1726506849466026 0.9620264884106997 -1.6825300455093384
0.9539729975975499 0.062929267181634 0.2932156666802224 -0.23390519618988037 0.02809529814774522 0.9546818343527389 -0.29629925646021915 1.3496084213256836 -0.2985735656027407 0.29089947144825123 0.908972674745723 -1.6101016998291016
0.9932944128340285 0.11371399879149499 0.020864704923639586 0.050097450613975525 -0.0752459024106748 0.7728827917934382 -0.6300716184053876 1.161407470703125 -0.08777393464523439 0.6242766346968538 0.7762566713197803 -1.6311566829681396
0.3884094347390417 0.7154373943669785 -0.5807645355452469 0.228465735912323 -0.9213405982059106 0.29028076071030257 -0.258589601606527 1.1922833919525146 -0.01641989961212892 0.6355205855854208 0.7719093030880578 -1.5298571586608887
-0.2022840524541082 0.9793267591415219 -0.0005108347161720816 0.5447190999984741 -0.9766987951588274 -0.20177936911079575 -0.07310642746396666 1.1632639169692993 -0.07169815658745031 -0.01428933275604291 0.9973240142056886 -1.5253090858459473
0.2494837280840358 0.9533328468139782 -0.17004220830972264 1.2125816345214844 -0.9683746901219331 0.24612960810629553 -0.04087389808534894 0.8192335367202759 0.002885992470711002 0.17486194325523663 0.9845887323387676 -1.5000317096710205
0.32464512980688165 -0.9450103699933414 0.039508736979570476 2.353677272796631 0.9442986274584799 0.32621517362316477 0.043402334937644685 0.35301685333251953 -0.05390400609142106 0.02321768944267308 0.9982761627046093 -1.2563539743423462
-0.8307182161577581 -0.32744056043829056 -0.45021097801312054 3.364996910095215 0.30027681865768646 -0.944546859931875 0.13290997543320004 -0.027647972106933594 -0.46876548243283783 -0.02477718250110604 0.8829750923479188 -1.1627674102783203
-0.585394785573663 -0.660478003110636 -0.4701933138935009 3.381004571914673 0.6721863323444947 -0.7196446699688483 0.17400311374996805 -0.13418793678283691 -0.45329734130305926 -0.21419700369616382 0.8652405237707974 -0.7399617433547974
0.9104827138600199 -0.3829063573496455 -0.1562176342904939 2.724459171295166 0.39712896171920364 0.9149359059425449 0.07197830076433914 0.08719700574874878 0.1153681737998839 -0.12757354552696237 0.9850965307804913 -0.9281477928161621
-0.1880351306728852 0.9031009584811872 -0.38607181770130833 2.787532329559326 -0.7673493965399402 0.11026894705644841 0.6316768659250172 -0.09790730476379395 0.6130397158933678 0.41502941836142576 0.6722595396362597 -1.6319165229797363
-0.4231115536852236 0.8719553506300541 -0.2463137828983501 2.636197090148926 -0.3652610890288834 0.0846361234058812 0.9270496553347392 0.05281782150268555 0.8291929509948275 0.4822142605963078 0.2826808392835388 -1.6852267980575562
-0.44316093228915976 0.6458051499390909 0.6217267055586009 2.791804313659668 0.067402824790956 -0.6675812651860668 0.7414796784691878 -0.08982527256011963 0.8939044956273587 0.3705009617864964 0.2523168444881926 -1.6308562755584717
0.2909709811019828 -0.04251445197830443 -0.9557868012948986 3.280550241470337 -0.20703789944211431 0.9725420659398674 -0.10628846678737805 -0.5489389300346375 0.9340616662464777 0.2288109511155422 0.2741794162559517 -1.6047513484954834
0.08797787748073771 -0.9112938414161292 -0.4022479678892352 3.640807867050171 0.18711684798323913 0.4117442215228082 -0.8918822687122971 -0.9831681847572327 0.9783900951434463 0.0031985371049159106 0.20674281386685922 -1.6015145778656006
-0.06073168031912686 -0.739684773429518 0.6702075044060143 3.1119484901428223 -0.14663949105310353 -0.6575497824469962 -0.7390028032880487 -1.182502269744873 0.987323919830418 -0.14315976935029695 -0.06853289553395232 -1.8389899730682373
-0.028964333661256975 -0.9320561479254061 0.36115426688606733 3.3403878211975098 -0.0469472883410324 -0.3596386610506847 -0.9319098591575767 -1.2220685482025146 0.9984773505157657 -0.043947361605949475 -0.03334081455052634 -1.828810691833496
0.04836765363496378 -0.1330328139252456 0.9899307251020038 3.6341800689697266 0.0773661816223942 -0.9876141911307068 -0.13650158760399245 -1.2706120014190674 0.9958288226512721 0.0831894217816826 -0.03747634027770617 -1.7094323635101318
-0.013798353930558366 0.9958117281586472 0.09038034902840236 3.903576612472534 0.026615190980527503 -0.08999115077015346 0.9955868743570968 -1.6143908500671387 0.9995505175016806 0.01614295031127516 -0.025261989576646715 -1.621558666229248
0.14065433983847878 0.9891640216662596 -0.042082002395719964 4.584780693054199 -0.0886071651479437 0.0549107313698583 0.9945519503097223 -1.7958531379699707 0.9860857604534439 -0.13615928106985187 0.09537045249706183 -1.660543441772461
0.3541114270461669 0.5056392547808216 -0.7867236117341482 4.9669060707092285 0.07237918259163248 0.8238918068835556 0.5621063462348714 -2.081514358520508 0.932398172007375 -0.25599069235979155 0.25515174751990277 -1.736264705657959
-0.1441133151833902 0.28063437708068734 0.9489339802048335 5.099302291870117 -0.6737677566811575 -0.7301573710345767 0.1136099625064455 -2.1486544609069824 0.7247540013298948 -0.6229884107464682 0.29430779403865037 -1.7443063259124756
-0.8138157816591043 -0.22123129865551805 0.5373644815372283 5.36983585357666 -0.33585096563577466 -0.57557859041409 -0.7455960133600816 -2.3412861824035645 0.474244665129824 -0.7872521824371923 0.3941141951817758 -1.7530174255371094
-0.22578610554963485 0.5968795622870102 0.7699061128896145 6.292357444763184 -0.9664473394869331 -0.23660151681196862 -0.09999631113648288 -2.4774789810180664 0.12247519969102999 -0.7666514921177304 0.6302740000145172 -1.663771629333496
0.2686563511386852 0.6568806728188391 0.7045080174631919 6.582564353942871 -0.9621509919359318 0.14829756638899733 0.2286335507308666 -2.542819023132324 0.04570813614172331 -0.7392669433162629 0.6718594740050032 -1.6152088642120361
0.859380172066859 -0.2570036665740065 0.44205750217121426 7.613905906677246 0.2665612834869399 0.9629191376067414 0.04161510034212358 -2.8829894065856934 -0.4363608621360667 0.0820722230611958 0.8960208413857695 -1.833205223083496
-0.01761286625359726 -0.6301181059709903 -0.776299529479353 8.241238594055176 0.9091390684649793 -0.3332270068916916 0.24985178820379525 -3.0514564514160156 -0.41612010421627377 -0.7013636249518052 0.5787340705898532 -2.0774550437927246
0.5879360044931602 -0.7980058332977951 -0.13235537255174337 8.422178268432617 0.650336999894306 0.3690109605314076 0.6639975132304049 -3.025283098220825 -0.4810333056962818 -0.4764636408272724 0.7359275492740627 -2.0600759983062744
0.8783438955875889 0.10485963013252755 0.4663865982771035 8.277225494384766 -0.17355690161294032 0.9790221037217802 0.10674138057330831 -3.3483564853668213 -0.44540992690614223 -0.1747002529839302 0.8781172009594254 -1.935399055480957
0.7305207280278202 0.46134374770017866 0.503489237600624 8.465139389038086 -0.44051722939336874 0.8817365682430715 -0.16877557533755239 -3.349231481552124 -0.5218084289557748 -0.0985016278083034 0.8473567092965163 -2.1851205825805664
0.8224916464435963 0.4390418746240041 0.36159331279372753 8.713607788085938 -0.2366292628188763 0.8422408460415355 -0.4843933827345639 -3.2947652339935303 -0.5172176365015962 0.31284595184511943 0.7966262153016456 -2.3387198448181152
0.901308837036921 -0.10946334310984798 0.4191183088274344 8.794370651245117 0.1997838256144955 0.9635401422370046 -0.17797982279103963 -2.9779865741729736 -0.38435504849291346 0.24414784621845165 0.8903162504890616 -2.5157878398895264
0.8976462253971396 -0.24829321636194093 0.3641177457072234 8.980768203735352 0.3369381356604588 0.9191968876195555 -0.20383761803989106 -3.0316076278686523 -0.2840844007824472 0.3056592228269329 0.908773069986624 -2.623577833175659
0.8728059490209926 0.4822912005063701 0.07486636940368337 8.856939315795898 -0.441908701793575 0.8460245614259098 -0.2982601896720617 -2.9548184871673584 -0.20718705228049766 0.22723916779072514 0.951543948532645 -2.7492945194244385
0.8183025620946728 0.5579247540033051 -0.13820595406727681 8.787562370300293 -0.5673705096459579 0.7455425987631951 -0.3496525964632725 -2.9119789600372314 -0.0920414127085239 0.3645355981242072 0.9266294707415937 -2.808795928955078
0.9592032554536815 0.2741291121308318 -0.06915449811416116 8.894129753112793 -0.2787849265263872 0.9577841131998762 -0.07020368397458754 -2.944312334060669 0.046990206093787165 0.08661883388899141 0.9951327037872763 -2.8746562004089355
0.8106042486757301 0.43092392631843857 -0.3965164835856839 8.69766616821289 -0.5835690038773524 0.6507071054244649 -0.48582659526183714 -3.043916940689087 0.048661789346977874 0.6252078315859576 0.7789397907291263 -2.978025436401367
0.8041310943544069 0.023943148643738088 -0.5939696193623103 8.68664264678955 -0.5944087226365391 0.020329205044397114 -0.8039060852337546 -3.1325442790985107 -0.007173112712198448 0.9995066028072485 0.030579362300927337 -2.9195024967193604
0.9197260458886141 0.21552823309646063 -0.3281030040283273 8.762043952941895 -0.3920221907165814 0.5480342245450679 -0.7389026260022751 -2.9636728763580322 0.02055729797096645 0.8082116489296622 0.5885332004522167 -2.895321846008301
0.9687216599761966 0.24659857053911047 0.02770361891575153 8.93554401397705 -0.24814145285432596 0.9635514158532549 0.09997243811437143 -2.7394537925720215 -0.0020408008982177213 -0.10371988244909866 0.9946044546031546 -2.911681652069092
0.9631697086436662 0.26550154314696167 0.042579841919121356 8.891701698303223 -0.2682239732065372 0.9374728339626439 0.22181205057288514 -2.7523138523101807 0.018973996642092827 -0.2250635825019929 0.9741593151444966 -2.957697629928589
0.944047929052391 0.3273671978603089 0.04005278288685236 8.883066177368164 -0.3276360449262167 0.9169733470848748 0.22762799212985227 -2.8189778327941895 0.037790603554297385 -0.22801446993787775 0.9729240832572451 -2.9498565196990967
0.9261458962224908 0.3753803980622038 0.03665154377240215 8.901318550109863 -0.37559419960780993 0.9090616595408894 0.18037709492541532 -2.8410439491271973 0.034391512487930875 -0.18082161348529407 0.9829144255556366 -2.9562931060791016
0.9280038995660082 0.3722596437870381 -0.015215781209982028 8.901113510131836 -0.37163658651895454 0.9277952847908397 0.03289615601289157 -2.804980516433716 0.026363041380352226 -0.02487302007059819 0.999342945600631 -2.9647603034973145
