0.9924150331949965 -0.11921016135442206 0.030022313675441503 0.0 0.12056427552591795 0.9915312323228301 -0.0482708068637797 0.0 -0.02401369100085375 0.051524292893958656 0.9983829875785609 0.0
0.6677623248222346 0.6328589994499458 0.3918966245876806 1.1753557920455933 -0.7443284738876081 0.5735470228945215 0.3420803056140108 -9.102007865905762 -0.008282542372261531 -0.5201281566537657 0.8540480666495341 -0.9980837106704712
0.7048235354831381 0.683550932040613 0.18968897473353385 1.907631754875183 -0.7090916404582293 0.6865380666704148 0.16079343408456287 -9.01674747467041 -0.020318200247739712 -0.2478378629645976 0.9685884391318299 -0.6205505728721619
0.9460884635134573 0.3234627272960409 -0.01698479487519932 3.0739517211914062 -0.3216086758747034 0.931841706088872 -0.16804432271130249 -8.900431632995605 -0.038528934696738674 0.16444725246591207 0.9856331073718796 -0.5587043762207031
0.8544236064000006 0.5158506380412916 -0.0621161819400468 3.6930580139160156 -0.5194974568738743 0.8460733789397838 -0.11950828318988509 -8.791807174682617 -0.009093576193867813 0.13437989686634338 0.990888162301981 -0.4303068220615387
0.9996131480117064 -0.02774791615301523 -0.0018993344336760564 4.226210594177246 0.027497649971850814 0.996229592996531 -0.08228291003599214 -8.765331268310547 0.0041753524583302 0.08219885149520545 0.9966072020835076 -0.4004775881767273
0.9932857180657084 -0.05956080340194285 0.09917657477854967 5.172840595245361 0.03364317474351326 0.9689496934753163 0.24495842158878295 -8.832338333129883 -0.11068703212150723 -0.23997708684831892 0.9644477065698932 -0.3315536379814148
0.9658128152304133 0.1783031619013015 0.1881849845038159 5.947821617126465 -0.25770793130230285 0.7391643871529872 0.622272151802277 -8.624659538269043 -0.028146546512684834 -0.6494951818302787 0.7598445766725338 -0.20176827907562256
0.993568972011289 -0.09741817664372357 -0.0577095894617415 6.239818096160889 0.09067901019101224 0.3793680649679679 0.92079160964533 -8.827741622924805 -0.06780866439629062 -0.9201030214828511 0.3857621221568018 -0.15304183959960938
0.9187038258433198 -0.2564136037037016 -0.30039198427476105 7.2744011878967285 0.38822658606177607 0.44659016804760987 0.8061248908686706 -8.802106857299805 -0.07254928156546846 -0.8572101758838894 0.5098306739550356 -0.05947709083557129
0.9807842119583726 -0.13466912187815275 0.14116145786212791 7.96017599105835 0.05276268615061532 0.8796805740919997 0.47262901573574745 -8.835268020629883 -0.18782552681508907 -0.4560990190493036 0.8698823232477467 -0.1164473295211792
0.9695591424589349 0.22281303122008642 0.10153532583692951 7.939284801483154 -0.2146275133054927 0.9729393235658981 -0.08558097447115885 -8.747937202453613 -0.11785626757451298 0.06118354172201366 0.9911440230439547 0.05527251958847046
0.9185140476738385 0.38173162312773257 -0.10301898917232705 8.088632583618164 -0.3639234331397826 0.7143606515837491 -0.5977027641567297 -8.71220588684082 -0.15456933407883805 0.586489409429623 0.7950713764117762 0.20038679242134094
0.9762774680213131 0.21317083006644116 0.037953954242979974 8.75273323059082 -0.16531290128169718 0.847040616018917 -0.5051671401468243 -8.665069580078125 -0.1398354393697163 0.48690901821908966 0.8621865563050728 0.2680603265762329
0.8587067812940548 -0.4278743195343268 0.28203941292422463 9.262955665588379 0.5046422091318863 0.8018211992158778 -0.320029694326169 -8.376006126403809 -0.08921269260645573 0.41714066113368575 0.9044527429926108 0.20169734954833984
0.2956437140191031 -0.7457708398272047 0.5970097560546364 9.6192626953125 0.9546955832668911 0.25284960038635146 -0.1569185230466848 -8.526190757751465 -0.03392841952819725 0.6163545522245195 0.7867375218587395 0.22340846061706543
0.6537717340363021 -0.6728127909563916 0.346273689587641 10.536441802978516 0.7566842606233032 0.5833418698773941 -0.2951968708724919 -8.231865882873535 -0.003383711000084 0.4550112209313266 0.8904792750684609 0.26718366146087646
0.4019540611184246 0.767846217083536 -0.49884378282274866 10.425121307373047 -0.91163226428743 0.28454329696551317 -0.2965834231075119 -8.419333457946777 -0.0857878048476555 0.5739749986388776 0.8143667192837152 0.2562072277069092
0.1247137618243872 0.932765754927278 -0.3382225954110027 10.796222686767578 -0.9879300544838135 0.08517583660653627 -0.12938038609459038 -8.4080810546875 -0.09187320098493712 0.35027578176819685 0.932129922085682 0.2872443199157715
0.946901124432867 0.2862083863041783 0.14650262849836587 11.100537300109863 -0.30036568661769786 0.9499864396930824 0.08547642190651422 -8.352724075317383 -0.11471144167192238 -0.12494208261598563 0.9855104064093536 0.4736231565475464
0.6748896499926254 -0.71902274367289 0.16592243493253517 11.700888633728027 0.7091349237100109 0.6941442704502783 0.12365836718899402 -8.275035858154297 -0.20408728600191856 0.03420564108682285 0.9783549222088119 0.739626407623291
0.10223505889749729 -0.9204024089029799 0.37736904803894217 12.283037185668945 0.9947574815675579 0.09549082784868745 -0.03659309582615436 -7.9687981605529785 -0.002354909254099702 0.3791317811557935 0.9253396927183231 0.6269314289093018
0.9014170655236116 -0.4328614094629876 0.008847269664510542 12.139908790588379 0.42185646837965124 0.8827294408163586 0.20694408520730195 -8.391620635986328 -0.09738785380656625 -0.18281065207956154 0.9783127676858747 0.5234978199005127
0.9825131783898454 -0.17743634746675455 0.05642868851870684 12.140493392944336 0.15839628716876145 0.9558262051478238 0.24760226526399498 -8.485751152038574 -0.09786966078124187 -0.23433439386988764 0.9672171014556129 0.508674144744873
0.9899867965468118 0.1322875383140969 0.04925596278398965 12.605391502380371 -0.09563220784376089 0.8851943384906368 -0.4552861341256196 -8.096517562866211 -0.1038297813053131 0.4460168049647012 0.8889816568429129 0.7582061290740967
0.9822768726683523 0.187390165070053 -0.004131761839704269 12.819483757019043 -0.1595604674961046 0.82442398904367 -0.5430152332133487 -7.930512428283691 -0.09834939060973533 0.5340505709428098 0.8397126800533339 0.9152616262435913
0.7905918930293387 0.6055571716324115 -0.09091188349628071 12.809621810913086 -0.5991147762567026 0.734246898230103 -0.3192851034895843 -8.040092468261719 -0.1265936157441138 0.3068908671238483 0.943287894615851 1.1353206634521484
0.559394441156501 0.8287908415838013 -0.013549911808576308 13.111288070678711 -0.819769241904727 0.5507375838362122 -0.1570557346205489 -7.963056564331055 -0.12270390878107779 0.09896390582967819 0.9874967828366731 1.3948955535888672
0.8390480867293914 0.5157815282814081 -0.17311188069986083 12.305656433105469 -0.5389491764851831 0.7444734757657838 -0.39407236524165956 -8.582103729248047 -0.07437804327683531 0.4239441696319316 0.9026290753755948 1.2671170234680176
0.9464221427403425 -0.24207024249210699 0.21374546879545978 12.88977336883545 0.3205442900038115 0.7845347190914855 -0.5308075288520273 -8.070281982421875 -0.03919803409267761 0.5708828883754145 0.8200952639074395 1.5514099597930908
0.889059304060168 -0.3755562677070911 0.2617843456931091 12.834832191467285 0.45725552815847076 0.7561748142699456 -0.46809938285831043 -8.038668632507324 -0.02215707184100628 0.5358704508085259 0.8440094336662947 1.7252986431121826
0.9600021264593146 -0.24565365692774224 0.13435102542080207 13.369701385498047 0.278927314031627 0.8808794133312697 -0.3824277875053799 -7.719499588012695 -0.024402267941648535 0.4046056598803149 0.9141656246611545 1.927006721496582
0.9848398513838184 0.16981942503114883 -0.035381209820870285 12.95059585571289 -0.16604048141623845 0.8638265982739518 -0.4756407958170916 -8.082282066345215 -0.050209816344637254 0.4743047237763319 0.8789277577515089 2.0251026153564453
0.9999428124160119 0.009124223984618249 0.005578569192460279 13.099028587341309 -0.004099003238019457 0.8087811248135505 -0.5880954772124871 -8.051101684570312 -0.009877756324755932 0.5880389788798075 0.8087722727987045 2.378469467163086
0.9762986616197122 -0.17918190188137623 0.12138685825793277 13.13916301727295 0.21209581628329716 0.6804537252986038 -0.7014257568997407 -7.972554683685303 0.04308466124597545 0.7105466724750916 0.7023297930458984 2.4059970378875732
0.9307317879650439 -0.3069595894798684 0.1987816623779555 13.222601890563965 0.34775378293454223 0.5746870568973307 -0.7408117797992955 -7.973214149475098 0.11316203129189631 0.7586241474281155 0.6416258704360798 2.6511619091033936
0.8331363596392228 -0.42139417757991066 0.35820490413847517 13.654207229614258 0.5522673677788994 0.5990372567169024 -0.5797888577332734 -7.685622692108154 0.029741565756855354 0.6808680578253313 0.731801972598798 2.868379831314087
0.8922836745768852 -0.4414973610812787 0.09439239504238876 13.326068878173828 0.4291025583223873 0.7643245643436918 -0.48133040084957035 -7.721368789672852 0.14035967556514795 0.46998727695448617 0.8714419779745256 3.0207419395446777
0.9611498484509717 -0.2467048965480874 -0.12380493868126333 12.878259658813477 0.17708888410017373 0.8951830795264609 -0.40900706749110943 -7.9417219161987305 0.21173213254210874 0.37119260249730085 0.9040937760544818 3.1310949325561523
0.9641554782757439 -0.14507062191228315 -0.2221682433851764 13.323873519897461 0.03372092341964338 0.8975065165375163 -0.43971007731961226 -7.684470176696777 0.26318646058374306 0.41645716157928686 0.87022774003977 3.380493640899658
0.9351334848018978 -0.18930742518275784 -0.29947965602513527 13.50051212310791 0.04035475112247473 0.8966929522641633 -0.44080975876405226 -7.630271911621094 0.35198985733129007 0.40013053886257344 0.8461670592769756 3.657010555267334
0.9112947204910927 -0.21881599416991454 -0.34880007611881775 13.494974136352539 0.08583383287550946 0.9294495697143081 -0.35882593341589236 -7.659392356872559 0.40270893401929914 0.2970573312566435 0.8657843013174358 3.8293943405151367
0.8715558753228622 -0.12155523048054942 -0.4749891389632191 13.154261589050293 -0.019549080794186068 0.9593941555779679 -0.281390631832228 -7.792189598083496 0.48990630699175747 0.25453325948814354 0.8337893200227737 3.9488182067871094
0.8264792870168087 -0.24635128662741768 -0.5062045354490647 13.106207847595215 0.02791056036302332 0.915997091594319 -0.4002128543799799 -7.744731903076172 0.562274833824536 0.31663918230024035 0.7639284256262662 4.129095077514648
0.7254669261803363 -0.6372819746394006 -0.25994119299980245 13.707625389099121 0.3641230993533585 0.6758784244016663 -0.6407828992300162 -7.532625675201416 0.5840480352982608 0.37021620740862643 0.7223765307900127 4.4345703125
0.6147489834185318 -0.7468890220679998 -0.2534570498135495 13.623653411865234 0.33730505518615517 0.5394412121490413 -0.7715105173495935 -7.616283416748047 0.7129579139975557 0.3887929620626889 0.5835503795892639 4.573030471801758
0.555681005952918 -0.8083556435678343 -0.19437019610831724 13.99896240234375 0.22011098763065223 0.36848465806341224 -0.903199983334892 -7.36128044128418 0.8017292390498254 0.4591080594848263 0.3826878845334214 4.857677459716797
0.3665803386873367 -0.265182930559021 -0.8917941851279403 13.173723220825195 -0.06288793977045674 0.9492655976611806 -0.30812324178547307 -7.922478199005127 0.9282585643662573 0.1690350213331283 0.33130529612972376 4.9553327560424805
0.13525399671576455 0.2931979770304261 -0.9464361059457093 13.498808860778809 -0.07213386923863994 0.9555926614985163 0.28572604046331646 -7.719647407531738 0.9881816944677101 0.02962450937058153 0.1503972312360755 5.236252784729004
0.17458883704007117 0.2528653671135548 -0.9516185391718273 13.641860961914062 -0.0459055037182796 0.9675014381804428 0.2486637324724814 -7.682779312133789 0.9835707512473957 0.0002706165219222151 0.18052286297677528 5.372103691101074
0.15356668791651779 0.3169460805240437 -0.9359286588211718 14.378802299499512 -0.05245788014945427 0.9484429250064013 0.312576692694013 -7.602966785430908 0.9867448723822062 0.0010954659959617474 0.1622755581770569 5.718705177307129
-0.15783201350241255 0.6204732987477777 -0.7681809298953114 13.957338333129883 -0.0179742224471105 0.7759974619497315 0.6304798699205209 -7.798620700836182 0.9873023766006016 0.11331736225586153 -0.11132471679810285 5.927555084228516
-0.35660191351085657 0.741199174599847 -0.5687344361412459 14.426494598388672 -0.04819683881119635 0.5933506147524582 0.8034999145622153 -7.55637264251709 0.9330124007798626 0.313940808983772 -0.17586650745838905 6.143174171447754
-0.4188443283035771 0.7099406323201468 -0.5661746437529638 14.84842300415039 -0.08392298238352869 0.5905678236460583 0.8026123464673417 -7.7358503341674805 0.9041716439237515 0.3836846937979522 -0.1877756482331839 6.504169464111328
-0.7429867388571103 0.5872600472677821 -0.32108619211283196 14.446925163269043 0.1256432055276608 0.5935787463994822 0.7949075774752391 -8.164619445800781 0.6574074009221452 0.550263490253407 -0.5148063718592928 7.064739227294922
-0.3558485188336071 0.9322721274362763 0.06511921413352356 15.16995906829834 0.1796830064880225 -0.0001281152201319663 0.9837245553334104 -7.485354900360107 0.9171073267744367 0.36175774213129164 -0.16746786911141093 7.298572540283203
-0.7255779073794164 0.6213082303259881 0.29582559600564623 15.533003807067871 0.44283067286398603 0.09252311910029754 0.8918186293203239 -7.756059646606445 0.526723547502612 0.7780845425537901 -0.3422670728322001 7.267899513244629
-0.8936152412667311 0.44661661622159776 0.04455781290158159 15.741128921508789 0.08483088598018321 0.0705761629178101 0.9938927135318059 -7.601560592651367 0.4407442811422735 0.891937555741751 -0.10095481810102858 7.417445182800293
-0.9499034138798699 0.2997934739362212 0.08835936444215135 16.804676055908203 -0.032734477097011216 -0.3765858292801349 0.9258032011148906 -7.554568290710449 0.3108246423766203 0.8765312237283082 0.3675337474583806 7.744064807891846
-0.8209269186668225 0.24404671601484618 0.5162559390559733 17.677879333496094 0.39736473044679466 -0.40513378385026705 0.8233880544312693 -7.13725471496582 0.4100978727147241 0.8810833204558657 0.23560967129836546 7.8842997550964355
-0.5792632655944971 0.5402534920507435 0.6103935070589928 16.8607177734375 0.7640504702220462 0.09892371974766866 0.6375272359866322 -7.541040897369385 0.284043919291136 0.8356675547119574 -0.47008381158626233 7.966804504394531
-0.9115736334981764 0.40317834663202096 0.08050299073948844 18.62220001220703 0.3455116473192748 0.6451142687221961 0.6815051590837351 -6.810666084289551 0.22283449525971796 0.6490568550582421 -0.7273719726689024 8.400412559509277
-0.7088630993345235 0.7046503267137265 -0.031321294099902926 17.993118286132812 0.6903421600824042 0.7022102818314944 0.17415057307655918 -7.430130481719971 0.14470939297300003 0.10182650515642988 -0.9842207854099678 8.697729110717773
-0.9969711162688025 -0.02061009138809469 -0.0749921159770279 19.731487274169922 -0.050292333073021486 0.9063566676563642 0.41950956154648356 -5.73101806640625 0.05932347393578605 0.422010444335001 -0.9046479482717932 8.960277557373047
-0.9427939169487762 0.32798786501125893 0.059695817020459487 20.524303436279297 0.2985967239469984 0.7511572721725965 0.5887297757973038 -5.2304182052612305 0.14825527515911202 0.5728758267439635 -0.8061226088628926 9.158011436462402
-0.8655820216192953 -0.4395668897220365 -0.23989312893359202 19.843387603759766 -0.4948781512968251 0.6776092863297911 0.544004844140811 -6.055800437927246 -0.07657270544058573 0.5895986809175597 -0.8040584656862853 9.237447738647461
-0.5400953080751294 -0.8312769453247288 -0.1314370509666857 22.00740623474121 -0.8383481638667696 0.5451281174537794 -0.002773391879037676 -4.276266098022461 0.07395548888654067 0.10869211440066204 -0.9913206393143776 9.613131523132324
0.12422832112648619 -0.9661434987150966 -0.22612842395560656 22.496360778808594 -0.991982095462617 -0.11559486037729161 -0.051081802395273976 -4.110612869262695 0.023213067692357883 0.2306611543908214 -0.9727572078085074 9.832723617553711
-0.3539558538016573 -0.8891426602476231 -0.2900699627457492 22.832176208496094 -0.9241048769441957 0.284723711825579 0.25487758695542073 -3.5718588829040527 -0.14403273922096055 0.35827048113408 -0.922440693150764 10.059818267822266
-0.8191166901842201 -0.5455643679441043 -0.17722124108412643 23.386457443237305 -0.5703586189358699 0.7416729977012645 0.3530045471185704 -2.5064330101013184 -0.061146493498935105 0.39023157856658613 -0.9186840705172886 10.188018798828125
-0.9246320303467486 -0.3279304487296334 0.19369364794135813 22.958452224731445 -0.3807022717776415 0.7810838166182077 -0.4949483323342718 -3.3184127807617188 0.011017654931622003 -0.5313846932431487 -0.8470589820471137 10.34221076965332
0.15593043926078937 -0.9873151674541907 0.029907494492863312 24.469287872314453 -0.9340594392920536 -0.13753629484858182 0.3295705257888487 -1.1885099411010742 -0.32127661287643006 -0.07932545439029856 -0.9436571465868423 10.64630126953125
0.144878638712756 -0.9627424864829015 -0.22833546541319183 25.09588623046875 -0.9375292861884312 -0.20734315878514406 0.279370098693488 0.037937164306640625 -0.31630526012658944 0.17359642630457212 -0.9326388707267845 10.833261489868164
-0.1737771704029571 -0.7350767973728681 0.6553347213529809 24.591299057006836 -0.963965553879561 0.26308181226640087 0.039476207876360025 -0.7226648330688477 -0.20142469059281934 -0.6248600339425412 -0.7543063250436879 11.052870750427246
-0.8666675543466572 -0.15627776222476067 -0.47377696364091504 25.83108901977539 -0.4977550705041831 0.20695950442290126 0.8422634108854561 1.8506355285644531 -0.033574395454862516 0.9657872563681134 -0.25715313610141377 11.243300437927246
-0.4092054575517994 0.24883371485802852 -0.877856865246138 26.36893081665039 -0.9065776675139993 -0.001972098801576505 0.4220344104349711 3.152650833129883 0.10328516967454426 0.968544213330641 0.2263940824072716 11.52674674987793
0.8600814865100525 -0.48998379684102994 -0.1420412454039548 26.485261917114258 -0.49310137440927243 -0.7270638921778544 -0.47773332649803224 3.074514389038086 0.13080852846181212 0.48093032294131477 -0.8669458768326993 11.750679969787598
-0.046133421954001774 -0.6700290226576106 -0.7409000041674323 27.362537384033203 -0.7796696352200273 0.48782256131407004 -0.3926122878729725 5.642330169677734 0.6244893652374581 0.5595446876429688 -0.5449062077420745 11.938432693481445
-0.5650656669862908 -0.6823970510035225 -0.4637187259266482 27.28473663330078 -0.2737192361809192 0.68527382322107 -0.6748907814991338 5.925719261169434 0.7783177832594295 -0.25442887412727594 -0.5740099095594555 12.256708145141602
-0.3265529760363822 -0.8795554494449956 0.3460424326486476 26.767284393310547 -0.13221357627316832 -0.32000616308755114 -0.9381447787175724 7.934043884277344 0.9358860636267865 -0.3521054770059612 -0.01179020659545306 12.492103576660156
-0.053284693134729166 -0.4801348458907867 -0.8755748233240651 26.71786117553711 -0.007079101584489739 0.8769800612106023 -0.48047461801827185 8.736785888671875 0.9985542688298387 -0.01940365946099712 -0.05012853679519713 12.725921630859375
0.5056729734124197 -0.536195145520376 -0.6758621234250554 26.99820327758789 0.3135425723373691 0.8440554016575708 -0.43504199138099575 10.244759559631348 0.803732479928681 0.008077428616800053 0.5949360098822667 13.152898788452148
0.34253857338259447 -0.50671762546592 -0.7911413108839636 27.343923568725586 0.6837673838965421 0.7119538227128996 -0.1599497391175352 11.521097183227539 0.6443054325894635 -0.48616766898537 0.5903486318854613 13.335689544677734
0.04173851461782219 -0.45072984944484573 -0.8916840803877372 27.111003875732422 0.8872685765188602 0.42704068715895505 -0.17432935677333 12.708921432495117 0.4593608271497399 -0.7838870163041574 0.41774247587487734 13.488861083984375
-0.2261406165392867 -0.9645123013752346 0.1362954219593608 26.796276092529297 0.8940472986608952 -0.26106205457585036 -0.36404124961024953 13.69790267944336 0.3867038263430911 0.03953004119001921 0.9213563515465273 13.73219108581543
-0.9490984295667368 0.3035397156285996 -0.08411784608549061 26.58993148803711 -0.2574984276763844 -0.5939122722488284 0.7622091396830812 14.954299926757812 0.18140212440361114 0.7450717105811642 0.6418422044034768 13.781174659729004
0.9907923097379842 -0.01711312940883842 0.13430465280810977 25.646997451782227 0.08920221703433467 0.8287506109414955 -0.5524630207898601 16.568513870239258 -0.10185069189863175 0.5593563852017195 0.8226462610951536 14.096391677856445
-0.41439156926567405 -0.8916104285833053 -0.18251156391589818 26.097801208496094 0.8766651730652197 -0.4449159734778176 0.1830517710343563 16.677719116210938 -0.2444131781554762 -0.08414642111094703 0.9660132391215757 14.068757057189941
0.2566164362802462 -0.966500500230975 -0.004978723139659996 26.036788940429688 0.9631653116409506 0.2552957324858369 0.08447882235276799 17.226287841796875 -0.08037777729209024 -0.026473987757703963 0.9964128365741722 14.322439193725586
0.005448191121330492 0.23004396982813746 0.9731649855801516 26.03417205810547 0.9910696378649885 0.12842031312516472 -0.03590537674214722 17.96879768371582 -0.13323396757458794 0.964669889196582 -0.2272899354608294 14.725767135620117
0.568069290121398 0.8095303539204536 -0.1481819412155077 25.326431274414062 0.8142325655439632 -0.5790287137474903 -0.04184588227798226 18.476198196411133 -0.11967711071323027 -0.09688320152303061 -0.9880744073368064 14.96310806274414
0.4868791298730701 -0.5257564208486992 -0.697516235531767 25.392494201660156 -0.872639116585267 -0.3275918158327527 -0.36219411149918557 19.052566528320312 -0.03807473045639104 0.7850247054301955 -0.6182932368746303 14.984561920166016
0.0667433140590813 0.808437009936053 -0.584786226747916 25.628652572631836 -0.9945199320879229 0.10117055229405403 0.026355720979501673 19.8063907623291 0.08047008579741982 0.5798224903487017 0.8107591781642596 15.211851119995117
0.35249852460782566 -0.384510678116114 0.8531684057464812 25.276893615722656 -0.889617214096293 -0.420589752829102 0.1780041353415847 20.64019775390625 0.2903893981068462 -0.8217394953571606 -0.4903245855933624 15.490983963012695
0.810912467819657 0.03894664393236827 0.5838699585190518 25.504581451416016 -0.3956399188122214 -0.6986724696254724 0.5960921361917993 21.607486724853516 0.4311496540377747 -0.7143808081925557 -0.5511533694982352 15.706644058227539
0.6499473581625119 0.26165969961788554 -0.713514283818796 25.25759506225586 0.7581441712964894 -0.15803101430499789 0.6326480965330513 23.134986877441406 0.052781124909676735 -0.9521346544022077 -0.3010876163837655 16.862918853759766
0.28155778507741136 0.9512552609306854 -0.12585166750582089 24.588043212890625 0.9575477679444803 -0.2700883756379594 0.10076974471433436 24.181493759155273 0.06186667735417699 -0.14888148943687382 -0.9869178366694018 16.524078369140625
-0.43743098914257955 0.8556649835118857 -0.27657108621356064 24.63581657409668 0.8961385984764105 0.44035805734938543 -0.054958108120732305 25.35959243774414 0.0747645775650421 -0.2718864051751755 -0.9594206796929287 16.682430267333984
-0.6458577342933779 -0.6073996469112295 -0.46252941094111866 24.757339477539062 0.7510731851664119 -0.39682291593914065 -0.5276558006025694 26.601234436035156 0.136955677419395 -0.6881840177726241 0.7124927368787161 16.80904769897461
0.2536725113510422 -0.6843828472557935 0.6835717777723924 25.426067352294922 0.9621013772578163 0.10541773713644842 -0.2514916312238723 27.49876594543457 0.10005596865489291 0.7214618625257224 0.6851872620367713 16.999486923217773
-0.10437112324346959 -0.20107190344420234 0.9740003892597896 9.123395919799805 0.9633073769875484 -0.26393844184692655 0.04873803808921351 26.61258316040039 0.24727629501079462 0.9433486039427534 0.22124159953542305 18.101896286010742
-0.13334232629529558 -0.12805804620413103 0.9827619044410195 4.583052635192871 0.850816718823876 -0.5233341326845456 0.047247185493825006 26.845972061157227 0.5082624666330698 0.8424503085462638 0.1787365173722833 18.227615356445312
0.029048289539808814 -0.046236341239116574 0.998508085907987 10.485109329223633 0.906181180931356 -0.4203990495830851 -0.045829100312924864 28.765159606933594 0.42189082023749325 0.9061604934328461 0.029686628991457853 17.519023895263672
0.24292195214873194 -0.9058655192483362 0.3469821122207763 4.893679618835449 0.7294174416103809 -0.06522675110102172 -0.6809520297461282 28.61406707763672 0.6394834798795164 0.41851300096621563 0.644909099783401 17.770986557006836
0.21185929795078967 -0.8990809430518141 -0.38310454932414895 4.818973541259766 0.8254267506780397 0.37449295807017785 -0.4224046680861155 29.753042221069336 0.5232459432588961 -0.22673438688674635 0.821465276604069 17.6168212890625
0.1505724967777351 -0.07807564862052468 -0.9855110939540981 5.0873894691467285 0.8366241258124363 0.5411497829799827 0.08495283685253946 31.15123176574707 0.52667636677821 -0.8372939182110437 0.146802245228411 17.44036865234375
0.45288389481073865 -0.30569552601216443 -0.8375239836549171 6.730267524719238 0.7740867440621145 0.6009068483370734 0.19925027550525426 32.41630554199219 0.44236397964613944 -0.7385534543942986 0.5087758882984516 17.205732345581055
0.6957696098307206 -0.450439570605536 -0.5594719325119958 7.695460319519043 0.6359435699261219 0.7484065323036356 0.1883173870752963 33.9199333190918 0.33388684596076346 -0.48681809296486467 0.8071726695425372 16.98447036743164
0.8073521622891239 -0.43136000997889845 -0.40263013776676126 7.799993515014648 0.557253599886442 0.7817582867128371 0.27986140600199116 35.19560241699219 0.19403842779376934 -0.4503138049702836 0.8715311615728424 16.797409057617188
0.9500940949399883 -0.1947477662733474 -0.2437099060188295 8.093643188476562 0.2726044184014812 0.8981242567505571 0.34505021446776435 36.12193298339844 0.15168401968617276 -0.394266568412542 0.9063916544210034 16.676959991455078
0.3243052796083303 -0.9454287298043922 0.031473838002636166 9.414226531982422 0.9381302552758566 0.3171754960132573 -0.1389652073894761 37.823097229003906 0.1213989693293093 0.07459371011819768 0.9897969835560136 16.445158004760742
-0.057641415306070976 -0.9683727015028588 0.2427586831105497 9.555920600891113 0.9924387794029969 -0.08197496192563364 -0.09135302268880122 38.95256042480469 0.10836390717671063 0.23565741363544276 0.9657757747117346 16.347450256347656
0.1630422664904843 -0.9774214741304522 0.13440417123847034 8.947778701782227 0.9823529900087583 0.1481693036651191 -0.11414228170247163 39.83778762817383 0.09165054478015158 0.15064235579692675 0.9843307667046957 16.279123306274414
0.1912636747794516 -0.9734914107273472 0.12542998026763666 9.120301246643066 0.9672423229417749 0.2086636671059764 0.14457441938353258 40.81494140625 -0.16691463512843754 0.09366935075020985 0.9815118732394301 16.165573120117188
0.22605256897165144 -0.9587929984138075 -0.17209364385118164 9.154777526855469 0.8753761941676139 0.12244174778459121 0.467679951552425 41.686744689941406 -0.42733681651121613 -0.25636693349984735 0.8669828375821198 16.016530990600586
0.42033530762108023 -0.9071431008509878 0.020239163657302196 9.013582229614258 0.8976271137910485 0.418978755765732 0.13682970000753428 42.54493713378906 -0.13260389796022054 -0.03934713198511818 0.9903878076038204 16.09368896484375
0.4843546866612611 -0.856899726474527 0.17641824247268922 8.596176147460938 0.869330688728904 0.4940596124014002 0.01300972820267908 43.43061828613281 -0.09830916103497672 0.1470644694059689 0.9842293181443743 15.983028411865234
0.11921514884928897 -0.438713456148349 -0.890684148101454 9.491958618164062 0.986685948818562 -0.04760638194000222 0.15551357112032715 45.25982666015625 -0.1106281460065941 -0.8973651072963299 0.42719700083005074 15.922964096069336
0.19106716727254433 -0.08809901112971208 -0.977615416116385 8.963187217712402 0.9801949628701055 -0.03570748560398246 0.19478914301344918 45.170623779296875 -0.05206891927549595 -0.995471516272469 0.07953167881840309 15.781024932861328
-0.20108631786111303 -0.5720068786412809 -0.7952184753614058 8.859972953796387 0.9697999425271782 -0.23063937564689996 -0.07933189696137438 46.39372253417969 -0.13803030190266685 -0.7871553907509414 0.6011106608340859 15.792070388793945
-0.41963653714318633 -0.8906346851791112 0.17514289665978705 8.734268188476562 0.9051377233263727 -0.3961259066250929 0.15430478901187386 47.82979202270508 -0.06805055845491632 0.22328037006497856 0.9723759549873805 15.782395362854004
0.9572300517669747 -0.28704659939380106 0.036261243368776196 9.367790222167969 0.24779012777440737 0.8780421167181833 0.4094411970559325 48.9877815246582 -0.14936760214898603 -0.38294424012577444 0.9116156143807298 15.63366413116455
0.9666100461474284 0.030647842888692385 0.25441251622735955 8.903602600097656 -0.12407946017771815 0.924650004295119 0.3600370218728104 49.19249725341797 -0.22420817614188943 -0.3795827700032056 0.8975787511231652 15.683239936828613
0.8125066589446472 -0.5494862872448204 0.19467344272013368 8.605831146240234 0.4957889170346687 0.8270082556402053 0.26504847641240054 50.37122344970703 -0.30663704752719756 -0.11883671668658302 0.9443789259883745 15.690345764160156
0.30903263710919104 -0.9450788681884813 0.10641786553449835 7.825106620788574 0.9126747064059227 0.3261654597806848 0.24625387942714272 50.44886016845703 -0.26743916969696546 0.021024408425304578 0.9633453507243206 15.64509391784668
-0.3719244597382502 -0.9275600202545341 -0.036119317183726074 7.614644527435303 0.8412900407382528 -0.35326651069017106 0.40918680303673016 52.61378479003906 -0.392305064462644 0.12179975882652291 0.9117354633591703 15.396495819091797
-0.5982148902074519 -0.7719905981627122 -0.21487080183790463 7.802634239196777 0.7490866851521332 -0.6339699159686091 0.19222716710845952 54.33271026611328 -0.2846191899044674 -0.04596370301806024 0.9575381218223076 15.483537673950195
-0.5599127400336739 -0.7911146244736978 -0.24624251154466445 7.654493808746338 0.7944823853793058 -0.5969778939033845 0.1114232180144164 55.57724380493164 -0.23514987320853956 -0.13324805865197492 0.9627821622752929 15.491856575012207
-0.6312234836575721 -0.6110405323723993 -0.47768858210894405 7.501049041748047 0.7388161037183256 -0.6611344684361087 -0.13058322837246777 57.190677642822266 -0.23602474142697594 -0.435351217344983 0.8687701876736852 15.430534362792969
0.19173204224781548 -0.97221368988888 -0.13431070384794658 6.7311859130859375 0.9578530440420088 0.15553575910725903 0.24150812337970423 57.80622100830078 -0.2139073864899005 -0.17495476224320844 0.9610590310555762 15.486998558044434
-0.2657656705290745 -0.9304825640716315 -0.25213251739296433 6.80614709854126 0.9291946008753408 -0.31692286687805526 0.19015070379546514 59.569732666015625 -0.2568384746729891 -0.18374464457087317 0.9488265929658464 15.395771026611328
-0.1569237527674669 -0.7269510353929192 0.6685186070398771 7.206921577453613 0.9729313941717552 0.002484022606894787 0.23108079077823218 61.1026725769043 -0.1696450354486673 0.6866848052584614 0.7068836822100008 15.483978271484375
-0.2937568258584071 0.004745705498617803 0.9558684038825186 6.837716102600098 0.9295108297816679 0.23467894037988882 0.28449149769504123 62.179229736328125 -0.22297207130084373 0.972061352601518 -0.0733497252777301 15.326509475708008
-0.26870835472456966 -0.8858653178962008 0.37820425519800555 6.058955669403076 0.9555849709297974 -0.19582447906113054 0.22025016852101398 63.27265167236328 -0.1210503343007075 0.4205893626200027 0.8991392576328691 15.20416259765625
-0.27560637471012506 -0.6054663623197891 -0.7466268213226632 5.587974548339844 0.9534144610204811 -0.27127286569114595 -0.13195415058549448 63.685699462890625 -0.12264579787407309 -0.748212213505604 0.6520249165675164 15.339713096618652
-0.21799824551626928 -0.9751397844352666 -0.039738718693109645 5.60337495803833 0.9747476933409819 -0.21956911430667408 0.04069813716889076 64.40703582763672 -0.0484117679729172 -0.029863101883836136 0.9983809372517145 15.351839065551758
0.478972743271623 -0.8737868117540368 0.08415294889409217 5.786964416503906 0.8778161573430523 0.47729331745586157 -0.04037180971242493 66.03556060791016 -0.004889285257994383 0.09320781467609834 0.9956346710380131 15.292943954467773
0.3253588470068582 -0.9026320842329532 -0.28177462836040135 5.85282039642334 0.9452872009272788 0.3029297220794526 0.12110198695288052 67.13675689697266 -0.023952629029772993 -0.3057595525803569 0.9518074214716029 15.27275276184082
0.026459729492555484 -0.9973812051333322 -0.06730983852278148 5.350464820861816 0.9996367316755985 0.026053985038380967 0.006898880238662614 68.96263885498047 -0.005127123960699458 -0.06746792949544213 0.9977082695304724 15.25864315032959
0.09471500250851372 -0.822988319953756 0.5601065019436096 5.574556350708008 0.9954802346325577 0.08222206445353164 -0.04752509413885908 70.93836975097656 -0.006940515522665891 0.562076291384625 0.8270562688883908 15.31370735168457
-0.614123566909766 -0.7213802517912917 0.3200980738641811 5.482429504394531 0.7888545527431456 -0.5732588685713229 0.2215463026564386 72.13917541503906 0.02367993206150884 0.3885676285151136 0.9211158770142349 15.367902755737305
-0.9667372729644794 -0.25245153735960263 0.041076347768206865 5.673011779785156 0.25381000810415705 -0.9667225510789774 0.03206226787863882 73.84912872314453 0.03161526288629043 0.04142137757398967 0.998641449486503 15.219560623168945
-0.6752565737548697 -0.7375472087812891 -0.007257714500016242 5.58338737487793 0.7366985263834103 -0.673932547682687 -0.0555895889392465 74.9527816772461 0.03610873613609095 -0.042883982940630665 0.9984273249374747 15.238927841186523
-0.3331801925133704 -0.6455967910248243 -0.6871650040093743 5.001700401306152 0.9425248820951139 -0.2085318540031354 -0.261077215584982 75.97029113769531 0.025254820299213776 -0.7346558713332827 0.677969722603591 15.181251525878906
0.7462143802576863 -0.16572140090798468 -0.644748412931534 4.813737869262695 0.6648665186273128 0.23414484338511632 0.7093156594384167 76.9334487915039 0.03341573140055093 -0.9579731779111844 0.28490486008089067 15.218964576721191
0.6534466015088515 -0.7519999978449305 -0.08662298896803819 5.247276306152344 0.7566450348939446 0.6522393300794603 0.04552084651934927 77.80088806152344 0.022267243809543646 -0.09528829696621385 0.995200638220457 15.147159576416016
0.225673349376612 -0.7532474757061736 0.6178104723322672 4.900272369384766 0.9726599168703156 0.1385329732240974 -0.18639018601718918 78.72046661376953 0.054810815492678966 0.6429827802297422 0.7639168271697244 15.114876747131348
-0.04271392932178558 -0.6740726234154378 0.7374290600483024 4.7318339347839355 0.9989492057308867 -0.04108819420177451 0.020303809171378584 80.50708770751953 0.016613386515819173 0.7375214292880354 0.6751193499888811 15.075328826904297
-0.7623444552121447 -0.6133914412753014 0.20635375300077968 4.366785049438477 0.6453245401712293 -0.7445628890311607 0.17082839965990107 82.10952758789062 0.04885866821854312 0.2633952240413254 0.9634499397955922 15.26417064666748
-0.5821232630079194 -0.7314435297662701 -0.3551378175132468 4.162172317504883 0.8114102237857023 -0.49442541527671513 -0.3117001082201998 83.38758087158203 0.05240186448065798 -0.4696103400602538 0.8813172942291803 15.224218368530273
-0.366233503424051 -0.8531645685463058 -0.37146095346205815 4.137931823730469 0.9224029062351047 -0.28023464252396396 -0.26578454375395677 84.3415298461914 0.12266172809307056 -0.43997586764123997 0.8895927924362694 14.775527954101562
0.028606739631902744 -0.7469478774371343 -0.6642669063259076 4.066845417022705 0.9995615182200699 0.026457464633870664 0.013295633070150359 85.44973754882812 0.0076436732806366425 -0.6643559821039523 0.7473772162044222 15.187536239624023
0.41231910001193744 -0.9040607455270151 -0.11254833700452341 3.7905616760253906 0.910966429160688 0.4106924034623172 0.03836554027471333 86.32393646240234 0.01153796808677051 -0.11834660170652594 0.9929053112744164 15.141785621643066
-0.24427065073793292 -0.7245529951453628 0.6444802606860436 3.521959066390991 0.9687660242961725 -0.2116119897155842 0.12927782477284822 87.63905334472656 0.042711115151147616 0.6559293582654274 0.7536129229306315 15.163504600524902
-0.5654716347109396 -0.7342672524602698 0.3756240571392941 3.729416847229004 0.8239663673946471 -0.4828624901408731 0.29651853402009165 88.94891357421875 -0.03634908169138257 0.47717441002153616 0.8780565623470915 14.892997741699219
-0.6653608310307076 -0.7369793063604849 -0.11898095026744615 3.6870384216308594 0.7429903320258991 -0.6382637338413745 -0.20145662704143355 89.82598876953125 0.07252813968502356 -0.22244304452889838 0.9722441878944529 14.985860824584961
-0.5532812291380658 -0.7691480434497248 -0.31982990595147803 3.2385082244873047 0.832205387468444 -0.4936811558817067 -0.2524145586050832 91.0532455444336 0.03625016623366245 -0.40582040804370856 0.9132336622482055 14.920013427734375
-0.6657267663933287 -0.5087069675735973 -0.545916746079068 3.1290130615234375 0.7448961176195736 -0.4099005528239573 -0.526413630854959 92.47803497314453 0.0440187058279673 -0.7570989089522515 0.6518156147259299 15.043107986450195
0.0938784636639064 -0.9170358987779392 -0.3875977224038374 2.8521900177001953 0.9951691685153754 0.09766878374035892 0.009956641958802498 93.28191375732422 0.028725600020215486 -0.38666001737342404 0.9217748482510588 14.986116409301758
0.5634801658384845 -0.6504115131797301 -0.5093672213932574 2.546834945678711 0.8261287606090653 0.4445019853284723 0.3463080361954892 93.94622039794922 0.0011720073223416283 -0.6159406209711293 0.7877917096774604 14.970890045166016
0.6918794298591348 -0.7190035724414753 0.0658537573278489 2.519306182861328 0.7208790171526497 0.6828033597518477 -0.11879820933254422 95.44282531738281 0.04045117015401141 0.12966662919959562 0.9907321878818645 15.007549285888672
0.7561164345628996 -0.34690878289498406 0.5549254307870642 1.93133544921875 0.6526650414143649 0.3373640740943049 -0.6783906140462715 96.38302612304688 0.048127758097311735 0.8751227216001266 0.4815017560089615 14.929203033447266
0.5533952009416662 -0.7480096055018295 0.3663814701260564 1.153045654296875 0.831324593607764 0.4688272644462536 -0.2984969282500722 97.86357116699219 0.05150894716084864 0.4697686943473777 0.8812855395236784 14.889174461364746
-0.26612933968543107 -0.8067524079921812 0.5275658506361209 1.0741207599639893 0.962055837707868 -0.2564769382310351 0.09310287475608023 99.25658416748047 0.06019750568594165 0.5323252129614482 0.8443969019097239 14.812573432922363
-0.5295113272130411 -0.7384518926199765 0.41750036723224365 0.825897216796875 0.8451038994422105 -0.5019052859009309 0.18409368031595966 100.35387420654297 0.07360131453074553 0.45031087736216113 0.8898331080762655 14.799803733825684
-0.20665371606355404 -0.847440982317294 -0.48901740574975827 0.6928653717041016 0.9743864677011439 -0.1329498077050753 -0.18137078097662565 101.56391143798828 0.08868626273562127 -0.5139728885070527 0.8532095971575244 14.792764663696289
-0.4204370965040367 -0.6681963686021933 -0.6137965956814173 0.6539745330810547 0.9042852410537309 -0.25329542711282804 -0.3436708154850014 102.63768768310547 0.07416772003810795 -0.6995391622994183 0.7107349081857293 14.860231399536133
0.8975925326512548 -0.43718940850392074 0.056507224500041 0.5989837646484375 0.428790250483537 0.8361339867191071 -0.3420802206259194 103.99382019042969 0.10230623841668554 0.331278398549021 0.9379701787561395 14.789413452148438
0.9937865531296224 -0.03813505913810327 -0.10456578830228179 0.26589202880859375 0.06911791278254482 0.9478201155417618 0.31122297907928625 105.18550109863281 0.08724105083805887 -0.3165165806698516 0.9445667013026324 14.758724212646484
0.5533670246555201 -0.7557257684757884 0.3502334919529769 0.43761444091796875 0.8281436575554871 0.45413371393219787 -0.3285432274766424 106.06990051269531 0.08923574661825343 0.4718486332838399 0.8771521240888922 14.823982238769531
0.18688449762149884 -0.49390257818575667 0.8491963423203271 0.4233112335205078 0.9791739129349586 0.023849961683326093 -0.20161752789711984 107.43538665771484 0.07932611660986577 0.8691900957725912 0.48807370819829216 14.827061653137207
0.01211257964843393 -0.44613028137747573 0.8948860583629151 0.35669422149658203 0.996846975474944 -0.06479798951302163 -0.045796594213181385 108.67374420166016 0.07841806488760605 0.8926191755688003 0.44393875084988754 14.743494987487793
-0.90278413807324 -0.42802236553093675 0.0421622419785549 -0.046047210693359375 0.427908503101455 -0.9037404397349602 -0.01214621591825547 110.01858520507812 0.043302575175492235 0.007076170783831025 0.9990369436563439 14.715198516845703
-0.9963213718468487 -0.053488232024620934 0.06695321527823835 -0.0743560791015625 0.051694653846834866 -0.9982635309974541 -0.02824155527146577 111.3966293334961 0.06834754395638322 -0.02467654180341423 0.9973563463074543 14.735843658447266
-0.5099474386735449 -0.8189444468734279 -0.2632177857316371 -0.2965545654296875 0.8549387653350058 -0.448705346087665 -0.26027527719667193 112.35392761230469 0.09504376527551354 -0.35776179970410976 0.9289634962444592 14.737874984741211
-0.24330039395132946 -0.43473858878894484 -0.867068208228698 -0.3640899658203125 0.9658882563483386 -0.026859131844017614 -0.25756254247260435 113.63380432128906 0.08868367691686191 -0.9001560678317858 0.4264437348515314 14.791481018066406
-0.5607557380004422 -0.8254116602004645 -0.06518123583280977 -0.49481201171875 0.8249532010628685 -0.5502444619055058 -0.12916364890497184 114.89923095703125 0.07074756784304245 -0.12620072641404767 0.989478730593468 14.760498046875
-0.23628735657232808 -0.1364484185089222 0.9620551513351383 -0.8811078071594238 0.9701285845605886 -0.08911214236038262 0.22563145946966806 116.23392486572266 0.05494373979382011 0.9866310633516246 0.15342858367042322 14.762350082397461
-0.06858780300279149 -0.8541873527122826 0.5154218463992699 -0.8560428619384766 0.9976440029239827 -0.05796455030075304 0.036695426666600556 117.48095703125 -0.001468573819273733 0.51672437273155 0.856150550964095 14.631301879882812
-0.2495593048439384 -0.8913018776362447 0.3785513390385971 -1.2516546249389648 0.9645926710075505 -0.2632539625069672 0.016072655751299125 118.57835388183594 0.08532955176449519 0.36915892803301537 0.9254407347038411 14.760965347290039
0.2456390019962258 -0.9065603750589505 -0.3432342743248015 -1.4000129699707031 0.9661168546341491 0.2579021548111732 0.010232386601965432 119.81766510009766 0.07924458271778972 -0.3341178907462583 0.9391940860084005 14.765035629272461
0.9869583228001527 0.11021553848020452 0.11732776369226375 -1.6278839111328125 -0.11190742919232208 -0.054162122209544195 0.9922414987337124 120.75872802734375 0.11571515176101421 -0.9924308538106202 -0.041121819726861575 14.74612045288086
0.9603218743183879 -0.11358461800330796 -0.2547163761100971 -1.7581253051757812 0.2750994676651122 0.535932826721792 0.7981831169176413 121.9217758178711 0.04584954302923551 -0.8365850463611167 0.5459150846138785 14.528428077697754
0.6092381042054364 -0.7314649620287883 0.3062481701306792 -1.5665855407714844 0.7924714961009334 0.5476782400576519 -0.2683979754672187 123.11412048339844 0.02859825609568606 0.40621121930785803 0.9133315854916599 14.683188438415527
0.8907797341658321 -0.38639162473943567 0.23919234421416735 -1.6468353271484375 0.45368629071743005 0.7259444322986117 -0.5168882188923501 124.40372467041016 0.026080928175760396 0.5689518376329105 0.8219571714144389 14.801813125610352
0.4814300187639305 -0.8383017105812209 0.2558815723524466 -1.8726425170898438 0.8726169217661603 0.431029849369636 -0.22968016196384808 125.75590515136719 0.08224867707332503 0.333861514686835 0.9390269666685298 14.783201217651367
0.11785173690097273 -0.9929893768569292 0.00911403087065682 -2.0089025497436523 0.9889516895860234 0.11653156970404399 -0.09162395389449716 127.24246215820312 0.089919540559176 0.019811378336676372 0.9957519698770511 14.758628845214844
-0.8268903079485334 -0.513942392485735 0.22828849254138595 -2.2617034912109375 0.5596780509317404 -0.7917072621334068 0.24486749557765622 128.8925323486328 0.054889870887332506 0.33024661738050226 0.9422973383081946 14.733384132385254
-0.20230001924947943 -0.9780006777575141 0.050885916691192544 -2.4568047523498535 0.9760998028248873 -0.20557428856930943 -0.07048678460844983 129.53846740722656 0.07939695924200091 0.03541025536571338 0.9962139512564852 14.520101547241211
-0.1126194473962881 0.12338885464242089 -0.985947285922623 -3.238652229309082 0.9888621780459046 0.11108873013378667 -0.09904992108816946 130.2244415283203 0.09730597565650628 -0.9861209279734886 -0.1345253229479163 14.713623046875
-0.2886731632660103 -0.08521809986257439 -0.9536276423561807 -3.483814239501953 0.9550941432910207 0.043867732586885866 -0.29303719813169893 131.09613037109375 0.06680555561617951 -0.9953961510340984 0.0687278709499703 14.719152450561523
-0.15303920355519512 -0.7983584433675999 0.5824111932980467 -3.422635793685913 0.9842522264615341 -0.17590049446962147 0.017509161911873072 132.42747497558594 0.08846782963713443 0.5759191019136332 0.8127057469775205 14.652640342712402
-0.14074143890092744 -0.8206090211923682 0.5538886907256728 -3.8723530769348145 0.9898336882165686 -0.12822589305925353 0.06154177459857754 133.7671661376953 0.02052113660793997 0.5569191635119592 0.8303131507241459 14.719310760498047
-0.33332924691833016 -0.9420142391762187 0.03873998371332657 -3.747465133666992 0.9426583046814423 -0.33225573016249016 0.031645700960791626 135.34449768066406 -0.016939119338623958 0.047067005040054455 0.9987480980069956 14.584424018859863
-0.20710435977340025 -0.9783072640727971 -0.004762480997143022 -3.6932034492492676 0.9783187798544412 -0.20710381135053357 -0.0006134396463959206 136.73439025878906 -0.00038619550385343227 -0.004786270623431372 0.9999884711668189 14.607453346252441
-0.2168250011712674 -0.8819570597480897 -0.41849571518425877 -4.032402992248535 0.976177553356741 -0.19236242988086533 -0.10036971601422559 138.11618041992188 0.008018926956082584 -0.43028878713119345 0.9026556688348217 14.56875228881836
0.07805346200656033 -0.7903811379655338 -0.6076226738833059 -4.390396595001221 0.9937096080531814 0.012585533725075815 0.11127811646342461 139.52114868164062 -0.08030486866674369 -0.6124861313443455 0.7863916752988005 14.374367713928223
0.3419542127183826 -0.7937811102812754 -0.5029700442022141 -4.551429748535156 0.9391684879146897 0.27040270905849034 0.21176620656248527 140.81600952148438 -0.03209155203767608 -0.5447879623252111 0.8379595505711226 14.436281204223633
0.6303550746754675 -0.620072340557065 0.46707897866096404 -4.689506530761719 0.7763032334879449 0.5053530307572236 -0.37679119413894235 141.92022705078125 -0.0024019798182813024 0.6001071627472647 0.7999160104113311 14.43754768371582
-0.4601588680079726 -0.4146374487459097 0.7850666228359887 -4.802055358886719 0.8875210522035009 -0.2383998223867776 0.39429926018386563 143.35887145996094 0.023668504160849313 0.8782034563718343 0.4777012571967461 14.387125015258789
-0.8798377923485871 -0.37764735447060005 0.28856183880846387 -5.001003265380859 0.472213228919393 -0.7634019854990596 0.44071768170747905 144.68418884277344 0.053852814120395456 0.5240227897691577 0.8499999942434492 14.335068702697754
-0.5450357178944586 -0.829894930279678 0.11920767976670174 -5.5745849609375 0.8368575121993914 -0.5471540446478088 0.017086711239705142 146.24209594726562 0.051044789104447534 0.10907271025161175 0.9927223042642139 14.373778343200684
-0.9006574487919086 -0.42887261491984235 0.06988876953750796 -5.646209716796875 0.4287465987053514 -0.9032541445107891 -0.0175586025262428 147.50648498535156 0.07065772451928136 0.014150286071271716 0.9974002483305577 14.349803924560547
-0.7719331698070024 -0.6036297205022525 0.19937487775064905 -5.664264678955078 0.6329300175260448 -0.7590532602071618 0.1524393029482866 148.6395721435547 0.05931925712780206 0.24386329919701213 0.967993758780786 14.287857055664062
-0.19516412981893538 -0.9794618965871147 0.050649339245347744 -5.7769904136657715 0.9805706175190316 -0.19590678534950234 -0.010089376213082913 149.76280212402344 0.019804708792679575 0.04769616953169936 0.9986655340611494 14.224519729614258
-0.7818442650338815 -0.560003807885438 -0.27407167016574097 -6.145160675048828 0.622715511086492 -0.6797245153463514 -0.3875564158796193 151.05767822265625 0.030739835489445935 -0.47367744129415423 0.8801617715642419 14.208532333374023
-0.8346305425988553 -0.5047540293091648 -0.22048861026661473 -6.1417083740234375 0.5472961104791905 -0.7148180937306169 -0.4353183436632055 152.10263061523438 0.06211943991610022 -0.4840025441787365 0.8728589304194694 14.188034057617188
-0.8444034622879921 -0.435632300215174 0.3117808395095635 -6.3836212158203125 0.5313335266878029 -0.7552761696691885 0.38372202301580377 153.57765197753906 0.06831893071143257 0.4896758178009975 0.8692238590647239 14.1600341796875
-0.4184898223178721 -0.8987305630776459 0.13095664781328795 -6.376491546630859 0.9071658283503077 -0.4205853452589034 0.012574864887906247 154.8135986328125 0.043777031533167025 0.12406184886413202 0.9913083421249704 13.927678108215332
-0.12949859964487273 -0.07828216659459447 -0.988484706550017 -6.783420562744141 0.9911312329909543 0.01975641230772998 -0.13140990511585338 155.74998474121094 0.029815963506946708 -0.9967354646875887 0.07502947257024598 14.079757690429688
0.9887464504056945 -0.0566704519291113 0.13845185693333872 -6.59368896484375 -0.1471572347843484 -0.5350237488153994 0.8319220735466397 156.84506225585938 0.0269296316492368 -0.8429341896504534 -0.5373422995238414 14.040977478027344
0.9968933604749891 -0.07854284830137986 -0.005886324964692974 -6.594703674316406 0.0768863874104907 0.9542014247111903 0.2891161090463462 157.93832397460938 -0.01709126302668928 -0.28867050777632486 0.957275940713184 14.021552085876465
0.9753773655744901 -0.10127659181779072 0.19591336522744007 -6.854209899902344 0.22053537295117412 0.4550361973667235 -0.8627318287644886 159.18197631835938 -0.0017731334564151796 0.884694925404122 0.46616707837634874 14.00062370300293
0.42260505843871926 0.008591530057149577 0.9062732204988092 -7.281379699707031 0.9054321989805336 0.040096062552688494 -0.42259299428296915 160.2079315185547 -0.03996870815126974 0.9991588919581547 0.0091657509059892 13.970608711242676
0.6218961357644168 -0.5761339551348683 0.5303912349030097 -7.811176300048828 0.7830910476588557 0.460720284384866 -0.4177382321895903 160.7411346435547 -0.003688820657318348 0.6751344201690369 0.7376855070456355 13.916053771972656
-0.9977404040748367 0.05413596949946316 -0.03979174390416659 -7.825836181640625 -0.06715886704924111 -0.7864729000996841 0.6139625916824695 162.41094970703125 0.0019423319087996972 0.6152476527506184 0.7883314995175635 13.962848663330078
-0.9916701934723466 0.06101038740233172 -0.11343703102398187 -7.8771820068359375 -0.10036375239474327 -0.9180106732411193 0.38364504560939344 164.07733154296875 -0.080730072363185 0.3918343226982602 0.9164870533574548 13.87447452545166
-0.9768534275816287 0.21134525829112774 -0.03302367059974016 -8.160392761230469 -0.1991452160081523 -0.8421650586213043 0.5010979913933417 165.56060791015625 0.07809330293367028 0.4960757964618226 0.8647602212183897 13.774073600769043
-0.9478511631378124 -0.31435110964783913 0.05255047479774526 -8.260002136230469 0.30360495065466403 -0.9407247315965039 -0.15119858895064 167.0985107421875 0.09696497551319895 -0.1273591740938115 0.9871055841691238 13.723936080932617
0.17253744193478618 0.7621046674936109 -0.6240411099559491 -8.421316146850586 0.9845838509094735 -0.11495734113919238 0.1318311429309439 167.85560607910156 0.028731022586603483 -0.6371666073348947 -0.7701903938887242 13.747591018676758
0.5397173733945092 -0.5509209722809766 -0.6365463370070674 -8.374076843261719 0.8414318443292249 0.3293048871382065 0.4284282234582728 169.19558715820312 -0.0264122737538921 -0.7668405138018441 0.6412940185182401 13.803838729858398
0.16428912813444146 -0.5466581020520672 0.8210809959057976 -8.598270416259766 0.9841836391321334 0.1467634237198308 -0.0992122065204879 170.19664001464844 -0.06626950159353556 0.8243939694823494 0.5621235951636254 13.82137680053711
-0.10517263257429765 -0.7017225583121531 0.7046447108389011 -8.700847625732422 0.9909627460394483 -0.014631013802804405 0.1333370518537817 171.21295166015625 -0.08325595065427882 0.7123000663982484 0.69691969558171 13.839344024658203
-0.49039212780644587 -0.8688921411642371 -0.06739442119711375 -9.10689926147461 0.86261242422058 -0.49495353581266605 0.10450264574083341 172.55633544921875 -0.12415863468064003 -0.006887990241534608 0.99223847386839 13.745651245117188
-0.36671531847246686 -0.8346783582054208 0.4108916080198527 -8.953847885131836 0.9303271385899116 -0.32741313417193274 0.16520307132380882 173.89244079589844 -0.0033601191563245314 0.4428461108728573 0.8965913404021032 13.67095947265625
-0.08441333253105665 -0.8634712332044949 0.497284444477514 -9.2070951461792 0.9962690749041176 -0.06414574163751002 0.05773434176871786 175.08401489257812 -0.017953263789477314 0.5003026616540055 0.8656644425302583 13.608463287353516
0.4863593174819406 -0.7788831351603309 -0.3959743376297445 -9.203968048095703 0.8731486107291049 0.41631087423053426 0.25356805709561 176.1102294921875 -0.03265146061564683 -0.4690696299700315 0.8825574000366452 13.5292387008667
0.3513004832216905 -0.8251960894510667 -0.44231141116059147 -9.383094787597656 0.9362532215274896 0.3074900073432514 0.16994057950779332 177.26170349121094 -0.004227962583104983 -0.47381569131753576 0.8806138853059732 13.3321533203125
0.22653731853943243 -0.9347630186308564 -0.27367671130202725 -9.335834503173828 0.9733899905987613 0.2073109976101492 0.09764259558219655 178.50607299804688 -0.03453649535067792 -0.2885138632198012 0.9568526434194968 13.325879096984863
0.10037328523730449 -0.9275921654774415 -0.35985827509665813 -9.517965316772461 0.9949396357698128 0.09521595647938008 0.032078697073753826 179.5738525390625 0.004508301776009999 -0.361257105364847 0.9324553496219048 13.23455810546875
-0.39686828089144055 -0.8644480185938933 -0.3085857915902219 -9.724893569946289 0.9172411348102399 -0.36101125026903813 -0.16834363008800954 180.59654235839844 0.03412137503523635 -0.34985782873658433 0.9361811958362691 13.189226150512695
0.004153056897062857 -0.9658978041713824 0.2588902933972451 -9.995970726013184 0.9999711266361124 0.005658937630474814 0.005071717559004374 181.74044799804688 -0.0063638048770901234 0.2588617552320085 0.9658934173425606 13.06359577178955
0.06510090676726249 -0.997041034519719 0.040878446911898875 -10.153738975524902 0.9967744872037049 0.06690090298575962 0.04432708922861453 182.57742309570312 -0.046930731912807194 0.0378608592551557 0.9981803753523657 12.89908218383789
0.13763545392559573 -0.9896234195411348 -0.041254930837493715 -10.292295455932617 0.9892291981897848 0.13524692117406378 0.05598092319471123 183.62734985351562 -0.04982043026199979 -0.04851554192882692 0.9975791532103412 12.848958015441895
-0.281271136686211 -0.8621636113696496 0.42137922931403554 -10.275655746459961 0.9553885066571515 -0.2928186697145551 0.03860088100051853 184.71145629882812 0.0901074304076232 0.41343818630678286 0.9060626452341434 12.832029342651367
-0.77165870962557 -0.26746301178583154 0.5770670439259653 -10.47265625 0.6009524839648929 -0.6037622116478742 0.5237626407090262 185.7748565673828 0.2083241413649053 0.7509558769411951 0.626630930462306 12.802484512329102
-0.11119252626523479 -0.5004845169059102 0.8585752561308837 -10.739707946777344 0.9392962133534417 -0.3351002459644399 -0.07369157845003305 186.3262481689453 0.32459027354903996 0.7982625341903686 0.5073638544726358 12.738513946533203
0.5390912499254442 -0.6447321594404811 0.5419419404669067 -10.984783172607422 0.7744383444015952 0.12649801052880838 -0.61987378074312 187.05697631835938 0.33109798394786144 0.7538691503937984 0.5674992767486088 12.658622741699219
0.57074578559276 -0.8065062470726063 0.15426250892865412 -11.211784362792969 0.7777263310710001 0.4706852032806894 -0.4166499650443489 187.92108154296875 0.2634217192771778 0.35777522670732254 0.8958827406349448 12.664691925048828
0.5486606649595861 -0.7731869287339703 -0.3180462984551696 -11.50729751586914 0.8088703474887966 0.5871190594606723 -0.031936984381258915 188.8813934326172 0.21142430248071784 -0.2397356528615331 0.9475371132929813 12.59478759765625
-0.28397970619454743 -0.88369196370918 -0.37208068983148224 -11.703468322753906 0.9470472169277999 -0.19785945950446177 -0.252889705591016 189.95176696777344 0.14985691635345696 -0.4241935260708436 0.8930860860301304 12.624469757080078
-0.9420080596874769 -0.32577995619922384 -0.08054958486961092 -11.737548828125 0.3218723727329129 -0.8091656467096437 -0.4915782052290853 191.05291748046875 0.09496836923481244 -0.48899731729713575 0.8671001283133826 12.540756225585938
-0.5346736660171945 -0.843405586328861 -0.0528307468904607 -11.748550415039062 0.8391023828054474 -0.5224570731126872 -0.15147870452556925 191.89834594726562 0.10015618821597673 -0.12532207987339852 0.9870476757777465 12.495748519897461
-0.032708054440163115 -0.993843879697721 0.1058514334438635 -11.85716724395752 0.9968374025376973 -0.04011309452294276 -0.06860125763927444 192.56167602539062 0.07242496859948211 0.1032728542995438 0.992012772845284 12.472492218017578
0.4052555453644726 -0.8706285111098896 0.2788797923728438 -12.31643295288086 0.9048513908254344 0.3384693428565253 -0.25822948024489484 193.583740234375 0.13042968784989278 0.3569936968475053 0.9249559972985366 12.535537719726562
0.9594559075519219 -0.2766097279717422 -0.05414258818265068 -12.338447570800781 0.26262886799952534 0.9470841427846937 -0.18454729523639576 194.2379150390625 0.10232516385037065 0.1628455859923146 0.9813311754783978 12.534353256225586
0.7163547694620189 -0.604223817156906 0.34892609969641925 -12.451011657714844 0.6966199075378042 0.5910776184256485 -0.40662999571881603 195.41091918945312 0.03945312016860947 0.5343602041475404 0.8443356107214477 12.526644706726074
0.04126349645100996 -0.7449601463794359 0.665831588441827 -12.480232238769531 0.9935807058317886 0.10084701988958183 0.05125680031170904 196.29708862304688 -0.10533140490585713 0.6594423848113793 0.7443393287035414 12.555740356445312
-0.2622119632051401 -0.40149202852390453 0.8775243799370285 -12.812335968017578 0.9639079796002556 -0.15242024231261486 0.21828760064721198 197.1201629638672 0.046111747039763895 0.9030903724241134 0.42696778100907895 12.366795539855957
-0.13685512254005522 -0.9858971015520613 0.0963201982233784 -13.206353187561035 0.9897111739837471 -0.14018306408819475 -0.028644382251289492 198.09765625 0.041742873957831106 0.09140904601892266 0.9949381482180946 12.369630813598633
-0.6991369377928937 -0.5583224824910699 -0.44663581110182415 -13.305908203125 0.7114275922434293 -0.48096528348295353 -0.5123896730798531 199.0035400390625 0.07126235477650358 -0.6759795866956123 0.7334666148929593 12.445127487182617
-0.5375719124647972 -0.8364839373958738 -0.1063534738860753 -12.94405746459961 0.8295724381431658 -0.5020501121189817 -0.24444887971623236 200.1702880859375 0.1510827879082971 -0.2196367624055992 0.9638120583380573 12.659053802490234
-0.4899793082343687 -0.8570350582468856 0.15940886561896894 -13.090320587158203 0.8716940517346549 -0.4834472903680456 0.08017604134786807 201.2048797607422 0.00835210587755962 0.17824036123042272 0.9839515313041889 12.662778854370117
-0.7964821271469827 -0.0232444934936466 0.6042151228309677 -13.633514404296875 0.6036641717787945 -0.08795337926851285 0.7923722425639803 202.22219848632812 0.03472447042129856 0.9958533509495628 0.0840851625228102 12.643539428710938
0.9267375093915352 -0.36774581563262465 -0.07694545971966232 -14.283050537109375 0.3716665569864276 0.8673695743320512 0.33095919981304506 202.90069580078125 -0.054968710232541546 -0.33531035863470154 0.9405027401808242 12.532644271850586
0.5765073907229401 -0.43326918441479567 -0.6927604508618869 -13.770626068115234 0.8162627324229433 0.26720053436438695 0.5121708953980264 204.03759765625 -0.03680190347328871 -0.8607448450452222 0.5077045712112693 12.52340030670166
-0.7698995336912399 -0.622614706269308 -0.14002012555056137 -13.89288330078125 0.6359781994670578 -0.7667138965838659 -0.08764434144783394 204.8050079345703 -0.052786720154322966 -0.15652708494816053 0.9862620513093774 12.50887680053711
-0.81781396303069 -0.5744998714382651 -0.0336187386654364 -15.525413513183594 0.5746570824683938 -0.8183741187472306 0.005747985178132387 207.390625 -0.03081492237458606 -0.014618463739776943 0.9994182012936015 12.565034866333008
0.5103106855972602 -0.012190745916434875 -0.8599037096554794 -14.686038970947266 0.8598112578112854 -0.01315961435343549 0.5104423821461576 207.3826446533203 -0.01753867458587821 -0.9998390921863726 0.003766248757170465 12.509576797485352
-0.9458497189434527 -0.010223228229783665 -0.3244438237648448 -15.331306457519531 0.3183978480337748 -0.22374498052777433 -0.9211737046052104 208.93313598632812 -0.06317530800916746 -0.9745941048935132 0.21488418081552488 12.517383575439453
-0.35576116529690816 -0.9317510787837362 -0.0726217629359786 -14.90060043334961 0.9335314460069557 -0.3579631455845449 0.019530123383638614 209.44436645507812 -0.04419312822994277 -0.060846639911842776 0.9971683177020269 12.547287940979004
0.7690167805937338 -0.632155958409851 0.09482634345039054 -14.297187805175781 0.6252695698335279 0.7747327989686532 0.09395240945495155 210.88589477539062 -0.13285765392119356 -0.012958952469959054 0.9910504070658753 12.603049278259277
0.804972724940641 -0.5806809710086307 -0.12177241892199181 -13.663345336914062 0.5712465377769034 0.7030841210734664 0.4234974755205187 211.9726104736328 -0.1603006711762 -0.41046598958114083 0.8976755350446144 12.624821662902832
0.4839515808371315 -0.8742840690071078 -0.037659448822530354 -13.816726684570312 0.8663990390664947 0.4726470019076644 0.16111336596431589 212.45362854003906 -0.12305922358724924 -0.11059917842403606 0.9862171410100478 12.619000434875488
0.790754500053971 -0.40974797712301547 0.4547679802800447 -14.4395751953125 0.603865649507699 0.6438546527106747 -0.4698909059850608 212.90660095214844 -0.10026763181126344 0.6461871102292379 0.7565636923515082 12.600345611572266
-0.2631277954923913 -0.4539339407777605 0.851297680396985 -15.07154369354248 0.9592006163284723 -0.028491663438700465 0.28128704689262674 212.95046997070312 -0.10343085068969143 0.8905797002652085 0.4429106643569765 12.428878784179688
-0.3855918407552005 -0.8253458058143355 0.4124599776556528 -14.81689453125 0.916936354891438 -0.29302005901057704 0.2708633716393582 214.1959228515625 -0.10269690073911322 0.48264225451375825 0.8697757186404192 12.46609878540039
0.040011291563534335 -0.7524982428313263 -0.6573777385059398 -14.631254196166992 0.9961551312803116 -0.021274917083099698 0.08498430635718474 215.6697540283203 -0.0779361980810101 -0.658250539262121 0.7487537489654419 12.607666969299316
0.6775589451595622 -0.3921778821145534 -0.6221819545875666 -14.597831726074219 0.735370266181596 0.37507455699871295 0.564402027200672 216.07301330566406 0.012018629300804773 -0.8399497517544503 0.5425310747573517 12.692543029785156
0.060952028970426175 -0.9903585739826992 -0.12439752852586108 -13.983749389648438 0.9979523979497411 0.05804469346618191 0.026866800828871024 216.92222595214844 -0.019387150145123676 -0.12578039791386844 0.9918686555738511 12.625937461853027
-0.4511808873607922 -0.46059036451886354 0.7643901641130062 -14.007308959960938 0.891963362928494 -0.26050467563197066 0.36951139788533377 217.94644165039062 0.028933822312646795 0.8485245017595322 0.5283644611819744 12.641324996948242
-0.7569369394687032 -0.4309131380057401 0.49128437504341493 -14.865768432617188 0.6529388993071187 -0.52951896998633 0.541553740820082 219.31570434570312 0.026781774387838048 0.7307007102218132 0.6821724185585172 12.6864013671875
-0.6583061176406027 -0.6749660421724618 0.3332475017025628 -13.222328186035156 0.7500477010478616 -0.6256425241563706 0.21447582176101612 220.05210876464844 0.06372991157827634 0.39114226808322294 0.9181210293250761 12.731353759765625
0.1461632363715129 -0.9680436963986452 0.20378348852704817 -14.504351615905762 0.9875474597528022 0.1306633169931341 -0.08761913220375835 221.2515411376953 0.058192122054391365 0.21405256236541548 0.9750872665949482 12.769617080688477
-0.20351945415260253 -0.9711164112947133 0.12455018063216186 -14.220444679260254 0.9765159859124728 -0.21052341349952386 -0.04578669704073501 222.26795959472656 0.07068494209390183 0.11230675884641111 0.9911563100130051 12.933355331420898
0.6917601060914063 -0.6270614313041657 -0.35813672946400943 -14.997085571289062 0.7180549512998585 0.6499008188449511 0.24905022099652807 223.3722381591797 0.07658356569241082 -0.42944485913261643 0.8998400249102076 12.898431777954102
0.18126763447838357 -0.8099286608597306 -0.5578150311784138 -13.432028770446777 0.9822923633586128 0.1764341515082909 0.06302938258384502 225.6422576904297 0.047368318293585066 -0.5593626323768089 0.8275685397128897 12.998016357421875
0.07911038932748715 -0.8636805654793225 -0.4977925542972407 -14.4343900680542 0.9957462812393261 0.09212390375096113 -0.0015905205867732808 226.61322021484375 0.047232295079814995 -0.4955492580672496 0.86729466914682 13.040660858154297
0.26110467994292863 -0.8473717446879954 -0.4623694112031237 -14.889373779296875 0.9642102337842813 0.2518051232353453 0.08302291839060902 227.5611114501953 0.04607571136251723 -0.4674989906051723 0.8827920041581611 13.066526412963867
0.7703185756983582 -0.48583097700616884 -0.4130103554576857 -14.813629150390625 0.6313052063473084 0.6722634969506119 0.38667237696338824 228.62855529785156 0.08979436715537847 -0.5585965023601254 0.824564684653787 13.071495056152344
0.8024314010078886 -0.5830014122777148 0.12733106439006492 -15.244056701660156 0.5842421824734175 0.7240788408108123 -0.3665663712191393 229.68678283691406 0.12151098261151021 0.3685365457756666 0.921637616166205 13.11349868774414
-0.07695059137976012 -0.8000714290240968 0.5949490019704589 -15.870931625366211 0.996919095978649 -0.07083666870117611 0.03368207892089453 230.7541961669922 0.015196136331934229 0.5957078770896518 0.803057409288976 13.246160507202148
-0.9259864208990776 0.2491995378886429 0.28363486849575353 -16.023147583007812 0.35991635518279097 0.35567831281123086 0.8625271909149829 232.18081665039062 0.11405860591139812 0.9007732945152421 -0.4190442772616103 13.200878143310547
-0.969598206428387 0.1762110415454043 -0.16979100956275278 -16.37335205078125 -0.1879991519658289 -0.09226176791017333 0.9778262039044661 233.51548767089844 0.1566385551228821 0.9800190993136679 0.12258437106516766 13.255048751831055
-0.7925594922500511 0.6082649139995325 0.04316532915989879 -16.866958618164062 -0.5751666494512663 -0.769192128465927 0.27843633898085374 234.50863647460938 0.2025654871969686 0.19585010570126854 0.9594842153435649 13.257213592529297
-0.9565066618780871 -0.16784690799687388 0.23858420161177438 -16.897506713867188 -0.18759742189556397 -0.2723862681823601 -0.9437229085933144 235.7783660888672 0.2233880325375033 -0.9474350301638507 0.22905163290718322 13.335304260253906
-0.7945245975434795 -0.5361047975918921 -0.2851706680171163 -17.19750213623047 0.5781367464505972 -0.5242230882173798 -0.6252583915337331 236.66656494140625 0.18571097517887816 -0.6616508140845816 0.7264500216252462 13.332332611083984
-0.7589581104483364 -0.6067163523871488 0.23638497061091712 -17.39897918701172 0.6264839973389098 -0.7793550110025488 0.011116110087523542 237.983642578125 0.1774834856062722 0.15652806320673063 0.9715958922133204 13.316596984863281
-0.11369141225215779 -0.9876052620099143 -0.10821325810841395 -17.545495986938477 0.9787551850489267 -0.09263035799023595 -0.18291501993669598 239.2132110595703 0.17062400335225716 -0.12671015440338254 0.9771550471911403 13.372760772705078
-0.4572899945514779 -0.7976217631897757 -0.39330062772533536 -17.46294403076172 0.8771388840947161 -0.33158336674441946 -0.34739005297721515 240.47796630859375 0.1466739202864157 -0.5038372691499402 0.8512548192658559 13.387279510498047
-0.4364146328648747 -0.8995865050089821 0.016923008808746004 -17.55187225341797 0.88575663378349 -0.4328571473512276 -0.1675406687807398 241.66519165039062 0.15804256999288674 -0.05812753213995896 0.9857199075180338 13.350345611572266
-0.15598461875725023 -0.8533042045797657 0.4975346552328276 -17.77823257446289 0.9715300460750703 -0.2234708103100307 -0.07867761125472661 242.7205810546875 0.1783204090521522 0.47109736932599355 0.8638686823410149 13.437694549560547
-0.19800572342677358 -0.964864937741012 0.17271185659436664 -18.140886306762695 0.9631140771244923 -0.22426638856759062 -0.14871402557757674 243.8821563720703 0.18222241337134606 0.1368949921541453 0.9736810325708511 13.479476928710938
-0.037557303967546474 -0.9775468132484054 -0.20734434360882917 -18.32386016845703 0.996739723574669 -0.02181866454942777 -0.07767798481919762 245.0503387451172 0.07140988984014232 -0.20958571942087667 0.9751791906351632 13.515138626098633
0.06144181880305116 -0.9267693035770966 -0.3705719374823149 -18.420076370239258 0.9935602438713024 0.09220203109552655 -0.06585459179327027 246.15379333496094 0.09519949947647696 -0.36413931868047866 0.9264661957623415 13.296031951904297
0.2858846619627143 -0.760343979049924 -0.5832212218163817 -18.24676513671875 0.9375496615271313 0.3477971171345609 0.006147965781473974 247.04547119140625 0.19816809083408513 -0.5485564682285837 0.812290101466069 13.404556274414062
0.4223896068739986 -0.7745123468483464 -0.47086903124361007 -18.50396728515625 0.8916723443507213 0.448363594389645 0.0623740133876822 248.1626434326172 0.16281108784391113 -0.44620702796511935 0.8799953624136991 13.515350341796875
0.47002255125567793 -0.8631738123482016 -0.18441738255212103 -18.935688018798828 0.8713785502539089 0.48706697119235287 -0.05886584519824485 249.31118774414062 0.14063507197175112 -0.13302907670798692 0.9810836056533209 13.493606567382812
0.6907078013036602 -0.6712881041381092 -0.2688773223254928 -19.014968872070312 0.7119514795648635 0.6964080523245216 0.09022702146789846 250.66712951660156 0.12668000617171493 -0.2537481150673435 0.9589390335866534 13.45663070678711
0.17150263448658215 -0.9804144777376509 -0.09682095954167602 -18.965389251708984 0.9810332620396336 0.17896486405601358 -0.07446687992180213 252.33761596679688 0.09033595704943487 -0.08221331568439279 0.9925121589119907 13.541254043579102
-0.4764080128766083 -0.7217755641257517 0.5020711506329694 -19.351089477539062 0.8750780841885415 -0.4446417842991216 0.19113354030155152 253.30108642578125 0.08528629338805213 0.5304090107513689 0.8434408867691208 13.45578384399414
-0.8959368957921663 -0.34958292023212845 0.27402346731671445 -19.865623474121094 0.44186052276560017 -0.7644246493424183 0.46948294313961125 254.70407104492188 0.045347074653253466 0.5417072432224792 0.8393431392825548 13.41250228881836
-0.27044848294766455 -0.9626613990167162 -0.011859549506001713 -20.067968368530273 0.9616090080154932 -0.269516363786515 -0.05166280436400964 256.28363037109375 0.0465374448671807 -0.025376376701045332 0.9985941646789054 13.446640014648438
-0.2058294126736271 -0.9360969122544096 -0.2852311759716845 -19.88747215270996 0.9772060500140429 -0.18112998121065882 -0.11072608420141249 257.77203369140625 0.05198642798251869 -0.3015203156909775 0.9520414437046487 13.456527709960938
-0.3960383134408971 -0.9172499340354191 0.04249956233785028 -19.391590118408203 0.918217161449861 -0.3958868251715626 0.012282755168956546 258.91485595703125 0.005558660436613863 0.04388826913424332 0.9990209813244918 13.443174362182617
-0.27563965733080315 -0.9317033109938427 -0.23654115834177464 -19.587779998779297 0.9610408496506239 -0.2723694391083112 -0.04706775905682327 260.10882568359375 -0.020573395669276698 -0.2402994567678734 0.9704807604830199 13.47380256652832
-0.8342594147405089 -0.5388342355635335 -0.11691405177089087 -20.107315063476562 0.5510718080841618 -0.821842369958689 -0.14455096428436115 261.49371337890625 -0.018195913048726427 -0.18502104076387743 0.982566091020332 13.478668212890625
-0.9796702986932389 0.1764632506437085 0.09542969679589174 -20.278121948242188 -0.20055580713658056 -0.8499925278958391 -0.4871242867534279 262.868896484375 -0.0048450058921344075 -0.49636017537016086 0.8681031633535317 13.530939102172852
-0.9235466368112939 -0.25033330505808193 -0.29050791041423546 -20.688034057617188 0.3795292019980957 -0.48811149302559453 -0.7859419540952207 263.8090515136719 0.05494719706442576 -0.8361102838471864 0.5458025272749668 13.480213165283203
-0.7426582991630747 -0.5299174992418749 -0.40944608275259703 -20.70929718017578 0.6680166231552642 -0.5432773019273153 -0.5085307900204414 265.10888671875 0.047036601412588086 -0.6511814011531765 0.7574630954176838 13.520132064819336
-0.04754163490110108 -0.966913896486949 0.25063381601722545 -20.935487747192383 0.998425765661195 -0.05347656223726838 -0.016918857973881 266.05828857421875 0.02976211374864382 0.2494349094888475 0.9679341106260816 13.59260368347168
0.5541302508531285 -0.7416824345609296 0.3779508319255577 -21.259056091308594 0.8317894698882233 0.4755340669598173 -0.2863452967026426 267.15179443359375 0.0326487805670809 0.47304811322362145 0.8804314508824945 13.542095184326172
0.9721588023609155 0.2175432118690728 0.08707590919352051 -21.483444213867188 -0.20909220235846623 0.6376204901948437 0.741431427305704 267.8790283203125 0.10577199017261957 -0.7389959820278963 0.6653549613864379 13.479982376098633
0.7078852227898251 -0.5885676304753326 -0.39049539781212783 -21.679916381835938 0.6851000085192037 0.7066571037687993 0.1768437616091656 269.1925048828125 0.17186183311831224 -0.39271348595349354 0.903459809990167 13.220375061035156
0.17751517503617942 -0.8230708993021638 0.5394836951695593 -21.96320915222168 0.9839824068706353 0.15754684048969403 -0.08341232535294987 270.79412841796875 -0.016339694028532192 0.5456494183756108 0.8378542394864466 13.132282257080078
-0.22364170255218013 0.5782815349702418 0.7845857857443141 -21.85428810119629 0.9746635491091379 0.12945131768615856 0.18240976505465956 271.693603515625 0.0039185351269381274 0.8055015969331023 -0.5925806463433316 13.407611846923828
-0.9039190171972374 0.18191440447032814 0.387088568412174 -23.042037963867188 0.4214137478090345 0.22416525963343764 0.8787265726783372 272.7971496582031 0.07308121172178159 0.9574221043091075 -0.27928847214591007 13.43382453918457
-0.9168643333840373 0.38622787464369795 -0.10093474632878734 -23.820816040039062 -0.39108959110687075 -0.8183482045934681 0.42113554559845395 274.37628173828125 0.08005451827414477 0.4255986899496505 0.9013639826490937 13.378114700317383
-0.9743270132358037 -0.20532959802692274 -0.09233973929516992 -24.01263427734375 0.22506840914969928 -0.8781754408364748 -0.4220806869716814 275.90362548828125 0.0055751665285617424 -0.4320273733060965 0.9018432603465046 13.386066436767578
-0.09810812984682704 -0.6972598303305577 -0.7100729003879531 -24.04545021057129 0.9909309755696805 -0.13427658647672436 -0.00505964234706463 277.23388671875 -0.09181827984927388 -0.7041296239553911 0.7041099886764566 13.346266746520996
0.3784239714962614 -0.6776482777309967 -0.6305458821411889 -24.354515075683594 0.9232920740001254 0.227930779575241 0.309159029968024 278.38037109375 -0.06578026972841783 -0.6991712032188084 0.7119217546219667 13.354839324951172
0.2986048496990626 -0.8153379869150073 -0.4960434565938594 -24.604747772216797 0.9543759765942386 0.2544050020014545 0.15634765830172714 279.4627380371094 -0.001280248411036411 -0.5200981273279339 0.8541055549017245 13.380722045898438
0.20167896046925998 -0.9256822340113525 -0.3200593672114447 -24.316783905029297 0.9794419038778627 0.18914525432571389 0.07012581332268963 281.017822265625 -0.004376509127874656 -0.32762245710850274 0.9447985879360961 13.308836936950684
-0.26946641779146463 -0.9626836053839318 0.025062434192034515 -24.158536911010742 0.9628181322455855 -0.26880234189773955 0.02695450258144011 282.0787353515625 -0.019211816721954406 0.031393899332274024 0.999322435044344 13.2171630859375
0.02283256281031021 -0.7134805801751501 0.7003028886049552 -24.174854278564453 0.9995914233172286 0.028340263777738017 -0.003716971838094274 283.25982666015625 -0.017194781363838063 0.7001016291667511 0.7138361494992465 13.235346794128418
-0.20245640999456582 -0.9046145437275636 0.3750785642084662 -24.461820602416992 0.9792433483953166 -0.18321950456741432 0.08667801203073405 284.4089050292969 -0.009688481596262455 0.38484170826801434 0.9229317379425824 13.116518020629883
-0.1951113450558291 -0.9768299210599592 0.087948100334795 -24.826309204101562 0.9802621194299418 -0.19713925242977287 -0.014909472229064427 285.6975402832031 0.03190204133318279 0.083303184053338 0.996013473445692 12.834447860717773
0.05093368241720986 -0.9977699272060315 0.043138525226219956 -25.003679275512695 0.9977825397891956 0.04898618198725868 -0.04505948586183786 286.8525085449219 0.04284580828091361 0.04533791280574764 0.9980524587290858 13.09037971496582
0.06367972150252232 -0.9771683805507717 -0.2026989124814044 -25.123149871826172 0.9972276643684624 0.07014065744961218 -0.024844991260974114 287.9884338378906 0.03849517486105125 -0.2005548409396268 0.9789258793637539 13.06663703918457
-0.4002805253153431 -0.9130884060544302 -0.07775000824600006 -25.236961364746094 0.9161292399425178 -0.39668843016234867 -0.057840341438101336 289.25958251953125 0.02197081645314453 -0.09438141821519454 0.9952936406508739 13.048666000366211
-0.2713064920856299 -0.8297634822436106 0.48773491866704344 -25.357837677001953 0.9600396598175569 -0.26945470551854794 0.07561754592224132 290.440673828125 0.06867779065738602 0.48876039652253944 0.8697106621523909 13.077581405639648
-0.26334035188364563 -0.5539760464325343 0.7897862996081766 -27.083072662353516 0.9545208498661444 -0.2682586058377771 0.13010483298012354 291.4333190917969 0.13979201064657243 0.7881293424133826 0.5994250023034056 13.221172332763672
0.2607200830730978 -0.6714529747804051 0.6936684661572139 -27.31753921508789 0.9578943332766813 0.0904124863086192 -0.2725142722792995 292.7540283203125 0.12026422809289289 0.7355110366119861 0.666753350545149 12.891075134277344
0.3975061161957396 -0.8562230971872113 0.32995589922005975 -27.68661117553711 0.9158744495425464 0.34818144278434227 -0.1998591393350608 293.9291076660156 0.05623949023699079 0.38164340783479134 0.9225971108745845 12.943134307861328
0.8666412571690706 -0.4852164686891661 -0.1161805056161665 -27.608749389648438 0.4953907135416624 0.8645298668781157 0.08471216094746879 294.8865661621094 0.059337781464217504 -0.13096979723784685 0.9896089833375513 12.931886672973633
0.8650133996888415 -0.44014542856100797 -0.24088134023954433 -27.304855346679688 0.4984763264800957 0.8086017044324867 0.3125454135446342 296.196533203125 0.05721162729429684 -0.39042961632760903 0.9188533856914357 12.937118530273438
0.9199130793409299 -0.3623890729463852 -0.14978012640716887 -27.097946166992188 0.392110503136892 0.8531010649792857 0.34419169987223974 297.5001220703125 0.0030462743181463997 -0.3753568072384835 0.9268753893984405 12.895628929138184
0.5351891452198194 -0.8376084301197924 -0.10947463921445921 -27.26386260986328 0.8421118029807004 0.539229572035504 -0.008898310120535526 298.95458984375 0.06648526242313485 -0.08742760682223966 0.9939497590149429 12.91818618774414
-0.14294479009206956 -0.8216020592220321 0.5518485691452414 -26.677898406982422 0.9864361781555568 -0.16372335787009035 0.011761314280311519 300.50927734375 0.08068738074440227 0.5460446120692506 0.8338613962876259 12.948768615722656
-0.7719620605891944 -0.42982764456043887 0.4683190931218906 -26.662582397460938 0.6323671469985664 -0.5942650457617566 0.49695155375818134 301.8849182128906 0.06470215149265524 0.6797773542546134 0.7305589505541762 12.93022346496582
-0.9479337024318243 -0.30171488798455565 0.10193047710258776 -26.168685913085938 0.30768393503675223 -0.9502427134856376 0.04867629389910962 303.30950927734375 0.08217233058757548 0.07750426979154035 0.9935999175975644 12.876472473144531
-0.8254363341340478 -0.44348962398591035 -0.34924463017801777 -26.116920471191406 0.5605763418994212 -0.5712184836103942 -0.5995528407776124 304.6391906738281 0.06640047585678743 -0.6906709762243363 0.7201142821853449 12.920120239257812
-0.4776685568590013 -0.845334652656097 -0.23925316049539452 -25.801132202148438 0.8726504381309721 -0.42505236458356593 -0.2404406375630829 305.7513732910156 0.10155768123614033 -0.32363530768554183 0.9407158045877742 13.018482208251953
0.046429973992003104 -0.9506628746934004 0.30673173326994063 -26.361408233642578 0.9959851201517683 0.02052999836227154 -0.0871329995094445 306.61053466796875 0.07653690581261854 0.3095458251162907 0.947799284765348 13.00151252746582
0.17418539202512773 -0.8825686464526306 0.4367287871251725 -25.680908203125 0.9813532883973977 0.1189800000044342 -0.15096185925775765 308.25506591796875 0.08127221269700216 0.4548805820187497 0.8868362213766513 13.082914352416992
-0.34721740784924016 -0.9365301894355806 0.048489957333551534 -25.662803649902344 0.9376006318010288 -0.347709207947149 -0.0018335634915992056 309.9171447753906 0.01857759222196982 0.04482756946926278 0.9988219871842592 13.086526870727539
-0.7378137135367326 -0.6747752305174638 0.017587279415537435 -25.872215270996094 0.6749981816616736 -0.7374447187104052 0.023510457238555178 311.3173828125 -0.0028946278812447416 0.029217719387988495 0.9995688800693998 13.164766311645508
-0.9354950073880521 -0.3532336965120965 0.008662955640460008 -26.793685913085938 0.3486436651552978 -0.9267678691626111 -0.13981742178596374 312.11541748046875 0.057416773673806265 -0.12777821542107082 0.9901394052176176 13.227096557617188
-0.984778530891244 -0.17039119853108617 0.034323236426992094 -26.880783081054688 0.1496420904422429 -0.9315908564898743 -0.3312789170359896 313.3367614746094 0.08842222494236854 -0.32110016438426575 0.942908370186965 13.2110595703125
-0.7513781348235915 -0.6563120491435765 -0.0684499281079271 -27.479812622070312 0.6534949355347575 -0.7257161389359421 -0.21512892627057706 314.3944396972656 0.09151648889377212 -0.20637485272403672 0.9741838391308327 13.248104095458984
-0.39466381213838014 -0.9188216920794193 -0.0026783488783805043 -27.642955780029297 0.918245605430066 -0.3943094570241222 -0.036675062504564385 315.5331726074219 0.03264174469560693 -0.01693370206584619 0.9993236543970987 13.428129196166992
-0.1382394048785927 -0.9679753471314033 0.2095557068768386 -28.300125122070312 0.9902679094124028 -0.13853208594173988 0.013353978905906796 316.52728271484375 0.01610386682761368 0.2093623378510791 0.977705516483736 13.22698974609375
0.2384959412453836 -0.891404984450523 -0.38537882622977804 -28.31627082824707 0.9711428055700697 0.2184408770327882 0.09573523087474278 317.72283935546875 -0.0011563731977681513 -0.39709033850990283 0.9177788000728271 13.296138763427734
0.05464169525007362 -0.939028983603186 -0.33946848615646996 -28.744766235351562 0.9977138627129956 0.037806415149134465 0.056015382921879575 318.7951965332031 -0.03976598157359615 -0.34175319007543825 0.9389480410452697 13.284098625183105
0.4529198164067766 -0.8531911556435781 -0.2587054151687349 -28.74797821044922 0.8886430391129501 0.4085999904444647 0.20822967330542297 320.08453369140625 -0.07195268544086221 -0.3242081117744573 0.9432454141513169 13.397207260131836
0.7664974257350046 -0.6248400722151802 -0.14851458007798302 -28.8743896484375 0.6398262586609383 0.7228513635922775 0.26097560207944914 321.3079528808594 -0.05571404732701858 -0.2950606553014369 0.9538527950493878 13.408452987670898
0.6529391966485414 -0.5877017606560048 -0.47778347188008663 -29.397247314453125 0.7566786430941627 0.47842859352851475 0.4455822168573426 322.39483642578125 -0.033284178901305445 -0.6524666439107514 0.757086152309436 13.431791305541992
0.5829026842055471 -0.2254194027963909 -0.7806475219898458 -29.584182739257812 0.8121958738149211 0.18968146305001382 0.5516872348833378 323.7132873535156 0.023713357079607644 -0.9556186663194294 0.2936505427849407 13.534585952758789
0.6504042363598384 -0.2733853314414446 -0.7086852544520923 -29.92705535888672 0.7574057718766894 0.3040909172810003 0.577810704950225 324.82183837890625 0.057539778006623854 -0.9125728324796061 0.40484564881828367 13.33778190612793
0.8987589993563896 -0.31513201107209227 -0.3048345070256328 -30.04327392578125 0.4337064321069219 0.7409279420889783 0.5127616555290343 325.9540100097656 0.06427279226069026 -0.5930578388567601 0.802590435991835 13.394683837890625
0.9888499391793821 0.1369332801678441 0.058524136622487774 -30.276702880859375 -0.14699182835501653 0.8345756119425793 0.5309208513022624 327.2431640625 0.023857916543199135 -0.5336036213643461 0.8453981163245361 13.382158279418945
0.9956522444201148 0.054494808392851105 -0.07554418600669703 -30.245559692382812 -0.03604727059827256 0.9732359598547745 0.22696334666190193 328.4847412109375 0.085890642468216 -0.2232534037899136 0.9709689568841091 13.381011962890625
0.2517013166471772 0.21717695449998314 0.9431228009290147 -30.376815795898438 0.9661300348913884 -0.11369194219122297 -0.23166117059523017 329.87152099609375 0.056913995456672695 0.9694886862232585 -0.23843759017037985 13.35309886932373
-0.09864137542685857 0.6412425208874896 0.7609716870289953 -30.836498260498047 0.993684205386001 0.022363941819248417 0.10996160271975502 331.0901794433594 0.05349372879403258 0.7670123098830701 -0.6393985748088181 13.232366561889648
-0.14071146445556404 -0.9764875719758629 -0.16331658074872685 -31.13275146484375 0.9900506053923984 -0.13883166570346828 -0.022925255945066766 332.2516784667969 -0.00028728542761727316 -0.1649175259779424 0.9863073187867961 13.265192985534668
-0.401656305384879 -0.34464360103955555 -0.8484650850842692 -31.449321746826172 0.9157842755120165 -0.14774434400641717 -0.3735114048312908 333.8185119628906 0.003372398182275027 -0.927034194124791 0.37496163784299197 13.233150482177734
0.001778183523555077 -0.9986915264996971 -0.051108443148480336 -31.537654876708984 0.9998862754992411 0.0010102690053485075 0.015047106857875182 334.9203796386719 -0.014975784841270899 -0.05112938738379057 0.9985797472481335 13.223468780517578
-0.03960358432968131 -0.6668089844990361 -0.7441756071651409 -31.849422454833984 0.9981511883712229 0.007964233677608068 -0.060255921991486994 335.97698974609375 0.046105978585835594 -0.7451861171367141 0.6652607680942488 13.229419708251953
-0.2302426557157059 -0.4555141609269998 -0.8599390494005665 -31.763031005859375 0.9720690113342038 -0.06633986453840618 -0.22512409816980844 337.3370056152344 0.04549897463374841 -0.8877532717867038 0.45806546665218095 13.222419738769531
-0.4467997732391658 -0.7408626876472248 -0.5014902199301206 -31.905437469482422 0.8944374239749027 -0.3581719067776286 -0.26775843551309064 338.60198974609375 0.018752525871740866 -0.5681860287330271 0.8226864405871908 13.165390014648438
-0.14698941775985935 -0.8976262117903898 0.4155253241060668 -32.166648864746094 0.9888421685548817 -0.1436251147008349 0.039534695077248466 339.7989501953125 0.024192493759356698 0.41670014438923153 0.9087220218040812 12.963973045349121
0.33187606523397317 -0.818539095761834 0.468883808671418 -32.16216278076172 0.9423150510425947 0.26469574322750566 -0.20488657373246993 340.9320068359375 0.043596122573091756 0.5098332200108557 0.8591678915496984 12.981159210205078
-0.12948005918464855 -0.9153876250319156 -0.3811829091288967 -32.880558013916016 0.9899546584577826 -0.14134954507043274 0.003174949781716868 342.4004821777344 -0.05678634053427506 -0.37694270393099594 0.9244941911563938 12.597296714782715
-0.10656465230438361 -0.9076046128629615 -0.4060761524506453 -33.22200393676758 0.9932664579510609 -0.11583901430564614 -0.0017510779679309474 343.5605163574219 -0.045450174791735215 -0.4035284246178579 0.9138375633212013 12.286633491516113
-0.032512969133159764 -0.8674405943586678 -0.49647731277151763 -33.2076416015625 0.9993698042681449 -0.03529459597198176 -0.003779657686112381 344.6528625488281 -0.014244337653812306 -0.49628732278172866 0.8680414691078695 12.709471702575684
-0.6051336273535137 -0.5680108140092468 -0.5578324194724896 -32.95579528808594 0.7943713363232376 -0.3843271301585344 -0.4703900902996775 345.6880798339844 0.052796525207749245 -0.7277749461149771 0.6837807797337752 12.823307037353516
-0.82661986536747 -0.46973045097576094 -0.3099240255384766 -33.190338134765625 0.562051656036076 -0.6614651650362279 -0.49654986797974354 346.8605041503906 0.028240646716578943 -0.5846512968169184 0.810793023529017 12.741161346435547
-0.18101018997889728 -0.7020475034489466 -0.6887413259162724 -33.426082611083984 0.9813821758952495 -0.08320642128384614 -0.17310608392613136 347.8401184082031 0.06422099313238017 -0.7072524261946624 0.704038116640608 12.739847183227539
-0.1487199898211829 -0.8190854699929129 0.5540589837499943 -33.42884826660156 0.9877898236243408 -0.1493424398999455 0.04436327297354287 348.8975830078125 0.046407208187750126 0.553891531340948 0.8312944980793502 12.790962219238281
-0.11049221274703666 -0.1441164916925231 0.9833727206631788 -33.51956558227539 0.9905472041591878 -0.096892349202748 0.09709845003082734 350.0027160644531 0.08128780507972849 0.9848057216975394 0.15346003798092975 12.589094161987305
0.27831937875803164 0.8930371563538598 -0.35358586054755514 -33.730472564697266 0.9582362107764829 -0.23297092020890314 0.16585510150051053 350.9446105957031 0.0657395449061759 -0.38497946400870353 -0.9205808625683571 12.542709350585938
0.4658617532181409 0.7517469579259907 -0.46674333218326636 -34.331459045410156 0.8802389128791587 -0.3398921963719174 0.3311385678213744 352.0187683105469 0.09028999469396967 -0.5651104370780041 -0.8200596995119747 12.421070098876953
0.03766920040851218 -0.0905914633157548 0.9951754710174954 -34.667274475097656 0.994319378266074 -0.0958115634678749 -0.04635858399918902 352.9631652832031 0.09954900976479791 0.9912685463990835 0.08646770249461089 12.31252670288086
0.22181576841591252 -0.46354460484191246 -0.8578602241647606 -34.95293045043945 0.9741479096931951 0.14398177833864295 0.17408359356016356 354.1101379394531 0.042820730054922984 -0.8742972302531885 0.483498436656383 12.339981079101562
-0.011679387804586772 0.5929318239485193 -0.8051679601484352 -35.11794662475586 0.9998993694472493 0.013409834209988536 -0.004628965916221195 355.1274719238281 0.008052507653084573 -0.8051409991396182 -0.5930287755454655 12.2967529296875
0.227076473996799 -0.14143383404405385 -0.9635521498833262 -35.09006881713867 0.9713750073313027 0.10376787227190765 0.21368861414748463 355.9680480957031 0.06976295642597585 -0.9844941336908818 0.16094853413109203 12.19356918334961
0.28973614615814147 -0.5087442698522825 -0.8106986083014429 -35.16895294189453 0.9570857392730311 0.14841726588737558 0.24891605586364213 357.1822509765625 -0.006312946192057967 -0.8480280555966202 0.5299137322540265 12.246832847595215
0.9418041372119694 -0.24337745082427537 -0.2318887309911703 -35.3470458984375 0.3358714421295524 0.6525856131663961 0.6792071788858343 358.0423278808594 -0.013976462078531579 -0.7175649335903451 0.6963513657552853 12.17181396484375
0.6813935212680562 -0.6003766827054907 -0.41862955944064645 -35.59899139404297 0.7297534075863489 0.5133321646170557 0.4516082958556899 359.2327880859375 -0.056239072627767506 -0.6132193144651583 0.7879081412682889 12.204964637756348
0.5541824581364737 -0.7564883263347548 0.347285495252907 -35.6461181640625 0.8323781272099271 0.5009619708725009 -0.23703113103985696 360.370849609375 0.005334457452246533 0.4204313450003233 0.9073086727817106 12.040064811706543
0.5601086223419934 -0.6264327878735378 0.5420888243223074 -35.9425048828125 0.8214367483153053 0.5047528194433534 -0.26545481683548977 361.3888244628906 -0.1073312615007021 0.5939752129011553 0.7972913186305839 11.869796752929688
0.3848651837281526 -0.6288628618027642 0.6755814469026904 -36.03533172607422 0.9081487637457742 0.3886740165439554 -0.1555581298762969 362.27630615234375 -0.16475622373955146 0.6733973640495086 0.7206881272993585 11.81978988647461
0.13961699552736961 -0.7663569120039652 0.6270599476793725 -36.09187316894531 0.9747123259801554 0.21794809064632414 0.04934076778868651 363.14007568359375 -0.1744791567559456 0.6043142503758856 0.7774067858273208 11.75834846496582
0.15219767631226638 -0.6161829756368061 0.7727576643816079 -36.309349060058594 0.9146155289092591 0.38413612449107176 0.12616604986689522 364.07635498046875 -0.3745855063976484 0.6875739803078291 0.6220351437020792 11.685253143310547
-0.16954046203730327 -0.9724113786119629 0.16022528663778118 -36.59209442138672 0.7475705639441074 -0.020955767229847044 0.6638517212029336 365.6060791015625 -0.6421793235977522 0.23232943542691678 0.7304989731531066 11.918678283691406
-0.2632794788561507 -0.9585642137480148 -0.10880516593840511 -36.50672912597656 0.7415873021311616 -0.27323046099131315 0.6126935518709982 366.3521728515625 -0.6170349984652885 0.08062110956892515 0.7827950225702873 11.84515380859375
-0.26644217663061276 -0.3505236364813978 -0.8978539674023824 -36.93223571777344 0.1366789242842787 -0.9358548860021648 0.3247991748794438 367.7465515136719 -0.9541108102148481 -0.03617751530622343 0.2972604064073018 11.400161743164062
-0.37346838494661444 0.049393541255612614 -0.9263269636190007 -36.999176025390625 0.05395549255732664 -0.99573420943637 -0.07484777205116634 368.41998291015625 -0.9260724433154587 -0.07793370413599741 0.3692101941866978 11.2642822265625
-0.023234536023323843 0.6941368282495812 -0.7194680117999632 -37.0388298034668 -0.012175279990229382 -0.719805387682882 -0.694069136628229 369.1356201171875 -0.9996559002441492 -0.00736664986998764 0.025175654445368928 11.193939208984375
0.20321789523576123 0.9340276684992643 -0.2937597684057091 -37.197139739990234 0.014605007052215069 -0.30287835766160903 -0.9529173071306929 370.47607421875 -0.9790246068536541 0.1893594859996064 -0.07519178304185209 11.110809326171875
0.26490484405871584 0.9336534509812411 0.2410739659628282 -37.19584655761719 0.05487746375223451 0.235003179042809 -0.9704442126221866 370.64501953125 -0.9627117364852003 0.2703049006410961 0.011016947084266093 11.000015258789062
0.2520223513386125 0.6561501681584889 0.7113028126271848 -37.02507019042969 0.2524205724355032 0.665010852429213 -0.7028829353190365 372.06927490234375 -0.9342208459658188 0.3566896732132268 0.0019717976446879115 10.9879150390625
0.4767509986509308 0.8165523082433208 0.32550086511074705 -36.81854248046875 0.219017991893036 0.24827246821773907 -0.9436057973286374 372.9205627441406 -0.8513163950685326 0.5211555520452376 -0.060475499666736876 10.935760498046875
0.617744223821742 0.4236651786639359 -0.662495200226031 -36.91722869873047 0.1467249617515088 -0.8897657028343741 -0.43219067511767406 372.92132568359375 -0.7725696470441302 0.16977871022983962 -0.6118098806155391 10.821075439453125
0.6859882970379316 -0.48801599682952523 -0.5396855039423272 -36.631744384765625 -0.044382682591577516 -0.768404745116418 0.6384233118930953 374.32080078125 -0.7262576910525451 -0.4139982300941129 -0.5487761216251745 10.800689697265625
0.5218072363464169 -0.7188720148050668 -0.4592823036288446 -36.93292236328125 -0.6680416549146587 -0.6791694272033851 0.3040546603015808 374.1827392578125 -0.5305068853421212 0.14816178819901363 -0.8346319722621894 10.77923583984375
0.7604514419002323 -0.49419370542400454 -0.4212910941749779 -36.40699005126953 -0.5306782008828849 -0.8468308449196448 0.035470652663648114 375.7245788574219 -0.37429166651097423 0.19659629094154574 -0.9062315635467929 10.821075439453125
0.7240381080415617 -0.4999991120771877 -0.47515229771686834 -36.464210510253906 -0.5528361791556929 -0.8326069015780464 0.03373286915072167 375.76422119140625 -0.41248148700290804 0.23825749802813972 -0.879256724462907 10.71148681640625
0.313895178061634 0.8093100462916053 -0.49647463798378955 -35.400489807128906 0.8998105313778276 -0.42044651937186667 -0.11647202226128847 377.1346435546875 -0.3030030112246521 -0.41017310165290255 -0.86020183786669 10.79559326171875
-0.08071627232772086 -0.5588448015911519 0.825334702478978 -35.47087478637695 -0.9488669020690003 0.2966117038258802 0.10804211822935739 377.2705383300781 -0.3051827084542885 -0.7744120252734034 -0.5542107266847605 10.724822998046875
0.2935337185322663 -0.9527384813469361 0.07827734183883817 -35.694602966308594 -0.6923134418799374 -0.15540263622328077 0.7046645434866219 377.47015380859375 -0.6591965217421697 -0.2610352597171285 -0.7052095709130985 10.537384033203125
0.0034114042393481037 -0.9620611204726197 -0.2728126881141774 -35.58238220214844 -0.08806723450262538 -0.27204329047938364 0.9582466333424864 377.17242431640625 -0.9961086911216945 0.020756892352117307 -0.08565411193694833 11.119918823242188
0.7601942840549257 0.4880251279466771 -0.42887775062696887 -34.946197509765625 -0.4623200405735206 -0.05745468988232627 -0.8848497831240194 378.63604736328125 -0.45646996678239116 0.8709365264490607 0.18194707011251254 10.625534057617188
0.8729373739637368 0.40928729264799935 -0.2654510373198158 -33.900390625 -0.20680418461822306 -0.1823527470159107 -0.9612385265271796 379.26751708984375 -0.44182843996475285 0.8939974204283939 -0.07454020328447308 10.765213012695312
-0.3102806070890246 -0.9506342393462044 0.004526350310079197 -33.78668212890625 -0.8730808104468641 0.28684497427573086 0.39427130146918127 379.19024658203125 -0.37610615960645083 0.11838286918054702 -0.9189829448856318 10.644271850585938
-0.8600426810913206 -0.31303300533143813 0.40291056609925324 -33.48809814453125 -0.18895356026232096 0.9289391095654356 0.31838448891861715 379.6376953125 -0.4739442359238546 0.19769286353569626 -0.8580759831982308 10.793594360351562
0.22320219235836775 -0.7221210984540615 0.6547685854513164 -33.34911346435547 0.10789911023207654 0.6858895743983235 0.719661916279313 379.2016296386719 -0.968781999903768 -0.08998116969225439 0.23100828072445662 11.245819091796875
0.7146087420212666 -0.6175280952231026 -0.3286234888697244 -33.8091926574707 0.6521685589597204 0.7580478055447443 -0.006300413732420712 378.6258544921875 0.25300299707945145 -0.20981557644494517 0.944439996691103 11.226717948913574
0.14624056043772515 -0.9188809419127655 0.3664307752800914 -32.64214324951172 0.48991120379166575 0.38907142702532593 0.7801348838962897 380.0003356933594 -0.8594188215778503 0.06543117958576994 0.5070680919321918 10.711959838867188
0.08765869047778813 -0.562665166450987 0.8220242480890708 -31.43291473388672 -0.6525075755683984 0.5910922519348261 0.47417698544790915 381.3381652832031 -0.7526950363922761 -0.5779427827781043 -0.3153289108615492 10.772857666015625
-0.11416480284337538 -0.5248205348618245 0.8435222605118856 -31.064041137695312 0.07557508480348446 0.8420253282872997 0.5341177333506266 381.33331298828125 -0.9905830628214268 0.12472671209493752 -0.05646629916425561 11.340278625488281
-0.1887554548435058 -0.35469000938262124 0.915732698723256 -30.696128845214844 -0.4842491727611398 0.8448562874879608 0.22742161764487628 382.16314697265625 -0.8543267038709333 -0.4005157309472583 -0.3312295764523608 10.884536743164062
-0.5422820797836452 -0.3614293157366793 0.7584846706899488 -29.891883850097656 -0.1495671805611795 0.9298542700878991 0.33615575987669744 382.4967956542969 -0.8267767561104411 0.06884683090321672 -0.5583012712058608 10.818519592285156
-0.3004614002658286 0.29355853812508537 0.9074945353246818 -29.688526153564453 0.4379273830735607 0.8876990131267692 -0.14216212311337606 382.4441833496094 -0.8473149084635773 0.3547024764328869 -0.3952766108786819 10.947381973266602
-0.29914616469567173 0.5806544374750571 0.7572001032675544 -28.826744079589844 0.3717113609215689 0.8017653868546317 -0.46797748728296507 382.6869812011719 -0.8788300383519587 0.14146621039091867 -0.45568089164230613 10.95767593383789
-0.30756623916896 0.9333044362430161 0.18532630091966962 -28.305419921875 0.10050630000389682 0.22554272858367264 -0.9690350670860979 382.97772216796875 -0.946203726574245 -0.2794160104076672 -0.16317230446639408 10.922554016113281
-0.15100677979686222 0.9374025251134945 0.3138048093420912 -27.837478637695312 0.05895773092947726 0.32542039824243746 -0.9437295960026795 383.37060546875 -0.9867729923437453 -0.12400834777779152 -0.10440781226705692 10.935111999511719
-0.015215758428701077 0.5774009329495322 -0.8163189593072362 -27.260284423828125 -0.005197145088740529 -0.8164481146722306 -0.577395415405324 383.60223388671875 -0.999870726833407 -0.004542981088437592 0.015423713705333984 11.028850555419922
0.12621892915265626 0.9746736352002833 0.18460792715650615 -26.99029541015625 -0.299119232959678 0.21482872657680696 -0.9297183996840126 383.79730224609375 -0.9458310982396225 0.06212827925230713 0.3186590819668831 11.141630172729492
0.06283273029529146 0.7515189474512894 0.656712509112888 -26.336837768554688 -0.5254525561062958 0.5843391413097782 -0.6184233009959368 383.94476318359375 -0.8484996519062333 -0.3062140420605445 0.4316031755674926 11.176673889160156
-0.05785644298279741 0.8857722162963566 0.46049995965561036 -25.499465942382812 -0.4833887999461453 0.3787381780026786 -0.7892354912254242 384.125 -0.8734917859327607 -0.26826288107125773 0.4062599248601128 11.139129638671875
0.35466180455917773 0.5715865178086651 0.7399350356931294 -24.686370849609375 -0.6145641685374515 0.7389218885136881 -0.27623418583737197 384.1719055175781 -0.7046459303343053 -0.3567678451524599 0.6133439634728396 11.337539672851562
0.25754323736240115 0.6622983441901942 0.7035853780258807 -23.811904907226562 -0.48966542974302585 0.7171830979865991 -0.49585902318796465 384.6040954589844 -0.8330061511198295 -0.21681629838476585 0.5090102601630506 11.200874328613281
0.4739603634567057 0.29440079899088 0.8298733297470877 -22.97899627685547 -0.3339124472455858 0.9321524797094964 -0.13997939900535467 384.8411865234375 -0.8147785290779641 -0.21076034761066392 0.540107419342283 11.256599426269531
0.6146769446666097 -0.10740699485021415 0.7814320131352229 -22.168622970581055 -0.1358201954765899 0.961476170694215 0.23899047614473937 385.02606201171875 -0.776997508487654 -0.2530361844567579 0.5764091959359627 11.343643188476562
0.626054470812649 -0.6646941084575253 0.4077223831939452 -21.31341552734375 0.41758189483042746 0.7273571784390698 0.544588740319689 385.27301025390625 -0.6585447294492035 -0.17068473029246464 0.7329294387317682 11.373966217041016
0.6345742576974465 -0.7123710542052016 0.2997382067710164 -20.554107666015625 0.6354282184590981 0.7016616584226789 0.3223381706925703 385.4183654785156 -0.4399391897224338 -0.014085390662158831 0.8979170959037716 11.450701713562012
0.862780610899764 -0.31231509576660954 0.3975787952239451 -19.806385040283203 0.37427750887002564 0.9232285353402248 -0.0869794107107623 385.51239013671875 -0.33989110581107895 0.22384895016469714 0.9134361957469636 11.464263916015625
0.9631385486625921 -0.220819682248059 0.15363204096796243 -19.0037899017334 0.21473896593380667 0.9751036054286898 0.05531848867828228 385.44244384765625 -0.1620225681496095 -0.02028858328804836 0.9865784615520292 11.727812767028809
0.9679599810054913 0.14875504050747848 0.2023003042396787 -18.38344955444336 -0.09956498049368959 0.9669709742688775 -0.23463578069166782 386.22540283203125 -0.23052177734682539 0.2069760199760244 0.9507999985926295 11.465118408203125
0.9506137411671631 -0.2041416086202072 0.23379418028283866 -17.425636291503906 0.17747240491498317 0.9754814926549273 0.13015146169524 386.5198974609375 -0.2546312247110762 -0.08223175249056427 0.9635356133970703 11.503665924072266
0.8955813793826105 -0.4091737305237481 -0.17467355596202763 -16.70294952392578 0.4447921425332731 0.8320266922815971 0.33149891895993394 386.4447326660156 0.00969241166072446 -0.3745776843062378 0.9271448730246936 11.700019836425781
0.692927541273555 -0.5414031331084181 -0.47616601097198635 -16.051498413085938 0.7176941557617309 0.45468898749357045 0.5274211063633384 387.0220031738281 -0.06903999804491484 -0.7072061736950971 0.7036283866910843 11.625167846679688
0.6933872016770056 -0.49839133165468424 -0.5204039479884851 -14.950309753417969 0.7204330832162643 0.49333404300858996 0.48743993949645303 387.41107177734375 0.013797143111475396 -0.7129008364003153 0.7011291152859738 11.58746337890625
0.7880339283314396 -0.29758739768042486 -0.5389288158377807 -14.485206604003906 0.6145248106714183 0.4327130194617716 0.6596352779055515 387.9344482421875 0.036902369406006164 -0.8510001078319963 0.5238673797843816 11.628753662109375
0.9223602133037416 -0.3632875030018311 -0.13142993219571922 -14.357051849365234 0.3863032983428797 0.8632084982739385 0.3250243840038227 387.56982421875 -0.004625862480544696 -0.35056137646687047 0.9365283352499083 11.69211196899414
0.994333379205822 0.09468189917659184 -0.0483370351329594 -13.949531555175781 -0.10000923815615576 0.9873120753727516 -0.12334106415373501 386.56378173828125 0.03604557227395027 0.1274762871732 0.99118641683993 11.705921173095703
0.8830082325626953 -0.456702786293734 -0.10825445126203527 -11.984649658203125 0.4666452879418553 0.8789951266830166 0.09802929413787506 386.9200134277344 0.050384883329897615 -0.13707710333621367 0.9892781364574803 11.631481170654297
0.9288705415958913 -0.3688865474310771 -0.033499732532295205 -11.117000579833984 0.3692600035783538 0.9293097399087893 0.005518792256698797 387.0380554199219 0.02909581950503828 -0.017496354907184243 0.9994234892438201 11.617624282836914
0.9493325909796831 -0.29525998629198846 0.10765301760125526 -9.572986602783203 0.29833808699100317 0.9543670877271078 -0.013335955677322826 387.3052062988281 -0.09880292280266814 0.04477725268631038 0.9940990796130516 11.583642959594727
0.9697023658333277 -0.24157010012560165 0.03634843081281876 -8.728784561157227 0.22851996748666498 0.9496012787982894 0.2145600982581511 387.60516357421875 -0.08634782080134432 -0.19975309266682367 0.9760341980755073 11.614339828491211
0.9121350497861719 -0.4096547661245118 -0.013878888393862615 -7.203662872314453 0.39397438663560946 0.8668717251786435 0.30547928695886667 387.8717041015625 -0.11310982992946764 -0.2841062911610262 0.9520975694203053 11.55816650390625
0.8925882963249502 -0.43331421612766147 -0.12459905041930919 -5.748931884765625 0.4368448635750512 0.7627416288820085 0.4768561342150436 387.7572021484375 -0.1115916593290831 -0.48006665961311146 0.8701053406893278 11.5296630859375
0.9732862362840262 -0.2285981262042199 0.02137285558819208 -4.270872116088867 0.2264239114065628 0.9710936973139334 0.07555953533808468 387.87799072265625 -0.038027813550441915 -0.06870173020436826 0.9969122116131884 11.538317680358887
0.9708821073192884 -0.23166699073914368 0.06097818535449386 -3.1504478454589844 0.2328055502694669 0.9724469957400941 -0.012182620399400212 387.9145202636719 -0.056475742146413814 0.026023948161927123 0.9980647497387516 11.453561782836914
0.9757636801400332 -0.16309100454082334 0.14589915955016444 -1.6699285507202148 0.20685287885532375 0.9049669489268981 -0.3718154217608598 388.3179931640625 -0.07139416663036247 0.39298364544571884 0.9167697242946835 11.389457702636719
0.9855009135890884 -0.13687487049509464 0.10026574261442922 -0.7458233833312988 0.15411663835153425 0.9693009047612944 -0.19158240475617389 388.55303955078125 -0.07096485819258921 0.20425725410835993 0.9763416221004912 11.37860107421875
0.9707501011595472 0.16637294335375877 0.1731019492049003 0.1061859130859375 -0.22042055865104784 0.9033862235142331 0.3678425050054057 388.8094482421875 -0.09517887592679841 -0.3952383772921083 0.9136342849810378 11.334381103515625
0.9803230344512556 -0.19466118975260446 0.032768419680891156 1.0597820281982422 0.16526941295847 0.9001466403717502 0.40301618697989533 388.861572265625 -0.10794799333311024 -0.38967043386886796 0.9146060264965474 11.28472900390625
0.9014797962900679 -0.43187490411532353 0.028604965935968056 2.0659255981445312 0.4136673093420538 0.8791454233401312 0.23660659712232696 389.0113220214844 -0.1273323763326646 -0.20146312768216845 0.9711843666997504 11.249616622924805
0.9832449744098554 -0.18071363070060886 0.023914513935404308 3.0632357597351074 0.17744503578721182 0.978887019597024 0.10145670080842728 389.2023620605469 -0.04174421603333571 -0.09551327940898885 0.994552479200722 11.122881889343262
0.9909988843185003 -0.10215113817620516 0.08652373228654675 4.079996585845947 0.09062262426904003 0.9876185999154901 0.12805093155287858 389.26904296875 -0.09853299574295185 -0.11905732262348855 0.9879861348620467 11.152965545654297
0.8339512591241177 -0.5516033268409234 -0.01609556533099172 5.159019470214844 0.5473509580110766 0.8231062772145461 0.15133732247653717 389.51751708984375 -0.07022980969399942 -0.13501787373542898 0.9883511256645122 11.079095840454102
0.9320551705860172 -0.34881529626349034 0.09798493800826441 5.976604461669922 0.3464866223531888 0.9371841336116231 0.040409407777270735 389.9376220703125 -0.1059253487799248 -0.003713327247153883 0.9943671513513539 10.955660820007324
0.9963393522680929 0.04653453698813507 0.07171075225722633 6.446018218994141 -0.02334175036531854 0.9550707343361741 -0.2954573659674856 390.3405456542969 -0.08223781254313951 0.2927019461531841 0.9526607543644581 10.917060852050781
0.9834647082949995 0.18058459670577295 -0.013651775373353988 7.528041839599609 -0.18109983100011648 0.9807231590394121 -0.07338212681222102 390.1417236328125 0.0001369304948553524 0.07464106615241357 0.9972104554674857 10.926078796386719
0.9959412716376925 0.08789078265193204 0.019395715339401667 8.53396987915039 -0.08320821282352647 0.9812482983928831 -0.1738625037775155 389.66961669921875 -0.03431292420373095 0.1715429602924664 0.9845789130418581 10.95916748046875
0.9642464568288569 0.23579027474657982 0.1209616337022945 9.530281066894531 -0.22254609329903097 0.9682962887058637 -0.11347040863498209 389.7198181152344 -0.143881919817379 0.08249390046168997 0.9861504700279173 10.789154052734375
0.9423704339736849 0.19163949943963285 0.27424855045519503 9.866928100585938 -0.28076525762940496 0.8987721250916962 0.3367187806856786 389.70263671875 -0.18195833391340593 -0.39431328840489666 0.9007819909982516 10.781097412109375
0.9853998559469047 -0.126024617711378 0.11447672091093501 10.90243148803711 0.05805705067272928 0.8808039087956795 0.4699083454434877 390.2162170410156 -0.16005156283836536 -0.4564014351214871 0.8752606624612141 10.709091186523438
0.9808028932147966 0.034804267330569606 0.19187065340240678 11.536308288574219 -0.05813921809588032 0.991385686666705 0.11736375757270805 389.5514221191406 -0.18613305988105372 -0.12626592275023363 0.9743774426634414 10.654550552368164
0.9464107235781251 0.1886360484116017 0.262151070064544 12.566913604736328 -0.23081344068273407 0.9628047833501747 0.140471010383712 389.5985412597656 -0.2259024079033413 -0.19345126103925714 0.9547485070455954 10.615921020507812
0.8664280183145245 0.3140997395284045 0.3881286419574761 13.689964294433594 -0.3756637120624205 0.9221441585691494 0.09234135723649663 389.7407531738281 -0.32890616369878056 -0.22581298555438295 0.9169674100184625 10.656822204589844
0.7756473030141383 0.3722883423722399 0.5096789690193462 14.756202697753906 -0.36297470790469594 0.9237326875676102 -0.12234084902689192 389.8447265625 -0.5163531957375633 -0.0901072253087951 0.8516220201467056 10.533153533935547
0.6167631710425044 0.47765452477621057 0.6256591290842055 15.715110778808594 -0.5189253686090685 0.8443939525047072 -0.13309889100747815 389.4045104980469 -0.5918780724604829 -0.24257990010363725 0.7686581420932016 10.542243957519531
0.6973918285832552 0.1553718168790087 0.6996457932018313 16.90585708618164 -0.1282947155475872 0.9875136680886636 -0.09141783907223272 390.2497863769531 -0.7051135393593485 -0.026006804067180825 0.708617345789915 10.547966003417969
0.5710331687043358 0.09184382545455388 0.8157731498188445 19.44735336303711 -0.034466752754662204 0.9955279690107872 -0.08795513556243323 389.74462890625 -0.8202031231311147 0.022108248305337544 0.5716450491020062 10.487968444824219
0.5073553594907232 -0.06711326372174674 0.8591195196412745 19.660099029541016 0.029931337579983574 0.9977335195333367 0.060265570853465664 390.4680480957031 -0.8612169611815087 -0.004861464001337402 0.5082142382313305 10.409627914428711
0.29260547718192526 -0.954739998096446 -0.05341882400367809 21.08685302734375 0.20646680741118295 0.00853370105950213 0.9784163905943423 389.9339294433594 -0.9336774026185763 -0.2973192089001738 0.19961912698537568 10.342170715332031
-0.10650590433947002 0.0012756253352122215 -0.9943112516314173 22.016021728515625 0.2791605654488921 -0.9597395875478865 -0.031133627987556575 389.7281494140625 -0.9543195853795973 -0.28088840644180546 0.10186182841229888 10.34490966796875
-0.21293205361286213 0.4986522479903347 -0.840241558195258 24.4910888671875 -0.015667448296197373 -0.8615950792599858 -0.5073543637920785 388.4905700683594 -0.9769413859634033 -0.09486756542235392 0.1912738179227366 10.240806579589844
-0.14938383609481629 -0.5734180510558942 -0.8055285272644643 23.896820068359375 0.09599130198345782 -0.8192318659819599 0.5653713997924167 388.9361572265625 -0.9841088046842776 0.007133616402353993 0.17742314409317175 10.327095031738281
-0.004024994538942658 -0.75900400666461 -0.6510735114301844 25.9620361328125 -0.015342557358757003 -0.6509552775134023 0.758961021799633 388.82489013671875 -0.9998741947628487 0.013043946661898786 -0.009024971070690876 10.212478637695312
0.12275966888824984 0.10025883154175318 -0.9873592205435314 26.556854248046875 0.1321685779805879 -0.9876736764834716 -0.08385806923732694 389.3672790527344 -0.9835962234011663 -0.12020347532207803 -0.13449756068962007 10.198516845703125
0.272015346006082 0.06217212617216453 -0.9602823950611735 28.516799926757812 0.04649313529976441 -0.9975943997351598 -0.051417915039836455 389.1275634765625 -0.9611691005786595 -0.030660077369088524 -0.2742515628916856 10.068695068359375
0.38809561651036917 -0.30035982917907034 -0.8713011910131628 28.634765625 -0.268867109705511 -0.9411764154950774 0.2046886226306736 388.6075439453125 -0.8815283715026087 0.1548254757181689 -0.4460233203595989 10.114013671875
0.2661950174258875 -0.3785435836803413 -0.8864789720868033 28.383209228515625 -0.26091833063416386 -0.913625230166312 0.3117860861915331 388.9472961425781 -0.9279341773190123 0.14830271089227387 -0.3419714439910006 10.16229248046875
0.18638987768412357 -0.9331403752190206 -0.3074212966484314 29.983642578125 -0.37200213953631306 -0.3566376585077866 0.8569854075271579 388.2716064453125 -0.9093256961492417 -0.04537202519382166 -0.41360386561601215 10.133373260498047
-0.5845330948287165 -0.10503760231699745 0.8045422071895666 28.780162811279297 -0.11425344932764415 0.9923605115589743 0.04654851678782824 388.79248046875 -0.8032852608922304 -0.0647125737234084 -0.5920684693811978 10.196771621704102
-0.7620945356534643 0.11999339458291193 0.6362495610871571 29.941463470458984 0.07255084925717632 0.992314167992213 -0.10024453238947578 387.6510009765625 -0.6433881355754029 -0.030235364366777283 -0.7649428277606212 9.897945404052734
-0.8859070252509659 0.365068065914098 -0.2861713645016295 28.798904418945312 0.45035744613515416 0.5291407977359684 -0.7191579707421484 387.93951416015625 -0.11111666536396075 -0.7659865034196639 -0.633180671891768 9.777496337890625
-0.5991463518634931 0.20111839988735591 -0.7749677659589571 28.624069213867188 0.7863578758993955 -0.03418726757414037 -0.6168245469716691 387.50213623046875 -0.15054879627435797 -0.9789701833879128 -0.13766786109247914 9.89306640625
-0.9661270424093605 0.18851171923148036 0.17624377900434784 30.789154052734375 -0.052911393670004345 0.5237335620638114 -0.8502373435622842 387.0923767089844 -0.25258448555926727 -0.8307625940546092 -0.49601873953956327 10.03302001953125
-0.9891890458432856 -0.07209696213984386 0.12769909801504692 29.682083129882812 -0.0876333629095669 0.988831601807019 -0.12055064069894328 387.88873291015625 -0.11758156866112471 -0.13043807464836138 -0.9844594879390508 10.154245376586914
-0.566028704897768 -0.5262012081496579 0.6346052267146841 32.14116668701172 -0.8102196809331466 0.49717737943704055 -0.31041701307226555 387.0250549316406 -0.15216955628622134 -0.6898745841948065 -0.7077552431608664 10.037086486816406
-0.8244021955423496 0.5207578187570938 0.22174831270678744 29.496902465820312 0.5272906140230185 0.8490230593057079 -0.03353286642093789 387.4842224121094 -0.20573193322423608 0.08928123526548072 -0.974527184167424 10.142887115478516
-0.8326361877356789 0.5145787541250735 0.20475762421966665 32.66015625 0.5274877624169119 0.8495025084306884 0.010106862538278083 386.44610595703125 -0.1687413386618546 0.11642248053127524 -0.9787605256923422 10.086112976074219
0.2985624969678131 0.8427533666125689 -0.4479142758023297 31.094146728515625 0.9109608623906166 -0.3916056554368793 -0.12959675081727964 388.0856018066406 -0.2846238616084191 -0.3693396454390363 -0.8846340959459331 10.068206787109375
-0.5359513010816148 0.7048290861576838 -0.46472805184865756 32.05291748046875 0.7950650375887645 0.23623697273168973 -0.5586266004394559 387.8824462890625 -0.2839503281788927 -0.668885679335932 -0.6869964767787444 10.175323486328125
-0.2490677472864831 0.9509179283794118 -0.18363101793608977 32.790771484375 0.8765919269829869 0.14073176218728853 -0.460196875978004 386.5557861328125 -0.4117667432052892 -0.27558966707456284 -0.8686187222204236 10.074943542480469
-0.4601476162395123 0.6645346019719464 -0.5887766419034314 33.231689453125 0.8159857032342482 0.05518604170714152 -0.5754318664429413 386.22747802734375 -0.3499021340123608 -0.7452169238434433 -0.5676444600548054 10.038518905639648
-0.005913366806601872 0.9882457505818161 0.15275918483022227 33.4158935546875 -0.056371229653646104 0.15218950017216454 -0.9867424387876924 385.6329345703125 -0.9983923660366933 -0.014446193073960778 0.054808675821655994 10.333724975585938
0.1526207027983697 0.9882661739765628 -0.006073750987456494 34.174530029296875 0.6291112775015602 -0.10189146486859814 -0.7706082856466612 385.1013488769531 -0.7621849654760231 0.1137897128946952 -0.6372801421993755 10.1806640625
0.5315958060260308 0.792930879161207 0.29776923932496724 34.92420196533203 0.40772519273468866 0.06858285350962962 -0.91052543040485 384.09283447265625 -0.7424055941498523 0.605439520577499 -0.2868395382402726 10.22796630859375
0.470843288322429 0.576435723063031 0.6678536179572006 35.401451110839844 0.21885548317363235 0.6570346442700589 -0.7213929260214249 383.0035705566406 -0.8546396172226969 0.48582644370774813 0.1832042337603701 10.183273315429688
-0.3786984681513168 -0.4509089501658988 0.8082503256294628 34.89107894897461 0.26040098350426877 0.7861047136603323 0.5605628483506697 382.9071350097656 -0.8881321962466259 0.4227534716844953 -0.18027951677562015 10.2255859375
-0.3847117517680028 0.15960118376021803 0.9091338351386621 34.75813293457031 0.07362319723175828 0.9871055364042125 -0.1421347418104593 382.10223388671875 -0.92009591504417 0.012252434145483965 -0.3915014495203591 10.290573120117188
-0.00954320421301949 0.9990080938923203 0.04349431676646276 35.71631622314453 0.27358459717673145 0.044445191676055845 -0.9608205311734986 381.21044921875 -0.9618006006657482 0.00273006859097924 -0.2737373764842761 10.367095947265625
0.06283244178336275 -0.9962807708835673 -0.058963631394150506 35.485687255859375 -0.04443003264412737 -0.06181408395854815 0.9970982856386863 381.70123291015625 -0.9970346315242927 -0.060030363917025154 -0.04814871700479073 10.43890380859375
-0.016898510407207662 0.4907139936624981 -0.8711568267366211 36.50397491455078 0.008291689466003477 -0.8711824996080831 -0.49088929532269465 380.61639404296875 -0.9998228284210243 -0.015518659749286429 0.010652838484132593 10.514984130859375
0.06816395192159136 0.9710085001103124 0.2291204232973409 36.43287658691406 -0.500478549682305 0.23194825156061066 -0.8340990528143958 380.244140625 -0.8630613517973837 -0.057814369420563616 0.501779435332074 10.671920776367188
0.38713675081966203 0.352230882807905 0.8520906884605407 36.6085205078125 -0.5239478572133065 0.8444818258312927 -0.11103642988780923 379.6200866699219 -0.758685560088222 -0.40346480768092974 0.5114805664701356 10.88909912109375
0.40893566455452474 0.3044167379201662 0.8602918527624179 37.06630325317383 -0.16095572613077858 0.9520013242758105 -0.26035885389749375 378.4808044433594 -0.8982565760856209 -0.03199887890454177 0.4383049112978195 10.68951416015625
0.4170866692812351 0.7550071485619105 0.5059673071733972 36.47410202026367 -0.49395225720388375 0.6556119023429628 -0.5711253812512884 378.2765197753906 -0.7629219343491664 -0.011714910441594895 0.6463844699265844 10.64251708984375
0.5276072469931631 0.807426556070438 0.26399422242262705 36.81782531738281 -0.564167248123619 0.5653848780790404 -0.6017102756179022 377.8603515625 -0.6350951968523448 0.1685298080215507 0.7538247772150375 10.752273559570312
-0.023130444892876245 0.9506817290687372 0.30930443342107733 36.66307830810547 -0.7975780144586445 0.16899202499032123 -0.5790604513709053 377.1953430175781 -0.6027721736869276 -0.2600883417313177 0.7543339851313803 10.753875732421875
-0.041478292046924936 0.8115460393599766 0.582814359198541 36.935951232910156 -0.8313489617556634 0.29552008424790344 -0.4706663187374821 376.55908203125 -0.5542007353627844 -0.5040445474412435 0.6624202888786707 10.679924011230469
0.4242134283288033 0.4959811584446599 0.757658008400503 37.15740966796875 -0.7418372608037749 0.6701730921005118 -0.023356050770441394 375.6745910644531 -0.5193461713622963 -0.552150991208322 0.6522337289645423 10.746788024902344
0.46340945108951587 0.6160530128367376 0.6369696743297063 37.47314453125 -0.748826833091119 0.6565930232171925 -0.09024397988360652 374.9642028808594 -0.4738249198634862 -0.43516007082139996 0.7655884390970616 10.775436401367188
0.46012439911934394 0.8491660519745232 0.25923455307706134 37.680999755859375 -0.73576685446368 0.5281080989603084 -0.4239681257891338 374.476806640625 -0.49692320654974886 0.004341887438672282 0.8677836566828079 10.813941955566406
-0.027229769847638474 0.9992410846773522 -0.027853084692248203 38.08638000488281 -0.8589102944344228 -0.03764220379942418 -0.5107408057005978 373.718017578125 -0.5114016481676783 0.010015946582901114 0.8592834427972127 10.792068481445312
0.034563879700445777 0.9839420418897673 -0.17510966969830216 37.81742858886719 -0.987381621705729 0.006525918534200648 -0.1582243518079622 372.94854736328125 -0.15454084035560933 0.17836891710463557 0.9717518500487157 11.088329315185547
0.6587196389133825 0.7348808790328564 0.16136459011108828 37.48457336425781 -0.63379556373809 0.6575539843094591 -0.4073400804053937 371.941162109375 -0.40545236550763897 0.1660507493227661 0.8989079641173551 10.936058044433594
0.5999280326060432 0.7596367478718056 0.2510744251734712 37.41202163696289 -0.6992729740468544 0.6503429173952163 -0.2967682556500033 371.1456604003906 -0.3887205467441994 0.002470035753876082 0.9213523948317848 10.973289489746094
0.17980048070621846 0.9746882086809515 0.13287092607538464 37.39434814453125 -0.9695832102874659 0.19839902078988902 -0.14333955099087137 370.4263000488281 -0.1660728318132264 -0.10305689888566781 0.9807135617118816 11.042354583740234
0.10375009524863671 0.9770844971677497 0.18585425238703895 37.348854064941406 -0.9369053051983112 0.15872936511568775 -0.31146980229426835 369.5985412597656 -0.33383284264307894 -0.14181281339997823 0.9319038357729968 11.06325912475586
0.07103529875837572 0.9825730695574809 0.1717677190589026 37.83012008666992 -0.9464518482338623 0.120764578851491 -0.2994074405714193 368.7166748046875 -0.31493314418303814 -0.14130137817874175 0.9385366456456423 10.902374267578125
0.42212838319191676 0.8423798353858295 0.3349684179726817 38.47542190551758 -0.84999088773257 0.49624453001910857 -0.17679608931679325 367.92919921875 -0.31515570576363644 -0.21008945561702264 0.9254940852124163 11.063159942626953
0.4088885562271476 0.847925477593019 0.33739077200648193 38.908966064453125 -0.8539647287756724 0.4858820174407874 -0.18617977101383193 367.0699157714844 -0.32179868022347646 -0.2119930413393834 0.9227700471028021 11.128463745117188
0.7605956966445045 0.5954121873461135 0.25880207380463033 39.59215545654297 -0.5492921755376287 0.8026762858245822 -0.23235508616768547 366.11627197265625 -0.3460813374612964 0.03457032447880927 0.9375673845257364 11.041748046875
0.9733187563799583 0.15250898678483865 0.1714398070135205 39.87809753417969 -0.08339806465693897 0.931183745219165 -0.3548825093620226 365.2463684082031 -0.21376473350496397 0.33111605456315607 0.919057559198596 11.030738830566406
0.9611792458860312 0.27583046565109565 0.007211899656808823 39.573150634765625 -0.25134433658980543 0.8860387052833476 -0.3895657033210694 364.45611572265625 -0.11384411158329948 0.37262979880641406 0.9209704399704154 11.036075592041016
0.7571428868634169 0.6277791021099326 -0.18063235542443123 39.34532165527344 -0.6532485400543313 0.7280430018312786 -0.20789356026915706 363.5883483886719 0.000996889670848794 0.2754029528500881 0.9613283620971745 10.838123321533203
0.7503312635556978 0.5042477340745226 -0.42747773931705435 39.83367919921875 -0.6607476262576337 0.5521275332158782 -0.5084955864703758 362.7554626464844 -0.020385517550757043 0.663995037440536 0.7474590429772917 11.04195785522461
0.6395729771607795 0.19437358423001216 -0.7437508431183628 40.19965362548828 -0.7686081247902998 0.14443562937404092 -0.6232013314119795 361.88604736328125 -0.013709755360187759 0.9702356717421305 0.2417742415706453 11.054866790771484
0.7787161748719588 -0.025271379289860174 -0.6268671919805446 40.206512451171875 -0.6269168554653142 0.006891421828592148 -0.7790556877647853 360.92938232421875 0.02400781802386981 0.9996568739792512 -0.010476591991880113 11.048095703125
0.8141765145001031 0.5448770279908666 -0.20056327581165947 40.107940673828125 -0.5707419354234571 0.8145025754287107 -0.10411146799985016 360.0780334472656 0.10663135742149091 0.1992349843472222 0.9741330374371934 11.03024673461914
0.5873570772350641 0.6901822464862387 0.4226820678205927 40.00346374511719 -0.7948797516595437 0.3937041529897164 0.4616960258875014 359.2047119140625 0.152242714845556 -0.6071618454365024 0.7798568132821536 11.041534423828125
0.6435105393866745 0.7641540619733055 -0.044302993893971424 40.43951416015625 -0.7388840175759163 0.6352583403801287 0.22471593078453028 358.334228515625 0.19986143767406622 -0.11187229570891277 0.9734166606256918 10.992809295654297
0.5601039818759871 0.8148998330774408 -0.14906975393091382 40.64802932739258 -0.7969255136350373 0.5791601071328198 0.17170700633181216 357.5363464355469 0.22625926545491193 0.02262371225638879 0.9738043501851613 11.031700134277344
0.2630659398877397 0.9501600454912273 -0.1673086944037544 40.08567810058594 -0.9320916281016918 0.29506000172344576 0.21010662104202654 356.61181640625 0.24900102026641924 0.10067513762130598 0.9632564604357521 11.018823623657227
0.773445217869317 0.551810700849046 -0.3119093544342163 40.03831481933594 -0.5485270283655104 0.8292704103039024 0.10690503143865702 355.661376953125 0.3176485386517425 0.08840552597480715 0.9440783171270964 11.025962829589844
0.6161330868476569 0.7808825023576781 -0.1029686204782245 40.143592834472656 -0.6930919483579846 0.599621906513395 0.400096388824711 354.9288330078125 0.374170509811918 -0.17514590129618304 0.9106702711993166 10.974311828613281
-0.08738157028430182 0.9321296914593649 0.35142381745482065 40.366607666015625 -0.9259182759602356 -0.2061312430235348 0.31652054734629415 354.24365234375 0.3674776284584884 -0.29773167273476614 0.8810879885874529 10.958763122558594
0.05989406055908625 0.9658107384213585 0.2522346507911538 40.19401550292969 -0.9972931593823345 0.06869407843586423 -0.026219798569961955 353.2099914550781 -0.04265038990380453 -0.2499814815898133 0.96731080997951 11.272309303283691
-0.07766432381177085 0.9543345186056624 0.28846816012267074 40.2037353515625 -0.9889156909356047 -0.11046713825918081 0.09921072314111315 352.19976806640625 0.12654646983703646 -0.27756555615300227 0.9523357354469371 11.042972564697266
-0.12716594638485856 0.9476122995173311 0.29301834734964904 40.14413833618164 -0.9064459000120921 -0.23097023605832734 0.3535655249121854 351.57952880859375 0.4027215569488576 -0.22064378499889103 0.8883308323536067 10.929054260253906
-0.51859175462335 0.7575612446260525 0.3964385862618589 40.351104736328125 -0.7768958500084071 -0.6111235308906429 0.15152844033866414 350.7758483886719 0.3570650224768449 -0.22941009269947066 0.9054698112533794 10.921340942382812
-0.2249610941319748 0.8619527596093317 -0.454345624309074 40.342769622802734 -0.9107191472737342 -0.020239124199765868 0.41253001423003005 349.78472900390625 0.3463858266672398 0.506584462901779 0.789549897745905 10.932300567626953
-0.2013083186015478 0.9307108553751088 -0.30537233756309784 40.38142776489258 -0.9560123651432316 -0.11878289271436543 0.2681995191860932 348.7392883300781 0.21334319430218934 0.34593052494011056 0.9136830705225951 10.926664352416992
-0.29329154920452977 0.9557347099751061 -0.02347831582560886 40.42063903808594 -0.9453181288621815 -0.28625518253778054 0.15630612820605008 347.7842102050781 0.14266640252600166 0.06803774407681418 0.9874295736766379 10.958646774291992
0.04345268676390879 0.9990546622549382 -0.0012829028290766153 40.583621978759766 -0.9906955526887317 0.04325481982790069 0.12904008076727325 346.8462829589844 0.12897358603902653 -0.0043361720822718275 0.9916385489259212 10.968351364135742
0.24440219529191726 0.9666531242708046 -0.07648074446541225 40.833229064941406 -0.9680836830119018 0.24775652395461106 0.037824430253998384 346.0398864746094 0.055511707077002086 0.06479538699182522 0.9963533550914436 11.069077491760254
0.09270570404470696 0.9885452466427195 -0.11909638020385202 41.349456787109375 -0.9918433187882528 0.10219292506160887 0.07618029300584817 345.3500671386719 0.08747847399606193 0.11106260129961693 0.9899558652686912 10.916081428527832
-0.38532994632455647 0.9223160762610492 -0.02922136095284742 41.59230041503906 -0.921552927896774 -0.3829932639440085 0.06368956632289183 344.6075744628906 0.04755032650148041 0.0514705279158592 0.9975418543628458 10.888395309448242
-0.1848325595915336 0.9823870628344611 0.027433258835278408 41.71896743774414 -0.9825851462576034 -0.18526720329132756 0.014230029463582036 343.68670654296875 0.019061879990355326 -0.024325339876167914 0.9995223472094772 10.996652603149414
-0.1769432217565849 0.9584928299413794 0.22356786715752747 42.03981018066406 -0.9842175819541991 -0.17292113376239254 -0.03760362842277627 342.8329162597656 0.002616800838708702 -0.2266931327793028 0.973962717923061 10.895155906677246
-0.2615010821410629 0.9565346459220899 0.12906841282728854 42.36839294433594 -0.9652013776309959 -0.2588934232179157 -0.03688490251765705 342.1451416015625 -0.001866723943438009 -0.1342224517925799 0.990949468326467 10.839469909667969
-0.4133414059557342 0.9003940352507744 -0.13579198579947302 42.667457580566406 -0.9094438921907271 -0.41564562978563735 0.012268553178027365 341.4618835449219 -0.04539481335481151 0.1285662931134292 0.9906614049187309 10.805809020996094
-0.3351499618597658 0.9180374920641782 -0.21185293538186267 42.215553283691406 -0.9321761920704904 -0.35576071279304117 -0.066946711419961 340.1651916503906 -0.13682854235267478 0.17504707480418372 0.9750058828541195 10.795299530029297
0.07036973360806176 0.9952148792720803 0.06778970915551358 42.54791259765625 -0.984555000126093 0.08021599013104408 -0.1556176296375363 339.33624267578125 -0.16031079913293303 -0.055791925963843025 0.9854885634438411 10.803386688232422
0.005392956938584048 0.9959421016239781 0.08983454919056677 42.35821533203125 -0.9841556309613443 0.021207493432578495 -0.17603390659013843 338.2354431152344 -0.1772247444984391 -0.08746183416279882 0.9802763985235706 10.81845474243164
0.1679361796830472 0.985100173794276 -0.03708216746564992 42.69857406616211 -0.9749703146987432 0.16041418528821305 -0.15394861030406384 337.6063537597656 -0.14570629708319727 0.062007553965674866 0.9873827718982628 10.821125030517578
0.42034314020247204 0.873072766377065 -0.24709429191186055 42.8953971862793 -0.8987841866162904 0.3632686502363876 -0.24540349150720372 336.8922119140625 -0.12449349530484738 0.3252381164103185 0.9374014813625215 10.814132690429688
0.18490486294328606 0.9623984852629809 0.19899584725175679 42.83759307861328 -0.9778784814086025 0.20032548204088824 -0.06019449180025629 335.86322021484375 -0.09779502675458474 -0.183463502660899 0.9781499250797212 10.852621078491211
-0.06742981189722652 0.9976965661264948 -0.007401513825277838 42.688655853271484 -0.9957968366839666 -0.0677585767469644 -0.061623334277136115 335.04779052734375 -0.06198290504413762 0.0032151542150971116 0.9980720326036908 10.839582443237305
0.15667387898808666 0.9297459616506074 0.33320525571667337 42.62003707885742 -0.9851701798450914 0.1710122095982352 -0.013947792381572816 333.9056091308594 -0.06995007067056175 -0.32607862696398326 0.9427511424816556 10.842727661132812
0.5331970317056747 0.8003287016124476 -0.27418040549169703 42.7243537902832 -0.8456133822209266 0.5138760072893864 -0.14446264894845118 333.2668762207031 0.025277127786649478 0.30887767563819213 0.9507658220104491 10.794095993041992
0.5623156778588062 0.7659868351961681 -0.3115529597682384 43.18975830078125 -0.8253903023099614 0.5428394505019529 -0.15510054748906693 332.54742431640625 0.050318259974504204 0.3443682611462562 0.9374852390455233 10.827722549438477
0.6487659801445441 0.7226203044992043 -0.23858457312359108 43.643959045410156 -0.7498410660943082 0.6604976451482717 -0.038486833490678246 331.7979736328125 0.12977318138059343 0.20386945891688868 0.9703587816448587 10.934057235717773
0.5218626031299362 0.8144509788026776 -0.2536316750364732 44.18716049194336 -0.8384244218459188 0.5445147646332771 0.02341281590718236 331.13311767578125 0.15717478266816062 0.20043271744834287 0.9670174835386841 10.857131958007812
0.4959859475399034 0.7776090585288884 -0.38642216801933077 44.46919250488281 -0.8171263460510596 0.5685323345773159 0.09526551909957261 330.4114074707031 0.29377282793374243 0.2685053754282821 0.9173888973243185 10.847637176513672
0.4949319390175567 0.8566366172174503 -0.14565741238455687 44.594215393066406 -0.8196799604444845 0.5159061804738015 0.24892885609077425 329.5279235839844 0.2883871324904245 -0.003810379400609673 0.957506314769137 10.79037094116211
0.39451787700838414 0.9129917097996804 0.10393162443575156 44.66843795776367 -0.8491084661403047 0.3189847989733363 0.4210267340119859 328.61529541015625 0.35124130942936777 -0.2543517954742935 0.9010741959957275 10.499774932861328
-0.15378621612131949 0.8216108190228868 0.54891298198861 44.471736907958984 -0.9556842664323817 -0.2648109210949485 0.12861865713202558 327.7439270019531 0.2510326325892461 -0.5048077239240563 0.8259248024135892 10.767093658447266
-0.04665107591661666 0.780970552270289 0.6228231479340357 44.67845916748047 -0.9754205346049527 -0.17003672969517564 0.1401509587036699 326.8650207519531 0.21535658287317358 -0.6009762949078853 0.7697071099918333 10.821243286132812
-0.19876916105772424 0.5767493114629599 0.7923705271774123 45.10591125488281 -0.9583264582534331 -0.28365259935462284 -0.033935266181318924 326.21173095703125 0.20518581828147786 -0.7660949253234665 0.6090955141599657 10.772064208984375
-0.21613165937429424 0.6192312293674931 0.7548773346657967 45.05646896362305 -0.9655475573343575 -0.2503230205551118 -0.07110766418481679 325.31878662109375 0.1449310882515193 -0.7442385840281249 0.6519999307530961 10.76467514038086
-0.15870157327231293 0.9718482249944524 0.17414028315132793 45.179420471191406 -0.9789221473330143 -0.17784806574559409 0.10040664804419556 324.4562072753906 0.1285505352062479 -0.15453508690806386 0.9795885191306114 10.686124801635742
-0.24942340778346683 0.9183494110093292 -0.30728215527182906 44.99504852294922 -0.9643948545273612 -0.20674705871910304 0.16491882328027163 323.2620544433594 0.0879234224244717 0.33747594434243433 0.9372190025705571 10.643343925476074
-0.09904770079360797 0.9476961264936422 -0.3034165532670329 45.208866119384766 -0.990026612539567 -0.06315298551777065 0.12593254894435446 322.49090576171875 0.1001841276397109 0.3128637918474085 0.9444995438431569 10.771248817443848
-0.26100366847270134 0.8959621567248257 -0.3593450970317963 45.7442626953125 -0.9652888702441713 -0.24598215534107265 0.08780760921749159 321.768310546875 -0.009720186547773707 0.3697899308671875 0.9290645429692801 10.667945861816406
-0.18324643220272324 0.961659658360373 -0.20403785572090066 46.25116729736328 -0.9830595940407264 -0.17844853603701788 0.041832458100465014 321.093994140625 0.0038183307157407947 0.20824702031110906 0.9780688109136746 10.635343551635742
0.3686196296005661 0.9217917614528796 -0.12008129409170529 46.24995422363281 -0.9286991704053246 0.3708078101495748 -0.004406679082739846 320.0525207519531 0.040465041228236 0.11314378661541266 0.9927542817780857 10.596842765808105
0.30193950716206985 0.9531776495665363 0.01687905155926437 46.38432693481445 -0.9524998765729358 0.30089280467918944 0.046984095402955076 319.2464599609375 0.03970540445920691 -0.030263649137291446 0.9987530187176539 10.562884330749512
-0.03782353496089075 0.9574629743424495 0.28606648347258745 46.219322204589844 -0.9975391476096264 -0.05308915344071996 0.04579509551478099 318.4153747558594 0.05903413579720217 -0.28363038368668747 0.9571148187445537 10.548213005065918
-0.03144492314200242 0.9939011942984812 0.10569594495838573 46.506797790527344 -0.9968056846608824 -0.0389514113367615 0.069722410906564 317.81072998046875 0.07341419369810522 -0.10316590292789063 0.9919511846037233 10.471063613891602
-0.25017206042029744 0.9681715160895176 -0.007606288055834326 46.055931091308594 -0.9669200687255431 -0.2494292298284257 0.05339138510087099 316.8133544921875 0.049794787687609636 0.020711705389072063 0.9985446932306148 10.473233222961426
-0.13703965861238232 0.9831851195478086 -0.12069445996881023 46.4209098815918 -0.9889380649543827 -0.12881346765009782 0.07354314540620371 316.05889892578125 0.05675945429338192 0.12943767323201638 0.9899617432490001 10.506964683532715
-0.07079559415446679 0.977150195081962 -0.20041327326202624 46.721290588378906 -0.9973854516960098 -0.06642402277946713 0.028462430376541975 315.27978515625 0.014499813566480349 0.2019042977479093 0.979297916855469 10.508529663085938
-0.17021372555808006 0.9795937166468786 -0.10688048436264311 46.75632095336914 -0.9845444973768388 -0.1645239007527513 0.06003348037625443 314.3361511230469 0.041224025963337046 0.11544711510927173 0.9924578294800843 10.459789276123047
0.48189690863214596 0.8729406689523442 -0.07582847710336177 46.530067443847656 -0.8622307988667992 0.4878262924427291 0.1363215239318511 313.716552734375 0.15599172714058443 -0.0003112725730977234 0.9877583126317302 10.480777740478516
0.4285221545443748 0.8600770587240815 -0.27683246941278344 46.641075134277344 -0.8754649045959851 0.4710143649642339 0.10819736049498635 312.7081604003906 0.2234501373581799 0.19599214538820747 0.9548073706568976 10.451648712158203
0.17039728177005764 0.9669214089127999 -0.1898097872910185 46.875709533691406 -0.9620856821430396 0.2048865668573837 0.18003509362554024 312.0627746582031 0.2129692620561422 0.1519357881062949 0.9651733573362773 10.423751831054688
-0.5978787533336142 0.8011565761259469 -0.026251416007393613 46.909149169921875 -0.775947342913472 -0.5702281854827819 0.26971380666650524 311.18060302734375 0.20111369256658324 0.18162587098528685 0.9625826331547177 10.406770706176758
-0.5633607945547894 0.8198499088045925 -0.10232664458340064 47.44081115722656 -0.8209216282847427 -0.5414527870850323 0.18142921366796816 310.19952392578125 0.09333967737743083 0.1862122616557566 0.978065794431093 10.57332992553711
-0.3131800111253263 0.9283666780438652 -0.20013393447723665 47.76612854003906 -0.9390315004624409 -0.2712205471708707 0.2113273667360438 309.33978271484375 0.14190885022012328 0.25411557585109146 0.9567064086432528 10.476873397827148
-0.3233646452344665 0.9461576179211728 -0.014868364473587158 47.51825714111328 -0.9375988528985417 -0.31823766196220804 0.1401184554302753 308.3905029296875 0.12784247046942696 0.05924991610592512 0.9900231058847639 10.455135345458984
0.009976463487401166 0.9706605673175953 0.2402468173170433 47.5611457824707 -0.9937464197435518 -0.01709727688402274 0.11034371921420676 307.4629211425781 0.11121386344857007 -0.2398452546493995 0.9644198931995376 10.482112884521484
-0.16212545556253777 0.9445179998450185 -0.2856590356130982 47.60725402832031 -0.9821783731822434 -0.1265665131063498 0.13894805149113115 306.6291198730469 0.0950840676018934 0.3030951430308079 0.9482048061254555 10.412898063659668
-0.46219919668738896 0.7051072245703878 -0.5377691925354008 47.765296936035156 -0.8779364968175796 -0.27843494471210695 0.38948875352035783 305.8055725097656 0.12489759860465063 0.6521485899868301 0.7477317743957259 10.467411041259766
-0.5758823417323583 0.558586368530275 -0.5969428761389277 48.20933532714844 -0.8096534737852263 -0.28855453500988004 0.5110748797512433 305.10614013671875 0.11322888707556539 0.7776358718689563 0.6184348550285933 10.48042106628418
-0.1763695945304769 0.90612273003403 -0.38449364655457174 48.165008544921875 -0.9758634328610609 -0.10985727061963041 0.1887377558853321 303.9283142089844 0.12878014804223925 0.4085008913180999 0.9036275201998538 10.494990348815918
-0.4492609633683647 0.7699871011565862 0.45308327142569044 48.36700439453125 -0.8933063231621574 -0.3945260665023396 -0.2152974589926658 302.9806823730469 0.012976894537447825 -0.5014668951213713 0.8650795069272508 10.54153823852539
-0.7385377690603938 0.522786476681957 0.4257420151567874 48.57830810546875 -0.6715576784696089 -0.5144313151395414 -0.5332641995224424 302.2093811035156 -0.05976828724169719 -0.6797460715607465 0.7310082284338026 10.578363418579102
-0.3959025802296493 0.9166262450332353 0.05529442904830188 48.93476867675781 -0.9116403108856782 -0.38508676015345056 -0.14359711251547905 301.238525390625 -0.1103317295059331 -0.1072590978462454 0.9880902769450975 10.597236633300781
-0.06011398750667568 0.8614056860568786 -0.5043476504703136 49.47862243652344 -0.9926975165127174 -0.10452914865494384 -0.06021044586245633 300.39910888671875 -0.10458465095572278 0.4970451700905573 0.8613989491949237 10.640151977539062
0.19926166425101616 0.7644114293303359 -0.6131638898932884 49.57297134399414 -0.9696541083477925 0.06335439158174244 -0.2361294798019832 299.41424560546875 -0.14165344797837878 0.6416084380496103 0.7538387844223569 10.644859313964844
-0.37540761263762296 0.9049256723121379 -0.20044613232523498 50.02630615234375 -0.8906206448443408 -0.4120745557396544 -0.19232635671955367 298.46722412109375 -0.25663980858543933 0.10632068520467534 0.9606414110097676 10.668243408203125
-0.34571088244033393 0.9366152108908709 0.05688525723045665 50.299827575683594 -0.8601127687140696 -0.2920734025773238 -0.41820946020137095 297.5301818847656 -0.37508667112727856 -0.19350729762661179 0.9065676560014166 10.640541076660156
0.009709740405261735 0.9409312087321805 0.3384585371578919 50.94519805908203 -0.9345743602545621 0.12891842317326496 -0.3315883069731125 296.6379089355469 -0.35563532740159337 -0.3130950344549026 0.8806219468668977 10.63397216796875
0.2589604825199167 0.9507615540176202 0.1702701849856631 50.959171295166016 -0.8955489936646464 0.3023820607474867 -0.326430833844388 295.6882019042969 -0.3618445362849784 -0.06795260657328231 0.929758557272051 10.622478485107422
0.5001605241765712 0.800827437798282 0.32941594515878586 50.71843719482422 -0.7905536946386451 0.5775277152154847 -0.20368258160964542 294.6872863769531 -0.3533614381176949 -0.15854700573464192 0.921953654488106 10.666996002197266
0.520421504228939 0.8085332845180264 0.2746550304701901 50.35867691040039 -0.7988972986167948 0.5746013370738753 -0.17775378953964063 293.6484069824219 -0.30153700303424874 -0.1269142673595343 0.9449699490151613 10.676883697509766
0.5011247643263311 0.8208247589257959 0.2740815311422645 50.5948371887207 -0.8233725344111341 0.5497301047415961 -0.14090593145137417 292.7941589355469 -0.26632994603736304 -0.1550597532411385 0.9513279312458625 10.66192626953125
0.5206809504354526 0.6689413916222408 0.5304797474250399 51.34103012084961 -0.8493546795754053 0.46884706405621146 0.24244392920679975 292.0992126464844 -0.08653309272754994 -0.5768013913821386 0.8122882362576935 10.644058227539062
0.6505326363378813 0.6488450423917967 0.3947244608874317 50.98524475097656 -0.7592770500277254 0.5675862122492302 0.3183461213298614 291.1611022949219 -0.017482859047678767 -0.5067997658130471 0.8618865047158818 10.665261268615723
0.11577108729406471 0.9898024423727413 0.08299506262246065 50.63977813720703 -0.9928852396369828 0.1176641771835798 -0.01827682463455633 290.22784423828125 -0.027855991415873662 -0.0802886447803627 0.9963823449166347 10.689240455627441
-0.0014172199118410722 0.9874594260006946 -0.15786663197173745 50.92683792114258 -0.9989819383073182 -0.008516194026504331 -0.04430080558021825 289.2906799316406 -0.04508967091779275 0.15764313001739544 0.9864662007057532 10.65155029296875
0.08325023612711291 0.9964320464402738 -0.013877139893664778 50.96738815307617 -0.9962591882188208 0.08289582178100685 -0.024411321570699123 288.4161376953125 -0.023173866193547984 0.01585747641019707 0.9996056784390253 10.593022346496582
0.10384385081991149 0.99290307388198 -0.057964993941235554 51.01676940917969 -0.9945483546158895 0.1042186030951639 0.0034717574396272884 287.5771484375 0.00948814933055378 0.05728846868793225 0.9983125794948559 10.451532363891602
0.46411842125440994 0.874228590152784 0.14254284693308844 51.54996871948242 -0.8846842113311892 0.4654834082636593 0.025671829941774645 286.54022216796875 -0.04390828251737943 -0.1380201753031899 0.9894556553659446 10.506599426269531
0.34467108080186176 0.9268059601813746 0.14910586249761298 51.30275344848633 -0.9368601488994971 0.3496229819446031 -0.007538693532445698 285.5644226074219 -0.059117742369688864 -0.13709297089363953 0.98879250091648 10.496691703796387
0.10917747291147134 0.9910017557745742 0.07743254781018286 51.21553421020508 -0.9937967078422331 0.1104804360037906 -0.012734863263952331 284.541259765625 -0.02117505349707925 -0.07556185090456459 0.9969162571636958 10.408843040466309
-0.1806673686153088 0.9800912462815099 -0.08234349324613773 51.630435943603516 -0.9700175733244363 -0.19139436923378378 -0.14978018182447925 283.82177734375 -0.16255832602297587 0.05281424417672446 0.9852844494117672 10.407859802246094
0.01252975857135169 0.9873697674314038 0.15793653001316627 51.8926887512207 -0.9855464645659587 0.038880803573915046 -0.1648831382979668 282.9771728515625 -0.1689413251152111 -0.1535878428649311 0.9735859505931739 10.390861511230469
0.4808338858826225 0.8526432153495043 0.20444637806886162 51.51594543457031 -0.8608825737742705 0.5033290750502505 -0.0744381379458613 281.6806945800781 -0.16637297965356307 -0.14021194502437398 0.9760433607753689 10.179580688476562
0.8622984462240764 0.5062949704563223 0.010334047134382351 51.54521179199219 -0.4765576020437152 0.8182150329343575 -0.3215851548417191 280.61614990234375 -0.17127241918618386 0.2723776106269754 0.9468242686239364 10.349624633789062
0.7897749872675875 0.4556450095948834 -0.41066177654824465 51.54266357421875 -0.5955552586697821 0.4093038193568807 -0.6912194422400451 279.6598205566406 -0.14686525578655682 0.7904796067522226 0.5946197002720316 10.335525512695312
0.7464306866870846 0.6534989047627299 -0.12562010764905246 51.843963623046875 -0.6583211164053872 0.697561364979827 -0.2828806281494811 278.95166015625 -0.09723444691369311 0.2938491510305802 0.9508933372213705 10.334373474121094
0.8894808226789996 0.4364200872989237 0.13550414564982632 52.09551239013672 -0.4559212734457413 0.8274205195971459 0.3278888167797161 278.1485595703125 0.030978355442197875 -0.3534300371383117 0.9349478864313818 10.334285736083984
0.8066356756132375 0.358542760444062 0.4698786819607035 52.01043701171875 -0.5872053895285583 0.3956239217133924 0.7061667955070742 277.3287048339844 0.06729574530823043 -0.8455346246613841 0.5296626106892408 10.338188171386719
0.5750509447850829 0.8045908733616028 0.14815511265223552 51.92280960083008 -0.8155546456500739 0.5494482274109321 0.1815964354098587 276.5982666015625 0.06470727053713433 -0.22525579215238323 0.9721485469008511 10.280372619628906
0.5187995482015713 0.5477974795881975 -0.656326862274175 52.243160247802734 -0.8362184877522443 0.4847739673536194 -0.25638416744717607 275.793212890625 0.17772357617152293 0.6818446464797171 0.7095788952186745 10.326985359191895
0.5427145983768562 0.6082555398961829 -0.5792115873273344 52.63960266113281 -0.8022145257007476 0.5796768555945726 -0.14292164931427698 275.0679931640625 0.24882266669934197 0.5422176143151305 0.802550521315036 10.303382873535156
0.6674827231260987 0.6972384909625219 -0.2613910883111223 52.594974517822266 -0.6739608230188162 0.7149526282636831 0.1860632913141428 274.1695556640625 0.31661273405213447 0.0519733206477794 0.9471299544291033 10.25033950805664
0.4623681156772147 0.8853254317888319 -0.04913863483065281 52.66082000732422 -0.8159951060666799 0.4465348495080882 0.3670948311404246 273.4354553222656 0.3469405027959832 -0.12963605980863305 0.9288846965673205 10.222488403320312
0.45585474998902364 0.8896658283452566 -0.026289936994851576 52.81977844238281 -0.7784185948298002 0.41282739446563316 0.4729038312404713 272.6202087402344 0.4315795849384495 -0.19511088194528006 0.8807217526613561 10.23651123046875
0.1836520708289875 0.9316633717801199 0.3134888810843583 53.049339294433594 -0.8732267360414263 0.008183079159682527 0.48724542550741695 271.9156494140625 0.45138341168308566 -0.3632305038109613 0.8150562046623371 10.291877746582031
0.16917108365810865 0.5469729556568819 0.8198790948877253 53.2977409362793 -0.8750754256369766 -0.29937603562300974 0.38028540432274593 271.0029296875 0.4534579847132534 -0.7817893418783763 0.427996823615748 10.30877685546875
0.45463763671949364 0.8163692671238154 0.3561542348110419 53.33522033691406 -0.760102838529795 0.14718365403213107 0.6329144072026635 270.0915222167969 0.4642717890816356 -0.558460555170618 0.6874398258622081 10.232452392578125
0.359617659867419 0.7846042166224179 -0.5050459008543708 53.05775451660156 -0.801807183956577 0.536682228441318 0.26282584620026367 269.1182556152344 0.4772634267017587 0.3104326157696427 0.8221017045349754 10.225845336914062
-0.033796066666939295 0.7967835307738078 -0.6033190126006871 53.115692138671875 -0.8763517766077362 0.2665914182591783 0.40116901593595694 268.2936096191406 0.48048453618645004 0.5422776233611195 0.6892529214210903 10.265373229980469
-0.21473010127171666 0.9607900283723527 -0.17542378683659773 53.14028549194336 -0.8669651319918217 -0.10480197344337822 0.48722480055183626 267.3994140625 0.4497359708965266 0.256708137273884 0.855475592135235 10.218120574951172
-0.23912224734812942 0.9255466115847018 0.2935711508429555 53.21620178222656 -0.8467523364790261 -0.3467384637795335 0.40346365189830824 266.5295715332031 0.47521682576534485 -0.15210492273390233 0.8666216365805919 10.26654052734375
-0.22955376389211773 0.8903437444311578 0.39318327308682177 53.343624114990234 -0.8433449574518407 -0.38361684440219285 0.37630758619971516 265.77618408203125 0.48587483184819746 -0.2452063079188791 0.8389275977897479 10.283004760742188
-0.64350912088148 0.5845323322667214 0.4941841396455088 53.523895263671875 -0.6048821890449935 -0.7839746527662994 0.13964698778024887 264.9254150390625 0.46905601874241143 -0.20905907383987732 0.8580680363040749 10.268875122070312
-0.44525276576469147 0.8347915072117387 0.32384118648814025 53.409812927246094 -0.7813868541987814 -0.5388645610491585 0.3147373014604881 263.98583984375 0.4372465650685266 -0.112907592005371 0.8922260459117541 10.27535629272461
-0.8804736505441708 0.32898469003131015 0.34137255956275214 53.69218444824219 -0.336549341424507 -0.9408704981364371 0.0386942699016783 263.09259033203125 0.33391719255550856 -0.08081942502577039 0.939131262952284 10.221946716308594
-0.917295095118942 0.38231866981272633 0.11136491001818666 53.89692687988281 -0.3578604361633847 -0.914122559456152 0.19056719162092442 262.2161560058594 0.17465857178988758 0.13495325489206114 0.9753368660592888 10.1998929977417
-0.7746535314965179 0.6198156192589184 0.12546116635300855 53.8428955078125 -0.6169149571995018 -0.7842957089813487 0.06554522451697618 261.1212158203125 0.13902460833791416 -0.026624030426058088 0.9899309669266653 10.224418640136719
-0.5114007736472534 0.8288220091977828 0.2269875013791313 54.01033020019531 -0.8508365929014085 -0.5254278903417997 0.001619947804329419 260.15179443359375 0.12060821237757316 -0.19230082974422158 0.9738963240441818 10.269264221191406
0.025741342418084345 0.9841740812867059 0.17532473018368896 54.135990142822266 -0.9901795611015365 0.0009942600155723458 0.13979788347392763 259.17279052734375 0.13741113516481604 -0.17720154957135625 0.974534653443492 10.266292572021484
-0.04454609083279998 0.9983741255618346 0.035563340677694615 54.40385818481445 -0.9867741798612792 -0.049526647239229116 0.1543496976749241 258.40252685546875 0.1558600774753286 -0.02821731067771699 0.987376027472564 10.261368751525879
-0.7620193504151207 0.6323199005652138 0.13963542867809603 54.932884216308594 -0.6423842836791116 -0.7653453001626118 -0.039862308024955065 257.63507080078125 0.08166358842833286 -0.12007545489482811 0.989400294853811 10.24173355102539
-0.9065112536480551 0.4189318057229845 0.05228278075151544 54.83747863769531 -0.4209614793776473 -0.8875248508930245 -0.1873261111737952 256.6284484863281 -0.03207459882234114 -0.19182226461230714 0.9809054179223354 10.303503036499023
-0.61767280579417 0.7814113335301954 -0.08875039612823832 55.01737976074219 -0.7330488655362287 -0.61293508638455 -0.29487275325945683 255.57444763183594 -0.28481514306371725 -0.11707650366032471 0.9514060261382983 10.215412139892578
-0.4491862313808486 0.8925050480696748 -0.040822404485993974 55.19630432128906 -0.8537526886179481 -0.4422521454402893 -0.27480790842165764 254.54454040527344 -0.2633212414817605 -0.08858769115181103 0.9606321589249944 10.234153747558594
-0.2384012577943429 0.9488443999553295 -0.2070245032731296 55.43345642089844 -0.9251899137731079 -0.2867078778064989 -0.24864073732235284 253.64410400390625 -0.29527692719646215 0.13226071781562546 0.9462127872673836 10.25735092163086
-0.13055507596067106 0.9637748126541339 -0.23258005639863594 55.651275634765625 -0.9202519932175595 -0.2050871595356969 -0.33327995135124533 252.61761474609375 -0.3689060058063737 0.17052087111866654 0.9136908620495878 10.255298614501953
-0.11264127313125372 0.9783026345394968 -0.17388472860044357 55.79074478149414 -0.9128040769939744 -0.17101798138545699 -0.3708659691398256 251.59654235839844 -0.392556569949541 0.11694787426850942 0.9122623164931938 10.23406982421875
0.06349348791636023 0.9648276354919347 -0.2551003935380292 56.003273010253906 -0.9193857105074732 -0.042880779133572466 -0.3910129845613397 250.67803955078125 -0.38819903697315344 0.2593624347740824 0.8843260909422361 10.254188537597656
-0.07352363113739108 0.9671210277966537 -0.24345675849710394 56.45548629760742 -0.9969136811270972 -0.0780085825557238 -0.008818924496071245 250.17312622070312 -0.027520683966671705 0.24205697395694092 0.9698716581655613 10.334970474243164
-0.06878291995531749 0.8589884566255234 -0.5073536649187842 56.538177490234375 -0.9736263295481639 -0.16868981741027944 -0.1536083198028574 249.1849822998047 -0.21753317064988206 0.48340725779221416 0.8479367563567588 10.293014526367188
-0.07185155541833749 0.8419907961653793 -0.5346857517801993 57.02058792114258 -0.8754725289909616 -0.3100900550550601 -0.3706642803644832 248.26043701171875 -0.47789664674083654 0.44146988224423767 0.7594202644814816 10.171669006347656
-0.06810049810695101 0.9881259075329523 -0.13772985522305864 57.04597854614258 -0.86925652032166 -0.12651983669462402 -0.4778973036134912 247.29798889160156 -0.48964826563142744 0.08717753027555436 0.8675509519210902 10.127761840820312
0.2483744164296312 0.8618344917117425 0.4422120058967221 57.0949592590332 -0.8690669787979429 0.39988803770231396 -0.29122524558425333 246.2707061767578 -0.4278232527881766 -0.3119789515312775 0.8483138559372874 10.219974517822266
0.6114109536523157 0.3834766184830549 0.692186628613098 57.1898078918457 -0.6012565708911907 0.7938219228871071 0.09130876575653621 245.20896911621094 -0.5144581437922155 -0.4720089382846653 0.7159192555485923 10.130123138427734
0.6356077863683761 0.5936758886094974 0.4935095553194657 57.28764724731445 -0.5562632359477494 0.7954521618805094 -0.2404725982156024 244.41773986816406 -0.5353260261194401 -0.12167496637906988 0.8358356586768843 10.135421752929688
0.7297178162362502 0.6433969165735081 0.2314137342750008 57.48471450805664 -0.45078082659091384 0.7071750931304817 -0.5447017844967164 243.56246948242188 -0.514109477684871 0.29316172226195747 0.8060692585348931 10.201019287109375
0.7718412808884327 0.574622281478029 0.2721585397254488 57.395606994628906 -0.440049972143728 0.7917447217138253 -0.4236700575384127 242.67649841308594 -0.45893034235361696 0.207242682059663 0.8639637791018265 10.215362548828125
0.9179101170529405 -0.010131847524854104 0.39665900049991293 57.325775146484375 0.023792883740928653 0.9992805438116088 -0.029534614317198345 241.7950897216797 -0.396074381518355 0.036547782768700375 0.9174907868090796 10.18011474609375
0.9278148117075842 -0.3330566812588577 0.16802655220189325 57.4947509765625 0.26722524033026696 0.9076770570585699 0.3235939292074629 240.90280151367188 -0.260288966547664 -0.2553343047033224 0.9311573694790907 10.157873153686523
0.9530967463891509 0.2780589005676564 0.11954011810903237 57.79969024658203 -0.29533135112271897 0.9408121463943355 0.16628859925116132 240.3313446044922 -0.06622677001367755 -0.19379306750240113 0.9788045064881781 10.050226211547852
0.868608921265124 0.4832071783136299 0.10967846062385031 57.940738677978516 -0.4954884050332983 0.8484429422299276 0.1861069967996422 239.63113403320312 -0.003127679042969962 -0.21599860325104808 0.9763886628886063 10.04139518737793
0.905940307550208 0.35137690529517396 0.23623384512177928 57.81500244140625 -0.41872000233460904 0.8262782854448347 0.37674627356783397 238.63232421875 -0.06281495682350993 -0.4402254711253434 0.8956873426434752 10.051636695861816
0.9481476851796072 0.31764886035748974 -0.010731663530870027 57.805015563964844 -0.3177838180309288 0.9480452298729666 -0.014956173066627753 237.8391571044922 0.005423291089119322 0.017591009882931854 0.9998305577871986 9.9736328125
0.9714609789652321 0.20538324475069225 -0.11866460771262044 58.055213928222656 -0.2286144191973314 0.9440860065692193 -0.23756485332483576 236.99929809570312 0.06323775520193378 0.25791342535017664 0.9640962873806532 9.901280403137207
0.794666859237641 0.6029313330024451 -0.07055771051613023 58.168277740478516 -0.6012115920350649 0.7977708973862304 0.045893538610914636 236.28271484375 0.08395954044684902 0.00595003928251495 0.996451400019334 9.863906860351562
0.6855963817671742 0.7244526815667635 0.07159548504259818 58.240150451660156 -0.721827082079398 0.6637427035801873 0.19598797672511858 235.58255004882812 0.09446303448704761 -0.18604820777096825 0.9779891612388706 9.846534729003906
0.634615350506445 0.772427911792408 0.02486921763147703 58.07148742675781 -0.7669375183788829 0.6254864773972452 0.1434346872134699 234.79476928710938 0.09523759659095976 -0.11009899035506787 0.9893472658871465 9.773553848266602
0.6245293739523639 0.777779518820319 0.07086664359415709 58.013893127441406 -0.7721415134693125 0.6012687640812092 0.20560485528696648 234.06729125976562 0.11730534620377575 -0.18312534899321842 0.976065859616104 9.653458595275879
0.7041432677750816 0.7100137434583244 -0.007921019336322811 57.941680908203125 -0.705071689754822 0.7004747675615488 0.11049439947741248 233.29527282714844 0.08400101638259841 -0.07221900103082875 0.9938451816740873 9.555686950683594
0.671867462951004 0.7377210592122369 -0.06604355398187277 57.95233154296875 -0.7346897368946422 0.6750962049988077 0.06690369569679352 232.5476531982422 0.0939420179124479 0.003571105008678542 0.995571265394675 9.501967430114746
0.4626080331705835 0.8266200948771006 0.32045752665746147 57.75756072998047 -0.8822901941533202 0.3938065743307748 0.25783792450831744 231.9226837158203 0.08693572882849221 -0.4020144285460825 0.9114968888009579 9.450187683105469
0.5592432466490129 0.8275338937733625 0.049342129400426156 57.99790573120117 -0.8252294249619716 0.5500372051860629 0.12827887233694546 231.22332763671875 0.0790151077605091 -0.1124576701137005 0.9905099117011364 9.36585521697998
0.22477465924335638 0.9719119848809689 -0.06973841270611172 57.82183837890625 -0.9695889205580176 0.2302000052205848 0.0830980308285385 230.7522735595703 0.09681775505128704 0.048939260733869755 0.994098220029415 9.273783683776855
0.5700354596653219 0.7929155823202014 -0.2152776208479668 57.60655975341797 -0.8178224143384862 0.5727407599219188 -0.05598678888481057 230.12911987304688 0.07890547084780945 0.2079733185720678 0.9749466782508707 9.384126663208008
0.9530368819759142 0.057382691619282514 -0.29736833774992566 57.671836853027344 -0.22222002810985192 0.7996071290811041 -0.5578948809852367 229.30421447753906 0.205764332916286 0.597775598218262 0.7748066684498236 9.203348159790039
0.5775084570446092 0.5381858946316117 -0.6138728898245356 58.25543212890625 -0.7691995667820611 0.610640650499824 -0.1882817633745799 228.9044189453125 0.2735251515020955 0.5809250715683766 0.7666224968777215 9.179264068603516
0.09785937737831069 0.9321370365903484 -0.3486317358986312 58.17884826660156 -0.9404613471508304 0.20119679251550265 0.2739567578956924 228.41925048828125 0.3255088274907067 0.3010654342465062 0.8963278460070222 9.147235870361328
0.48206204017112486 0.8685104616534113 0.11535062819348377 58.58964538574219 -0.7776169298603218 0.3634745546878465 0.5130284187928377 228.0985565185547 0.40364353063149716 -0.33701012758231785 0.8505857241256107 9.103313446044922
0.16602500043128599 0.5172237835836179 0.8395923159053081 58.444129943847656 -0.8470461097539509 -0.36114776974769897 0.3899809948663667 227.62698364257812 0.5049243380769931 -0.7759199998077831 0.3781528351286031 8.9862060546875
0.7012929151487086 0.6133003230659992 -0.36338816833981685 58.37333679199219 -0.20174836194474896 0.6596606160041136 0.723978915539454 227.2600860595703 0.6837293657689691 -0.4344083164722037 0.5863476519650683 8.887367248535156
0.35256537973878005 0.13344082131344487 -0.9262241630495521 57.5224609375 -0.13282418077306657 0.9868956667380826 0.09162248618957791 226.8894500732422 0.9263127927496272 0.09072204903323633 0.3656694132787121 8.798774719238281
-0.013791488305544053 0.7858963805369261 -0.6182043949287949 57.21144104003906 -0.3135282827260686 0.5836846950450417 0.7490074717257628 226.3727264404297 0.9494787047539089 0.2041544901028043 0.2383508619445366 8.688514709472656
-0.3125869798732079 0.9433242270819308 -0.11148445009966507 57.9233283996582 -0.37708279982912984 -0.015510080653426683 0.9260496744079922 226.61866760253906 0.8718359605377441 0.3315099395167544 0.36055958996374876 9.692756652832031
0.05867917718138793 0.9330533090318809 -0.3549200989940873 57.37334060668945 0.22963099088892092 0.33338289268011567 0.914398958273472 226.8561553955078 0.9715072630653296 -0.13515683250541172 -0.1946953220763572 8.914779663085938
0.21414820884983438 0.9296284655734937 0.2998857459798309 58.46147155761719 0.31822881423778254 -0.35665601805872676 0.8783660436124043 225.95065307617188 0.923510133368997 -0.0926682296041374 -0.37221181172393253 8.9725341796875
0.44298174247985106 0.04588574577091975 0.8953556132423369 58.285911560058594 0.31649818295722454 -0.9423914077378065 -0.10829281973764598 226.86639404296875 0.8388063399940954 0.33135016667719 -0.43198494305786667 9.053024291992188
-0.014904533241164537 -0.5050458794029966 0.8629637967996783 58.650962829589844 -0.005943296492601058 -0.8629996700697028 -0.5051695227212196 225.6549835205078 0.999871257770551 -0.012658165650582864 0.009860969866009421 9.029632568359375
0.6112973146300831 -0.7890065072227506 0.061516865055075254 58.78436279296875 -0.0660641838972656 -0.1283354619849026 -0.9895279343217702 225.39979553222656 0.7886387745552694 0.6008317075165697 -0.13057619427248518 8.971035957336426
0.5985623439799665 -0.6720473117809779 0.43597652585565805 58.85029602050781 0.23202590417377075 -0.3754648861357719 -0.8973238540635127 226.2213134765625 0.7667379605585942 0.638262117007592 -0.06880675716406559 9.01755142211914
0.587590577193738 -0.791105700441388 0.16996789203337948 58.97233581542969 -0.25615887336512594 -0.3811175835377172 -0.8883310301428631 224.6840057373047 0.7675414941157507 0.47843615900923697 -0.42658984582740467 8.96150016784668
0.7211719157022212 0.2601606626046508 0.6420494510826229 58.523658752441406 0.1259445136791405 -0.9605971868662961 0.24777212122973555 225.33702087402344 0.681211455773105 -0.09782368945029132 -0.7255215216007169 8.8983154296875
0.5377315782221883 0.840940454524748 0.06053017203333 58.711307525634766 0.5647213659772404 -0.412554011734659 0.7147649727081191 224.95855712890625 0.6260467463308743 -0.3501690153987769 -0.6967403620167106 8.953857421875
-0.11345630660899973 0.9910256830749745 -0.0706807044137594 59.830711364746094 0.7818984780083235 0.13295350529065053 0.6090633263620431 223.55059814453125 0.6129946464520813 0.013836940294354616 -0.7899658869244789 8.9337158203125
-0.44098720698627325 0.8971842495628954 -0.024304436029459697 59.478614807128906 0.6303345669050768 0.32887433552246415 0.7032211637879274 224.2607879638672 0.6389120573592544 0.2947916107539731 -0.7105556200538019 8.961471557617188
0.3424581382407972 0.6887198277126605 0.6390519716486999 59.43707275390625 0.6216943233630083 -0.676087281907729 0.39547712391594836 224.01104736328125 0.7044278471574349 0.26186062353485406 -0.659704799126912 8.960891723632812
0.2619994951068059 0.9641140484803318 0.042899488186266155 60.18384552001953 0.6973922406571936 -0.21986967699012044 0.6821300373179584 222.63475036621094 0.6670834484792123 -0.14879995518522487 -0.7299714008794848 8.897872924804688
0.27010731577951735 0.8965000730948801 -0.35118322411991576 59.50010299682617 0.7304841034780613 0.046804717663619544 0.6813239266092761 223.2853240966797 0.6272439816596389 -0.4405643396205641 -0.6422367555087913 8.948028564453125
-0.4431316413126677 0.4866429686114818 -0.7528698224584016 60.117313385009766 0.5216661248880449 0.8229708324043757 0.22490767696088002 222.85813903808594 0.7290396440604803 -0.2930829747915308 -0.6185495673553697 8.805496215820312
-0.7669854493460415 -0.6306743618682311 0.11825045358707903 60.324249267578125 -0.4904805637597254 0.4574126490839632 -0.7417563515278672 222.9461669921875 0.413717460430899 -0.6269158777221154 -0.6601623627521618 9.017578125
-0.5931327483104772 -0.8001982652178486 0.08874840406455548 60.39869689941406 -0.7506883186150047 0.5098351717997273 -0.4201608571617779 222.45419311523438 0.2909649311800947 -0.3158335541678375 -0.9030994269099469 8.978843688964844
-0.9189566888437594 0.2125792713394078 -0.33215757920920663 61.32856750488281 0.30648964092147657 0.9150086665164728 -0.2623418384619014 221.62005615234375 0.24815862676348424 -0.34288364439930996 -0.9060066789854858 8.993965148925781
0.48285734376231354 0.8741487998836156 0.05208321454017392 60.30583190917969 0.8477029147263911 -0.4815115977302267 0.22259009325588858 222.0616912841797 0.21965553473378238 -0.06332816840331863 -0.9735198966366826 9.084228515625
-0.6079339313254751 0.7748237163388731 -0.1733913023827029 61.231201171875 0.6859866797572167 0.6225248192128213 0.37667641903856164 221.29026794433594 0.3997982120255447 0.1100502524434249 -0.9099727092601823 8.915046691894531
-0.07335753597877981 0.9373529725500591 0.34057022295950995 62.034461975097656 0.9849734021710248 0.0145580211010573 0.17209143220177398 220.787353515625 0.1563523870324935 0.34807681461595436 -0.9243356869644556 9.10693359375
0.031204568643627313 -0.9513521297790126 -0.3065214512243824 61.692291259765625 -0.9554662576183444 0.06164301085500402 -0.28859031474657093 220.63162231445312 0.2934459157128621 0.30187624016750003 -0.9070613155535702 9.292304992675781
-0.24748997173828563 -0.6438081591604213 -0.7240578485780346 62.818267822265625 -0.9234623467751001 0.38288662787569255 -0.02480169918787245 219.23814392089844 0.2931996043271671 0.6625019882177339 -0.6892931942431625 9.273056030273438
-0.9205976991402331 0.2169683911469655 0.3246915360473781 62.328346252441406 0.16590205195784777 -0.535394361319288 0.8281481673128831 219.89649963378906 0.35351999306104887 0.8162582894590468 0.4568873158619168 9.376510620117188
0.014359419532748052 0.6809044185042142 0.7322315070605201 62.60752868652344 0.8642333859848376 -0.37675670355519353 0.33339922146790746 219.89706420898438 0.5028861318627362 0.6280314953787446 -0.5938703387040581 9.477294921875
0.1526375352947701 0.8157864311522773 -0.5578479018217853 64.1734848022461 -0.1467906963191512 0.5769153017699907 0.8035055855797015 218.8835906982422 0.977319944692257 -0.040758230229869186 0.20780878801256797 10.298036575317383
-0.5513795116626911 0.6110871126234974 -0.5679376505428122 64.23686218261719 -0.12571748084085724 0.6121356230143622 0.7806952632415847 219.09649658203125 0.8247276818014786 0.5018590637044384 -0.26069470851565685 9.744972229003906
0.5834623252799866 -0.6462303325537297 -0.49189233808463334 65.6575927734375 -0.17229775066110514 0.4933911052096118 -0.852571816574511 218.28302001953125 0.7936530728826008 0.5821954779861606 0.17653108881007706 9.645156860351562
0.2976607717673235 -0.9310523308255116 0.21104412385864524 65.84884643554688 -0.48336314357086724 -0.33761592874577884 -0.8076976885533436 218.23110961914062 0.8232606734128446 0.13840896618899728 -0.5505313993682127 9.866279602050781
-0.29745662913994037 -0.9355814957860387 0.19028089374254614 66.09210205078125 -0.4869156464663207 -0.022774991046655986 -0.8731520217059052 217.82472229003906 0.8212385201675507 -0.3523756014902038 -0.44877469677715576 9.8907470703125
-0.5000679664620213 -0.8311234344166623 -0.24324034550623214 67.10572052001953 -0.30814019734561154 0.4332730872677056 -0.8469498513072181 217.9302978515625 0.809309364642685 -0.34858036177180673 -0.47276853077239606 9.877017974853516
0.45092548125079074 0.13409913199443838 -0.8824305259662547 68.17931365966797 -0.03917336202742055 0.990670148018346 0.13053009435673205 217.85618591308594 0.8917015521272863 -0.024291575157797292 0.4519715271011457 10.079940795898438
-0.25077057875401776 -0.06799275305955638 -0.9656557887584776 68.2546157836914 0.15399982080697203 0.9820249859643748 -0.10913744606270731 217.85791015625 0.9557186678216534 -0.17607927894290126 -0.23579210229384806 10.019035339355469
-0.14850637102894054 0.9820029783392346 0.11668765271736226 69.04912567138672 0.017806362858751756 -0.11532159933430036 0.9931685970512367 217.7044677734375 0.9887511270312451 0.14956964685340468 -0.0003599091422928913 10.051376342773438
-0.019711109756807718 0.8083766785477067 0.5883354636024698 69.99847412109375 -0.05377168150549527 -0.5884552533584814 0.8067397480370465 217.5804901123047 0.9983586922645722 -0.015734051448482278 0.05506687938125661 10.140119552612305
0.14928197815211403 0.688685587169046 0.7095259354136522 70.80619812011719 -0.13601418120237124 -0.6964432433332556 0.704604109644064 217.82496643066406 0.979395238660491 -0.20169028444890935 -0.010295418790790475 10.277633666992188
0.25161679536800624 0.8876269291845288 0.3857556517734747 71.48330688476562 -0.2818807983322317 -0.314088428332322 0.9065824147419337 217.68521118164062 0.9258683512359186 -0.33684847301743154 0.17117506362056972 10.368244171142578
0.48513806996567316 -0.10428554555767097 -0.8681967392577102 72.52753448486328 -0.03023674759539554 0.9902686633189102 -0.13584444612655824 217.83338928222656 0.8739146366578568 0.09215475807747514 0.47726377235114764 10.366142272949219
0.4589050978723754 -0.5457205495589952 0.7011384976848539 73.85983276367188 0.37728436805711163 -0.5947666335833388 -0.7098655909365437 217.506591796875 0.8044020243426117 0.5902895335045089 -0.06704960751964023 10.365325927734375
0.6770376400792787 -0.6856727820415256 -0.26734410388732277 74.723388671875 0.07763462870603732 0.42777906665895665 -0.900543133089175 218.12686157226562 0.7318421266513405 0.5889464373742542 0.342854481613726 10.460685729980469
0.789976609061959 -0.13384865981438535 -0.5983489729253841 75.55774688720703 0.08179004775888211 0.9901643076426937 -0.11351225466030129 218.47412109375 0.6076572596641703 0.04073303495147712 0.7931541304444384 10.558826446533203
0.562286201598323 0.01177263487035779 0.8268588951933331 76.13960266113281 -0.6783602247671492 -0.5652757467821632 0.4693513987980973 218.37301635742188 0.4729287821078274 -0.824818001239108 -0.3098606652770406 10.565872192382812
0.8527296125311092 0.022674085979221686 0.5218602243298025 77.16329193115234 -0.44375815662778084 -0.49558521488475615 0.7466418105182328 218.3104248046875 0.27555563202166433 -0.8682633129486915 -0.41253837766746515 10.554122924804688
0.9985768936558479 0.00790125104238604 0.05274237090426414 78.34764862060547 -0.0021425928629385392 0.9941094083359162 -0.1083600182439942 217.9373016357422 -0.053287866840974786 0.10809280498710479 0.9927116140942236 10.514432907104492
0.9334819269585988 0.20023884118932306 -0.29751621555945185 79.265380859375 -0.35400473870336985 0.3817675964395557 -0.8537764035649634 217.96566772460938 -0.05737714716871141 0.9023069925407435 0.42725865022824105 10.6956787109375
0.7888814088838131 0.5355904409591957 0.3013453206383414 80.59586334228516 0.606725898603469 -0.6008053079769925 -0.5204965570207786 218.50930786132812 -0.09772311231895764 0.5934440676759739 -0.7989207293961592 10.700302124023438
0.9280419823855377 0.3718761066261447 0.021124399411618033 81.31427764892578 -0.3014676794881934 0.7832215702261432 -0.5437657677313811 218.6335906982422 -0.2187585818977742 0.4982691373676225 0.8389711256014715 10.657978057861328
0.9531759998106605 -0.3015453401683151 -0.022932972064755586 82.15142822265625 0.23584281642137622 0.6937377624660032 0.6805189805369841 218.63148498535156 -0.18929785875012098 -0.654062936384136 0.7323714876489805 10.680244445800781
0.8896325253450273 -0.4521339014878126 0.06425655588061266 83.22796630859375 0.4158361203357213 0.8601742795147164 0.29526349230047755 218.6703643798828 -0.18877047139943473 -0.23595580939393646 0.9532526239884617 10.7132568359375
0.9433046204245619 0.21232567368034694 0.2551356529022558 84.21821594238281 0.16870238504562896 0.35528510725689105 -0.919408504333833 218.8746337890625 -0.2858599278765561 0.9103242833505246 0.2993222356871669 10.700569152832031
0.940661717440554 0.18290448724512737 0.28583471078122175 85.18940734863281 -0.14611729436354026 0.9785383555083255 -0.14530114619968038 219.18153381347656 -0.3062764594768363 0.09491383115573519 0.9471990788771254 10.621638298034668
0.8061420124825328 0.032036701867943135 -0.5908542167438906 86.2873764038086 0.48888013759014126 -0.5986122999622093 0.6345545881985242 219.3267822265625 -0.33336356546637846 -0.8003980035378515 -0.49822863140546747 10.705581665039062
0.24077440444795456 0.9690548906857287 0.05440868497586958 87.24100494384766 0.9416806387051749 -0.2196598170352842 -0.25492575285333485 219.47840881347656 -0.23508564577733554 0.11261520154089369 -0.9654286900291276 10.800731658935547
0.6014078184836067 -0.290607951335974 -0.744214790559216 88.28694915771484 0.7805967738620732 0.015262694476884886 0.6248485630882328 219.14134216308594 -0.17022723784081412 -0.9567204757804726 0.2360267330610527 10.694183349609375
0.43768208920202456 0.6353631122257807 0.6361981644224703 89.23406982421875 0.896307833429843 -0.2522984377183215 -0.3646611660942177 219.17855834960938 -0.07118045043445143 0.7298350594125113 -0.6799074418832936 10.590766906738281
0.3974433943912865 -0.040477228256170394 0.9167335175760891 90.14772033691406 0.9161915720302436 0.07335544431540919 -0.3939695192905658 219.61830139160156 -0.05130060034232409 0.9964841056343982 0.06623953217324496 10.5960693359375
0.9234879851255268 -0.17940202001120342 0.33909417061443964 91.24645233154297 0.2518239820758964 0.9503045904736173 -0.18304607992581878 220.17430114746094 -0.28940391044392183 0.2544328998786721 0.9227726025837005 10.502041816711426
0.749314523941827 0.5672600104745718 0.34167795469743445 92.51200866699219 -0.6540402231595355 0.7147661668383216 0.2476705740145113 226.68389892578125 -0.10372622956252806 -0.40905428400108623 0.9065955338744508 10.602775573730469
0.18367860258819674 0.638745037922974 0.7471726356606122 93.51604461669922 -0.963895167204232 0.26611392727774635 0.009459616754412759 227.65573120117188 -0.19279076116757599 -0.7219336217669828 0.664562689421272 10.629409790039062
-0.20985487798450936 0.9776796222848552 0.010172824339887414 93.90866088867188 -0.9743533653227123 -0.20825398631815412 -0.08523964257846109 223.9056396484375 -0.08121853033890997 -0.027799880423152228 0.9963085450692706 10.425395965576172
0.9955738787931436 0.03229264203500409 -0.08826005401751053 95.20032501220703 -0.09328547055772132 0.225408293741595 -0.9697880810235436 225.29110717773438 -0.011422471168678783 0.9737290621024423 0.22742304362025145 10.234710693359375
0.44812562886765667 -0.4804641670689708 0.7538816915900579 96.00568389892578 0.8739187399363151 0.05783518700920093 -0.4826190289780685 222.9839324951172 0.18828026115365953 0.8751052938397359 0.44580406901864295 10.097877502441406
0.10834488157932609 -0.9508572509812439 -0.290054951503942 96.91790771484375 0.964409315756872 0.17132549283829868 -0.20140071297062623 223.4989013671875 0.2411971357975138 -0.257910960915015 0.9355778310343666 10.094356536865234
0.8997054784141755 -0.04288941036230129 -0.43438525595408245 97.53993225097656 0.3348768733126968 0.7061372877567947 0.6238810868745659 222.31301879882812 0.27997773452871505 -0.7067748080670757 0.649678257947668 10.06884765625
0.6258772409633682 -0.3845605680311117 -0.6785210746614068 98.49162292480469 0.729919643213033 0.5953128626181017 0.33588675182745636 222.29150390625 0.2747635232265011 -0.7054897342392938 0.6532910845764927 10.017173767089844
0.4744218843312539 -0.8587520211622418 0.1935687005105604 99.36139678955078 0.8350011936137874 0.3693689444786525 -0.40784750767692135 221.9121856689453 0.2787416049518491 0.35512187908447823 0.8922956733417329 9.932228088378906
0.7505874330513083 -0.6584018368069888 0.05590640960240062 100.11299896240234 0.6455129503867976 0.7125488894196871 -0.27493110240513463 221.44918823242188 0.14117909274527823 0.24244814182821475 0.9598371540504494 10.08646011352539
0.9766389957060841 0.16297776895185814 -0.14005184359260123 100.99172973632812 -0.09558561745371516 0.9132038653237922 0.39613392949061743 221.698486328125 0.1924569089490001 -0.37349290111749134 0.9074488365812347 9.818405151367188
0.9761400952629073 0.1682806544098635 -0.13723022907329774 101.97116088867188 0.03845230832160802 0.4880344484303142 0.8719769475909662 221.2280731201172 0.21370993052467563 -0.8564484797678764 0.46991921337441733 9.699295043945312
0.6600083455448031 -0.6093638315975387 -0.43939128866191535 103.01813507080078 0.7184328203462993 0.6829553885111479 0.13200840864448504 221.1033477783203 0.21964349856181523 -0.40279977413642354 0.8885432322037979 9.676883697509766
0.9768695684445395 -0.2063249562651016 0.05617702972909046 103.74530792236328 0.05454241981937398 -0.013606542559845558 -0.9984187430331096 221.03155517578125 0.2067630786364586 0.9783889177733828 -0.002038354974633394 9.66998291015625
0.9921655982326187 -0.10923852156279001 -0.060616590884721044 104.52601623535156 -0.009139982743469117 0.42043457506421694 -0.9072768203839555 221.53382873535156 0.12459488913739147 0.9007228838534896 0.4161422834842597 9.595466613769531
0.9109964225967434 0.4120198432217574 0.018032382190208848 105.2260971069336 -0.3742845452305636 0.8076176019133743 0.4557026314179461 221.0687255859375 0.17319525749132259 -0.42189270895715736 0.8899494058154686 9.525379180908203
0.9655069630881083 0.038781334171017465 -0.257472935176291 106.29529571533203 0.181005425795487 0.6108623347499774 0.7707686058840237 221.20521545410156 0.18717195319003624 -0.7907864541731371 0.5827722057848199 9.450912475585938
0.484867385389454 -0.8425445292946007 -0.2345684009864381 107.0482406616211 0.8110057744518168 0.5335383543187013 -0.24001345436600185 221.2013397216797 0.32737326157064756 -0.07386163162719618 0.9420038253542098 9.355594635009766
0.9567001363836751 0.004464721963640127 -0.2910410886820703 107.80699157714844 -0.011578290378821274 0.9996747235624279 -0.02272422192918528 221.3221893310547 0.2908449625408029 0.025110024455793745 0.9564406382188433 9.249238967895508
0.7276960619463619 0.6672285375056007 0.15894816817407345 108.3499984741211 -0.6244216797423291 0.5485461149879627 0.5560528082829733 221.19808959960938 0.28382390191018914 -0.5038881209849563 0.8158068118339815 9.116497039794922
0.8299225224950719 0.5240896905738064 -0.19120304100528518 108.99618530273438 -0.4487927411478097 0.8307888976446991 0.3292034067918205 221.3968505859375 0.33138147526446315 -0.18740278489007997 0.9246980664341148 9.078304290771484
0.9174376343668137 0.1319330309832854 -0.37536896832714933 109.71780395507812 0.05791732543288819 0.889091973288393 0.4540496079161976 221.6522216796875 0.3936416777503697 -0.43830256486782654 0.8080452284174191 9.065256118774414
0.8778705233007901 0.4175812933476384 -0.23445512953593298 110.39945220947266 -0.20045537941886027 0.7650281933537894 0.6120044969082159 221.58975219726562 0.4349264135249069 -0.4902629160154286 0.755302117035568 8.879892349243164
0.8536617500048225 0.08018212597453919 -0.5146187358160477 110.93394470214844 -0.09867468561773937 0.9950822245552489 -0.008641342049565431 221.65383911132812 0.5113950752568353 0.05815662514606926 0.8573755792852251 8.84222412109375
0.8300819118655697 -0.1835367080479295 -0.5265722138439605 111.46617889404297 0.09447040764574144 0.9769192573790098 -0.19158315855338529 221.7776641845703 0.5495810783431759 0.10928422283647912 0.8282617925307063 8.720748901367188
0.5992437093317611 -0.5420294288906438 -0.5891613319310715 111.953125 0.26706871714607194 0.8291212999519637 -0.49115391710533796 221.99656677246094 0.7547060865981293 0.13697433402812467 0.6416048274984286 8.698226928710938
0.42656760655612125 -0.7809515081397472 -0.45623986999300714 112.41178894042969 0.22472168155645866 0.5801306445320783 -0.7829103404051019 222.12408447265625 0.8760937409178423 0.23143719927671386 0.4229616766511251 8.632072448730469
0.2923637417902975 0.23528664093921264 -0.9269108042751029 112.5806655883789 -0.28918916626755836 0.945632660804522 0.14882371092414648 222.02755737304688 0.911533361210576 0.22454190569980798 0.3445110505990306 8.553237915039062
0.7233684103250376 0.11800228907422564 -0.680304051668863 113.65480041503906 -0.3206837458252363 0.9299891835339383 -0.17967207260276724 222.68154907226562 0.611473693716519 0.34813155312772454 0.7105662133886996 8.861625671386719
0.6867017263646102 -0.46355725905755607 -0.5599601830334994 114.42373657226562 0.4462191414757136 0.8768977654208006 -0.17871426014922281 222.92015075683594 0.5738721258159708 -0.12714156116334618 0.8090153315212303 8.615890502929688
-0.03768142457762469 -0.7104629405675456 -0.7027250673783574 113.91788482666016 -0.10071013163281312 0.7023440420980307 -0.7046774552345926 222.7833709716797 0.9942019813037501 0.04421828365637703 -0.098016140314654 8.499343872070312
-0.2716212918035689 0.270616916229217 -0.9235736887165796 114.260009765625 -0.021578653202039402 0.9576988376255133 0.2869621893851636 222.76531982421875 0.9621622709111736 0.09787451691492188 -0.2542918468487027 8.403861999511719
-0.1709363851593094 0.9847880196103922 0.03119789512947585 114.53531646728516 0.2137946039839666 0.0061630787318326385 0.9768591934193402 222.48411560058594 0.9618069554416868 0.17365072096708029 -0.21159585906063025 8.424453735351562
-0.09927392492520476 0.9027795914979779 0.4184897812428503 114.79598999023438 0.3061247848271888 -0.3724616464313938 0.8761049811821199 222.64205932617188 0.9468010899573638 0.2150844743638166 -0.23938747866834756 8.452873229980469
0.3336405315429356 0.7908035645076708 -0.5131410313682873 115.67013549804688 -0.22638056460592204 0.5956136749593816 0.7707114830921389 223.0579833984375 0.9151152035019697 -0.14097543248148736 0.3777434205333115 8.078163146972656
-0.1716452755177662 0.7957241817699178 -0.5808277937039729 115.53399658203125 0.21806071533100824 0.6056409270832954 0.7652768073520948 223.21595764160156 0.96072234481236 0.004700424266087244 -0.27747158807697697 7.860435485839844
0.3150267925630509 0.6174562534945073 0.7207675734853526 115.48568725585938 0.7199712171228555 -0.6502933209463398 0.24240470962259483 223.00074768066406 0.6183846428252163 0.4425679289703528 -0.6494105494714589 8.349822998046875
0.38043478775266815 -0.1350372107146448 0.9148957995258209 116.33283996582031 0.7732568212364435 -0.4962099665092742 -0.39477785848268654 222.77137756347656 0.507290114903586 0.8576366485052244 -0.0843570889838722 8.462730407714844
-0.38308800033533497 0.7671481209713948 0.5145166124520495 116.7745132446289 0.6903920335315892 -0.13226261233493272 0.7112421819707099 223.07278442382812 0.6136794147070532 0.6276865156018546 -0.47896473157886194 8.50836181640625
-0.5942325204092782 0.6361097654906392 -0.49219109900066316 117.28668212890625 0.21271906894721596 0.7144623709111648 0.6665539124918753 223.54795837402344 0.7756534724954606 0.2913895790851845 -0.5598694524675307 8.375686645507812
-0.6371742078605693 -0.7066697784194158 -0.3076147803762198 117.7395248413086 -0.45840547710255747 0.6683358564759216 -0.5858255725990228 223.728759765625 0.6195752152883722 -0.2322606450030872 -0.7497876668651713 8.474609375
-0.8611927056419904 0.08190548281942585 -0.5016359393356357 118.01937103271484 0.09728658690830318 0.9952461543986717 -0.004517982114753957 223.91285705566406 0.49888119202547815 -0.05269330164995169 -0.8650670333589565 8.470977783203125
-0.6330891299727112 0.7723938112183435 0.05104854456296848 117.63986206054688 0.5885926296861552 0.43750755295559596 0.6798131047471376 223.86026000976562 0.5027493110781276 0.46042908411438144 -0.7316065805554647 8.352029800415039
-0.43489602468470256 -0.24054839508098663 -0.8677568307638981 119.03471374511719 -0.20070079908212268 0.9653125203649305 -0.16700577018325807 224.84803771972656 0.8778295033554298 0.10152934379117873 -0.4680888327957552 8.426040649414062
-0.05876777496916702 -0.8376843646419359 -0.542983658925027 119.44221496582031 -0.10234654131653875 0.546113421744731 -0.8314356956919783 225.54017639160156 0.993011346413381 0.006710873616616597 -0.11782796811278057 8.23675537109375
-0.2212316625879145 -0.9599097660940875 -0.17213306604421297 120.0687255859375 -0.6107525626918636 0.2739811910893071 -0.7429102328643791 225.54624938964844 0.760288010318398 -0.05922455475965044 -0.6468806640174158 8.17706298828125
-0.3031970288510787 -0.5405445178133004 0.7847822538499867 120.48822784423828 -0.9276427622368111 -0.021030731022186222 -0.3728761376413514 225.31568908691406 0.21806069651713428 -0.8410525147781553 -0.49505575445580197 8.745254516601562
-0.41356276524322905 -0.02850513516697506 0.9100292833054802 120.0805435180664 -0.9048450459708949 -0.09811908741770353 -0.41428020404823335 224.5894775390625 0.1011003560147174 -0.9947663554591244 0.014785670775039506 8.60430908203125
0.1864661026707772 -0.028539981814462434 0.9820467717949086 120.78203582763672 -0.9799725772840431 -0.07650721869716076 0.18384883262750162 226.5475616455078 0.06988662480075475 -0.9966604812699533 -0.042234402430998796 8.685569763183594
0.25586860524423044 0.3392157434482916 0.9052424737313173 121.16998291015625 -0.9662083321098576 0.05952574093799673 0.2507950261214707 226.8420867919922 0.0311883922615267 -0.938823394234829 0.34298384601251386 8.657333374023438
-0.9970917616262925 -0.060667369750861386 -0.046124712947501194 120.70048522949219 -0.0350955282318557 0.9027570578931149 -0.4287166877114706 225.76466369628906 0.06764852396840698 -0.425851106223384 -0.9022607785630584 8.62823486328125
-0.8608455823394303 0.4238737590305901 0.2815597978617762 121.97351837158203 0.501075428999646 0.6096356058180006 0.614221330280657 227.52391052246094 0.08870342619937392 0.6698324152533948 -0.7371948437531937 8.772232055664062
-0.730339401398978 -0.5712911667190632 -0.3744739798610234 121.72636413574219 -0.6768691985051869 0.6790390618279362 0.2841725543165318 226.8377685546875 0.091937189858775 0.4610123158231328 -0.8826183760721639 8.708938598632812
-0.01501786433717884 -0.9991840113164367 -0.037493669870328705 122.7052993774414 -0.8228310773891729 0.033654360093885616 -0.5672886409309146 228.59884643554688 0.5680875652866582 0.022331492925153462 -0.8226650731557836 8.609512329101562
-0.7790164032631984 0.04808798264203412 -0.6251567718359043 123.43544006347656 -0.39415782894866347 0.7378490347727366 0.5479218993281951 229.44766235351562 0.4876197794648467 0.6732505832231859 -0.5558422463831748 9.013641357421875
-0.7126862590346569 -0.196195411509396 -0.6734876811685905 123.12158203125 -0.3711935741427973 0.9201373127797331 0.1247503753324516 228.91555786132812 0.5952256939164186 0.33890217782296805 -0.7285956952717795 8.981781005859375
-0.7274804085716824 -0.6861219349171619 -0.0029909145604865572 123.49768829345703 -0.2967346445401298 0.31854579356481505 -0.9002650321609772 230.69036865234375 0.6186443290567054 -0.6540376654503105 -0.43533197252015254 8.990570068359375
-0.6078565831666756 -0.758351693990547 0.23539983543452672 123.53294372558594 -0.4730814970841084 0.10777543462984382 -0.8744017113472544 230.60693359375 0.6377336994526738 -0.6428741431353544 -0.4242741621527178 8.784072875976562
-0.06228030471210194 -0.9753094646630733 -0.2118787667124698 123.88388061523438 -0.10321740414758579 0.2174466807109651 -0.9705993553103245 232.11814880371094 0.9927070721647961 -0.038579647308043696 -0.11421155671640798 9.104095458984375
-0.00297922981017118 -0.9545453349855573 -0.298050880970093 123.68730163574219 -0.05148159412782133 0.29780337130139045 -0.9532380592001058 233.37916564941406 0.9986694997123906 0.01250421924138323 -0.050028740193682364 9.18841552734375
0.05067076727340536 0.05182329028324409 -0.9973699513862159 123.87364196777344 0.3341115076256659 0.940231928090389 0.06582873135291112 233.95077514648438 0.9411705338651591 -0.3365683704444727 0.030327515564636087 9.170272827148438
-0.07277377294020948 -0.5900550428954702 -0.8040765040253768 123.96681213378906 0.5092665733060912 0.6712033642080975 -0.5386405120196621 235.0631866455078 0.8575264050075184 -0.4486881881990621 0.25164930853377 9.240402221679688
-0.15525800982184007 -0.8532773131727689 -0.4978079722250559 123.94893646240234 0.7157713522161131 0.2501416893800063 -0.6519973209920678 235.90240478515625 0.6808570494111656 -0.4575444918898894 0.571914955398392 9.2713623046875
0.2696863102803083 -0.9016344026651142 -0.3381193546340049 124.0318832397461 0.7914088252670315 0.4075662605739835 -0.45558952416753073 236.84722900390625 0.5485812294791451 -0.14472438347584196 0.82347646444248 9.219657897949219
0.17695478228587852 -0.9818563072554305 -0.06815568155984587 123.9949951171875 0.93615321153059 0.18928503049724427 -0.29629097483828265 237.69546508789062 0.3038160126904438 -0.011374055230526925 0.9526628266603527 9.454292297363281
0.00328282559741927 -0.9345137500188256 0.3559118908969595 123.89266204833984 0.9719789180927505 -0.08067433925711426 -0.22079092773181308 238.7207794189453 0.23504511447665447 0.34666367275960763 0.9080628239001289 9.323945045471191
-0.06659469926040013 -0.9973488244761022 0.029333740752831038 123.8497543334961 0.9903073548134043 -0.06965871118867645 -0.1201624190752296 239.53990173339844 0.12188719798606995 0.021047239051001185 0.9923207771156639 9.40089225769043
-0.12210497523684244 -0.9657152349706654 -0.22909487110793747 123.83039093017578 0.9923277536392049 -0.11427539710870988 -0.04718858943659805 240.49002075195312 0.01939083236427029 -0.23309916036142014 0.9722596243077368 9.39193344116211
-0.34515853683176906 -0.9372554637737084 0.04917092716721087 123.91136169433594 0.9383935327300538 -0.3455684402935017 0.0001755093335474335 241.4000701904297 0.01682742352714782 0.04620225859681873 0.9987903629480968 9.472545623779297
-0.8321351962196895 -0.5537714393923387 0.029802820768447646 123.77005004882812 0.5545702810970048 -0.8307662288854332 0.04774176648873657 242.3716278076172 -0.0016788497276488557 0.05625536291602107 0.9984150016935737 9.461030960083008
-0.86896951958969 -0.4858582678371117 0.09398785878178201 123.59583282470703 0.49365926722112585 -0.8643265201450268 0.09612593022015144 243.22390747070312 0.034532620965745976 0.12992848089741427 0.9909218374528468 9.54415512084961
-0.673066556492359 -0.7394390918938919 0.014534094765571794 123.52241516113281 0.7393811176690749 -0.6732117771704567 -0.010073029009444578 244.04721069335938 0.017232915190058946 0.003966416283242224 0.999843634862932 9.607498168945312
-0.7303875767016152 -0.6208010787491187 -0.284850852945664 123.43497467041016 0.6829135900059216 -0.6715208063470313 -0.2875566643780952 244.90267944335938 -0.012767787011292164 -0.4045563338608889 0.9144239478206324 9.613807678222656
-0.802687758872673 -0.5940882020200328 -0.052455409411901105 123.3377914428711 0.5963836211193804 -0.7989139445246983 -0.0778658185889193 245.90611267089844 0.0043518061193892205 -0.09378548642829498 0.9955829168476663 9.669332504272461
-0.5706980034863752 -0.7910921281298884 0.22017500681864444 123.28294372558594 0.762508792712373 -0.6100454210441323 -0.21546444091637773 246.59523010253906 0.3047689778389284 0.044920252381438194 0.9513664073704743 9.793964385986328
-0.6632597161938816 -0.7388462779039503 0.11913323004892748 123.15575408935547 0.7441195050717057 -0.6680464461711533 -0.0003285269131977145 247.6068878173828 0.07982926184208383 0.08843146151439196 0.9928782229297695 9.836305618286133
-0.8678325216700518 -0.493902245584355 0.05410440036199226 123.04851531982422 0.4916871350945563 -0.8693635040973198 -0.04950615038696943 248.59451293945312 0.07148758993214686 -0.016360609718503633 0.9973073021568287 9.828641891479492
-0.598167209071134 -0.7994320599148546 -0.05571688767637581 123.11092376708984 0.79640498241382 -0.5852931386522834 -0.15222038573397945 249.5602264404297 0.08907914446430626 -0.13542645024828287 0.9867748388536545 9.854324340820312
-0.9030744977566075 -0.3691141920706361 0.21957040946742484 123.06932830810547 0.3803728116001249 -0.9247811553066202 0.009815242491582644 250.54405212402344 0.1994316316361749 0.09238250917676039 0.9755472804027178 9.921953201293945
-0.6342790862162646 -0.6172172891305066 0.46554576443895224 122.94379425048828 0.7418547478763722 -0.6553919578117184 0.14182000807011177 251.43898010253906 0.21758118908109714 0.43532080082866575 0.8735869885271557 9.915940284729004
-0.7756945674037194 -0.40994996471686845 0.47983222539653875 122.74090576171875 0.6038790239020713 -0.7030478575634418 0.37557134404336023 252.4234161376953 0.18337955881569262 0.5810892671561684 0.7929105882786969 9.954305648803711
-0.6043823994706938 -0.6874664936044558 0.40263101641731713 122.47620391845703 0.7594576734774289 -0.6498440880552356 0.03044180375586683 253.1863555908203 0.24071966559942326 0.3241797053963348 0.9148560330471935 10.038909912109375
-0.915251283143522 -0.40086384582987794 0.040289773027610915 122.38655853271484 0.27702084414156686 -0.6987798548225805 -0.659519648232884 254.36431884765625 0.29253126433807086 -0.5924650973691303 0.7506067997188386 10.109031677246094
-0.46564165093225834 -0.4288504390093182 -0.7741221827842139 122.51277923583984 0.8290220676358382 0.09471721374609482 -0.5511361544963062 255.27752685546875 0.3096776780620142 -0.8983963214426535 0.31142219787360675 10.149711608886719
-0.5076230037403722 -0.8302189038465551 -0.23033770375131113 122.73189544677734 0.7658642693984359 -0.3123391112273401 -0.5620464397685614 256.2364807128906 0.394678105463683 -0.46171511919531055 0.7943855120620329 10.159927368164062
0.14912786305301517 -0.9450316674821677 0.2909914567768515 122.52926635742188 0.9046249093567649 0.011562964764504913 -0.4260517236405917 257.2330322265625 0.3992676468642375 0.32677430330692764 0.8566235467612164 10.198963165283203
0.04226898571491572 -0.997220984801108 0.06134851521382395 122.4075698852539 0.9013320616685256 0.01156821363431143 -0.4329742383117915 258.19744873046875 0.431061303592653 0.07359676559210648 0.8993162228267559 10.17520523071289
-0.17863552886421147 -0.965468968993044 0.18962863111595823 122.36390686035156 0.9780116188193428 -0.19531576578340198 -0.07310967850299727 259.39495849609375 0.10762258722857332 0.17239901840773894 0.9791302044009653 10.107985496520996
-0.18190412450431048 -0.9783775528914148 0.09842892606610737 122.28421020507812 0.9831758155976836 -0.18265646845459038 0.00138930037320769 260.4001159667969 0.01661941972964307 0.09702565913151107 0.9951431135057641 9.876120567321777
0.0479714214256311 -0.8441186014286638 0.5340061136808467 122.34629821777344 0.9881707518563744 -0.03785675371569702 -0.14861167980248688 261.3861083984375 0.14566162123913196 0.5348183363724788 0.8323172707434119 9.810972213745117
-0.0038895763525966763 0.6245588721808224 0.7809680444013163 122.50225067138672 0.8749621494493038 -0.37600591910572595 0.3050586596517334 262.5506896972656 0.48417569974839836 0.6845040277293313 -0.5450028695295754 10.179954528808594
-0.05959683817759716 0.30552909879891116 0.9503158352181439 122.26690673828125 0.8978358970865776 -0.399673603113522 0.1848018205456728 263.6143798828125 0.4362784876451892 0.8642412746226484 -0.2504957094575602 10.205928802490234
0.05574193479127576 -0.990523223134334 0.1255252211202809 121.9579849243164 0.9001796334785742 -0.004530818718349483 -0.4354952343621239 264.64263916015625 0.43193687522148994 0.13727059449609633 0.8913962753515314 10.269886016845703
0.017586655784509853 -0.666767393559337 -0.745058355046372 121.8389663696289 0.9252292442957644 0.2933178136832627 -0.24065640584858727 265.890869140625 0.37900073223967035 -0.6851174374238035 0.6220711710886743 10.169685363769531
-0.3512289148318259 -0.8810428604035558 0.3168623163425685 121.69441223144531 0.8416984144350248 -0.4453455061816504 -0.30530502659041575 266.89593505859375 0.4101000225842751 0.15947055607769567 0.8979905975123832 10.186820983886719
0.022537005065896565 -0.9963906532105037 0.08183978004250636 121.44489288330078 0.9115851572981445 -0.01313108698876303 -0.41090153996816703 267.9539794921875 0.4104930990849632 0.08386441885114099 0.9079989949633112 10.149456024169922
0.5604883123443729 -0.7918408731906365 -0.2425713982934667 121.50611114501953 0.7603487958158265 0.6081053396839246 -0.2282051808117463 269.0577392578125 0.3282111521974533 -0.05653253393038048 0.9429111899752972 10.202461242675781
0.037210522871190754 -0.9993039226901415 -0.002654634390743732 121.2901382446289 0.9788990922445975 0.03698459152550182 -0.20096941855017403 270.13934326171875 0.20092770886653696 0.0048795579500308245 0.9795939187866861 10.337902069091797
0.07726271964731496 -0.936060377039327 -0.3432512821384549 120.97259521484375 0.943411677176101 0.1800022953887322 -0.27852034220602906 271.23345947265625 0.3224978752185452 -0.3023080286591482 0.8969977571252579 10.208183288574219
0.22962511485842363 -0.5501688788854803 -0.8028614521398756 120.6917495727539 0.9332305247444871 0.3586557069766172 0.021139336277011977 272.2381896972656 0.27632063678159374 -0.7541089367982565 0.5957907494495176 10.170654296875
0.6480255288849995 -0.7440888294527328 -0.16246454319936735 120.59402465820312 0.7490656012816976 0.6612448504813706 -0.04069364432388821 273.21142578125 0.13770852874751763 -0.09532608035334471 0.9858748903966782 10.134353637695312
0.8203367604453138 -0.4661278184189051 0.33131926650607 120.4026870727539 0.561496078735731 0.5465918266542908 -0.6212564113143006 274.2845458984375 0.10848849259938034 0.6956739408162116 0.7101183105953235 10.031482696533203
0.7625261911284975 -0.6463506955294175 0.028010466467098386 120.12644958496094 0.646904171037877 0.7623036516047399 -0.020202382133717674 275.2977294921875 -0.008294657127541719 0.03352493309042868 0.9994034608327205 10.025941848754883
0.22258258932555502 -0.8289216602414813 -0.5131723610168787 119.84691619873047 0.9744550576200932 0.20530861736333889 0.09102588815812127 276.4908752441406 0.029905377572470276 -0.5203241805056348 0.8534450278567376 9.955204010009766
0.5917776200392619 0.05838306549449712 -0.8039842449228297 119.87836456298828 0.8041348482524096 0.026866887359723035 0.5938394700503449 277.369384765625 0.056270722820500385 -0.9979326570601172 -0.03104863485232806 9.87982177734375
0.5441599474874794 -0.6902278006678425 -0.47694395345329266 119.80388641357422 0.8375272804070225 0.48035940463546495 0.26038989410550895 278.2489013671875 0.049376169600730685 -0.5411473233450339 0.8394769611562101 9.880233764648438
0.20584764079538237 -0.6338393140181365 0.7455698979867637 119.50403594970703 0.9753572493201851 0.07106933582148972 -0.20887169675294576 279.3023986816406 0.07940393552927627 0.7701927508818232 0.6328492249434712 9.783832550048828
0.11217163172991068 -0.6958945042444518 0.7093295172184915 119.20166778564453 0.9936093904216179 0.08757613112388912 -0.07120955359607589 280.3783874511719 -0.012565997812761631 0.7127841610331562 0.7012708716888428 9.809234619140625
0.8006493104432273 -0.5914750042648208 -0.09548822449241968 118.94290161132812 0.5932225949016706 0.7602856144952896 0.26467477645149334 281.11236572265625 -0.08395019109515407 -0.26855744957354993 0.9595984898350128 9.644493103027344
0.9260939428854886 -0.3771228021346922 -0.011331419191214498 118.96426391601562 0.3059235219458467 0.7329957580038677 0.6075590650040409 282.0894775390625 -0.22081849485733365 -0.5661233177130341 0.794193667483271 9.539846420288086
0.537774668335 -0.7605480414589616 0.36382012414120063 118.77513122558594 0.8196797463751169 0.5726378839309225 -0.014524712373736592 282.96917724609375 -0.1972904444711025 0.3060270094616703 0.9313559738361814 9.52133560180664
0.2879502835430487 -0.8716253181717598 0.3966786343243819 118.60482025146484 0.9551198643625559 0.23133103593884669 -0.18501890852427233 283.5397644042969 0.06950308559719437 0.4321518905818171 0.8991184930580789 9.543661117553711
-0.5012361117289574 -0.7452080910023184 0.43980366233527024 118.1787338256836 0.855066526546433 -0.348579558734386 0.38386654765993744 284.73309326171875 -0.1327538906347171 0.5684691656873053 0.81192315657587 9.550117492675781
0.02894575175564512 -0.9994271246750909 -0.017537557383542908 118.05622863769531 0.9990077927873392 0.028330620927822847 0.0343628559350465 285.3306579589844 -0.03384632041255481 -0.018514815190125357 0.9992555369939193 9.53779411315918
0.3294051911905661 -0.9121071912690422 -0.24403420180787272 117.721923828125 0.9402306796322604 0.2932381920648509 0.1731404972639143 286.299072265625 -0.08636254451418461 -0.2864818220233817 0.9541853470658618 9.469615936279297
-0.15521228366364453 -0.9737261238336874 -0.1666330782400023 117.6572494506836 0.9833808653003173 -0.16837349193302914 0.06791495399009781 287.13433837890625 -0.09418715815393999 -0.15332254556359456 0.9836772724124432 9.471078872680664
0.21677257037178488 -0.8802294286947057 0.4221442947550061 117.48221588134766 0.9696469283496651 0.2442449838103964 0.011367595414963516 288.04498291015625 -0.11311271845583354 0.40686673585247923 0.9064573747177966 9.443649291992188
0.3016751719890254 -0.6964104459865236 0.6511563416924108 117.3293228149414 0.9401899469695575 0.33064431874398614 -0.08195851450402342 288.76519775390625 -0.1582243793565735 0.636935495323645 0.7545052820054015 9.472366333007812
0.8335622944180198 -0.36493999994319376 0.4147200233483168 117.10023498535156 0.524656688180809 0.7580057844392885 -0.38750818095070516 289.51141357421875 -0.17294294108668343 0.5405978423912187 0.8233132526142448 9.564647674560547
-0.020754104094311998 -0.8744002782388646 -0.48476119953956603 116.68067169189453 0.9803139397722423 -0.11302233468287837 0.16189666874601227 290.44091796875 -0.1963513347330928 -0.47185814105367296 0.8595324589972768 9.501398086547852
-0.5774206693231554 0.24847969144768783 -0.7777166666443899 116.45233917236328 0.7881132730499671 -0.07913240737625998 -0.6104224200873567 291.3249816894531 -0.21322016668426813 -0.9653993500313223 -0.15013745528093053 9.473297119140625
-0.15647427251748325 0.23552532928132824 -0.9591890435712068 116.41653442382812 0.9640329271525352 -0.17482468477167912 -0.20019202022108168 292.1120300292969 -0.21484021366084927 -0.9560147220944901 -0.19969860723789684 9.468803405761719
-0.041567967712241694 -0.5811049605324189 -0.8127663433637553 116.5265884399414 0.9769914448116105 -0.1939560656266039 0.0887060390930069 292.8818664550781 -0.20918848157868447 -0.7903784343283059 0.5757969344513219 9.875869750976562
-0.5993351004250823 -0.7417148759221383 0.30109214575319543 116.22532653808594 0.7836275181213225 -0.4668062390210782 0.4099022420699992 293.7373352050781 -0.1634788984593203 0.48161289231788945 0.8610015515152828 9.412662506103516
-0.6906486493814731 -0.6180163442466299 0.3755798734644583 115.83180236816406 0.704004451238594 -0.45571779061267825 0.5447008609827468 294.459228515625 -0.1654756046787367 0.640606816669266 0.7498271338735857 9.453353881835938
-0.39690176263576327 -0.8454839060544787 0.3572477507549707 115.62820434570312 0.9162010525737868 -0.34154497470617196 0.20957734017695123 295.2091979980469 -0.055178094197873645 0.41049238099606894 0.9101930471415769 9.547140121459961
0.05132619462144039 -0.9950910420270301 0.08461347305980378 115.5865249633789 0.990037798790551 0.06182226580375216 0.12650361424422432 295.97235107421875 -0.1311136099405524 0.077277587491137 0.9883508464912181 9.479931831359863
-0.20468905957905548 -0.9277116881822577 0.3121752913006851 115.58341979980469 0.9740133902913563 -0.16145535878171213 0.1588398018564841 296.8166809082031 -0.0969551670710766 0.33657568351069916 0.9366517521723459 9.481647491455078
-0.4182916952602461 -0.8836043010071877 0.2104174349190398 115.35065460205078 0.90798679270502 -0.40056140672622165 0.12292495155484445 297.697509765625 -0.02433191216406695 0.24247473823701582 0.9698525451672179 9.501699447631836
-0.5788560971458643 -0.8104243783711984 -0.09021056334329175 115.37879180908203 0.8154073871585876 -0.5761058272509327 -0.0566821733415652 298.49114990234375 -0.0060342161265932795 -0.10636918138810161 0.9943083955627461 9.459976196289062
-0.09935914778236077 -0.9599646326940079 -0.2619077389628294 115.35163116455078 0.9944190181837691 -0.1051788451711193 0.008259951749150729 299.2236633300781 -0.03547641507243307 -0.2596253348676287 0.9650575679556531 9.499540328979492
-0.03175365395956303 -0.9656047574290714 -0.25806812645222416 115.30933380126953 0.9951122139116906 -0.054697703107957796 0.08221826438503857 300.04290771484375 -0.09350608100006508 -0.2541960143374764 0.9626219398657768 9.804533004760742
-0.3279750938434704 -0.9438076132835462 -0.04073729159360854 115.13569641113281 0.9367199695051915 -0.3193183929388858 -0.14349725663273263 300.8962707519531 0.12242563681092206 -0.08522296074969013 0.9888119186238082 9.496177673339844
-0.5205124133799736 -0.8224582482830101 -0.22941067400755 115.09310913085938 0.8387389145956083 -0.4421676493952168 -0.317812528027593 301.7353210449219 0.15994955661187843 -0.35784102567977233 0.9199814887703514 9.508743286132812
-0.23780997563663214 -0.9294614147823556 -0.28204236192190457 115.18157196044922 0.9633412505438858 -0.18857351658404947 -0.19082364592384207 302.3497314453125 0.12417749590101676 -0.317082808228241 0.9402331850332903 9.534473419189453
-0.016245103189964583 -0.9461231541217503 -0.32339924838666306 115.11521911621094 0.9944887332881274 0.01821646582941583 -0.10324882437907934 303.1294860839844 0.10357729473839161 -0.3232941966806656 0.9406128887099516 9.439224243164062
-0.1812439488475876 -0.9774807463132719 0.10808340109832744 115.04530334472656 0.973482744496489 -0.19392083404346544 -0.12135096329024392 304.0945129394531 0.13957785345002416 0.08322319815253218 0.9867076173393758 9.43155288696289
-0.05824570529501272 -0.9296856366390791 0.36371974766525506 114.94320678710938 0.9899684799364294 -0.10076827973158231 -0.09903616779890606 304.7999267578125 0.12872391598705357 0.3543026542758717 0.9262287960466519 9.462538719177246
0.02347544566827653 -0.8618612202883202 0.5066005728518316 114.75994873046875 0.9901891313939608 -0.04977634218571031 -0.13056722340574226 305.72802734375 0.13774754995988028 0.5046955049549572 0.8522370912828845 9.42299747467041
0.008439340776144444 -0.8901931828447017 0.45550507652943184 114.53652954101562 0.9879484003593212 -0.06298221371211926 -0.14139023652069954 306.5325927734375 0.15455334274845858 0.4512087521012202 0.8789334026378433 9.45386028289795
0.10531569083801218 -0.8425636107582457 0.5281999309819526 114.36875915527344 0.9811712512955499 0.001566247065534876 -0.19313343185801496 307.3411560058594 0.16189991011250449 0.5385945680158286 0.8268641426554943 9.469970703125
0.6871066895293908 -0.5532853777620852 0.47091367357364805 114.3619384765625 0.7213143511832196 0.4417500465183828 -0.5334440019141071 308.07379150390625 0.08712062890666367 0.7062097331215944 0.7026220953423213 9.46510124206543
0.08089760343183883 -0.8985934540300868 0.43126022554052335 114.02245330810547 0.9952237858458306 0.04910548788148472 -0.08436982367300275 309.0454406738281 0.0546369274911864 0.4360257508842792 0.8982740955410677 9.415214538574219
-0.720459259113163 -0.5874042371913641 -0.36863900782166803 113.56138610839844 0.6921080843777445 -0.5753903492458831 -0.4357893361862697 310.0240783691406 0.04387317514246131 -0.569106499808544 0.8210925260764383 9.46533203125
0.034410511772787755 -0.13595403476278806 -0.9901173754213455 113.73023986816406 0.9985431696983891 0.04587766996267739 0.028403831563539483 310.7455749511719 0.04156266267010705 -0.9896523328070896 0.1373346469076781 9.472793579101562
0.08878712507439196 -0.5875967008381484 -0.8042679675239763 113.73538970947266 0.9960061256161481 0.06000797474052494 0.06611233396765231 311.5545959472656 0.009415102555689725 -0.8069257463556756 0.590577848985383 9.493537902832031
-0.09725949797876343 -0.9656695082682053 -0.2408796190090836 113.4315185546875 0.9919221195693538 -0.11385404772421681 0.05592642064223369 312.4378356933594 -0.08143155875923798 -0.23349444665313585 0.9689423329694016 9.38473129272461
-0.23540870125227842 -0.6599958242674206 0.7134341282306894 113.22664642333984 0.9704644478732376 -0.19945983066729067 0.13570015241063021 313.2852783203125 0.052739916465690984 0.7243074539860432 0.6874570628857108 9.520164489746094
0.3135415476544777 -0.7570018138223101 0.5732712724044065 113.11731719970703 0.9478947036702038 0.21362002019096138 -0.23635168230327766 314.1172180175781 0.056456431417608144 0.6175068751385248 0.7845367617315603 9.502574920654297
0.16581147851062167 -0.9724329986621675 -0.16395309300841687 112.98468780517578 0.9840863771647045 0.17392975751897105 -0.036365391902729596 315.0052795410156 0.06387922880693549 -0.15531420592559098 0.9857976169400767 9.545486450195312
0.25062333414068666 -0.9074271969760672 -0.3372889363325808 112.82551574707031 0.9667560153184132 0.2528451429989253 0.038106961404936635 315.83990478515625 0.05070257616600998 -0.3356266018211474 0.9406295938998088 9.519805908203125
0.06842856781952311 -0.9091837209726445 -0.4107340899225498 112.76634216308594 0.9968273046486591 0.07908559899978207 -0.008988478054415439 316.8173522949219 0.04065532945454958 -0.4088158871046745 0.9117108722823041 9.565559387207031
-0.13743456814969146 -0.9830285361106667 0.12151805079751504 112.7257308959961 0.9901238318929254 -0.13977226411398969 -0.010886308011401141 317.7555847167969 0.027686404518784978 0.11882176305950332 0.9925295217917971 9.624677658081055
0.03523846417008958 -0.68791394480361 0.724936311125101 112.51799011230469 0.999370329326257 0.02726575125851105 -0.02270514634698323 318.71942138671875 -0.004146746346503083 0.7252799344756788 0.6884415887653018 9.673988342285156
0.18529578049605022 -0.8308501374634403 0.5247413865966184 112.34638977050781 0.982678799175001 0.1581880264520109 -0.09653458416130203 319.55889892578125 -0.002802031823016915 0.5335396867752201 0.8457703892035133 9.682893753051758
-0.15232121483325417 -0.9395224540991535 0.30675039650377944 112.24774169921875 0.985648037013615 -0.16725977091166605 -0.022849861395299875 320.5086975097656 0.07277495890022254 0.29886740752059476 0.9515156741110415 9.728619575500488
-0.6141001026156909 -0.5558947058642052 0.5602340046440835 112.24594116210938 0.7839205246149981 -0.5118202148661126 0.35143801550451625 321.5556945800781 0.0913765563738545 0.6549970562121292 0.7500861159218324 9.755111694335938
-0.44008514604884064 -0.6935945020805506 0.5703084524279858 112.07862091064453 0.8969103375812856 -0.3701747045143242 0.24191431226274615 322.4605407714844 0.04332332589951288 0.6179784420361005 0.785000467905363 9.7247314453125
-0.10902964082025401 -0.9558310026648229 0.2729462067282964 111.82841491699219 0.993955585650607 -0.10837658484082202 0.01751598162248097 323.4007568359375 0.012838659453595164 0.27320616794464875 0.9618698241552415 9.699272155761719
-0.3473726603015685 -0.8979973083182375 -0.27006123218302014 111.70912170410156 0.9376377646403615 -0.3286466981255755 -0.11325533158038417 324.3967590332031 0.012948250663200489 -0.292561415884523 0.9561590666517816 9.68417739868164
-0.8777152167776443 -0.4649351964123103 -0.11597957308948514 111.62078857421875 0.47889855815950033 -0.8427804668934007 -0.24571783739829095 325.4070739746094 0.016497552234328937 -0.2712127352466837 0.962378035394765 9.753021240234375
-0.47118377290240054 -0.8794943992945529 0.06689883229902116 111.558837890625 0.8819957960167709 -0.47052130297820993 0.026327158077358262 326.3612060546875 0.00832273766267725 0.0714094185188552 0.9974123655663174 9.736614227294922
-0.05095797867587115 -0.9950029964611167 0.08586222360659047 111.44051361083984 0.9986006050578498 -0.04954641817139094 0.018492810075309188 327.2038269042969 -0.014146235801981363 0.08668442466662821 0.9961353796210883 9.782161712646484
-0.5638887609271691 -0.8212144800195547 -0.08738560010799389 111.19883728027344 0.8257657970466614 -0.5621831475085092 -0.045397765201800694 328.2903137207031 -0.011845409571385329 -0.09775932929208433 0.9951395881023163 9.790056228637695
-0.47430473582536686 -0.757404522764296 -0.4487464835180529 111.07225799560547 0.8803438537386712 -0.4112091196894036 -0.2364355283556409 329.21307373046875 -0.005451307932445609 -0.507193699468413 0.8618148492926836 9.741950988769531
0.04061590434784956 -0.8708496643973586 -0.4898685643445744 111.36637115478516 0.998995229727505 0.026097735906596253 0.03643403851124832 330.28680419921875 -0.018944109788952862 -0.4908561603968699 0.8710346436880375 9.755977630615234
-0.41386209203016305 -0.8764395875173426 -0.24611342550305415 110.82524871826172 0.907544130232886 -0.41839762662694496 -0.03615352974156118 331.245849609375 -0.0712868884175154 -0.23832137013992272 0.9685665202113785 9.637321472167969
-0.4051578594634665 -0.9106907442019931 -0.0805572922819649 110.80497741699219 0.913882420601908 -0.40590843761476536 -0.00756713868892088 331.8998107910156 -0.025807561484555316 -0.07668577898124386 0.9967212554532289 9.815936088562012
-0.11325432965620441 -0.9624273863538045 -0.24679340106718473 110.65576171875 0.9916022049188254 -0.12509761281471776 0.03279717164913096 332.7537536621094 -0.06243816152200023 -0.2410064589678946 0.9685129646636172 9.939117431640625
-0.03322419021511225 -0.9993849520782511 -0.011219213167696224 110.42066192626953 0.9966787913619773 -0.032295008245615486 -0.07475573082810319 333.6764831542969 0.07434742788945846 -0.013665650440714484 0.9971387616396498 9.76063346862793
-0.2954104975046281 -0.6594124543450596 0.6913087971512387 110.28814697265625 0.954253971261363 -0.23863103453883228 0.18015156864941256 334.4530944824219 0.0461735454127743 0.7129028295704478 0.699741065891136 9.730045318603516
-0.14279820370423585 -0.980192834012889 0.13722492910774206 110.2354736328125 0.9896751785962942 -0.14313352508776028 0.007472273171210159 335.4775085449219 0.012317219216902153 0.13687513340900456 0.9905117283329008 9.804722785949707
0.014861758407606895 -0.9502398427089462 -0.31116453760914253 110.1401596069336 0.9982913375276941 -0.00348699584300477 0.05832877743583095 336.3642578125 -0.05651135774516272 -0.31149973063947967 0.9485643806602323 9.903350830078125
0.6412214879166608 -0.5825404235180636 -0.49948138944443066 110.01898956298828 0.7672116959472752 0.47407732077310416 0.4320149390128787 337.1159973144531 -0.01487336665484959 -0.6602252258858265 0.7509203912988114 9.670646667480469
-0.12768734983090912 -0.9701641630828246 -0.2061005515833516 109.6712875366211 0.9906771962559513 -0.13470531557204712 0.020326602644877803 338.1628112792969 -0.04748298128389333 -0.20158366656660942 0.9783196777444251 9.81376838684082
-0.4253938198136126 -0.892865676193363 -0.14775311279344489 109.45887756347656 0.9044991963154295 -0.4139745127100293 -0.10250027654224064 339.0776062011719 0.030352955854838062 -0.17724555594502928 0.9836984858017277 9.744325637817383
0.024953619718915243 -0.7047377283432386 -0.7090289494178186 109.47882843017578 0.9995939224726078 0.027351097573822203 0.007994223998194494 340.050048828125 0.013758888717836815 -0.7089405135207884 0.705134059076805 9.679100036621094
0.36156467684762805 -0.9281259244984572 -0.08861858004930255 109.45221710205078 0.9321617879201454 0.35796159984392084 0.05420234477122539 340.87811279296875 -0.018584552660432768 -0.10220450729329421 0.9945897913669468 9.637178421020508
0.017939715879159823 -0.7698711751139068 0.6379471297238568 109.29619598388672 0.9985472545602861 -0.018628198067157264 -0.05056056414722887 341.79217529296875 0.050808926423319634 0.6379273970958631 0.7684185636944273 9.619821548461914
0.1686602592930776 -0.9750767730354929 -0.14414924079536995 108.72084045410156 0.9843142467457903 0.17429644027148206 -0.027316928120799222 342.2824401855469 0.0517608016597411 -0.13728087119252777 0.9891788421797958 9.666252136230469
-0.03160435121875338 -0.806210379912115 -0.5907842146723327 108.11643981933594 0.9983802983310321 0.0025122057627220418 -0.056837212516490376 343.23785400390625 0.04730692220469035 -0.5916236237204942 0.8048251629809733 9.662338256835938
0.010881652906212735 -0.7211732876283566 -0.6926692420205594 108.2109146118164 0.9998125533272054 -0.0032466955684664067 0.019087094520111314 344.4125671386719 -0.01601398886482297 -0.6927471026133514 0.7210027766808141 9.59231948852539
-0.07582110583946994 -0.9944270417851013 -0.07325311239676084 108.00093078613281 0.9970710248384036 -0.07487367964245067 -0.015598189782640878 345.2908020019531 0.010026531652346654 -0.07422122784845485 0.9971913948684537 9.590982437133789
-0.13411327417960417 -0.9695715224586375 -0.2048040344477276 108.23743438720703 0.9887406637050015 -0.14476584134642467 0.037878108657307036 346.39349365234375 -0.06637416383668632 -0.19741811977754595 0.9780698115975562 9.667877197265625
-0.056265998432837916 -0.9409148852800204 0.3339360958010415 108.26188659667969 0.9975706006132503 -0.06674012101672949 -0.019966297573451947 347.2737731933594 0.04107352203640696 0.3320014079867114 0.942384226779272 9.40793514251709
-0.44182870082424386 -0.46686595396385755 0.7660441111041703 108.19515991210938 0.8956504724412255 -0.2780772127771049 0.34710703673352183 348.23724365234375 0.05096695344799912 0.8394696211081936 0.5410112058845875 9.385604858398438
-0.4409070009435825 -0.8974683469371108 0.012311895260507699 108.16305541992188 0.8972177950537032 -0.4410757122184581 -0.02127073882006151 349.1288757324219 0.024520292777759124 0.0016680338575573005 0.9996979408327014 9.809202194213867
-0.3364155288646944 -0.8142050098110793 -0.47317522540516516 108.14398956298828 0.9400274195214164 -0.2602884488588 -0.2204503888374599 350.0347900390625 0.05632976554713681 -0.5189606202682634 0.8529401105143225 9.577896118164062
-0.14279969808651005 -0.39083465275638646 -0.9093165127892469 108.153564453125 0.9863862146008795 0.019501605590257598 -0.1632847911617924 350.8920593261719 0.08155048664324249 -0.9202542918042801 0.3827290902767302 9.450386047363281
-0.3132516532689188 -0.681875143029048 -0.6609990098656761 108.0833969116211 0.943924007049499 -0.14710604260993582 -0.2955795682100861 351.6172180175781 0.10431141183929116 -0.7165236224624829 0.6897195283688398 9.516067504882812
-0.31822393488434747 -0.9313529803474704 -0.17696088060531073 107.73811340332031 0.9378474312878707 -0.2820115043429204 -0.20226642589660143 352.2973937988281 0.1384764344336789 -0.23032832525794006 0.9632098108358362 9.777782440185547
-0.2978850037369372 -0.9432015995844061 -0.1470893167094824 107.63788604736328 0.9481362827002513 -0.27443106590932304 -0.1603907088681321 353.14459228515625 0.11091489519444174 -0.18723870488040215 0.9760325575608202 9.4322509765625
-0.6503280302153363 -0.7512979957564117 0.11236002264435455 107.489013671875 0.755545502168594 -0.655058290429753 -0.007044877007915208 354.01898193359375 0.07889516632245633 0.08031162874483663 0.993642589173443 9.444721221923828
0.030263342627882273 -0.9660644051274302 0.25652230943676546 107.54833984375 0.9901648181419264 -0.006096049931843539 -0.13977292688211948 354.7427673339844 0.1365934222682529 0.25822936184913736 0.9563784991686262 9.39853286743164
-0.34490422830828743 -0.6809884256720834 0.6459843940806329 106.99857330322266 0.9083818178512334 -0.415492177458107 0.04699705808250115 355.4870300292969 0.23639700990569612 0.6030099622491976 0.761902512881975 9.490577697753906
0.12094505200248246 -0.42980126182416406 0.8947866615738487 106.58818054199219 0.9713802992858476 -0.1343946583674746 -0.1958529804767528 356.1681213378906 0.20443240583492223 0.8928655840251916 0.40124610939908134 9.428417205810547
0.46031013785657443 -0.8590844421735759 0.22380459825878793 106.47058868408203 0.8754189512128239 0.3973649662344408 -0.2752139957686406 356.9904479980469 0.14749995540304764 0.32260657901663714 0.9349699237575941 9.370841026306152
0.6532050752404788 -0.5123096328199062 -0.5575499706752874 106.36123657226562 0.7489600900768245 0.5453735683156147 0.37633290376315587 357.81695556640625 0.11127404527649642 -0.663405238977374 0.7399402514697911 9.431129455566406
0.0013398793857702929 -0.6884972490581289 -0.7252377146581807 106.64574432373047 0.9964014566674375 0.062382247917691425 -0.05738111445192362 359.0010070800781 0.08474869836310561 -0.7225510315431878 0.686103246561066 9.461189270019531
-0.5260547513555579 -0.8454491763261466 -0.092098256366136 106.63591003417969 0.845854841975375 -0.5088917443139941 -0.15987113209042508 360.15802001953125 0.08829487461373814 -0.16200272472554567 0.9828321994615579 9.460823059082031
-0.38635699767420234 -0.7030628366215751 0.5970183565936652 106.35823059082031 0.9187026006243982 -0.35083886033999706 0.18137702633271813 360.839111328125 0.0819377931979125 0.6185586001640883 0.7814547051550076 9.434141159057617
-0.03473432563202605 -0.8947466209516659 0.44522130555316464 105.84722900390625 0.9922511651429597 -0.0840514095560147 -0.0915040208083013 361.5274353027344 0.1192943917178311 0.438593028726202 0.8907328461763659 9.481459617614746
-0.030218071959304704 -0.9978009168743507 -0.05899320648826424 105.72245788574219 0.9943068872223133 -0.023973949152229612 -0.10382227017514091 362.3006591796875 0.10217965624005555 -0.061794660341739985 0.9928447702455367 9.483966827392578
-0.189025500187589 -0.8735585629303443 -0.4485139879757414 105.64229583740234 0.9801619012941251 -0.14012497640972088 -0.14017003330834 363.21966552734375 0.05959872087820137 -0.466112033868733 0.8827160156881915 9.567523956298828
0.6779158583498531 -0.6263684311318299 -0.38482811420065466 105.6614990234375 0.734710006868715 0.5951654822835777 0.325544550722523 363.9857177734375 0.025125580684929177 -0.503428879961814 0.8636712731216888 9.569686889648438
0.30180078264893806 -0.9486456633382613 -0.09480344414629124 105.72857666015625 0.9518367891725076 0.3054608254328455 -0.0264652773205981 364.7179870605469 0.05406490886203261 -0.08225016447032332 0.9951441584385374 9.52481460571289
-0.0441272909938748 -0.9939346001050963 -0.1007312905877018 105.45011901855469 0.9965973638482862 -0.03676942701953001 -0.07376790363906127 365.9803771972656 0.06961663996623407 -0.10364371640662828 0.9921751375081085 9.513969421386719
0.44017311282264965 -0.8952493814132131 0.06910988226931174 105.42393493652344 0.8959085788799223 0.4327479141207075 -0.10038456611220055 366.7869567871094 0.05996206331820901 0.10610272335541622 0.9925455974710617 9.513568878173828
0.45975301987829287 -0.818583722088014 0.34430778475852564 105.32817840576172 0.88645385912315 0.3998187121096114 -0.23311918216373023 367.6058349609375 0.05316687275423304 0.4123902125166707 0.9094545597565556 9.498889923095703
0.27019496638350876 -0.867886128873265 0.41685530757133604 105.01921844482422 0.9618242624563941 0.22376589668418284 -0.15755288518887056 368.5264587402344 0.04345996193312199 0.44351154527306524 0.8952143547320215 9.519580841064453
0.19491541601247742 -0.9576577227503866 -0.21189541443180476 104.92151641845703 0.9802605091494523 0.19750026227180228 0.009109369057494668 369.3526611328125 0.03312574229718049 -0.20948826329680792 0.9772498926774809 9.575859069824219
0.625441068264733 -0.49418701985955904 -0.6038233678239002 104.55607604980469 0.765151649487918 0.540054262577768 0.35054863679310044 370.11151123046875 0.15286079750474751 -0.6812639597644298 0.715900128308622 9.566970825195312
-0.25883173433078954 -0.7758478205309536 -0.5753836048069882 104.40418243408203 0.9595681385673138 -0.1383165013778262 -0.2451479816214238 371.1950988769531 0.11061248008147956 -0.6155718518775583 0.7802795488965845 9.542129516601562
-0.6863940750483509 -0.5167526159879567 -0.5116931772147467 104.54756164550781 0.7206717140231444 -0.389056354534287 -0.5738182931934415 372.2319641113281 0.097444621942219 -0.7626282756796359 0.6394549701022297 9.57379150390625
-0.7108184492216164 -0.5992131373368302 -0.3683486775992678 104.67842102050781 0.7003691476562303 -0.5545984155880489 -0.4493369052709908 373.3866271972656 0.06496298374814549 -0.5773770115532648 0.8138891799700739 9.509231567382812
0.04271586130905719 -0.968050575457735 0.2470899402010805 104.68097686767578 0.998591246982205 0.03357618035795945 -0.0410872433133988 374.06427001953125 0.03147819313667877 0.2484969284891021 0.9681210667516393 9.509439468383789
0.04850120568202487 -0.41157289703966743 0.9100853715282786 104.41191101074219 0.996847726038883 -0.03733075561301158 -0.07000732659135805 374.8556823730469 0.06278729281070639 0.9106119728554729 0.40846491985697586 9.527156829833984
0.3913744379845966 -0.748084284966738 0.5359066634014227 103.97084045410156 0.9175951092285903 0.2731979230257108 -0.2887596065487855 375.6990661621094 0.06960793641541738 0.6047584620658419 0.7933611647589923 9.530363082885742
0.2579511491921636 -0.9327698896236829 0.25179661959975647 103.84032440185547 0.9660396499006227 0.25308490177360693 -0.05210976217683008 376.40264892578125 -0.015119505624332452 0.25668729128195267 0.966376238865593 9.788915634155273
0.6028095390717513 -0.6896655700233655 -0.40122569848957745 103.75160217285156 0.7660362430198485 0.3595928016648536 0.5328053034372472 377.6163024902344 -0.22317960028671627 -0.628533546053962 0.7450747932259512 9.48309326171875
0.4648666878636629 -0.7960817140475858 -0.387495634909254 103.5755844116211 0.8700084553847576 0.32952231301583745 0.36674287011981715 378.3441162109375 -0.16426883476087728 -0.5076110221259489 0.8457817686274358 9.387142181396484
0.01759933828894833 -0.8048870865345645 0.5931669589767214 103.21923828125 0.835511470847123 0.33770202429728025 0.4334488722656876 379.4212646484375 -0.5491910827523225 0.48796938501858855 0.67843572570282 9.423690795898438
-0.15180424280237748 -0.9002722476842424 0.4080016567573705 102.84194946289062 0.9659404809624206 -0.047607574308772604 0.2543472156453115 380.0816650390625 -0.20955777032905448 0.43271630304160835 0.8768364396948375 9.403583526611328
-0.23908027152694372 -0.9709214508612792 0.012335316130182475 102.99610900878906 0.9452643344695534 -0.22981948495288024 0.23164270399869158 380.8742370605469 -0.22207197424806996 0.0670413349615111 0.9727227239353171 9.355995178222656
-0.18646949433709303 -0.9778429173946448 0.09514387307020325 102.87562561035156 0.961196526444293 -0.1615366759980832 0.22362276238995868 381.6891784667969 -0.20329870937390246 0.13315078373265557 0.9700208778981436 9.272651672363281
-0.4114482807066889 -0.9080114462603766 0.0789020010116919 102.46826171875 0.8933765373007863 -0.3846366084532336 0.23223488548891763 382.4482421875 -0.18052333617559427 0.16604184080445833 0.9694541929345091 9.214061737060547
0.22196987273515556 -0.9733115484782139 0.058258091256753464 102.40939331054688 0.9480660761403609 0.2294005615529685 0.2203317898783607 383.0464782714844 -0.22781591443478705 0.006325500622408553 0.9736836740811246 9.229312896728516
-0.9445492894933487 0.18299081491878075 -0.27265546276018504 102.34405517578125 0.20638840963198454 -0.3149864935922064 -0.9263840095900117 384.2609558105469 -0.25540255301619497 -0.9312882853927925 0.2597530854541718 9.072227478027344
-0.32747406485054 -0.5892748359060077 -0.7385904850580003 102.52503204345703 0.8587021223264991 -0.5117338986477752 0.027551444367127254 385.1832580566406 -0.39419716128129423 -0.6252068335700565 0.6735911321380895 8.945598602294922
0.6885376765411764 -0.3030807113691411 0.6588307448649111 102.572998046875 0.4998101827512122 0.8565804097151224 -0.1282956854709962 385.8968505859375 -0.5254575617511636 0.4176267281775058 0.7412707108137172 8.959793090820312
0.7306714102580079 0.1826899622011419 0.6578325531185875 102.30142211914062 0.3076447615913598 0.772063725905679 -0.5561225618566791 386.55010986328125 -0.609486661787581 0.6087215955193194 0.5079212815500497 8.951873779296875
-0.6825516889085264 -0.7229691797897625 0.10695212500103007 102.05097961425781 0.2848781035130473 -0.1284257838039815 0.9499217252980069 387.417724609375 -0.6730287201204177 0.6788389964700398 0.2936153244716998 8.873046875
-0.038412626744459444 -0.9687535755444736 0.24503261002647964 102.20060729980469 0.6085119392035649 0.17182575398357236 0.7747187425864265 388.5212707519531 -0.7926144648902818 0.17886425058623334 0.5828978383120985 8.765701293945312
-0.18510353199296106 -0.7664981730209257 -0.6149936854954805 102.06584167480469 0.44738659927794155 -0.6229236541309398 0.6417252931828976 389.0814208984375 -0.8749753786423076 -0.15635431519385812 0.4582263795221858 8.691085815429688
-0.05192281662707732 -0.929845506582229 -0.36426824594294327 101.997314453125 0.4855203241643039 -0.34225410247259586 0.8044452400033621 390.1263732910156 -0.872682093283058 -0.1350905741697604 0.46922968878107474 8.542221069335938
-0.4823220213704194 0.3429598649095892 -0.8060669939665992 101.86412811279297 0.10782186673595456 -0.8899345996093548 -0.4431600765769764 390.88470458984375 -0.8693330275301445 -0.30065751192899526 0.3922564821209961 8.4844970703125
-0.5028455892002197 0.8301991192181628 -0.24065688411360775 101.840576171875 -0.1785948218112446 -0.3721975229663214 -0.9108089226176609 391.2427978515625 -0.8457246614851038 -0.4150161760065759 0.33542714649948224 8.5135498046875
-0.45607648392368566 0.7551263930591348 -0.47093351050579246 101.78616333007812 -0.16780012486845136 -0.5926495963604952 -0.7877877722000226 392.176513671875 -0.8739778938313832 -0.2802687753554496 0.39700384715367226 8.428970336914062
-0.32176678983515467 0.22220181399901684 -0.9203762745826978 101.84660339355469 0.0015179685855757769 -0.9719497701009496 -0.2351836307485788 392.4523010253906 -0.9468177378622309 -0.07707138415947239 0.31240386203309073 8.260589599609375
-0.28383601435879313 -0.9149208035890817 -0.28697916320322714 101.82827758789062 0.34820938979990745 -0.3772053726489345 0.8581761635584823 392.7377624511719 -0.8934133073824743 0.14365246257787556 0.4256484843003919 8.707321166992188
-0.0515034988064999 -0.6340905207803309 0.771541704036287 102.09465789794922 0.21743009411101083 0.7469146151958984 0.6283651102517069 393.3336181640625 -0.9747161349775461 0.20011938702507454 0.09940164561586795 8.258209228515625
-0.08634849138472372 -0.872238515425759 0.481397871041668 102.16242218017578 0.1291273733232881 0.46932827534225735 0.8735313912063438 394.4975891113281 -0.9878613564130396 0.13758976041890025 0.07210407986833439 8.248291015625
0.08420939791531101 -0.8592378463597357 0.5045979594546772 102.42491149902344 -0.10078396067923578 0.4964553798497934 0.8621917704826483 395.3407287597656 -0.9913381716511007 -0.12346003078438272 -0.044791184692662744 8.141937255859375
0.4105216006239033 -0.6943280432428156 -0.5910842442391704 102.05470275878906 0.029236082421009446 -0.637869000406665 0.7695897542229065 395.5860595703125 -0.9113820641782788 -0.3332142054096804 -0.24155957113584814 8.0391845703125
0.4701191269508556 0.5990189368324584 -0.6482008329145192 102.66939544677734 0.3137098479351417 -0.7998706169428997 -0.5116572363017016 397.0070495605469 -0.8249691738383171 0.03719286850319764 -0.5639526156948191 8.301315307617188
0.4624247113489393 -0.4262033218373699 -0.7775050577254411 102.32598876953125 -0.36352592705755155 -0.8909376168639068 0.2721746924565361 396.41839599609375 -0.808710261274579 0.15678294330587605 -0.566927527994142 8.07354736328125
0.4229046590298321 -0.619656505053207 -0.6611939693585434 102.41923522949219 -0.24911813287611737 -0.7810418911697156 0.5726375119657737 396.73175048828125 -0.871258747584883 -0.07745566463002784 -0.48467392623653904 8.10565185546875
-0.17233007300393666 -0.1853779936727385 0.9674385486429242 102.65570068359375 -0.7050490020484792 0.7090840432116249 0.010282235802481832 397.25115966796875 -0.6879013378740451 -0.6803196448174376 -0.25289707437329956 7.99090576171875
0.4168755010678992 -0.8372995075118981 0.3537574752987147 103.30915832519531 0.11520815079196128 0.4347207753261426 0.893165678634672 398.8218688964844 -0.9016329067866171 -0.3315831452594813 0.277688168958177 8.076629638671875
0.7703335538860462 0.027551302314092765 -0.6370456353339934 103.3742446899414 0.23526601258518054 -0.9408568744035656 0.24379960051202434 399.54791259765625 -0.5926517688150129 -0.3376821991582477 -0.7312555047943817 8.173248291015625
-0.030549067469668068 -0.8346127426505816 0.549989385608493 103.17559814453125 0.03970034100361697 0.5487988294730304 0.8350112141122586 398.60552978515625 -0.9987445305987563 0.04734358007487183 0.01636911802034574 8.11822509765625
0.5600158461286273 -0.6328388702225343 0.5346935724508979 102.3318099975586 0.47293950110430777 0.7740924785421062 0.4208432760063381 397.9686279296875 -0.68022825608765 0.017198808098374818 0.7327985539150232 8.736221313476562
0.5535482473506631 -0.8187528928324994 0.15240747466388516 102.24323272705078 0.8267067659717797 0.562334875560766 0.018314224650220375 398.2900085449219 -0.10069886271199867 0.11585848353259068 0.98814804095441 8.601360321044922
-0.6319965969123017 0.7417176676507435 -0.22457783280192806 104.36088562011719 0.2518484367862626 -0.07748743278607394 -0.9646595579003712 400.1897888183594 -0.7329069970873423 -0.6662211338999724 -0.13782864131032302 8.166213989257812
0.6983527306623998 -0.5080281960479449 -0.5041932323986911 105.28534698486328 0.17786727885745363 -0.5591481992935716 0.809763250795318 401.06756591796875 -0.6933013015191984 -0.6551798556480709 -0.3001210790077205 8.251251220703125
-0.21159863388904632 0.9069252293991192 -0.3642974696805402 105.08068084716797 0.643628449215347 -0.15119757010565749 -0.7502544329457786 401.9291687011719 -0.7355055659183937 -0.3932250285440889 -0.5517296796707277 8.308837890625
0.2878625713984566 -0.8604533867710036 -0.42042253648226097 105.39542388916016 -0.588112644088608 -0.5053053567563045 0.6314982298443046 401.6242980957031 -0.755816550394985 0.06547110528846656 -0.651502015746177 8.572052001953125
-0.4693335491029769 0.22003074036247255 0.8551681080243496 105.71357727050781 0.41524010830831753 0.9096909475346695 -0.006167043503328529 401.79443359375 -0.7792956256379862 0.3522056973829603 -0.5183140694525687 8.652053833007812
0.8826599484124054 -0.2167778467590314 -0.41703570665247297 105.50761413574219 -0.20909249000904256 -0.9757559479089073 0.06465802921685569 402.5101318359375 -0.4209414996058574 0.030127981593648576 -0.9065873144020185 8.481719970703125
-0.5457297842442128 0.32821162645637747 0.7710098124198056 106.81033325195312 0.7683642341616115 0.5631312020187594 0.3041375560073878 402.678466796875 -0.33435820051257104 0.7583932868715058 -0.5595035443839733 8.501505851745605
-0.46754833066015977 -0.8836091881231761 -0.025166667661799813 107.46510314941406 -0.6550998187951486 0.3272401226032793 0.6809978924880415 403.1510314941406 -0.5935004514837889 0.3348861072407936 -0.7318527920734101 8.506607055664062
-0.4994860636910956 -0.6624673651956975 0.5582568067019382 107.95722961425781 -0.8137263770321127 0.5798742225088003 -0.039940823627042155 403.6928405761719 -0.29725923955457934 -0.47421817354513623 -0.8287062618195595 8.61383056640625
-0.701960417572225 -0.23657059797568084 0.6717781809014464 108.32959747314453 -0.3570606533902192 0.9330189329556912 -0.04453493624979665 403.7834167480469 -0.6162461050281595 -0.27112731865242296 -0.7394124120664803 8.501922607421875
-0.9092925373545371 -0.13992079831692728 0.3919301617759228 109.046630859375 -0.12914100047941596 0.9901613711352386 0.05388006223789324 403.9062805175781 -0.39561304769499545 -0.001621514704687712 -0.9184158574325354 8.834579467773438
-0.31538455926219355 -0.9380504886430204 -0.14350561151252095 109.68341064453125 -0.7711249527859033 0.1651960898140096 0.6148793044989399 404.02508544921875 -0.5530812661534743 0.30458419635094713 -0.7754544347434718 8.917434692382812
-0.28045493005556 -0.935770943137324 0.21372359295925725 110.02041625976562 -0.3803937932701141 0.31278228188850987 0.87032626421256 404.111572265625 -0.8812749821985785 0.16278816331816054 -0.4436827916816194 8.80859375
-0.5980192300286865 -0.19031818703562547 0.7785576331906136 110.57321166992188 -0.04627866637770224 0.9779766525812724 0.2035189230617897 404.5722961425781 -0.800144540413917 0.08567762070343705 -0.5936565166461155 8.962234497070312
-0.29220482382384877 -0.6463211100603315 0.7049009601528814 111.30828857421875 -0.11290859840091116 0.7552293485965487 0.6456626668977961 404.80645751953125 -0.9496673045552401 0.10907636640818852 -0.29365686940708774 8.978729248046875
-0.22122345281940758 -0.731028545564338 0.6454900847362008 111.79915618896484 -0.06377258076854164 0.671316968362367 0.7384216857127643 404.91094970703125 -0.9731357777128427 0.12219162638597292 -0.19513063464349112 9.032302856445312
-0.04920720150673641 -0.8695387451898637 0.4914071854720002 112.45624542236328 0.01023492980693469 0.4915383786000903 0.8707957674305966 405.1859436035156 -0.9987361501075862 0.04787894084909983 -0.015287560022640811 8.967529296875
0.10383888764969601 -0.8738167865827142 0.4750386393736128 113.1449203491211 0.059590480245263866 0.48222850633216524 0.8740163856271734 405.1550598144531 -0.9928073630245764 -0.06244910861580316 0.10214523364934364 9.103012084960938
0.19559213115658464 -0.16794023531543711 0.966198631541062 113.59529113769531 -0.021543774962103607 0.9842544066184724 0.17543981535700814 405.2444763183594 -0.9804486646377808 -0.05513021326200805 0.18889435035404817 9.223365783691406
0.3441023460581172 -0.4285171707105385 0.8354439597265249 114.35035705566406 0.17250781146923364 0.9034877443411105 0.3923658379720486 405.24359130859375 -0.9229488774679753 0.009106603738372354 0.3848148117587954 9.276924133300781
0.852208264579269 -0.2186427844636653 0.47532768337723186 114.5809097290039 0.3365020753908656 0.9247150319044911 -0.17795635146719632 405.0619201660156 -0.40063378170148234 0.3116046254018886 0.8616235433109508 9.658500671386719
0.4888856635104153 -0.35461817277462004 0.797017414836069 115.74396514892578 0.5395279905546333 0.8408596105848304 0.043181740298494004 405.5840759277344 -0.6854927829102654 0.4089022705061892 0.6024106388111208 9.454540252685547
0.48566935620833146 -0.74652755402708 0.4547767446984614 116.40161895751953 0.6518111901783151 0.655935105227357 0.3806459116931429 405.78375244140625 -0.5824666932954301 0.1115605163519818 0.8051625937615123 9.502845764160156
0.665279273864725 -0.6721268057245678 0.3250369898834795 117.14907836914062 0.5871849914270558 0.7399253146920489 0.32821382438995544 405.74737548828125 -0.4611044064079549 -0.027497012644306984 0.8869197487297292 9.5413818359375
0.7523943278669006 -0.5746782074223137 0.32194368033491644 117.86727905273438 0.5537916627041563 0.8164974135382466 0.16323837785496204 405.8207092285156 -0.35667572066665926 0.05547009644150142 0.932580022672419 9.67066764831543
0.936398879847247 -0.31211871878952496 0.16043392160639455 118.59752655029297 0.3451528555932875 0.9017542546918829 -0.260209089812186 405.9019470214844 -0.06345584367590235 0.2990337264026793 0.9521303410652909 9.716804504394531
0.9263886168339226 -0.28633942379801547 0.24456873262858456 119.49958038330078 0.37552151689911273 0.6540520066467952 -0.6566578735895046 406.1558532714844 0.028066366817259575 0.7001612007104656 0.7134329485476248 9.797866821289062
0.9157074429836447 -0.22974618499468635 0.32969162765339155 120.30948638916016 0.40184236692134556 0.5268173779680103 -0.7489900950065771 406.33984375 -0.0016096618917964822 0.8183398687289396 0.574732344867849 9.71417236328125
0.9657802741655611 -0.21770661185484763 0.14096912139676748 121.02630615234375 0.25935655673935376 0.807250268274319 -0.5301708977748086 406.2554016113281 0.0016243487926607958 0.5485898609395939 0.8360900226442587 9.715774536132812
0.9530399294135117 -0.2690429484587564 0.13903519276826098 122.01543426513672 0.3005187341275748 0.7833744829436707 -0.5440706846643149 406.29693603515625 0.03746175892625155 0.5603037670383408 0.827439608225758 9.757926940917969
0.9183839366896541 -0.3951986507734162 -0.01972235425309631 123.09838104248047 0.3950895475238335 0.9131035829769734 0.10072783226112768 406.5673522949219 -0.021798951071685262 -0.10029891914415016 0.9947185192559196 9.829862594604492
0.7967760358606875 -0.48364396922742037 -0.3622657307945018 124.06550598144531 0.5988940922891572 0.7118629468440644 0.36684739488189244 406.7118835449219 0.08046002050257528 -0.5092540190714558 0.8568468528041019 9.838302612304688
0.5336774696702622 -0.12423476042616899 -0.8365130499090844 125.28628540039062 0.8433314334963797 0.15197431223162833 0.515456983363951 406.8768310546875 0.06309082059449866 -0.9805455281237968 0.18587634500693423 9.938018798828125
0.7097895611872092 -0.3086459453354 -0.6331954352786242 126.2552490234375 0.7003441675988757 0.40568959146768635 0.5873108225505637 407.0871887207031 0.07560969342555879 -0.8603218210662793 0.504112624774756 9.870452880859375
0.6599037159914626 -0.4810956720322075 -0.577125670866006 127.35115051269531 0.7478083176452313 0.49504451968498614 0.4423953476139527 407.17913818359375 0.07286841346748074 -0.7235177108279657 0.6864490632501382 9.912872314453125
0.6588213023615022 -0.7515556244610071 -0.033445999696823984 128.33026123046875 0.7490574307743263 0.6594565022617469 -0.06348296642775846 406.95709228515625 0.06976716245096615 0.01677095601712547 0.9974223168136014 9.914963722229004
0.7421077251549966 -0.5173177991823357 0.4262140529293007 129.36868286132812 0.6702637699406264 0.5682288149093522 -0.4773494449684551 406.9884338378906 0.0047542581182622445 0.6399205486276073 0.7684263715372391 9.928985595703125
0.989391696815289 0.05233625535179726 -0.13551747728139957 129.99514770507812 -0.14285772188322385 0.5198929123503185 -0.8422013007507406 407.2353210449219 0.026376913604488378 0.8526266920896012 0.5218543689239804 9.9227294921875
0.9617038392705651 0.2714252112259979 -0.03813240410959303 130.87420654296875 -0.2689524622960661 0.9076859065319823 -0.3221348601255326 407.5638122558594 -0.05282327666037013 0.32005413572415486 0.9459255000520528 9.927955627441406
0.5930031186499265 0.7015465047679489 0.3951959044819867 131.72023010253906 -0.8041412837841194 0.5411485984180063 0.24599794743911102 407.6467590332031 -0.04128070960496549 -0.46367089198924455 0.8850453134932746 9.892066955566406
0.99950737386814 -0.003795712526576555 0.03115448843473164 132.75936889648438 0.007576874672455157 0.9924809558951714 -0.12216441034771512 407.7140808105469 -0.03045653547946886 0.12234028262114897 0.9920207934790305 9.901189804077148
0.9608707707828276 -0.27300725678892507 0.04684441904646774 133.66781616210938 0.2765494989777801 0.9358910062899868 -0.21823931579954867 407.8045349121094 0.015739646449458182 0.22265458020463505 0.9747703326648509 9.879989624023438
0.993789847662704 -0.10446071360568374 -0.038336640378766884 134.64242553710938 0.11107230950843405 0.9519579313401311 0.2853752599982712 407.93402099609375 0.0066843655646745305 -0.2878611753460504 0.9576488202808942 9.934211730957031
0.9926616037804393 0.11781118545998584 0.027266553881248635 135.58279418945312 -0.10944839765462097 0.7794317187893163 0.6168526922985489 408.1192626953125 0.05141972997675281 -0.6153102634652254 0.7866061854851338 9.919906616210938
0.9912540082343109 -0.07791984684437345 -0.10650816225605655 136.58401489257812 0.1319205193031723 0.60666688137255 0.7839338439131749 408.2015075683594 0.003530969582767822 -0.7911281770443106 0.6116402044832826 9.892318725585938
0.9684292364247182 -0.2432210286102738 0.054665759663589844 137.7034912109375 0.20693343549282725 0.9066017122520941 0.3677660786651033 408.3536376953125 -0.1390085152534653 -0.344843249293547 0.9283101669720609 10.171302795410156
0.9987538925651234 -0.04171541857337065 0.02739499843516374 138.54763793945312 0.02846826022510494 0.9270707461324953 0.3738039457056256 408.4044494628906 -0.04099048969907348 -0.372558257885377 0.9271030817744288 9.855712890625
0.9716867950087711 -0.21877643414667258 0.08922804641842773 139.80780029296875 0.19211020669191442 0.951405872449438 0.24066685345828917 408.73260498046875 -0.1375443233665875 -0.2167111850615707 0.9664977089361553 9.769855499267578
0.9813447079684041 0.19129228439908688 0.019230862481609875 140.397705078125 -0.19198524975873196 0.9697336948638517 0.15085829417297358 408.7532653808594 0.010209212383187408 -0.15173603057639606 0.9883683265905652 9.815393447875977
0.9766183266801065 0.20072721993932865 0.07697549719214039 141.24087524414062 -0.2149805614517332 0.9117899457569478 0.3498892010543335 408.76715087890625 4.680220499340276e-05 -0.35825644166151516 0.9336232215500978 9.875450134277344
0.8785455059540195 0.19545678210676093 0.4358376306567229 142.40499877929688 -0.47634423427120814 0.42615387943621863 0.7690832474563706 408.8363952636719 -0.03541136038861231 -0.8832833731990718 0.4675002868293203 9.737991333007812
0.8557966063401445 0.31702463017810045 0.408787906422304 143.23329162597656 -0.517084132026342 0.5477013282570247 0.6577592686021654 408.8638000488281 -0.015367790448084895 -0.7742858896337512 0.6326493437369662 9.673965454101562
0.9719665018271133 0.16734013028886857 0.1651617392765912 144.14227294921875 -0.22284999538452938 0.879628537007007 0.42022793391209445 409.10577392578125 -0.07495998187752873 -0.445253767730063 0.8922612192845231 9.552032470703125
0.8904719493321002 0.13321663833907638 -0.435101177569454 145.23924255371094 -0.44562906852362116 0.06186168006126447 -0.8930777490379925 408.8908386230469 -0.09205672566118972 0.9891544165647917 0.11445129728800363 9.51287841796875
0.9865661288106906 -0.14982824503029868 -0.0651058405569615 145.9636688232422 0.15745680961302116 0.9783103024701445 0.13459682458090616 408.7668762207031 0.04352730855424588 -0.14304002611826938 0.9887592853359751 9.422529220581055
0.812808456422896 -0.03802476325012602 0.5812886809040765 147.18597412109375 0.22371668679268683 0.9417220755915857 -0.2512177867786809 409.76654052734375 -0.5378598862324018 0.33423591925950713 0.773946440691357 9.269953727722168
0.989298400121026 -0.03749035137901615 0.14100762061483252 147.56333923339844 0.026137930067953976 0.9963291563731955 0.0815169968315783 409.9468078613281 -0.14354610454394567 -0.07695898722147206 0.9866467605765015 9.340742111206055
0.8653813467352836 -0.2603796271689276 0.42815601651500557 148.28900146484375 -0.460288433154188 -0.07523024283637131 0.8845761521018096 409.87078857421875 -0.1981153275925165 -0.9625709637830093 -0.18495257947581878 9.293792724609375
0.9062856229800742 -0.4215992944218046 0.030006741286839445 149.2958526611328 0.06416101541366731 0.2073990403931063 0.976150092017158 410.1149597167969 -0.4177675593924281 -0.8827455312756078 0.21501300735592466 9.20733642578125
0.9004402240076133 -0.24525036720295018 0.3592487444319568 150.16104125976562 0.1272232308005597 0.9382707473655764 0.32165548989984655 410.0773620605469 -0.41595871493909925 -0.2439267554510183 0.8760582660082332 9.128890991210938
0.7383974612911892 0.04545070549333852 0.6728323881390407 150.99945068359375 -0.27890666648045864 0.9289784168387496 0.24333140455051966 410.39947509765625 -0.6139871827257349 -0.36733272984846893 0.6986318093463728 9.089263916015625
0.5831386850155273 -0.6602430542690878 0.47331636706096303 151.89109802246094 0.12240898467293937 0.6473955020877094 0.7522599978384754 410.5098876953125 -0.803097325677095 -0.38073373000829513 0.4583410436828333 9.042739868164062
0.4322023218936386 -0.8915797182866088 0.13522854317679833 153.01284790039062 0.13882308678954397 0.21395294041513735 0.9669293096508863 410.70751953125 -0.8910271059423336 -0.39913624895226973 0.2162428062348927 9.011474609375
0.10140620001898687 -0.8914916971687454 0.44154199854249326 153.67250061035156 0.0935975727251756 0.45041063930034114 0.887901881057256 410.41204833984375 -0.9904323687045293 -0.04871149642792638 0.12911589033921206 8.9453125
-0.19749263648539556 -0.03667230808057592 0.9796181911102362 154.92291259765625 -0.014007304248502918 0.9993035823019092 0.03458534120493511 410.34466552734375 -0.9802042919523142 -0.006891459831939534 -0.19786877929488395 8.853614807128906
-0.45654955868345637 0.6483832126556317 0.6092304243981115 155.31483459472656 -0.06806203894133728 0.6573012657344705 -0.7505482029283734 410.5314025878906 -0.887090784148437 -0.3841279156872419 -0.25596031932447294 8.87591552734375
-0.6470452382491911 0.7623588808148924 -0.011891026100061375 157.0499725341797 0.09066420952522031 0.06144659135672147 -0.9939840630119817 410.4940185546875 -0.7570419148040712 -0.6442307453492925 -0.1088773896476244 8.775405883789062
-0.795759458685389 0.5985898922936022 -0.09196208325538838 156.70480346679688 0.28898935930471115 0.24187516180412433 -0.9262729383453248 410.5990295410156 -0.5322142746313648 -0.7636665155329012 -0.3654605572868948 8.91845703125
-0.9468919479248586 0.0646532190910635 0.3149850793549268 157.59371948242188 -0.12946291373418845 0.8200198943266864 -0.5575004276912298 410.3073425292969 -0.2943382287819927 -0.5686715521015738 -0.7681000409503088 8.849029541015625
-0.9395893595009747 0.12930136348706903 0.31694320139881943 160.2364501953125 0.0015620460393010738 0.9275222111185198 -0.37376477615471276 409.81512451171875 -0.3423001541406589 -0.35069032675880335 -0.8716919749504893 8.731109619140625
-0.4415053526362619 -0.5480272625950564 0.7104499581575741 159.03839111328125 -0.8615522750635531 0.48007796717891427 -0.16508428987089202 409.95526123046875 -0.25060068021923915 -0.6849753753836192 -0.6841111270778485 8.8587646484375
-0.9070366924016527 -0.3671296704018811 0.20615587245498534 161.19296264648438 -0.3089079683985671 0.9129404225487964 0.2666751805779746 409.3557434082031 -0.286112400459924 0.17820098200355589 -0.9414797418511079 8.613197326660156
-0.9117089878721827 0.09469612595275555 0.39977414268886885 159.81564331054688 0.24060782600182606 0.9118080970500344 0.3327369354620404 409.5176086425781 -0.33300840154529915 0.3995480420219012 -0.8540882662914355 8.82516098022461
-0.905348895217597 0.11992780932487221 0.40738274199923274 162.37332153320312 0.2954010518715443 0.8670301341371054 0.4012442710511615 408.3997497558594 -0.30509276700941557 0.48360734800944644 -0.8203915750846107 8.681602478027344
-0.9325692654405057 0.25959636748782444 0.2508471469697888 161.40646362304688 0.230700047155019 0.9630496451238172 -0.13897074969058262 408.6336669921875 -0.277654557676312 -0.0717294013220307 -0.9579993943565702 8.840068817138672
-0.03981583103958297 -0.32094888003269456 -0.9462592224144433 161.9939422607422 0.9718312024583347 0.2077173125600363 -0.11134465407564026 408.3604736328125 0.23229036468828235 -0.9240375178901534 0.30363769858894263 8.779266357421875
-0.9450524878168853 0.18464596020179125 -0.2697807714650441 164.57907104492188 0.007482893290930839 -0.812789176657545 -0.5825098802735851 406.72601318359375 -0.32683298728725707 -0.5525211522552855 0.7667467474540594 8.738212585449219
-0.9316407530576586 0.36018977733644847 -0.04805030223087356 165.45285034179688 0.01610846988325787 -0.09116484245409165 -0.9957055230831758 406.5452880859375 -0.36302344888475013 -0.9284138601952473 0.07913077629583118 8.731063842773438
-0.9827141164325658 0.16455554093528374 0.08482004074308014 165.90859985351562 0.04504317082988342 0.6569260766299542 -0.7526082929420628 406.2169189453125 -0.1795663613424061 -0.7357782300333926 -0.6529826322982691 8.76348876953125
-0.9810411779117262 0.019062730363176038 0.19285958506818737 164.5209503173828 0.14050210263709906 0.7553822236992337 0.6400444166413413 406.7838439941406 -0.13348170809562873 0.6550071056334439 -0.7437394202095057 8.903350830078125
-0.8704102905419144 -0.007389740931696476 0.4922715895191419 164.66424560546875 0.43401328760038504 0.4605112253236263 0.7743138107623018 406.4609680175781 -0.23241857134283733 0.8876231199557021 -0.39762646367546994 8.891738891601562
-0.5332245731571645 0.5686112305813912 0.6263807332909236 164.95223999023438 0.48999709286697934 0.8111681297830711 -0.31923206951392447 406.0239562988281 -0.6896190278431041 0.13670235433579875 -0.7111526297186712 8.780021667480469
-0.7554115051453478 0.47857050606952767 0.4475753887496454 165.5189666748047 0.5385402355450931 0.8425615233946131 0.008030815275205896 405.3022155761719 -0.37326649004843127 0.24710392553600824 -0.8942101416286998 8.986335754394531
-0.4214144670007144 0.8779005558135272 -0.22737735398408435 167.19223022460938 0.6735024921193234 0.1350718330998779 -0.7267392881990757 403.3050842285156 -0.6072925490334657 -0.45939766434467044 -0.6481894367259443 8.937255859375
-0.6094271136033431 0.06537541801412405 0.7901421694382452 166.54522705078125 -0.2804649369572829 0.9143799259323995 -0.2919739203925702 404.2684020996094 -0.741578055461895 -0.3995439972910845 -0.5389124065059334 9.047711372375488
-0.3652395849380178 0.5958252251735746 0.7152568396325643 166.6611328125 0.34014276796083465 0.8006287019152692 -0.49325103048388363 403.88818359375 -0.8665465613561953 0.06313463959135598 -0.49508693608842413 9.158340454101562
-0.28440899062487257 0.8896055286473321 0.35737029738331866 167.71249389648438 0.5381966716248809 0.45663824222477944 -0.7083966815208576 401.9577331542969 -0.7933825487768438 -0.00913888056406037 -0.6086547561289526 9.107864379882812
0.01618684094193508 0.9444141918045672 -0.32835928568939027 167.1693572998047 0.44470822921191644 -0.3009324735114189 -0.8436078693667459 402.7165222167969 -0.8955292161909192 -0.13236873008541428 -0.4248599089630048 9.188980102539062
0.052954968492074594 0.9700145992476072 0.2372076064516211 167.59230041503906 -0.05309386432353613 0.2399398585346782 -0.9693347749139882 401.92828369140625 -0.9971844427603136 0.0387368239903893 0.0642078311729985 9.1109619140625
-0.08847244646842134 0.16446499281297433 0.9824071927438849 168.3505859375 -0.08642825717583197 0.9812875059573468 -0.17206099794421165 401.1831359863281 -0.9923219147924933 -0.10013039893577802 -0.072602483645681 9.217109680175781
-0.05111395687206949 -0.25557150129910133 0.9654380203496256 168.42462158203125 0.005247791197825702 0.9666195873214043 0.25616212462841226 400.3991394042969 -0.9986790395819993 0.018159876935751385 -0.04806656602311138 9.385101318359375
0.10188845504932481 -0.029316098611136307 0.9943637710063076 168.812744140625 -0.16912130496577948 0.9845045630478411 0.046354606509513285 399.3948669433594 -0.9803146061006813 -0.1728910978049539 0.09535167206433431 9.356491088867188
0.36912422971800163 -0.4703445309154801 0.8015755268675493 168.58670043945312 0.03250801074279594 0.8684905235537348 0.49463869615599854 399.0190734863281 -0.9288113545131964 -0.15652550186872696 0.335870860587972 9.48876953125
0.39971347076824654 0.7877691329176457 0.46866718949440295 168.74984741210938 -0.2757743936591224 0.590948749959129 -0.7581082104315229 398.3564453125 -0.8741725373679645 0.17377965399874423 0.45345673086605653 9.50213623046875
0.28700261508160757 0.9577643930899585 0.017800737775221703 168.77491760253906 -0.9567649025805617 0.28752025202199355 -0.0439661900466447 397.8661804199219 -0.047227323937811594 -0.004412709624810142 0.9988744204690799 10.048757553100586
0.4682074158482663 0.8678016305458973 -0.16643961597699847 169.5679473876953 -0.4945135476496106 0.10123890609075359 -0.8632537489548157 397.1276550292969 -0.7322828462661712 0.4864884519856866 0.4765404695814254 9.592681884765625
0.4471094303516351 0.8672654723299308 0.21896063069643057 169.74209594726562 -0.6747502529597803 0.4877142560023837 -0.5539376324305418 396.277099609375 -0.5872012035251197 0.09992699833570337 0.8032492400135014 9.705680847167969
0.061646654038469584 0.8350296711917554 0.546740467018173 169.90383911132812 -0.8492026460588628 0.33171640556671833 -0.41087600587588713 395.55792236328125 -0.5244564385842612 -0.4389643203123519 0.729558612806557 9.736656188964844
0.08975798889086994 0.8870613063796853 0.4528418511514063 169.97044372558594 -0.8857090720642711 0.27902976170801275 -0.37102807406477667 394.7819519042969 -0.45548100190163177 -0.36778340202507176 0.8107233967892811 9.753349304199219
0.32937681956647763 0.6774100074488011 0.6577435613827681 170.4425048828125 -0.8526248886964888 0.5126642249483425 -0.10102569788630689 393.856201171875 -0.4056374118687428 -0.5275330077505392 0.7464363441219201 9.737951278686523
0.671172739869555 0.5252885280516337 0.5230670277826184 170.5187225341797 -0.7172505207314399 0.6384405338924717 0.2791869896567061 392.8661804199219 -0.18729346963114538 -0.5625527948383542 0.8052673526556777 9.65926742553711
0.8821587575081462 0.3340157362177007 0.3320081542833411 170.71136474609375 -0.4324709497987607 0.853639111370783 0.2902914830274177 392.0191345214844 -0.18645322236915404 -0.39966705580651396 0.8974973205370094 9.778375625610352
0.8424348961902972 0.5253555270062834 -0.11960357822738141 170.66600036621094 -0.509488194387178 0.7045156860265904 -0.49404395343185376 391.24627685546875 -0.17528612455336065 0.47713647773612194 0.8611710376880024 9.816246032714844
0.3980584618584869 0.908843460815441 -0.12471176638901327 171.01129150390625 -0.8896736692705589 0.3493139134729707 -0.29404175224083123 390.3319396972656 -0.22367436855732037 0.2279985824236857 0.947621455679046 9.818389892578125
0.1451602547387157 0.9226205026200277 0.35735123980386374 171.2952423095703 -0.9651485202546971 0.21153223186730746 -0.15408584857605914 389.35357666015625 -0.21775406837613787 -0.32252987927694854 0.9211718855236721 9.843713760375977
-0.007581398536389783 0.8729535910150478 0.4877443493574939 171.30392456054688 -0.9759196432486116 0.09987446628558477 -0.193922512632423 388.3851013183594 -0.2179985603570241 -0.4774694952749361 0.8511753689834796 9.916133880615234
0.09636861503734884 0.993652951641348 0.05802500952365365 171.45709228515625 -0.976857486112641 0.10560158717251245 -0.1860047220162367 387.5556945800781 -0.19095167415206 -0.038757147483826554 0.9808340031103338 9.914154052734375
-0.6618954348698154 0.5907631294389093 -0.46140368246693075 171.63209533691406 -0.7167162929500817 -0.6790679952111343 0.15869597757921738 386.7196044921875 -0.21957274129178797 0.4357356799431018 0.8728815661394917 9.902572631835938
-0.79996660826379 0.31632272708268283 -0.5098954382948545 171.67208862304688 -0.5418608938773091 -0.745853859688814 0.3874129472201232 385.7551574707031 -0.257759960718128 0.586209819363573 0.7680610980464482 9.939216613769531
-0.6396463454145991 0.4571359727394486 -0.6179637976656118 171.97462463378906 -0.7345579700722016 -0.6003582885426029 0.3162190917411586 384.74591064453125 -0.2264445658459346 0.6561986191739165 0.71980985738811 9.967536926269531
-0.3888725486351569 0.8205378858156085 -0.4189220916342904 172.31549072265625 -0.8957948139281602 -0.44299522922733753 -0.03615077068654879 383.7293701171875 -0.21524356496167382 0.36121019479393157 0.9073022665680495 9.981376647949219
-0.49119845470809026 0.8697221099298691 -0.04803675250806276 172.3561553955078 -0.8426961644283784 -0.48844304424666557 -0.22646537701103342 382.67144775390625 -0.22042516315086108 -0.07075905614256493 0.9728339547033347 10.017593383789062
-0.3232250194421394 0.9210802092054234 0.21711019095547282 172.5695037841797 -0.927613243846482 -0.2629891290723701 -0.26527417482740956 381.7632141113281 -0.1872411724147107 -0.28713753882042226 0.9394108670613275 10.034734725952148
-0.24344459524749207 0.9596222593623771 0.14092497429849363 172.77427673339844 -0.9597639291123352 -0.21737444376172987 -0.17776825243594646 380.6266174316406 -0.1399568841452132 -0.17853142730490013 0.9739294635880148 9.89545726776123
-0.347475890404813 0.9176076394324255 0.19302001358054666 172.93360900878906 -0.9152863321644182 -0.2871837040915784 -0.28244725216798877 379.7038879394531 -0.20374355386217502 -0.2748121907039294 0.939663143951128 9.982169151306152
-0.20349885909362586 0.9548828569537421 0.21630289837043865 173.00123596191406 -0.9635721793571116 -0.15616856039207827 -0.21711756242656305 378.705078125 -0.17354212605756353 -0.252606631427058 0.9518786793717441 9.940794944763184
0.3135976351207577 0.6442528795282423 0.6975634383095461 173.15231323242188 -0.9296453984676023 0.3579557394513227 0.08733339396742434 377.5395202636719 -0.19343204583181323 -0.6758741863789626 0.7111807982727699 10.026206970214844
0.37948576339415463 0.7178495511479226 0.5836802012214236 173.28976440429688 -0.9122374472527792 0.3955383556430292 0.10664074758243722 376.49969482421875 -0.15431589422638284 -0.5729235822794646 0.8049504168935979 10.031013488769531
0.20268139410671965 0.933308463581427 0.29640439316958983 173.42791748046875 -0.9647810136216279 0.24215183050512185 -0.10276228266364561 375.4287414550781 -0.1676837745227034 -0.26513732817220387 0.9495179561080055 10.077516555786133
-0.007750070290163613 0.9879831975549378 -0.15436689334056547 173.5502166748047 -0.9976629304908049 -0.018119602532681744 -0.06588138681415467 374.53924560546875 -0.0678867699555382 0.15349554180228694 0.9858146403415936 10.011894226074219
-0.48699183347218894 -0.04360732983929927 -0.8723172329581036 173.628173828125 -0.8660284651844253 -0.10543475296110354 0.48875168578567546 373.5533142089844 -0.11328570793222059 0.9934696339860205 0.013580674724695804 9.999374389648438
-0.6069026601389211 0.2899491775883093 -0.739999078061699 173.86231994628906 -0.786331987448838 -0.35442038338033427 0.5060318145722631 372.5605163574219 -0.1155472484789738 0.8889970001413954 0.44309498655315244 10.017730712890625
-0.6226122629687025 0.7797922720657255 0.0654062873702885 174.26084899902344 -0.7824671948667701 -0.6193203673030163 -0.06470990342277587 371.7397155761719 -0.009952836697106358 -0.09146745361182017 0.9957583270911925 10.013773918151855
-0.8695934370774163 0.4263181842389555 0.24911856610675487 174.46627807617188 -0.4725882602895195 -0.5724170419607575 -0.6700739260032595 370.7630615234375 -0.14306498673124385 -0.7004223981713438 0.6992430719796174 9.98068618774414
-0.6849589162403695 0.42477820646931086 0.5919415160060445 174.5604248046875 -0.7113179813128279 -0.21406793214186376 -0.6694786403534845 369.5995788574219 -0.15766423983853206 -0.8796240081632734 0.44878011513314175 9.95242691040039
-0.7030977632021195 0.5755042864671488 0.4176701469318995 174.46401977539062 -0.6865891311813771 -0.39656120277593054 -0.6093722814474821 368.60498046875 -0.18506458419637806 -0.7152160713454679 0.6739562826811368 9.949222564697266
-0.7473610686597569 0.14781684279064267 -0.6477666354785128 174.57492065429688 -0.6328464372227425 -0.4553294137117923 0.6262431731391225 367.42559814453125 -0.20237791368187252 0.8779665745324716 0.4338408395454381 9.939682006835938
-0.46300483443272117 0.5113829548211672 -0.7239571788512773 175.02052307128906 -0.8512586536632054 -0.48411993310572204 0.20245146315405593 366.3985290527344 -0.24695187356129783 0.7100108195570567 0.6594690351005735 9.94580078125
-0.7797392192186164 0.592684464028848 0.20182139656433729 174.84188842773438 -0.5456196635236021 -0.4851304760734062 -0.6833356451709376 365.46044921875 -0.30709271041288755 -0.6429413249151337 0.70165555647172 9.968290328979492
0.037860761979844504 0.9725774111796098 0.2294771055366389 174.78024291992188 -0.9256335941006141 0.12066036068945435 -0.35866910492914017 364.2357482910156 -0.37652225986611376 -0.1988322323504389 0.9048186178477187 9.8333740234375
0.49895029575463795 0.8527813061827523 0.15431346730469958 175.1360321044922 -0.8134253871381467 0.522263317823592 -0.25608624800064983 363.174072265625 -0.2989778284848491 0.0022518172956647875 0.9542574010157592 9.896888732910156
0.40776122603405895 0.7514535588751091 0.5186986903753797 175.27630615234375 -0.8649117015373436 0.49995846008611694 -0.0443766462465951 362.1176452636719 -0.2926747872417061 -0.4305334911969701 0.8538046508837783 9.881505966186523
0.5300485805397082 0.6911377231933434 0.49130148569586296 175.142822265625 -0.801225725727677 0.5979080414386566 0.023309020038334682 361.0525817871094 -0.27764336602915285 -0.40599830241284457 0.8706776325011978 9.951805114746094
0.6231240636000398 0.2890143462026925 0.7267648237577293 174.84446716308594 -0.7124155391213397 0.5932129747925226 0.37491661227032413 360.2084045410156 -0.32277004350005 -0.7513781166808332 0.5755435906967774 9.8656005859375
0.22573450098373987 0.9726946121816924 -0.05393631891711823 175.18087768554688 -0.9692175792797861 0.2298242345526727 0.08830688097373598 359.3049011230469 0.09829150055143854 0.03234211874607507 0.9946319762979479 9.952120780944824
0.06570569676458227 0.9957026924267853 0.06526032260670343 175.45155334472656 -0.9978389968141648 0.06558552150393882 0.003984445501852771 358.41839599609375 -0.0003128091776533337 -0.06538109560956147 0.9978603181243912 9.732510566711426
0.028757312707435922 0.9761116806131718 0.21535785088168108 175.63099670410156 -0.9988381009324949 0.036395988729853335 -0.03158765787366366 357.5367736816406 -0.038671243727270835 -0.21419925064039327 0.9760241881908871 9.229326248168945
-0.1575194893171803 0.15859525734931113 0.9746974683621379 175.52484130859375 -0.9864590773882543 0.02038028738978362 -0.16273638967429566 356.3301086425781 -0.04567383412380749 -0.9871333183679982 0.15323743878117801 9.811538696289062
0.8907023812978768 -0.299678879639682 0.34182135253403456 175.23318481445312 -0.45407044846988054 -0.6223470919858215 0.6375767600243543 355.3213806152344 0.021663235599819836 -0.7231021132555875 -0.6904013601005218 9.907455444335938
0.9162579120864791 0.3336184104892109 0.221743533663505 175.240234375 -0.3845929441743843 0.577746102087391 0.7199289609496929 354.2435607910156 0.11207009338001164 -0.7449216050736333 0.6576717239355188 9.9310302734375
0.7923603039323639 0.136729518770952 -0.5945335881587144 175.269287109375 -0.5894272854032999 0.42285819502646843 -0.688306924359369 353.3468322753906 0.15729152543703312 0.8958214027336148 0.4156481570151251 9.871009826660156
0.9059783372564811 -0.3218640666628314 -0.27496686166381334 175.6557159423828 -0.34320252540437035 -0.1782105996558117 -0.922200091480357 352.2707824707031 0.247821062418118 0.9298626268226833 -0.27191950327325715 9.803985595703125
-0.36881702502579095 -0.297469654522051 0.8806167195151684 175.74734497070312 0.7209420133435709 -0.6895502879693503 0.06901459090297185 351.22894287109375 0.5866997660194213 0.6603273468514823 0.46877625745427715 9.71685791015625
0.8846336785744082 -0.017146242253185125 -0.46597130931904557 175.51571655273438 -0.04448770732714424 0.9916613703402799 -0.12094862740689707 350.28570556640625 0.4641595616042881 0.12772522441332074 0.8764942489371403 9.759929656982422
0.15549266902992953 0.9628570236425552 0.22074506087373397 175.67442321777344 -0.936084818894935 0.07224011671194663 0.3442768905574126 349.46343994140625 0.3155427731899198 -0.2601686329280377 0.9125486511567318 9.769905090332031
0.10687028404405535 0.5265000228293858 0.8434313655235968 175.85867309570312 -0.9457013814656906 -0.20806851403969306 0.24971261593919974 348.48175048828125 0.3069652089117383 -0.8243210657419657 0.47567545773542136 9.794418334960938
0.041692998691070404 0.9248794236952964 0.3779679159468468 175.66705322265625 -0.9302680969045289 -0.10207608588801909 0.35239429701884706 347.45086669921875 0.36450371979140633 -0.36630386882319166 0.8561299632318622 9.737327575683594
0.23148456116705224 0.8612072157892072 -0.45247876128487974 175.62966918945312 -0.9073049919793423 0.3589380749367321 0.21900025089044597 346.35076904296875 0.3510164518518507 0.3598410619055513 0.8644662287770543 9.844316482543945
0.5137143017888328 0.3094571733543249 -0.8002086440405175 175.7517547607422 -0.6921059116753817 0.7006701773669222 -0.1733514048763229 345.4049987792969 0.5070374968003856 0.6428822290343368 0.5741214300391876 9.840914726257324
0.5356974365343437 0.7713627702232777 0.34355164561387785 175.88882446289062 -0.7002368000677757 0.17842938834054523 0.6912534826004574 344.3189392089844 0.47190749127490517 -0.6108702236071829 0.6357207638489839 9.879669189453125
0.28659831065681673 0.5594544060894855 0.777735286479738 176.02529907226562 -0.8369565433040149 -0.2488421667631619 0.48742314333770576 343.314208984375 0.46622435902605264 -0.7906252864332611 0.39692128124235226 9.824203491210938
-0.00909515963644325 0.8352723471404588 -0.5497612065012016 175.89256286621094 -0.913043886530571 0.21725221296238828 0.3451844973808864 342.4822692871094 0.40775990403709106 0.5050956167552975 0.7606643665863732 9.894299507141113
0.06230082534354903 0.41297365841475975 -0.9086095776608574 176.2554168701172 -0.8871174764256092 0.4400572680471001 0.1391839928266933 341.4378356933594 0.4573195711772795 0.7973721579629249 0.39377208068091496 9.942373275756836
0.19821924463151835 0.979174455395184 -0.04389210588767939 176.2704620361328 -0.854394724570938 0.19455763472990456 0.4818267130345267 340.36669921875 0.48033195363525566 -0.05800614338024895 0.8751665565177229 9.890380859375
0.3825245420309195 0.721062466791803 0.577705715505875 176.53799438476562 -0.8166725180670241 -0.028553896348898322 0.5763945465021005 339.30548095703125 0.4321122226668683 -0.6922814413137304 0.5779493343144211 9.96533203125
-0.026194335485606346 0.9046051929394742 0.4254448280275646 176.90567016601562 -0.969064347057374 -0.12746016922507147 0.21134851909436564 338.0745849609375 0.24541423766915554 -0.4067472804679248 0.8799593750743351 9.732627868652344
-0.44761085807681417 0.7981048601080948 0.4033275988617405 176.7886199951172 -0.8687492302748797 -0.4950127972379961 0.015398229359865179 337.2120361328125 0.21194172460500207 -0.3434981264031196 0.9149260858282511 10.004867553710938
-0.3674749787948511 0.9299803518584386 -0.009934038301636638 176.8302764892578 -0.9100966850276182 -0.3573772796264392 0.20977488865101643 336.1706237792969 0.1915363251747933 0.08612795808598142 0.9776992436196703 10.044637680053711
-0.5793615595182736 0.7221686772647068 -0.3779055238155401 177.0375213623047 -0.7978128451265357 -0.40755234059128054 0.4442924192799955 335.19482421875 0.16683778799677362 0.5589038300605147 0.8122756067001096 10.022880554199219
-0.035677703899498425 0.9837907950688647 -0.17573495094098535 177.65013122558594 -0.9925286422243096 -0.014350840261518394 0.12116496089281198 334.0852355957031 0.11667902900190756 0.17874485984653993 0.9769525470920338 9.717498779296875
0.07513909474487651 0.7953588186499847 0.6014636032517853 177.8761444091797 -0.986430061726002 -0.029013254690825108 0.16159815709184677 332.991943359375 0.14597893602899134 -0.6054441185179239 0.7823858188821533 10.01318359375
-0.3682179479769508 -0.22653169494613745 0.9017199864550379 178.00660705566406 -0.9249228869645602 -0.00934269040055731 -0.38003995488003994 332.0642395019531 0.09451558578767316 -0.973958985440819 -0.20608420299067942 9.998825073242188
-0.029101492374291882 0.260211846270169 0.9651128940192742 178.10142517089844 -0.9938265213934276 -0.11094522255420552 -5.447418466908438e-05 331.0303039550781 0.10706048998873496 -0.9591563754951888 0.2618341055521687 10.007186889648438
-0.24017751841271484 0.8375188029094692 0.49079223141997674 178.29771423339844 -0.9673418914754065 -0.24869444875911162 -0.04899730761159013 329.9878845214844 0.0810211370315995 -0.4865319372142918 0.8698978384986455 9.969253540039062
-0.22269186715513833 0.9690716714856686 0.10634109190209828 178.63973999023438 -0.9651000210084728 -0.23455936020924173 0.11646396862410394 328.9977722167969 0.13780523122292324 -0.07669421139957985 0.9874855523932454 9.83938980102539
-0.12485956134906745 0.9850134622168096 -0.11898978608003417 178.80349731445312 -0.9823009912353113 -0.10584791021789414 0.15453472917318456 327.94659423828125 0.13962396842176966 0.13617892331105597 0.9807958239552197 9.922689437866211
-0.20263328595733038 0.902476873774475 -0.3800989920065361 178.8578338623047 -0.9735666743319282 -0.1438861765842328 0.1773829158014944 326.9627990722656 0.10539298863019228 0.4059953946662708 0.907777537427191 9.976264953613281
-0.39780346854815524 0.9096113018777113 0.11983188184866296 179.0109405517578 -0.9148917235587305 -0.40307332911206 0.022472772909817605 325.98260498046875 0.06874252377380498 -0.10069344991038898 0.9925398201434297 10.041942596435547
-0.4719206198777297 0.8810828882627297 0.03136674265565162 179.2858428955078 -0.8816368940830064 -0.47172878035703136 -0.01372387607557414 324.8387451171875 0.002704722885896767 -0.03413065767713973 0.9994137194778931 9.97528076171875
-0.7632720315651057 0.6454299886147437 -0.028912551379088054 179.30213928222656 -0.6427071570467555 -0.7630948216509242 -0.06792498399279398 323.997802734375 -0.06590383988322404 -0.0332629368263852 0.9972714078536146 10.005782127380371
-0.6551470385166459 0.7401227073031796 0.1516599355699451 179.6310577392578 -0.7481657998088603 -0.607673652139897 -0.2664219744903327 322.82574462890625 -0.1050252061137538 -0.2880123445777471 0.9518500908502306 9.818402290344238
-0.26090100674883826 0.9357368671835666 0.23733347861379936 179.7487030029297 -0.9560470772916427 -0.21637562227600055 -0.19787767960732977 321.76226806640625 -0.1338082608793276 -0.2785284643948579 0.9510611146726018 10.007683753967285
0.19236128022399412 0.9800883132040311 0.04923450204340851 179.9922332763672 -0.977439943335979 0.19581810820310208 -0.0791607584041231 320.8517150878906 -0.08722554122471088 -0.03289630405736494 0.995645287307393 10.040822982788086
0.42883742070252784 0.9032113021049422 0.017544524932252517 180.0626220703125 -0.9024970250187947 0.42919594284387586 -0.03591604764700129 319.7401428222656 -0.03996981908175718 -0.0004317363219568382 0.9992007942182193 9.999631881713867
0.1713258262912531 0.9810491241677988 -0.09049904538288969 180.08319091796875 -0.9851544971833079 0.17160425000421425 -0.004753741683657338 318.8426818847656 0.010866366693756145 0.08996998027167782 0.9958851965587152 9.889243125915527
0.07192675872717574 0.9918656390566141 -0.10501950027408156 180.28919982910156 -0.997356870187357 0.07260905243131349 0.002683094315698027 317.8950500488281 0.010286635459800117 0.10454893382451078 0.994466543211523 9.883431434631348
-0.13545490833520152 0.952614669581674 -0.2723550240140623 180.4606170654297 -0.9907009521711463 -0.12667719895543167 0.04964383780480895 316.9935607910156 0.012790276583653587 0.2765468831185849 0.9609153085794342 9.88946533203125
-0.08173131568333086 0.9965932741417975 0.011038023917526354 180.76576232910156 -0.9966389368891719 -0.08166334307350281 -0.006475173702759726 316.053955078125 -0.005551712627039697 -0.011530148888525375 0.9999181137240767 9.928071022033691
-0.13629765413464184 0.9874774999930532 -0.07944266161743999 180.8575439453125 -0.9903124915585554 -0.13795789688380505 -0.01577300702096379 314.964599609375 -0.026535232060028006 0.0765232363068036 0.9967146410907455 9.966262817382812
0.09537551563764307 0.9043990636373178 -0.4158916261585417 181.0455322265625 -0.9944892774615681 0.06830102634710505 -0.07953644959325235 313.93994140625 -0.043526865621379224 0.42118559269266864 0.9059294169400305 9.813961029052734
0.4513852912531911 0.4627988031402796 -0.7629341954927675 181.30587768554688 -0.8912426909186091 0.19164368174459873 -0.4110464269781837 312.8283386230469 -0.04402027628750438 0.8654998365449293 0.4989711897657741 9.724693298339844
-0.2764120112802461 0.7470711132741301 -0.6045503715418272 181.613525390625 -0.9534051461076578 -0.292295748621135 0.07471159691404305 311.9837341308594 -0.12089262754794144 0.5970326180782441 0.7930554996689656 9.682533264160156
-0.5447882923839058 0.8329840298192895 -0.09666086357696713 181.69085693359375 -0.8313099274972847 -0.5516082274834002 -0.06820680183882402 311.08197021484375 -0.11013410428149495 0.04319686838925309 0.9929775977510643 9.673896789550781
0.16015691726974912 0.9818460464244826 0.10162727474090533 181.80123901367188 -0.9814315236693315 0.16940205649369489 -0.08997281591570484 309.9963073730469 -0.10555532292947167 -0.08533044226019058 0.9907455724982752 9.724488258361816
0.15578158143591364 0.9651513113136294 0.2102737386239837 181.9585418701172 -0.9801940478362865 0.17739153335995378 -0.08804471862934216 309.0909118652344 -0.12227725655918772 -0.19239332151035293 0.9736699042111616 9.805948257446289
0.02266869910133079 0.9951939384482668 0.0952636077255148 182.0618133544922 -0.9918880675808291 0.03430964116444707 -0.12239652737694552 308.2882385253906 -0.12507674232974658 -0.09171626572748325 0.9878987474074374 9.725239753723145
0.1596224847163002 0.9121491993924571 0.377497682669303 182.4311981201172 -0.9821174849602483 0.18540520304890257 -0.032713245295315246 307.41107177734375 -0.09982939501144317 -0.3655253051843258 0.9254325168058201 9.629293441772461
-0.02678445583581479 0.8810135481097766 0.4723322146250468 182.52162170410156 -0.9946837882487111 0.023509858857331034 -0.10025690964567699 306.5692443847656 -0.0994321593890646 -0.47250652332378473 0.8757001947560004 9.616928100585938
0.15904330328393107 0.9872439651823652 0.007387888164851356 182.5487823486328 -0.9872665822855164 0.15906191725736823 -0.0020004951101396324 305.58135986328125 -0.00315010838084646 -0.006975649748300456 0.9999707081348823 9.984329223632812
0.5796639940580285 0.6681661405506324 -0.46641576154153086 182.75015258789062 -0.8096837018142914 0.40790907489103456 -0.42192711412973427 304.6347961425781 -0.09166218963672754 0.622225196567298 0.7774534376718568 9.643852233886719
0.3494419187545771 0.8392338784879445 -0.4166255424421334 183.15206909179688 -0.929194467426256 0.253279065025128 -0.2691604668676916 303.7682800292969 -0.12036605468966827 0.481182099020817 0.8683177992304227 9.606224060058594
0.46443943687075007 0.821545543722908 -0.3306946160254389 183.20779418945312 -0.8791967290525091 0.3828875437661239 -0.28356699464520524 302.7893981933594 -0.10634435153100433 0.42244532003299134 0.900128230020409 9.559684753417969
0.12512275041375048 0.9440345681055067 0.3051934330072457 183.34642028808594 -0.98887573760511 0.1436012548634858 -0.03877441395536535 302.0182800292969 -0.08043054708783313 -0.2969468198574992 0.9515006638314396 9.556354522705078
0.3943524422386343 0.7355010493571241 0.5509304472390267 183.3874053955078 -0.9168500561870756 0.35549629278730244 0.18168203071366476 301.08074951171875 -0.062226407337890866 -0.5767673640290806 0.8145350096961856 9.531841278076172
0.351320351383521 0.5573870102649692 0.7522590853500131 183.33908081054688 -0.935640768352247 0.23812348855534293 0.26052553962222275 300.2909240722656 -0.03391700607329812 -0.7953721927413056 0.6051716382258104 9.510307312011719
-0.15215613898120844 0.954271854258271 0.2573203014548445 183.3807830810547 -0.9879227221071912 -0.13913199551921845 -0.06819811556896158 299.56396484375 -0.029278055171893483 -0.26458933461748047 0.9639166351360633 9.449060440063477
0.08527881141750315 0.9956131485080576 0.03849653024741906 183.68553161621094 -0.9953649955135272 0.08685409448738257 -0.04129033757591552 298.6853942871094 -0.04445278427246352 -0.03479690774550709 0.9984052910425589 9.383469581604004
0.15825083548535218 0.9514460521717476 -0.2640209894591421 183.69920349121094 -0.9873793458229216 0.15080096732802634 -0.0483848705199378 297.87359619140625 -0.006220973435694721 0.26834581804031893 0.9633025596508009 9.33469009399414
0.29676611190458607 0.9528835177643838 -0.06279232754093171 183.92991638183594 -0.9548744902801706 0.2952724349680928 -0.03207642374389198 297.1626892089844 -0.012024252044055873 0.06947798731243146 0.9975110157997227 9.288779258728027
0.16262279094807097 0.9846654904743469 -0.06314823618418886 183.9935760498047 -0.9863996055038248 0.16069379224253233 -0.03454451326351501 296.30816650390625 -0.023867260549952172 0.06790712041920169 0.9974061243396357 9.250301361083984
0.2504801115249343 0.9442214383878812 0.2137886550291598 184.07601928710938 -0.9677433433931789 0.23802734300373307 0.08255789060274699 295.5430908203125 0.027065384694262534 -0.22757165744288943 0.9733851271105634 9.250102996826172
0.5679676890505732 0.7060295757631457 0.42300702398691203 184.2609100341797 -0.8199354861788642 0.44069481474647837 0.3653681414138302 294.6922912597656 0.07154371180740426 -0.5543557688012993 0.8291991189681399 9.230262756347656
0.3535695508981481 0.6017693434193249 0.7161440008813567 184.21514892578125 -0.9339177746580228 0.1838951456818384 0.30656184624388916 294.0125732421875 0.052784115560349454 -0.7772105459367687 0.6270228101346724 9.222328186035156
0.298272607057804 0.5732778487232666 0.7631421624063006 184.18521118164062 -0.9543588441463022 0.16634810433530944 0.24804738415025301 293.30291748046875 0.01525281871245382 -0.8022972119777512 0.5967298678414317 9.201248168945312
0.44293235052653146 0.8420545653710951 0.30782306897751854 184.16424560546875 -0.8938859811919335 0.3882954088297206 0.2240413535718232 292.5312805175781 0.06912876019122853 -0.3743938893991947 0.924689369515497 9.175491333007812
0.35077566094576723 0.915616461280095 -0.19647628742669382 184.0773468017578 -0.9342450162518887 0.35657756296677073 -0.0062202248502194885 291.6320495605469 0.06436369548564479 0.1857388958231293 0.9804888460772189 9.144853591918945
0.5196549270216485 0.7952866284645513 -0.31221456629634015 184.29708862304688 -0.8503744034669632 0.516776988406106 -0.09901978682122932 290.9761657714844 0.0825961908948071 0.3169553956622321 0.9448371004624376 9.089786529541016
0.34825497688790774 0.920011770415719 -0.17971314189379006 184.7510223388672 -0.9371260968980989 0.34632818045727287 -0.043028710574335244 290.2741394042969 0.022652805242136267 0.1833988378308033 0.9827775519907711 9.25149917602539
0.006958824865772539 0.9509530365795617 -0.3092570079668335 184.79037475585938 -0.994261159171382 0.039595742100907605 0.09938271766588988 289.715087890625 0.1067535578782603 0.30679064429605574 0.9457712083018512 9.073379516601562
0.1942441536821954 0.9778270271127643 0.07825288370469972 185.0337677001953 -0.9767988532129821 0.18547121657051546 0.10707207005403521 289.0276184082031 0.09018430640688514 -0.09723545069400633 0.9911670182195544 8.997196197509766
0.48835929186110083 0.8480108670054517 0.20587076405741997 185.1190948486328 -0.8683771369620449 0.4489572880098401 0.21061458055996776 288.1593017578125 0.0861762731529149 -0.2816290520942597 0.9556457120512616 9.026077270507812
0.33494197410788107 0.938990697413275 -0.07816869035647872 185.30625915527344 -0.9421842433952435 0.33466044071999457 -0.01706578198710881 287.2912292480469 0.010135357835225754 0.0793653550891729 0.996794068468067 8.836024284362793
0.06215492531920824 0.9959888196911262 -0.06436642221563148 185.2575225830078 -0.9975153586414593 0.0641342340311683 0.029153203934316675 286.75054931640625 0.033164356362881064 0.06239447952754013 0.9975004032036894 8.78725814819336
0.03111078491528907 0.9971813563752956 -0.0682748969935517 185.39144897460938 -0.9963860586218454 0.03634243778751023 0.07677271259819712 286.26190185546875 0.07903759387771779 0.06563969616921164 0.9947082431752712 8.904906272888184
0.19898915825773433 0.9617728194569621 -0.18813920019412103 185.56851196289062 -0.9759655214371696 0.21188917596710488 0.0509340561300053 285.52679443359375 0.08885165086677685 0.17348204766426548 0.9808207600150303 8.867347717285156
0.1530584974505071 0.938585397363641 -0.30924189272142455 185.75819396972656 -0.9823990580766461 0.17842208877565163 0.05529601185485254 284.8194274902344 0.10707561369570393 0.2953354196378576 0.9493744271145177 8.824394226074219
0.16021796313358516 0.9870558884627182 -0.0071328353688714236 185.9375762939453 -0.9748027359551473 0.15935702823420173 0.1560928042118649 284.1482849121094 0.15520898899124652 -0.018055763717940973 0.9877166390888014 8.695428848266602
0.21471174126694792 0.9755668265502672 -0.046564311406436354 186.22447204589844 -0.972030575713753 0.21809238460094127 0.08713364250772751 283.5225524902344 0.09516001281895972 0.026553318318346886 0.9951077797136244 8.685904502868652
0.2247040355541457 0.9719765628961533 -0.06906270763777715 186.28109741210938 -0.9702411351199481 0.2297385070533074 0.07650070652008283 283.0281677246094 0.09022325712827943 0.04981746237512806 0.9946748133514123 8.770637512207031
0.12083362614963705 0.9700067445324947 -0.21091740173110785 186.30332946777344 -0.988152365642132 0.1377909651587545 0.0675910659516264 282.3902893066406 0.09462630219652436 0.20025125588143183 0.9751642412693984 8.72674560546875
0.14253691404869645 0.9897229112617288 -0.011479854401632038 186.4899444580078 -0.9869470141224573 0.14299637880812205 0.07407851890076003 281.8282775878906 0.07495878499709507 0.0007710845428389179 0.997186334633797 8.695423126220703
-0.033841513232324705 0.9987058320379498 0.03796594573472356 186.65240478515625 -0.9971809216012284 -0.03628656924729429 0.06567719913931712 281.1865539550781 0.06696985573129591 -0.03563630095347865 0.9971183944134627 8.665571212768555
-0.03286053123465921 0.9976189449404099 0.06063518931247047 186.6526641845703 -0.9953057045595081 -0.03818935039071397 0.0889276559234328 280.51123046875 0.09103153276902004 -0.05742833980465059 0.9941907492171733 8.776313781738281
-0.13422848999198317 0.9693453981160666 0.20579652967355053 186.61447143554688 -0.988331133454038 -0.14604457063308146 0.043273017390235785 280.0745849609375 0.07200196608377349 -0.19758664565147957 0.9776375782161137 8.620414733886719
0.12122106925199372 0.9883748047393724 0.09176435977987743 186.65771484375 -0.9922078726624685 0.11796967625177246 0.04008357408803523 279.34210205078125 0.028792182897834674 -0.09590829391381869 0.9949736726981866 8.600616455078125
0.1913927624250562 0.9807458978735348 -0.0388110074017618 186.72323608398438 -0.980414488450456 0.19289966259977664 0.03971336053927859 278.69146728515625 0.046435345672627484 0.03045002418925041 0.9984570870593975 8.502349853515625
0.2726330416728642 0.948327581176703 -0.16231458150069536 186.87704467773438 -0.9608537137182199 0.2770183219086976 0.004581502023805931 278.09979248046875 0.049308877721027204 0.15471149959338126 0.9867284258961327 8.4806489944458
0.18120085107703737 0.9833372558821282 -0.014631909074456134 186.8942108154297 -0.9834177311947226 0.18128859409112935 0.004900165740667881 277.66900634765625 0.00747111375777336 0.013501364622421562 0.9998809407187191 8.465691566467285
0.02504520765292484 0.9933501457951547 -0.11237537729577061 186.85885620117188 -0.9996718592507748 0.025490721083877732 0.0025292213669226085 277.17034912109375 0.0053769318129228 0.11227515748093553 0.9936626075368391 8.490705490112305
0.023497476295201103 0.9622082920660263 -0.2712988597232527 186.9634552001953 -0.9996767627242039 0.025249776794826262 0.002969653358088825 276.5910949707031 0.009707660738417778 0.27114138645952246 0.962490576510646 8.510520935058594
0.2856242673647597 0.8661871342074814 -0.41004710269159883 187.09617614746094 -0.9583305058362275 0.260221824141424 -0.11784415057265285 275.83575439453125 0.004628117978672547 0.42661979650965587 0.9044192223466037 8.469131469726562
0.4236523881218797 0.8081768747834966 -0.4091073124545789 187.17828369140625 -0.9056906236841581 0.3857013387660015 -0.17595161677209667 275.4392395019531 0.015593210356715376 0.44506697961014186 0.8953615110398015 8.39498519897461
0.1777091110787199 0.9157145915319981 -0.36039736221981045 187.4236602783203 -0.9838764087283497 0.17283310323960477 -0.04599924751964421 275.0180358886719 0.02016641235858746 0.3627609478430033 0.9316640008783367 8.401573181152344
0.05962656851539211 0.996160429985343 0.06410202850531099 187.29025268554688 -0.9969788926601384 0.05622727467311445 0.0535871362642023 274.4884033203125 0.049777102338759004 -0.06710358644849469 0.996503561844365 8.451434135437012
0.15309475638164755 0.8781521453554724 0.45322268828471624 187.28463745117188 -0.9876808981661653 0.12094381163400508 0.09929268767192875 273.998291015625 0.032379607257050996 -0.4628405816639455 0.8858499630292138 8.526901245117188
0.2243908379460614 0.8877415992817838 0.40194975401222127 187.37081909179688 -0.974060215318803 0.1919421248340354 0.11985373439022454 273.4528503417969 0.029248055985848453 -0.4184173438312714 0.9077838275725297 8.485797882080078
0.12538896011212813 0.9788875434666512 0.1614211446119264 187.41091918945312 -0.9897812018410482 0.1122919801267272 0.08788449056181039 272.87091064453125 0.06790273311207268 -0.17079135939807968 0.9829646638566754 8.42599868774414
0.05198929298824223 0.9949238201464442 0.08616092803463206 187.54649353027344 -0.9971169933533345 0.04694099023551129 0.05961748905913811 272.38494873046875 0.05527038068070026 -0.08901199661234419 0.994495877054548 8.484241485595703
-0.04538456243785116 0.9978786120056528 -0.046674588310947604 187.69717407226562 -0.9965420598709874 -0.041969574362685 0.07171107122267895 271.9979248046875 0.06960003161216137 0.049767765968412904 0.9963327782774686 8.394914627075195
-0.06339876224589458 0.895670985022935 -0.4401750600996538 187.92710876464844 -0.9959366805067067 -0.028515253600533474 0.08542253059573351 271.4556884765625 0.06395877865446079 0.4438021709051709 0.8938394194333158 8.507461547851562
0.0680184974101889 0.9512002446884104 -0.30098434928542034 188.01596069335938 -0.9973432689458331 0.0727117898324125 0.004404487235329241 270.8294677734375 0.026074660084059065 0.2998851282142462 0.953618908148022 8.711544036865234
0.28178205972585485 0.9429244948984931 0.1774606089730243 188.1981964111328 -0.9541986093406779 0.25602009808075415 0.15478605657822517 270.37725830078125 0.10051808170160849 -0.21294860013426456 0.9718791123138135 8.475589752197266
0.16884776751905878 0.9823737795514721 0.08020092676263475 188.16180419921875 -0.981156094917078 0.15976744873610743 0.10866038713084501 269.84332275390625 0.0939316177381168 -0.09703669189595714 0.9908383983349602 8.531400680541992
-0.707027379660533 0.6198365051375155 -0.3404629073912038 188.04795837402344 -0.7047949835930761 -0.57804491776424 0.41125187434097926 269.4646301269531 0.058106071218042815 0.5307228843246198 0.8455512430017238 8.591571807861328
-0.8047302584806165 0.3842397020437362 -0.45251415719186217 187.94358825683594 -0.5890462641238421 -0.42218561103726626 0.6890455779952699 268.8563232421875 0.07371370162639657 0.8210475998420746 0.5660804969137372 8.620574951171875
-0.7526456740245165 0.2901857006896277 -0.5910302432933963 188.15353393554688 -0.6527017335451667 -0.21072182885014945 0.7277202469858748 268.3341979980469 0.08663103600509175 0.9334819601691926 0.3480035827967384 8.445999145507812
0.22407399639024686 0.377779410185183 -0.8983727296516957 188.4239044189453 -0.9662392187336104 0.20640351933524353 -0.1542055750843262 267.5812683105469 0.12717160187229554 0.9025964239050367 0.411274943597435 8.620452880859375
0.4071815781915481 0.5020139479306294 -0.7630105886975251 188.70401000976562 -0.9058735630283885 0.3286245767790182 -0.2672058669697649 267.1692810058594 0.11660295960091543 0.7999924272266049 0.5885710375072772 8.390510559082031
-0.21987076202313094 0.9084801655278373 -0.3554161460174267 188.7444610595703 -0.9719676164950165 -0.17290815960705286 0.1593164173156617 266.83221435546875 0.08328145347172955 0.38048200638639273 0.9210307499339101 8.377147674560547
-0.5954597219072072 0.7661788590185474 0.24165611016324068 188.8020782470703 -0.8033643883339177 -0.5700313141546048 -0.17224970374443152 266.50897216796875 0.00577746856865069 -0.2967056738187037 0.9549514982347151 8.562114715576172
-0.6112092549225555 0.7160991130187436 0.3370835312363732 188.9627227783203 -0.7854319234522892 -0.6012902275097479 -0.1467881327741209 265.99371337890625 0.09757018150568249 -0.3544744315674179 0.9299612556692369 8.49312973022461
-0.03286368185165811 0.9281315350286354 0.37079891059783554 189.0375213623047 -0.9944206041488108 -0.06757272903019346 0.08100363162060115 265.2713317871094 0.10023791926944114 -0.3660679991160122 0.9251738104614355 8.445297241210938
0.45374887475537273 0.8445490021799978 0.284339482968868 189.10110473632812 -0.8873131878534156 0.3986904086744305 0.2317784819443447 264.6728515625 0.08238486098575672 -0.35746739844045305 0.9302847917345376 8.39950180053711
0.1598321298177498 0.9852232304879703 0.06155384947157942 189.07359313964844 -0.9863188165853908 0.16193711998392407 -0.03084738596553414 264.0933532714844 -0.04035941436042438 -0.055781316568902006 0.9976269655509136 8.768296241760254
0.19979857101458004 0.9781672362808639 0.05717857017439951 189.12933349609375 -0.9796004949047151 0.20069199718001735 -0.010275828449976009 263.5526123046875 -0.021526760159607316 -0.05395905980048956 0.9983110830109411 8.835530281066895
0.19573997923977549 0.9777673571906323 -0.07521207176815847 189.1638946533203 -0.980614022521287 0.19444690999885972 -0.024218547159483825 263.0667419433594 -0.009055349901194311 0.07849455015694849 0.9968734153511294 8.608417510986328
0.1533760513794422 0.8723661852235165 -0.46416917793173185 189.42306518554688 -0.9871444408143335 0.11388887622031074 -0.11213909595957666 262.597900390625 -0.04496264930591934 0.47540147533620863 0.878619256228515 8.463577270507812
0.2632128140366999 0.8036438963589121 -0.5337372971527728 189.4755859375 -0.9638481556079441 0.19530486478567105 -0.1812532557561782 262.1067199707031 -0.041421582032141635 0.5621498889407668 0.825997430326413 8.440559387207031
0.06596603193101003 0.8871242992664008 -0.45679203176322414 189.2638702392578 -0.997139714607699 0.04168301153208065 -0.06304693570422737 261.5863037109375 -0.03689000112975749 0.45964443236126973 0.8873365334617598 8.481048583984375
0.1214095749579755 0.9772835880886338 -0.17371385540920153 189.24996948242188 -0.9916422381930249 0.12711639241358902 0.022070210947844573 261.0534362792969 0.04365073355685613 0.16958246145270944 0.9845488318146483 8.64177131652832
0.09154557527420948 0.9933330608668077 0.07006309896580981 189.45945739746094 -0.991710735126012 0.0973140539426689 -0.08390347275928553 260.5306396484375 -0.09016221760548529 -0.061801335699337025 0.9940077310676406 8.584229469299316
0.05545809934966017 0.9717641518657516 0.22934435324454744 189.6387481689453 -0.9978466518567606 0.061998657149448744 -0.021406211479803455 260.0165710449219 -0.035020830869300856 -0.22766334720437906 0.9731099330214045 8.540555953979492
0.02945380514138307 0.9829055254030846 0.18173937794209455 189.65835571289062 -0.9991562629362033 0.03415731128659294 -0.022804392581944513 259.59661865234375 -0.02862229197765427 -0.18091436155749724 0.9830822743718803 8.602743148803711
0.10348014790841004 0.9757736681387364 0.1927630866009592 189.66995239257812 -0.9946312736400346 0.1016543607821268 0.019365444254657638 259.03350830078125 -0.0006989177753067705 -0.19373213337248033 0.9810542146145091 8.793641090393066
0.5239379560230598 0.7886066905463577 0.32185168302169825 189.86825561523438 -0.8517502776098039 0.48652573512510766 0.19445866823722668 258.45068359375 -0.003237719876773404 -0.37602153753009293 0.9266052668118743 8.673351287841797
0.7756530041471638 0.5933505898737358 0.2151685261695352 190.08639526367188 -0.6308662932697758 0.739241020282987 0.23564896339050956 257.9658508300781 -0.019238949387460597 -0.31852439691090917 0.9477194054143919 8.637458801269531
0.6478436778277321 0.5883057060901431 0.4839369434961702 190.3153076171875 -0.7617657637922044 0.49748782816350756 0.41499250829772283 257.3985900878906 0.0033897216282156584 -0.6374968682361775 0.7704454898150477 8.673324584960938
0.21576149284121404 0.6069175102590922 0.7649170634440281 190.6121368408203 -0.9763734433773925 0.12454226364833298 0.17659027049280768 256.972900390625 0.011911224718919644 -0.784946087515731 0.6194495640642923 8.621795654296875
0.2038643368526724 0.6745181389572915 0.709552402840842 190.59237670898438 -0.9789616434770229 0.14679861460946714 0.1417189731458282 256.3411560058594 -0.00856929170859172 -0.7235160308979569 0.6902543880869428 8.682273864746094
0.30019967143572884 0.6296856843304339 0.7165026840279063 190.9054718017578 -0.953601175195645 0.1800722302049596 0.2412857032119739 255.763427734375 0.022911916885437145 -0.7556916903462187 0.6545266329236035 8.721809387207031
0.2501770913224676 0.5529108259138243 0.7947962264409176 190.97711181640625 -0.9673955273671017 0.10929103344503793 0.22847617739852683 255.31488037109375 0.03946285098110863 -0.8260418201252333 0.5622255728767899 8.652931213378906
0.7007843653403525 0.5902522874027942 0.40062889375366945 191.279541015625 -0.7129040344288158 0.5590911181732428 0.42330244421088714 254.68609619140625 0.025867179777421534 -0.5822536893790907 0.8125955514367527 8.674858093261719
0.7564662254678737 0.6315049863154962 0.17017726635791663 191.0527801513672 -0.6536931359283571 0.721646750995346 0.22784040646472634 254.18603515625 0.0210744814061639 -0.2835972831966595 0.9587118687055748 8.693195343017578
0.12271356866456129 0.9906866122595341 0.0590035283295478 191.00857543945312 -0.9917102904764734 0.12468894555599463 -0.031038147805611826 253.6800079345703 -0.03810616523184684 -0.05470560433686793 0.9977751334972531 8.671813011169434
-0.29550501060483014 0.9552817164067989 0.01065978453437207 191.10646057128906 -0.9541974221260959 -0.2945870086334953 -0.05220894513665206 253.18551635742188 -0.04673401668327112 -0.025599543809390817 0.9985792883098461 8.607473373413086
-0.388493365809505 0.9209972043144603 -0.02893189186608494 191.23626708984375 -0.9151001053724488 -0.3893054969809654 -0.10503821765308571 252.68174743652344 -0.10800324934619146 -0.014331073419399994 0.9940472415661705 8.544439315795898
-0.1095513427138311 0.9918362206675538 -0.06526419141842005 191.35751342773438 -0.9822289829804561 -0.11808933513876091 -0.14588054674857906 252.06822204589844 -0.1523966151289971 0.0481229705898219 0.9871471275341055 8.547571182250977
0.3577756052168608 0.9320514647854363 0.057242320908846955 191.527587890625 -0.9058823843055062 0.3613027025437644 -0.22099199745588843 251.4380340576172 -0.2266577201788641 0.027210735489776247 0.9735942962843533 8.542892456054688
0.6698408967957076 0.6867570476033905 0.2822727945569617 191.33108520507812 -0.6805726151567751 0.7198722199814606 -0.13639978884746018 250.7697296142578 -0.2968738595406984 -0.10074097709491467 0.9495878932754838 8.549137115478516
0.33068429529206034 0.9419444783924484 0.05821079344221139 191.2250213623047 -0.8693913877491994 0.32804898470433497 -0.3695165470475932 250.29571533203125 -0.367160062853675 0.07158535646648265 0.9273990645805353 8.544532775878906
0.07166998814421333 0.9421209853759089 -0.32752322316705257 191.24154663085938 -0.9063978424456474 -0.0755345590871716 -0.4156169890576924 249.73489379882812 -0.4163008095227341 0.3266536075077592 0.8485228675132351 8.512527465820312
-0.0001499475398456518 0.9998265112043607 -0.018625923028178726 191.5172119140625 -0.899902931200498 -0.00825749813234744 -0.4360120733894256 249.03749084472656 -0.4360902337045476 0.016696143791625123 0.8997480463163021 8.620086669921875
-0.03791383747575494 0.9992795159723955 0.001729128635240551 191.71099853515625 -0.8546162533827819 -0.03152828642601457 -0.5183020611660887 248.54432678222656 -0.5178741163466647 -0.021128561546265995 0.8551958743499334 8.415245056152344
0.3199057647900698 0.8613559748229113 -0.3946215735245003 191.56507873535156 -0.6864275321382297 -0.07637812376317094 -0.7231760680035239 247.9644317626953 -0.6530524824060469 0.5022273059554706 0.5668246539945223 8.24603271484375
0.5909611860764616 0.7923254385942723 -0.1516089572139322 191.60635375976562 -0.3394316791320465 0.07373450747470223 -0.9377362942795072 247.21986389160156 -0.7318135088618556 0.605626635612947 0.3125145860331028 8.328628540039062
0.35028688482279197 0.8636895493455387 -0.36240786508082895 191.54278564453125 -0.5090265580508327 -0.14925718843724467 -0.8477111860172255 246.53114318847656 -0.7862512712358984 0.4814173387520533 0.3873580829527435 8.351318359375
0.03738659002698199 0.12747341937598175 -0.9911371097072037 191.76547241210938 -0.5226605979433951 -0.8428592063115129 -0.12811813959537252 246.35064697265625 -0.851720694972012 0.5228182147635273 0.03511370199610377 8.327606201171875
0.272747534358051 0.19261716863395312 -0.9426067095289759 191.66966247558594 -0.4177486413772921 -0.8588619797986914 -0.2963818015393297 245.49948120117188 -0.8666572881647221 0.4746100778572989 -0.15378692684119266 8.202621459960938
0.441793705517757 0.8326079223501333 0.3340394728242216 191.57012939453125 -0.20960388460958262 0.4578414217234148 -0.8639719000701672 245.32870483398438 -0.8722869558359005 0.31168137607832247 0.37678931312400715 8.325897216796875
0.2728099010704504 0.40488017511169505 0.8727237831521804 191.54159545898438 -0.3211690496878098 0.8934206726984504 -0.3140858849386224 244.3392333984375 -0.9068766175178187 -0.19460612887720558 0.37376898641121664 8.203468322753906
0.3435178360356814 -0.18408964967630517 0.9209269771308787 191.42697143554688 -0.09624582015225872 0.9685365352294489 0.229507564208576 244.16867065429688 -0.93420139072289 -0.16747531402505206 0.3149917153888788 8.139785766601562
0.39692900143620885 0.263013188298539 0.8793585335913284 191.3800048828125 -0.2630980409443146 0.9504640099701935 -0.16552216347862217 243.88327026367188 -0.8793331499893074 -0.16565696041041336 0.44646498496238746 8.103073120117188
0.1717505125069108 0.47986822616967717 0.860365182330376 191.3344268798828 -0.4952070892268158 0.7970367795332689 -0.34569106272905015 243.44737243652344 -0.8516288512216563 -0.3666863204211511 0.3745256228656177 8.00787353515625
0.10160666817818248 0.7338229648848416 0.6716992937240216 191.37496948242188 -0.5814195632866133 0.5916786183278778 -0.5584511653145844 243.3741455078125 -0.8072343999169835 -0.33379674776910895 0.4867775208135984 7.955108642578125
0.059062309682464176 0.9923042896255241 0.10882940947077024 191.4947509765625 -0.49623152651125785 0.12378056045895003 -0.859321037185041 242.5390625 -0.8661789166628794 -0.0032510987761197874 0.49972343819903864 7.94561767578125
0.05283691671121582 0.9874655145695035 -0.14872833545911096 191.52017211914062 -0.3897934277143921 -0.1167271892956131 -0.9134746011738977 242.38153076171875 -0.9193853076611118 0.10623850909689914 0.3787400628950561 7.8918914794921875
-0.10019689945249871 0.9499052706107336 -0.29604148054969415 191.47308349609375 -0.3644459875438994 -0.31189901453843105 -0.8774383892291855 242.15440368652344 -0.9258183966109433 0.019974523671532185 0.3774404786199244 7.8351287841796875
-0.05613313280154342 0.9983659632990708 0.010699286322143564 191.37478637695312 -0.25703317877760046 -0.004095043943386667 -0.966393902931193 241.30213928222656 -0.964770965778597 -0.05699678886587084 0.25684304477562353 7.8596343994140625
0.0019403395455774852 0.9863556286065833 0.16461715888254153 191.36077880859375 -0.26099280103934813 0.1594114352265242 -0.9520875758692868 241.38206481933594 -0.965338796945447 -0.04111652022158174 0.2577410306427464 7.8101043701171875
0.03272100311496712 0.9817520999511892 0.18732898920503677 191.0575714111328 -0.009273258050076394 0.1877194979891423 -0.9821789026240797 240.2637481689453 -0.9994215039913277 0.030400728875059235 0.015246410842494507 7.8372039794921875
0.019248507303116447 0.9727459477407565 0.2310731834734157 191.040283203125 0.079929514840342 0.2288791287151555 -0.9701678293449947 240.3746337890625 -0.9966146535266223 0.03714384999603926 -0.07334553008522277 7.813446044921875
0.039872049873158594 0.9976199034634108 0.05625609169296464 190.695556640625 0.17163161986550762 0.04862619734235826 -0.9839604057046014 240.031005859375 -0.984354004767215 0.048887842514033275 -0.16928429387591998 7.9455718994140625
0.06357948801708335 0.5546988309080481 -0.8296185000906926 190.65599060058594 0.22788527481092735 -0.8174067949765992 -0.5290694028673666 239.77932739257812 -0.9716099784521739 -0.1554198781215856 -0.17837800104507778 8.052108764648438
0.0802834623430246 -0.34629469067129837 -0.9346841995492841 190.38613891601562 0.1438365920200217 -0.923871789755315 0.35464341371351676 239.40432739257812 -0.9863394955441467 -0.16291379102820175 -0.024361777901816414 7.7298126220703125
0.13298265390400715 -0.685918906028999 -0.7154235585390156 190.02345275878906 0.2291906036574914 -0.6809877429432151 0.695505112243052 238.48849487304688 -0.9642547801052177 -0.256458472882233 0.0666466108001838 7.7693023681640625
0.18118377490459092 -0.812755957258236 -0.5537149028629903 190.78724670410156 0.3484976343808973 -0.4734362133853338 0.8089546036003965 238.47674560546875 -0.9196313601341793 -0.3395377825759673 0.19746456811578672 7.7516021728515625
0.36805374511664174 -0.8772062006397423 0.3082948625339095 190.12307739257812 0.23176716740268305 0.4076565936193582 0.8832327449731459 237.5164794921875 -0.9004556739894256 -0.2536244925827343 0.3533471323534404 7.804206848144531
-0.2513071343472802 -0.7689464727016431 -0.5878486593893528 190.82958984375 -0.17585416533992454 -0.5609584889507597 0.8089504843973325 238.2386474609375 -0.9517983172703954 0.3066706634058461 0.005750430197969378 7.5294647216796875
0.5649156117277644 -0.8104306619809847 -0.15515312999520486 190.57847595214844 0.1265601048252576 -0.1007051953293438 0.9868338277036812 237.48434448242188 -0.8153851185132495 -0.5771140318470362 0.045678252510276074 7.801361083984375
0.545186390858502 -0.038696363150646285 -0.8374212743306648 189.78854370117188 0.5545492650815999 -0.7324943957897665 0.39487602197910554 235.880615234375 -0.6286866563083224 -0.6796723855031178 -0.3778869362181802 7.956817626953125
0.044490037474557785 0.8833762913058214 -0.4665479230735946 189.8498992919922 0.8410960355396093 -0.2851146742846395 -0.45963798962565733 236.2836151123047 -0.5390529617440799 -0.3719622971032632 -0.7556890590504796 7.86895751953125
-0.7245044538484743 0.5835921126423004 0.3667608790689389 188.5712432861328 0.4927423651419283 0.8105941665873103 -0.3164523008116116 235.0484161376953 -0.4819732958868809 -0.048552478374648045 -0.87483964181764 8.004592895507812
-0.3907289995632226 0.521062822624763 0.7588309322758515 188.8828582763672 0.8317919540239843 0.5529557001185952 0.04860184078114965 235.74942016601562 -0.3942752770860545 0.6501796125569219 -0.6494716909104243 7.850914001464844
0.8718092188649291 0.4424912435004481 0.21011945490018097 188.56317138671875 0.35673372432241224 -0.27956320107914046 -0.8913952358709605 235.95433044433594 -0.3356929189500178 0.8520832799837181 -0.4015773252301549 7.8426513671875
0.8547327381148304 -0.11587060460850393 -0.5059703048424726 187.6597900390625 -0.5002205646395992 -0.44416052389275024 -0.7433039860830548 234.73565673828125 -0.13860495339765266 0.8884230028556088 -0.4375994000117656 8.061729431152344
0.9775168010294584 0.15442256399662563 -0.1435777678954592 187.7303924560547 0.015394533080945322 -0.731372356031982 -0.6818045799079435 235.39923095703125 -0.21029482175354194 0.6642651191812918 -0.7173060290996518 7.886077880859375
0.7236407537897055 0.6727075899895786 0.15430021978299271 187.14515686035156 0.569814290093228 -0.45617379620868104 -0.6835328393413964 235.10366821289062 -0.389430012017843 0.5825546892979008 -0.7134243475777996 7.9666290283203125
0.7445633645102964 0.5890899005729199 0.3140039574147038 186.71176147460938 0.5886566018327374 -0.35756525664284633 -0.7250037878250498 234.8470916748047 -0.31481550366499084 0.7246517620794991 -0.6130016495632254 8.037933349609375
0.3461902637680394 -0.9011217560413168 -0.2610208460281076 186.24203491210938 -0.8241739827061804 -0.4250404702521412 0.37426974881503783 234.4007110595703 -0.4482070364267481 0.08555804717764628 -0.8898259790884393 8.131889343261719
0.6538922284010107 -0.5829300381158814 -0.48230438967417416 185.89645385742188 -0.43928468181803265 -0.8115340409410348 0.38528102563446454 234.389892578125 -0.6159983132743063 -0.04006333805528697 -0.7867280387701188 7.9326324462890625
0.5559693713524481 -0.1515931855820387 -0.8172622371081714 185.5609130859375 0.44392004506899807 -0.7771084001551203 0.446136221343087 234.32211303710938 -0.7027325605832578 -0.6108371636479224 -0.3647532149312173 8.200912475585938
-0.06590652564644901 0.5689974926557155 -0.8196939570527055 184.6086883544922 0.6916538325294197 -0.5660581131443949 -0.44854563702122074 234.069580078125 -0.7192157574918525 -0.5965065514266513 -0.35624237294362443 8.295196533203125
-0.614482168682114 0.38990401074178316 -0.685847305731529 185.54379272460938 -0.13923344621812847 -0.9092883662918294 -0.39218454123098656 234.9116668701172 -0.7765473017311627 -0.14549752346279743 0.6130291663862686 8.703544616699219
-0.32128183921412723 0.35228917514107944 -0.8790166761043876 184.6704559326172 -0.24016963085267268 -0.9281919568572077 -0.2842151291569091 234.67462158203125 -0.9160221221167526 0.11979995118532162 0.3828203801898691 8.949348449707031
0.16410536281120117 -0.8721234255586658 -0.4609448562338261 183.9483642578125 -0.23483314054101806 -0.4883852228025084 0.8404363570501856 234.0608673095703 -0.958082890986081 -0.029674985087827455 -0.28495011714296714 8.371734619140625
-0.11444583981663539 0.9791319330849564 -0.16793691482810275 183.388671875 0.010384115328116617 -0.16785934684492002 -0.9857562628893866 234.10743713378906 -0.9933752160676839 -0.11455957965230695 0.009043385006142851 8.447036743164062
0.040274439546904656 0.9858748017288801 -0.16256950770431733 182.5540771484375 0.02445373410481838 -0.16362530834419922 -0.986219434688648 234.1879119873047 -0.9988893754603226 0.03574400348739781 -0.030698237851370686 8.576919555664062
0.06886574069844446 0.66517194469775 -0.7435077630698066 181.84307861328125 0.13689652426952587 -0.7445277601878516 -0.6534047412994366 233.52691650390625 -0.9881886719655197 -0.05678642704620546 -0.14233218294661348 8.608489990234375
-0.5997896170574588 0.06851975235048038 -0.7972185765572048 181.88502502441406 -0.20853857291314162 -0.9752806484392491 0.0730706533929204 233.93907165527344 -0.7725050672179552 0.21007784347176367 0.5992522180224584 9.063796997070312
-0.2307944850472215 0.2696976614133943 -0.9348781081509687 181.07806396484375 -0.10400647439289383 -0.9621509553923095 -0.2518892461420827 233.6460418701172 -0.9674278055525118 0.039098727163585964 0.2501094372030757 8.827445983886719
-0.08339198578060647 0.9591200225828346 0.2704340196577912 180.3861083984375 -0.5362415101593875 0.1855471736662093 -0.8234180524657335 233.70889282226562 -0.839935009086743 -0.21368441362248447 0.49884682206592074 8.932296752929688
0.36979655179132065 0.29033986347328156 0.8825832957639553 179.81985473632812 -0.6079166627688758 0.7939744158693598 -0.006477505141792295 233.51173400878906 -0.7026292346687563 -0.5341417327107341 0.4701114420704656 8.973770141601562
-0.22165547903536764 0.9614212456186028 -0.1629049940510601 179.4364013671875 -0.8435599494617353 -0.27285835270927883 -0.46255262513674406 233.47958374023438 -0.4891579093480103 0.034892804845024716 0.8714970062440437 9.025909423828125
-0.5305326645646607 0.8476642542644323 0.0006355094373626247 179.03370666503906 -0.7912208216044906 -0.4949367973132687 -0.3591756925583901 233.37149047851562 -0.3041458585768282 -0.19105726551902757 0.9332697455735698 9.086471557617188
-0.7484433207975921 -0.6117718221443236 -0.2560621666386632 178.71612548828125 0.6478707152932881 -0.7569797812404214 -0.0851184296058554 233.0854949951172 -0.14176082610804613 -0.22960149917502237 0.962905509257137 9.157569885253906
-0.8621018132567485 0.4744262126813324 -0.17804559051061453 177.94796752929688 -0.5067297140187499 -0.8055062754531946 0.3072208279658106 232.96035766601562 0.002336773395572908 0.3550766240213081 0.9348342797328992 9.322513580322266
-0.9672527257268998 0.22731789169683309 0.11291032144312313 177.2808074951172 -0.22269720514134606 -0.9734920997596305 0.052144860991460644 232.97999572753906 0.12177076576960405 0.025292445909646084 0.9922359461256136 9.33649730682373
-0.9649512155537183 0.19612775602316032 0.174364718101803 176.580322265625 -0.20021700584891847 -0.9797331832479939 -0.006003350035365892 232.93472290039062 0.16965347674096068 -0.04070372169805449 0.9846628381682899 9.332865715026855
-0.9648459720507698 0.22265990258398027 0.1396238446637866 175.90321350097656 -0.21462607192621402 -0.9741581900713456 0.070366682218529 232.50604248046875 0.15168355041641265 0.037926092577699855 0.9877012260976793 9.434401512145996
-0.9388179706590365 -0.34441372913263707 3.3949948316916445e-05 175.25169372558594 0.27646125065493515 -0.7536489197567526 -0.5963073726156578 232.48110961914062 0.2054020322537185 -0.5598146916028823 0.8027561997341484 9.506965637207031
0.5025785535938284 -0.28359262155999737 -0.8166945711000309 174.53341674804688 0.8618535081769141 0.2386480454437806 0.44749931938385 232.77951049804688 0.06799505798718847 -0.9287746418817598 0.36435468528170123 9.519073486328125
-0.8959155444441221 -0.39681017674223884 0.199692315468537 173.53091430664062 0.40625982173386854 -0.9137308305926038 0.00699474583641229 232.60638427734375 0.17968943894441275 0.08739366600814882 0.9798336862312393 9.584020614624023
-0.14519981789770675 0.9892846461847535 -0.015261117442046168 172.52392578125 -0.9444819591964833 -0.13399611782598853 0.2999981152606406 232.10760498046875 0.29473859882079506 0.05797352180669163 0.9538177127389088 9.614311218261719
-0.7911357536627195 -0.6098599587121667 0.04663743170581851 171.69273376464844 0.5771591662483608 -0.7696018583538387 -0.27313051172253666 232.40077209472656 0.20246361671178736 -0.18916609204059823 0.9608458115275677 9.691097259521484
-0.9676262869469249 0.21740894686314938 0.1281901658988083 170.96063232421875 -0.09274492414961416 -0.7786696942092645 0.6205416072791036 232.31776428222656 0.23472909460437583 0.5885633841345442 0.7736248412520782 9.718299865722656
-0.9427881169765087 0.23294878856875362 0.23850666320302116 170.01336669921875 0.14821780505921817 -0.3479453046807998 0.9257243365138529 232.24098205566406 0.2986336363360913 0.908112838173173 0.2935115404779643 9.743927001953125
-0.695544919793966 0.689292866782216 -0.20271311835191907 169.00064086914062 -0.6684076745991072 -0.5172944591082633 0.5344507677166374 232.26820373535156 0.2635307289213519 0.507229520413632 0.8205301752739734 9.765060424804688
-0.9325068325465068 0.15412374544569907 0.32661426537104954 167.81399536132812 -0.32472234907068825 -0.7536380500439369 -0.5714762335740537 232.3892822265625 0.15807088051913643 -0.638964443937033 0.7528200556016976 9.94488525390625
-0.8762507829520841 -0.3701069472336108 0.3085537440791736 167.05926513671875 -0.44230382064927387 0.36372358723982595 -0.8198002697757832 232.05783081054688 0.19118550053524963 -0.8548251281372169 -0.48241279490730354 9.810134887695312
-0.6359050437827395 0.48768839124652696 0.5981511584332566 165.9351043701172 -0.768356156565087 -0.47284852963457447 -0.4313271202822154 231.86666870117188 0.072481666372952 -0.7338762164464766 0.6754051428394697 9.591651916503906
-0.5945602937323632 0.5185183923507068 0.6145215487767083 165.14012145996094 -0.7851017079539846 -0.5393342249628862 -0.30452241617230597 231.88502502441406 0.17353202956406152 -0.6635188547266166 0.7277563906539444 9.790847778320312
-0.9056793166412348 0.1224527700437093 0.40589443765206823 164.16006469726562 -0.42178413951439725 -0.3571880936312216 -0.8333755488506928 231.68177795410156 0.042931515956995125 -0.925970833707367 0.37514650479635037 9.785926818847656
-0.8892951172763656 -0.3743356268147019 -0.26272996191081727 163.334716796875 0.4541807703366786 -0.7902273573959785 -0.4114128722820296 231.83416748046875 -0.0536099080842008 -0.4851943549962351 0.8727613738216138 9.766304016113281
-0.9540556536632296 -0.20922800303513117 -0.2144794919314163 162.3363494873047 0.2795182705166745 -0.8793189200744049 -0.38557460140230865 231.73731994628906 -0.10792287135076829 -0.4278105650227834 0.8974022366220691 9.763481140136719
-0.9909343371094766 0.13434708607524412 -7.021369539620542e-07 161.38641357421875 -0.13409387437033524 -0.9890669866848355 -0.061362274294000534 231.314697265625 -0.008244537206830127 -0.060805890448790804 0.9981155600895993 9.786836624145508
-0.9955069547981908 0.09443951247861532 -0.006861591013325671 160.61865234375 -0.08769135933112421 -0.9468579118067507 -0.30946780179466 231.2976531982422 -0.03572294006786596 -0.30747564672955935 0.9508851656331309 9.777595520019531
-0.49132571975628225 0.3437044728112486 0.8002913672379035 159.415283203125 -0.8681372315899152 -0.26737885871246747 -0.41814625795409954 231.18087768554688 0.07026225326140062 -0.9002087431719157 0.42975275971594495 9.696075439453125
-0.46892685460253514 -0.8786624110811885 -0.0897773489559884 158.74610900878906 0.883030343087976 -0.46858768496826575 -0.026134166946981285 231.6145782470703 -0.01910544996864188 -0.09153113595424085 0.9956189195331826 9.738767623901367
-0.6605384581748374 0.6338522863547912 0.4023931216544498 157.8327178955078 0.7494013111293799 0.524014296161735 0.4047303945785246 231.48594665527344 0.04567953753679471 0.5688939237686808 -0.8211413297048805 9.701644897460938
-0.6006850060970983 0.7800071535600526 0.17540343168043693 156.9120330810547 0.7992941692841864 0.5811063056264469 0.15311529155993828 231.17506408691406 0.017502982558165417 0.23217300005885086 -0.9725170145787896 9.61944580078125
0.32299205163461403 -0.40156041277589466 0.8569862131167081 156.16477966308594 0.9463373795418153 0.12648177886821727 -0.29740195644323086 230.80010986328125 0.011031711689164003 0.9070565552960765 0.42086423800511097 9.738143920898438
-0.45474246594937234 -0.7739962705958017 -0.4406121455044949 155.18948364257812 0.8846899070117458 -0.3355521344008951 -0.3236178819696959 230.66650390625 0.10263068787566595 -0.5369679117068299 0.8373364937128762 9.720741271972656
-0.7167090700496489 -0.5979768390122304 -0.3588200230108524 154.2704620361328 0.6726011620319368 -0.45681031051195553 -0.5821786813713289 230.46514892578125 0.18421668149724119 -0.6585955057658016 0.7296000096239255 9.634559631347656
-0.8864351957660814 -0.40808683148205477 -0.21839821812021679 153.24749755859375 0.44589482297376687 -0.6263630914292182 -0.6394115142382297 230.52191162109375 0.12413883579421023 -0.6641795056053519 0.7371940950533232 9.692794799804688
-0.9645513894416944 0.12313628276853639 0.2334053833827405 152.18251037597656 -0.20860980085881303 -0.8974783228783525 -0.38860598419106485 230.3603973388672 0.16162477567422448 -0.4235210925436971 0.8913513987529554 9.705978393554688
-0.9108007370077932 -0.24808419202995202 0.32999431984642863 151.3133087158203 -0.35596566609979885 0.06702846204731754 -0.9320920715432022 230.34429931640625 0.20911829672266286 -0.9664167935939532 -0.14935902729796796 9.576126098632812
-0.5155528972702548 0.8430381881807739 -0.15327042567019872 150.25274658203125 -0.8188580562869004 -0.43206488121203135 0.377877522588037 230.32083129882812 0.2523424137363463 0.32032257443413337 0.91308091346693 9.553886413574219
-0.9581223125191272 0.24880003305578838 0.1417750958540985 149.51158142089844 0.14003482228593686 -0.024773680056104398 0.9898366094077466 230.13633728027344 0.2497836720050898 0.9682379915743424 -0.01110445278873882 9.543045043945312
-0.8206702334649714 0.5437793646669368 -0.17551173882955065 148.65415954589844 -0.5197029715405422 -0.5826620168126817 0.6248310135834402 229.8831787109375 0.23750618786987446 0.6039941860036414 0.7607771250486695 9.688896179199219
-0.5439458512941715 0.7726022541665981 -0.32742734723378036 147.65350341796875 -0.7839232409243885 -0.32869830018125934 0.5267084390785419 229.56680297851562 0.29931131485204926 0.5431787774891819 0.78445493974281 9.513389587402344
-0.9366242758340092 0.23175727208559693 0.26272330074407246 146.8515167236328 -0.2683230983440288 -0.9567220633218155 -0.11263040641100616 229.35025024414062 0.22525026262688 -0.1759871029044184 0.9582749390429821 9.455411911010742
-0.7323057291234556 -0.12777742888121918 -0.6688805930519058 146.0888671875 0.6652420787961146 0.07568954413657068 -0.7427813066491524 229.14393615722656 0.14553795275455894 -0.9889105225332084 0.02957503560621165 9.379226684570312
-0.3236239088109004 -0.20859753377370777 -0.9229055393427221 145.11785888671875 0.9418135332193875 0.022644033119145257 -0.33537220577876214 229.36874389648438 0.09085611862041748 -0.9777393909767703 0.18913182979500504 9.246536254882812
-0.8775302822539216 0.42485955774623063 0.22233973985554262 143.99923706054688 -0.45441749500659834 -0.884852625426669 -0.10266728547818593 229.10830688476562 0.1531187250445914 -0.19112871962949085 0.9695485901044415 9.195340156555176
-0.6612926893151223 0.6339503009990739 -0.400997499894397 143.1343994140625 -0.7122670242427018 -0.36297887178740784 0.6007678626660944 228.70428466796875 0.23530334726650143 0.6829006915351048 0.6915771686992392 9.20391845703125
-0.9750489941113292 -0.10912939820333616 0.19331382136376868 142.68408203125 0.14108077100897404 -0.9769712131867521 0.1600733102547684 228.665771484375 0.17139333456700934 0.1833521831126742 0.9679908583317395 9.147478103637695
-0.6722102726874823 -0.6876844202194545 -0.2742690056875794 142.07620239257812 0.7106312355897884 -0.4953877815200875 -0.4995940281115626 228.55657958984375 0.20769351529971153 -0.5307363602656584 0.8216947849380631 9.041309356689453
-0.994494944706809 0.08168977986104045 0.06562457480895378 141.32115173339844 -0.08099635810912714 -0.9966274769025039 0.01316291214008062 228.3095703125 0.06647852980970062 0.007775098018944834 0.9977575621989226 9.060887336730957
-0.9646279285311208 -0.1774084311216036 0.19498514831835217 140.65634155273438 0.20755710335778516 -0.9671344801042012 0.14687050840553975 228.21401977539062 0.16252079357265103 0.1821459468682937 0.9697473102287876 8.941320419311523
0.4788398107985981 -0.8502539983575849 -0.21858768005379986 140.28750610351562 0.8598335867754529 0.5044705703829986 -0.07871243021474725 228.09970092773438 0.1771966101459681 -0.15025838377405645 0.9726375375536284 8.92288589477539
-0.677407796969715 -0.5758610297696822 0.45771470480774223 139.44393920898438 0.7188655586628854 -0.650226527573283 0.24584094737917148 228.27450561523438 0.15604802200904455 0.4955699115489074 0.8544351804522523 8.85650634765625
-0.8695278614557193 -0.4761683868431586 0.13109143955051894 138.60992431640625 0.4528573815640223 -0.8746167460363096 -0.17310615100519955 227.98927307128906 0.19708244496966454 -0.09115489522807568 0.9761399976236695 8.889566421508789
-0.9936558423837323 -0.027951943827660378 0.10893463972920289 137.90895080566406 0.08545385763059452 -0.8173684518891813 0.5697424436289906 227.49392700195312 0.07311432905201276 0.5754367929603901 0.8145715390281786 8.806991577148438
-0.009935866619419753 -0.9979926990349743 -0.06254479376741298 137.40870666503906 0.9918854502887533 -0.01776451120879957 0.12588755159661225 227.27703857421875 -0.12674593508274093 -0.060786469007498366 0.9900709434811235 8.623565673828125
0.3750682648637704 -0.7512392521590643 -0.5431053145639162 136.7218475341797 0.9139689150182402 0.20180381365775407 0.35204551292917685 227.40499877929688 -0.15486968416207653 -0.6284224747800449 0.7622995304464396 8.517845153808594
-0.9797889690122058 0.07637648908496582 -0.18487890122199682 135.89620971679688 0.10911356847241456 -0.5705657662094331 -0.8139710901531197 227.31517028808594 -0.1676538260142442 -0.8176926918744575 0.5507003325565447 8.391929626464844
-0.59998142728327 0.781110017854477 0.17288558911172805 135.22811889648438 -0.7914991510274483 -0.5481240168198043 -0.2703500621567381 227.17999267578125 -0.11641039832403008 -0.2990438131657334 0.9471121459306384 8.375755310058594
-0.20051746320711428 0.7409801919532956 -0.6408908659684898 134.56822204589844 -0.9778755719309508 -0.19117572504294644 0.08491883168661546 226.9503936767578 -0.05959960377132989 0.6437392308125713 0.7629205004082269 8.361656188964844
-0.6778125687001766 0.5370524192558341 -0.5021402400560264 134.32333374023438 -0.7335987629625238 -0.539541963987473 0.41319163117903873 226.63955688476562 -0.049020166176002605 0.6484359398336861 0.759689314943998 8.277969360351562
-0.8312246439303618 -0.18008213014913632 0.5259619926608698 133.9366455078125 0.5520513075413253 -0.15571576250845826 0.8191409861240753 226.72018432617188 -0.06561208093603216 0.971248180285224 0.22884935465909578 8.223434448242188
-0.8919852708889584 -0.22055723686387327 0.39460965748968274 133.61614990234375 0.43399511498848875 -0.6621208526805344 0.6109371625721669 226.52037048339844 0.12653267041867028 0.716205614130869 0.6863228115137546 8.233718872070312
-0.9791774304651008 0.1701063243035234 0.11079439561506335 132.87484741210938 -0.13989096323540534 -0.9608972312902543 0.23897077081474646 226.28338623046875 0.1471124674282677 0.21849565059897216 0.9646852194350749 8.247238159179688
-0.9711115740095361 0.16001273437403826 0.17702608752063914 132.49269104003906 -0.2014532323149192 -0.9473771055459385 -0.24878347026535172 226.1419219970703 0.12790193905720393 -0.2772589849320368 0.9522439546985132 8.254741668701172
-0.9862470861414422 -0.02408328796717359 0.1635135478124208 132.22743225097656 0.0270816388292183 -0.9995030415879379 0.0161324113134002 225.83248901367188 0.1630437668720838 0.020338758495816282 0.9864091772621595 8.24433422088623
-0.8284417950456046 0.5406021201718851 -0.14640198047594605 131.77297973632812 -0.5229694646658596 -0.6530993205079071 0.5476898908864527 225.89935302734375 0.2004672822400725 0.5302929616898313 0.8237731748081546 8.218143463134766
-0.9252445714212038 0.37626820107088843 -0.04842234936958685 131.27987670898438 -0.3370309501214628 -0.7566616845673036 0.5602439056054017 226.2852020263672 0.174162630078375 0.5346824627483565 0.826911145355736 8.707622528076172
-0.9505871449772975 0.11562800086909308 0.2881219276954251 131.0160675048828 0.21504575298037204 -0.4241273772512523 0.8796995464310976 226.0928497314453 0.2239182974413113 0.8981904771711794 0.3783047221354678 8.18438720703125
-0.9291897657628884 0.36208510924568327 -0.07416706050565874 130.658203125 -0.08872822246153189 -0.023728635278310924 0.9957731942599407 225.8159637451172 0.35879476269913047 0.9318429725712215 0.054175573179285785 8.156265258789062
-0.7993289303037936 0.45496696571830275 -0.3925281152789875 130.1526336669922 -0.4641311494272554 -0.052571106590680636 0.8842050411998149 225.48948669433594 0.38164844727933595 0.8889551950784204 0.25318594714628195 8.164703369140625
-0.2696888119894857 0.9551208940249253 -0.12252355889675762 129.75474548339844 -0.9439606946851992 -0.23708016108958263 0.22963275922039925 225.29852294921875 0.19027914120348585 0.17758680979950334 0.9655344496226423 8.66714859008789
-0.18101535491877785 0.8010379901226691 0.5705888008573807 129.23846435546875 -0.9311066924654904 -0.32638809040859784 0.16282242377941575 224.89511108398438 0.3166603362115368 -0.5018056922949996 0.8049330895488971 8.221508026123047
-0.7193704345609303 0.13346277926217118 0.68168457840209 128.90028381347656 -0.6186647792917875 -0.5693322453602784 -0.5414006697972098 225.04502868652344 0.31584817356359995 -0.8112018743473419 0.49212950563027336 8.274459838867188
-0.9578153436451741 -0.2628406154649585 -0.11620920075398035 128.568603515625 0.03401684645255472 0.2978345805346526 -0.9540112246693803 225.4102783203125 0.2853640160134077 -0.9177196595364782 -0.27632952224644813 8.329048156738281
-0.9201487032225815 -0.23631432487335324 -0.3122209214922233 128.1005859375 0.08949405300165068 0.6493349885123356 -0.7552184367261056 225.57144165039062 0.38120490347730257 -0.7228551808995604 -0.5763360209214101 8.273330688476562
-0.7468189924565043 -0.5202307607970001 0.4142720700540005 127.51283264160156 -0.5496620493496945 0.13221519895471648 -0.8248580318273316 225.49703979492188 0.3743434572834768 -0.8437292792631649 -0.38469192778522737 8.335212707519531
-0.0550771577788422 0.8420933750862479 0.5365121194594364 126.9573745727539 -0.9184741196896063 -0.2534805561401824 0.3035669598610277 225.19119262695312 0.3916271162105702 -0.47605289127860145 0.7874019599631925 8.388306617736816
-0.37314781660203805 0.9042173541139312 -0.20772983291846453 126.72386932373047 -0.8761035034701309 -0.2697438549886246 0.39960093080877346 224.97531127929688 0.30529225042980374 0.3311030492385676 0.8928423223685293 8.462600708007812
-0.9473480961299117 -0.11062112713266432 0.30049051730617204 126.54547882080078 0.20043993984432834 -0.936698029673956 0.28708993664029897 224.8868865966797 0.24971066311680404 0.33220440610688434 0.9095519871282446 8.501705169677734
-0.6696253918277933 -0.7424203054195561 0.020345139965294787 126.20945739746094 0.7148631474406394 -0.6517157489744375 -0.2534507111253603 224.8060302734375 0.2014262024929655 -0.15517304095564124 0.9671343300234161 8.512250900268555
-0.7540580013356646 -0.5741750281622248 -0.31893505241125736 125.51849365234375 0.6488855390862144 -0.5760471381082319 -0.4971088933444146 224.6007843017578 0.10170588865181784 -0.5818012819788421 0.8069468263159103 8.547195434570312
-0.974341514299082 -0.22246792431016787 -0.034156056073515725 124.92200469970703 0.21046616082912095 -0.846768110151885 -0.4885568163229898 224.4402313232422 0.07976596178334676 -0.4832098822281374 0.871863292642744 8.616691589355469
-0.9917950886195094 0.003965201581108333 0.12777628640182484 124.25717163085938 -0.05377909603236035 -0.9197129518696602 -0.3888905951461653 224.46511840820312 0.1159754759428137 -0.3925714754533468 0.9123800335606981 8.519798278808594
-0.9341307272044188 -0.3429833216042606 0.09880397559740213 123.77820587158203 0.34945144861130295 -0.9351899780956547 0.05747512447059879 224.39137268066406 0.0726874786741538 0.08821647221895293 0.9934457128969036 8.568554878234863
-0.9320190344825388 -0.347006578436165 0.10453207107994159 123.2439193725586 0.3595014756554745 -0.8487817479961401 0.3877218503903966 224.15493774414062 -0.045817118676020584 0.39894357845520273 0.9158301222637225 8.620147705078125
-0.9777573277084067 -0.17548338624579427 -0.11487466763488148 122.5733642578125 0.12411169362354543 -0.9256003659272362 0.35757551664125675 224.0355987548828 -0.16907659689741303 0.3353647920505012 0.9267920805846983 8.552508354187012
-0.9903576929099012 -0.1380314273963333 0.01178834785322266 121.98761749267578 0.1240725439971627 -0.8459058074529626 0.5186996903251663 223.77349853515625 -0.061625026736302047 0.5151608389311847 0.8548752342368259 8.736774444580078
-0.953363685887389 0.28296470814465824 -0.10501740987007882 121.21002960205078 -0.2677485784321255 -0.9534870951651028 -0.13846681227351929 223.46701049804688 -0.13931396620148204 -0.10389096831882202 0.9847833698448556 8.687007904052734
-0.6023209919967909 0.6487147972147206 0.4651650615369406 120.53256225585938 -0.7829324939942356 -0.3664682261139547 -0.5027104028134464 223.453857421875 -0.1556474620672242 -0.6669858702578004 0.7286313995625475 8.790374755859375
-0.9781134741510426 0.15892384641405485 -0.13430280237262202 119.87616729736328 -0.12767062379519425 -0.9680706345754525 -0.2157300588523228 223.59762573242188 -0.16429924985806735 -0.193861954786499 0.9671728382158142 8.886554718017578
-0.17604412975991496 -0.9753025399191051 0.13339197878589507 119.41529083251953 0.9473849959838598 -0.1310634677679297 0.2920343075758514 223.43955993652344 -0.26733898661013955 0.1777844848235844 0.9470599469908314 8.966787338256836
-0.9366735886165317 -0.29332058090306373 -0.19132596584603304 118.4241943359375 0.23777420582321865 -0.9337655018450212 0.2674797461664217 223.39903259277344 -0.25711090103954326 0.20504883414154043 0.9443775517153238 9.289168357849121
-0.9480526723362519 0.13845830571192527 -0.2864008171347881 117.67965698242188 -0.12293685985893389 -0.9898299537143112 -0.07157647111970247 223.12643432617188 -0.2933984644883408 -0.03264904760184888 0.9554325621029336 9.431755065917969
-0.745997515023757 -0.22595988847265058 -0.6264422051393144 116.84442138671875 0.26247462197679483 -0.9642945692244376 0.03525700756438626 222.63320922851562 -0.61204148584595 -0.1381235409540453 0.7786700887011122 9.066413879394531
-0.6509845560914591 -0.12704419479297388 -0.7483841796161986 116.09921264648438 0.17058611867045895 -0.9851623688174465 0.018854261665357273 222.37557983398438 -0.7396752556678868 -0.11539011931444812 0.6629974634319828 9.101570129394531
-0.743317717897303 0.3749900645850583 -0.5539505589151791 115.11349487304688 -0.17585738520157695 -0.9085183368828137 -0.37903642518595804 222.30252075195312 -0.6454091340614957 -0.1843281937474027 0.7412625490740851 9.125526428222656
-0.7712317628814073 -0.24109604335138707 -0.5891300924270828 114.41610717773438 -0.06295630477840965 -0.8920711200973811 0.44748812316848374 222.41197204589844 -0.633433557377161 0.38220650775269405 0.6728150665821961 9.200692176818848
-0.7150681593671211 0.5946295138877388 -0.3675503620906245 113.65677642822266 -0.4890883186901024 -0.8012256942162033 -0.34471728046132555 222.38999938964844 -0.4994698629348988 -0.06673176261267785 0.8637573315916912 9.426078796386719
-0.3360149825387666 0.8862729600899977 -0.3187697785593635 112.66096496582031 -0.674718994073084 -0.4626477968205016 -0.5750750343512935 221.6765594482422 -0.6571515887118267 0.02184619670444299 0.7534417914763376 9.294002532958984
-0.9163690834478011 0.2646261602276291 -0.3004008958445667 112.26441192626953 -0.03051735398600877 -0.794366083488278 -0.6066722480130331 222.0807342529297 -0.3991696306167713 -0.5467682513887173 0.7360082100537976 9.33404541015625
-0.8798196605941496 0.20795152284815896 -0.4274032393152012 111.4796371459961 0.11029588660909426 -0.7853450297659065 -0.6091535123588316 222.03941345214844 -0.46233341024536534 -0.5830860557131503 0.6680257999536932 9.43695068359375
-0.7427045162277899 0.5285871385678824 -0.41107862814243057 110.59890747070312 -0.5938749259911322 -0.8035781833048361 0.03968218234329074 221.8939971923828 -0.30935832598116964 0.27360142590475883 0.9107357936794902 9.451040267944336
-0.9459603637619797 -0.3150089486035413 -0.07699579528126815 109.95171356201172 0.2762096296100201 -0.9070880112047822 0.31764694306611685 221.8812713623047 -0.16990359237520244 0.2792144377145367 0.9450778100610322 9.594523429870605
-0.7888259621937634 0.6003362209597523 0.1317194866860896 109.07646179199219 -0.6072123164585892 -0.7280499499514941 -0.3181767953773831 221.73484802246094 -0.09511468924449848 -0.3309678113946891 0.9388362496785752 9.574485778808594
-0.9994213706775371 0.029655799431131565 -0.016657052354292982 108.22461700439453 -0.007968624501391611 -0.6802327925187482 -0.7329528286361282 221.6700897216797 -0.03306697531660526 -0.7323959868419858 0.6800755058088513 9.656036376953125
-0.8438759362253375 0.2280649116921782 0.4856539923800164 107.19837188720703 -0.5336383182952438 -0.2627810639572149 -0.8038508926862856 221.63241577148438 -0.055709510021486525 -0.9375140044182556 0.34345879230675225 9.692939758300781
-0.4800359437394581 0.588702160089852 -0.6503808572088434 106.190185546875 -0.8772303711906347 -0.3269428799056975 0.3515326857344987 221.95201110839844 -0.005689339057309006 0.7392821653364234 0.6733717483207772 9.669715881347656
-0.4425396324824729 0.2640895780133171 -0.856980378110856 105.21502685546875 -0.8955634297241096 -0.0810305868673123 0.4374930711825373 221.70497131347656 0.04609573758025248 0.9610883095619709 0.2723682143720985 9.637763977050781
-0.15496271135645448 -0.19455445256853782 -0.9685737571681429 104.42256927490234 -0.9815504139095128 0.1414758446376878 0.12862103380908002 221.2608184814453 0.11200599556773672 0.9706354363868079 -0.2128884839230876 9.69976806640625
-0.978245957729297 -0.019672413205984257 0.20651354034286262 103.5355224609375 -0.1837882948838734 -0.37950946525913976 -0.9067493746578489 221.09555053710938 0.09621179163682864 -0.9249786818826554 0.3676380410303818 9.769859313964844
-0.7835612123575321 0.12461055474500815 0.6086904271753715 102.34100341796875 -0.6097692291003539 -0.34221452197521984 -0.7148920954882858 221.0474853515625 0.11921960296509546 -0.9313224095851089 0.34412970762988754 9.878646850585938
-0.6045135496428337 0.36337737703516204 0.7088866271536421 101.32516479492188 -0.7928354064404244 -0.3608099797862835 -0.4911498516553464 221.22332763671875 0.07730062478834365 -0.8589371573902641 0.5062129720400934 9.822059631347656
-0.6566285199145901 0.7460226390261474 0.11085670433147995 100.3960189819336 -0.74622509664557 -0.6639538638630486 0.04809752382023584 221.25425720214844 0.10948557882700499 -0.0511418490259298 0.9926718588270369 9.850133895874023
-0.8860321137168485 -0.4205250120220677 -0.19520708933410458 99.54731750488281 0.4496185194087243 -0.6766804028979667 -0.5830495856602179 221.2050323486328 0.11309412216008352 -0.6043693792687425 0.7886364009701522 9.898681640625
-0.07475123569380071 0.41421088879769524 0.907106163777798 98.9059066772461 -0.9769876737469723 -0.21264945718001216 0.016591977203639696 220.90638732910156 0.19976821095642266 -0.8849912699922353 0.420574742380948 9.887687683105469
-0.19448400114734882 0.8498923193795433 -0.48975403904141357 97.78889465332031 -0.9462491167535583 -0.031009326554979122 0.32194880137953275 221.1245574951172 0.2584348705976598 0.5260432179263098 0.810240674449823 9.778923034667969
-0.9281813038328167 0.317371029502312 -0.19430670819056944 97.12380981445312 -0.2752025702213341 -0.2339520823892102 0.9324859079306904 220.9957733154297 0.250485553592985 0.9189896913341276 0.3044912718992468 9.787223815917969
-0.3514201408358672 0.8452261447658779 -0.40261228100880186 95.96342468261719 -0.8384062157002824 -0.09274552882001474 0.5370970902537335 220.87583923339844 0.41662801404854033 0.5262993740145498 0.7412355002439254 9.812568664550781
0.37105021045228437 0.8524018125967883 -0.3684194500905525 95.04566955566406 -0.8194186783803146 0.4872061857527845 0.3019654981710356 220.42501831054688 0.43689217301843936 0.18984541723711112 0.8792519244842704 9.751884460449219
-0.31177943713288897 0.9059366080758972 0.28648288732320015 93.896728515625 -0.893534953320417 -0.3820824861867666 0.23581403890358132 220.61614990234375 0.32309266437939976 -0.18246050503404215 0.9286114872899984 9.78116226196289
-0.8471870353603929 0.2638470899100808 0.46114947713648147 92.8697280883789 -0.34273583599026375 -0.9346262324681528 -0.09489969605031237 220.66110229492188 0.4059633897845021 -0.2384502437163115 0.8822330799886776 9.64188003540039
-0.8918766176065925 0.026330876952633156 0.4515116652817833 92.18671417236328 -0.21164003024645656 -0.906557618296964 -0.36518732495120226 220.4648895263672 0.3997056373931982 -0.42125997866714243 0.8141102098668558 9.678976058959961
0.17206408337219237 -0.7589943667862632 0.6279502387928572 91.42931365966797 0.9257785377983064 -0.09325280247870837 -0.3663850621707939 220.43582153320312 0.3366423178468756 0.6443845637634301 0.6866152371001513 9.628555297851562
-0.3475339745916023 0.2290595980501759 0.9092589493899172 90.32763671875 0.8809718413858942 -0.2523115831474161 0.4002842486218911 220.3961181640625 0.3211055141066732 0.9401439068306177 -0.11410820855465524 9.617462158203125
-0.888503306673675 0.10409190542583001 0.4469079874591256 89.0726547241211 -0.25591699642145316 -0.9208046114546716 -0.29432186202596927 220.02259826660156 0.3808784123215279 -0.3758772974637226 0.8447768298662084 9.678770065307617
-0.8688654059351103 -0.24119286158840753 0.4323180656507563 87.91525268554688 -0.38674285462195296 -0.21444292025898 -0.8969081326142962 220.09188842773438 0.3090353875660186 -0.9464883715448364 0.09304241915559087 9.478004455566406
-0.9607310256083381 -0.26553364387166684 -0.08054675912651922 86.9437026977539 -0.14329163151487606 0.7233393073490313 -0.6754611423180674 220.28140258789062 0.2376202953692207 -0.6373947994893419 -0.7329832636647211 9.576629638671875
-0.5334861906074816 -0.8453700980753193 0.027237505598766323 85.97705078125 0.8161827116004695 -0.522981217760144 -0.2456347433785002 220.5518341064453 0.22189697094738015 -0.10881196234900833 0.9689797165751899 9.599903106689453
-0.8495714775110068 -0.27564632641949965 0.4497192539031432 84.8340072631836 0.5162372231804537 -0.6095521231914172 0.6016189313143081 220.20066833496094 0.10829327773550662 0.7432801032210337 0.6601569920503989 9.612098693847656
-0.35130625513390745 -0.711424805834151 0.6086531530745819 83.64286804199219 0.9341891719360031 -0.3095721365985198 0.17735750133375283 220.13497924804688 0.06224553109512898 0.6309039846804487 0.7733599782591658 9.511985778808594
-0.9956078226377562 0.07618554994492131 0.0544134678374382 82.39397430419922 -0.061496412667563324 -0.970412243289935 0.23349147586585772 220.0120086669922 0.07059217188560483 0.22911970681847854 0.9708351586216311 9.320257186889648
-0.13274122560948565 0.9821606840156545 -0.13319218369556607 81.44438171386719 -0.9705298641313305 -0.10153173745250366 0.21854768156879878 219.77540588378906 0.20112570659394302 0.1582772790509669 0.9666937224805536 9.357177734375
0.42574549429167247 0.8256011622546774 -0.37030189707057287 80.63790893554688 -0.8916389597280973 0.45245052806636227 -0.01638551639303057 219.43722534179688 0.15401538749532734 0.33715165806532166 0.9287669351772103 9.329925537109375
0.4450480531304652 0.7296028999618628 0.5192415996162313 79.81634521484375 -0.8831612025796552 0.26165113700051484 0.38931346337417483 219.2650909423828 0.14818407695444144 -0.6318372344786098 0.7608043036573744 9.211769104003906
-0.3963194057434626 0.8575903851640304 0.3278256547394645 79.03767395019531 -0.9002565666556105 -0.4330727307317902 0.0445659521379554 219.3078155517578 0.18019168356114784 -0.2774648467296718 0.9436865030319543 9.168161392211914
-0.429715412692521 -0.767909737997337 -0.4750361021894629 78.51322937011719 0.9000723478976025 -0.3222016707263621 -0.2933527772686637 219.20887756347656 0.0722110285523869 -0.5536250695822963 0.8296293447590942 9.138992309570312
-0.9675105734128003 -0.1962313144925266 0.159425724232226 77.72808837890625 0.25278033949643935 -0.7633392822856607 0.594487375882514 218.8763885498047 0.00503887869466059 0.6154725106226497 0.7881422450099683 9.032283782958984
-0.8608529265203281 -0.5059469877421559 0.05431283914532123 77.01990509033203 0.5036082108878224 -0.8318252539207892 0.23333563136816693 218.75343322753906 -0.07287666861042233 0.22822005287496827 0.9708782614921365 8.969990730285645
-0.39419720015571946 -0.8465256643471227 -0.3577748831193353 76.41121673583984 0.9130317984806483 -0.40512152488871767 -0.04742873638452577 218.51138305664062 -0.10479266363913264 -0.3453561200753542 0.9326026206128273 8.876300811767578
-0.20927493879562453 -0.9770235269989803 0.04036121507784998 75.79859924316406 0.9709395230598595 -0.20271667172583752 0.12721003720104562 218.46176147460938 -0.11610530802844465 0.06581017166724203 0.9910542763909291 8.781278610229492
-0.6389951466502722 -0.7686654595137553 -0.028958831259297223 75.05939483642578 0.7681513356576083 -0.6396379071941297 0.02840551368566176 218.2167510986328 -0.04035750345139828 -0.004093779527666711 0.9991769177099465 8.645024299621582
-0.9693722597938488 -0.21393827721882305 -0.12061440827201819 74.19092559814453 0.24424593129549718 -0.8912009895836988 -0.3822364728942429 218.0651397705078 -0.025716667508881207 -0.39998901198117687 0.9161590709623301 8.570915222167969
-0.9948912034504829 -0.08583831564658559 -0.053134516689314334 73.50772857666016 0.09893575274063046 -0.9337236238720483 -0.344052192338451 217.98243713378906 -0.02008009279098868 -0.3475514030905455 0.9374458982166909 8.510917663574219
-0.9985524753700876 0.03966617564369868 0.03632558935618085 72.8812484741211 -0.05349640976626995 -0.6624325717020108 -0.7472089547712739 217.84146118164062 -0.005575668066695792 -0.7480706400187509 0.663595682224912 8.457115173339844
-0.606253895538846 -0.5383167636399506 -0.5853813083180768 72.3089370727539 0.7952711537635788 -0.41029902020820985 -0.44631659840042787 217.50526428222656 7.83295586029853e-05 -0.7361180448816564 0.6768531730472184 8.3133544921875
-0.016238979169830692 -0.8925542985934781 -0.4506474449254387 72.0799331665039 0.9995866589140864 -0.025185778913336565 0.013863183671241425 217.31329345703125 -0.02372355109370955 -0.4502360498703242 0.8925943605696102 8.216064453125
-0.47776902494003304 -0.8683750807666273 -0.1328964932246289 71.62344360351562 0.8783687367813502 -0.4697413370125756 -0.08838234295815584 217.17779541015625 0.014322047793012438 -0.15895847069342225 0.9871813833039109 8.210296630859375
-0.8744038801892834 0.39691071001713624 -0.2790694225163668 70.79938507080078 -0.48179744740690417 -0.7782651274022069 0.40270908996671334 217.11070251464844 -0.05735044883971749 0.48658532627209367 0.8717486141512146 8.134868621826172
0.37623924267020337 0.06317814966545687 -0.9243660279779872 70.11138916015625 -0.9212940328847087 0.13135058999717514 -0.36601137615984475 217.07078552246094 0.09829210164596736 0.9893207487525182 0.10762489880030407 7.984916687011719
0.2286098632819251 -0.03263122677613922 -0.9729710856183259 69.79834747314453 -0.9460959775046647 0.22809572747236587 -0.22994508139628717 216.97496032714844 0.22943393768078957 0.9730917439522013 0.02127266067870104 7.89654541015625
-0.9393432932380154 0.28918805670490244 0.1844029427856361 69.82584381103516 -0.1644773016692237 -0.8516149385827031 0.4976938955004274 216.99179077148438 0.30096743126852055 0.4371753243745824 0.8475236522207552 8.469078063964844
0.6253605396043223 -0.5753148036491887 0.5271973750009444 69.78067016601562 0.7710888622614552 0.3518933988861717 -0.5306533730380617 216.74935913085938 0.11977546494222219 0.73836570378264 0.6636790831986807 7.912994384765625
0.21659622540928025 -0.9641962666617668 0.15300860921517898 69.34910583496094 0.9697856541787996 0.19447858157292763 -0.14728837787951882 216.60079956054688 0.11225800678548521 0.18028766087809017 0.9771870339129847 7.929815292358398
-0.9980251122414437 0.005253891108044383 0.0625961018249366 68.59880065917969 -0.011857105354813793 -0.9943390275923502 -0.10559028013649645 216.44284057617188 0.06168698718577416 -0.1061239597589713 0.9924376155592944 8.026651382446289
0.927019178375064 0.3599951438308105 0.10506635685630045 67.41268920898438 -0.3076934681762776 0.569982473873369 0.761869220482655 216.22727966308594 0.2143832376061045 -0.7385956105308428 0.6391528389501968 7.9397430419921875
0.7270073705337464 0.6864446247902914 0.015939268682211433 67.04058837890625 -0.6635454919588121 0.6964077629594554 0.27335619215767704 216.34088134765625 0.1765436583135909 -0.209308396358872 0.9617808128273984 7.90455436706543
-0.7483441148869118 0.6474745391184148 -0.1440756985321308 66.94493103027344 -0.6501781867807791 -0.6730080444852874 0.35260246382087007 216.5592803955078 0.1313370136274742 0.3575428551257683 0.9246154311928451 7.842769622802734
-0.9983307636880807 0.004044668489338228 0.0576136002241191 66.86186218261719 0.00286601731008584 -0.9928464691779115 0.1193636233771923 216.4656524658203 0.05768424584539136 0.11932949885826753 0.991177581709495 7.943896293640137
-0.9868149022556074 -0.09069263081861088 0.13405668726869077 66.57083129882812 0.07689924321624851 -0.9915240456491272 -0.10472140799452721 216.37269592285156 0.14241788890102489 -0.09303178819514933 0.9854248988665695 7.74392032623291
-0.4645000341084926 0.8074100012714761 0.3637702683837755 66.16294860839844 -0.802756969961811 -0.5573434511127628 0.21201302950396128 215.8785400390625 0.37392641721459224 -0.19353905897391954 0.9070400581895754 7.509320259094238
0.41473273186106746 0.8991797089548139 0.1395443016643538 65.60362243652344 -0.8060249891126343 0.2918555610923022 0.5149214002015018 215.37127685546875 0.42228009430830815 -0.32603095322903575 0.8458033692812607 7.708187103271484
-0.8616528555645736 0.30829949925967054 0.403120050671822 65.24017333984375 -0.35183161772217225 -0.9353439613296876 -0.03669041802823844 215.7252960205078 0.3657442675810725 -0.17344478303000074 0.9144113067822711 7.820287704467773
-0.5393526192017712 -0.8293011137493168 0.1461451843008578 65.30785369873047 0.7539382200710688 -0.5528710469802036 -0.35483907018123306 216.25074768066406 0.3750678771585987 -0.08119894177362219 0.9234342528727132 7.831362247467041
-0.7339222004470878 0.5689443682507866 0.371026292230912 64.50843811035156 -0.5130591627190884 -0.8223182889281879 0.24609536209405758 216.42225646972656 0.44511627609074556 -0.009743589170865985 0.895419769286549 7.896461486816406
0.2449977367262673 0.9587153530321477 0.14436405667426705 63.90100860595703 -0.8667389565988854 0.14985970570895196 0.4757159338499202 216.0082244873047 0.43444181441578794 -0.24167527897008972 0.8676712334875736 7.984943866729736
0.019640730792845007 0.8805009880059012 -0.4736372576292485 63.62055969238281 -0.927569539613351 0.19284565541884513 0.3200395325073958 215.7746124267578 0.3731340119520055 0.4330456827018464 0.8205135256763856 8.058349609375
-0.9219239343812288 0.3835846053989429 -0.05402878599388408 63.443153381347656 -0.19618207625965567 -0.3420740818474261 0.9189656769883688 215.55238342285156 0.33401923922056687 0.8578159319044952 0.3906187076950309 7.9956207275390625
-0.39729460191198557 -0.1179600271622131 0.9100782555821708 63.3181266784668 0.8816801475459813 -0.3241471416388709 0.3428829946069746 215.5109405517578 0.25455277785735075 0.9386234935048451 0.23278492375123128 8.027999877929688
-0.300332275195752 -0.9252627939831107 0.23170948738951358 62.827972412109375 0.9065049212534818 -0.35245164783109684 -0.23243636480629196 215.48562622070312 0.29673111097248006 0.14023764833921212 0.9446078814880413 8.10759162902832
-0.8952360258898603 -0.44540607683723876 0.012879622098063231 62.22064971923828 0.23580487913518933 -0.4980813413946134 -0.834452536895048 215.46766662597656 0.37808533021656354 -0.7439948951914941 0.5509292867546884 8.113868713378906
-0.2903664472070011 0.8490037095031172 0.44145218040726736 61.60215759277344 -0.8713217150231077 -0.4252882406451981 0.24480273956412815 215.61166381835938 0.3955828551208636 -0.3135643691793739 0.8632448037002988 8.206626892089844
-0.18582321271221458 0.9780117345613786 -0.09467196352434612 61.07292175292969 -0.9224211151079056 -0.1404374463265985 0.3597452015973973 215.5094757080078 0.3385395398183193 0.15417642728221392 0.9282352122442314 8.334043502807617
-0.6698136218475583 0.7098769921810347 0.2177713662524587 60.555667877197266 -0.710181213160283 -0.6980843049068295 0.09121922887712071 215.64764404296875 0.21677720466332212 -0.09355725100041788 0.9717276801262791 8.43602180480957
-0.9547965877656129 0.2793126196843122 0.10172480757528231 60.10451126098633 -0.27408420053668814 -0.959674703987743 0.062468500399814664 215.57986450195312 0.11507096509244195 0.03176354846555819 0.9928493087984548 8.5198974609375
-0.07800951890774788 -0.5881821401500846 0.8049573187245693 59.915252685546875 0.9887664554844628 -0.14890393177232186 -0.012981356301848712 215.38800048828125 0.1274967115986666 0.7949021254916921 0.5931906939764957 8.33917236328125
-0.2396298776252232 -0.12188936456562621 0.9631824876704873 59.23435974121094 0.9705977365131062 -0.053323782176180445 0.23472666684904392 214.99462890625 0.022749848899615233 0.9911102648344507 0.13108351274980984 8.375
-0.771214444351188 -0.20139109523644788 0.6038790504592391 58.492774963378906 0.6362319535135195 -0.2750135607312322 0.7208165111471154 214.84178161621094 0.020908901273357927 0.9401112530830553 0.3402258803708914 8.471824645996094
-0.9305698467573299 -0.3620275610535711 0.05455094264668639 57.8514404296875 0.36610848999782203 -0.9193200027275502 0.14427510574084224 214.2869415283203 -0.002081791909361013 0.1542296262804893 0.988032837774042 8.452713012695312
-0.6356455076082896 -0.21634026071711543 -0.741047690941852 57.1455192565918 0.7632773449783528 -0.319864755433816 -0.5613325510551317 214.06361389160156 -0.11559620798363884 -0.9224334283969309 0.3684482146458139 8.566375732421875
-0.38601921350849333 0.6677592618288882 -0.6364642449062028 56.473594665527344 0.9099534460162712 0.1622664714076864 -0.38164685029489226 214.12258911132812 -0.15157141183415038 -0.7264758499073711 -0.6702678170820718 8.684738159179688
-0.30805769619445994 0.9464470417323467 -0.0966356715268811 55.84905242919922 0.9190694653144531 0.2698178618836304 -0.2872449117654678 214.26881408691406 -0.2457880667200241 -0.17730290072256466 -0.9529700455173801 8.778305053710938
0.12221370058661082 0.3323231002168297 -0.9352139693413488 55.32990646362305 0.9650106212556884 -0.26003547758787526 0.033705359504922094 214.17282104492188 -0.23198774159993168 -0.9066106702757919 -0.3524752193976801 8.732421875
0.13520347749484413 -0.6020227631365016 0.7869489261310376 54.69480895996094 0.9662297920796672 0.25595290691300504 0.02980097885080646 214.10086059570312 -0.21936273286724167 0.7563443012995302 0.6162980523421611 8.878379821777344
-0.4004378523456193 -0.5566819901314333 0.727842488641694 53.78852081298828 0.8590167452132795 0.04843506338680606 0.5096511317341492 213.70004272460938 -0.31896670335947463 0.8293124902580586 0.45880391852071833 8.867355346679688
-0.8510540906077038 -0.4416932277131481 0.283926095053335 52.927345275878906 0.07607387822613665 0.4313052493274272 0.8989930739189489 213.530517578125 -0.5195379677285668 0.7866910921670252 -0.3334627799223233 8.888427734375
-0.5436542962213434 -0.3450738069727903 -0.7650908926012525 52.20560836791992 -0.584466297597347 -0.4985730139629113 0.6401750516232168 213.3475799560547 -0.6023613144724065 0.7952037584727856 0.06936735066175229 8.948585510253906
-0.7369013442397258 -0.6667449879290345 0.11147883175382031 51.54008483886719 0.3529566122051241 -0.23884062715641513 0.9046417991228417 213.1536407470703 -0.5765397113455122 0.7059789486174795 0.4113340313547999 9.073616027832031
-0.41806294646477665 0.306803277792121 -0.8550410057589048 50.62459182739258 -0.6132161594039376 -0.7897438065810409 0.016451802721027142 212.9860382080078 -0.6702158716705189 0.5312028508045656 0.5182993504318025 9.049901962280273
-0.6204532283322574 0.234265305773591 -0.748436742793194 49.72710418701172 -0.05105654151098517 -0.9643838614485224 -0.2595322664844859 212.80406188964844 -0.7825797218309561 -0.12281504096991971 0.610315856496077 9.023380279541016
-0.44739005015579686 0.8639160242698288 0.2312817459969685 48.82476043701172 -0.24813480106523056 0.12854737272412387 -0.9601586813990924 212.9259490966797 -0.8592271315094235 -0.48695449066164065 0.15685681528881723 9.119346618652344
-0.4770977278432858 0.7883815191573071 -0.388371392275474 48.24250793457031 -0.08775802710759945 -0.4824365056425884 -0.8715236925646659 212.72344970703125 -0.8744577101066441 -0.3817192663130653 0.2993561674000709 9.20172119140625
-0.4085389965058707 0.9067855684258848 -0.1040952507491158 47.298736572265625 0.009025265610657918 -0.11002799363770688 -0.9938875113395468 212.61338806152344 -0.9126962435085582 -0.40698129380919446 0.036766745501348064 9.203536987304688
-0.40300587187795883 0.8765734743805308 -0.26306883366208833 46.677879333496094 -0.0942760172978161 -0.325678035992204 -0.940768754495345 212.9301300048828 -0.9103286767944578 -0.3543342502280945 0.2138900168800451 9.314994812011719
-0.43341159379629024 0.057743322683993736 -0.8993442605856624 45.805320739746094 -0.23057375367808297 -0.9718343835005538 0.04872037726554779 213.0820770263672 -0.8712003985752982 0.2284811583730938 0.43451838372010343 9.44321060180664
0.04769821027664413 -0.9903980512909152 -0.12975585048683735 45.07884216308594 -0.5758933656262832 -0.13340676572037302 0.8065664673712027 212.59719848632812 -0.816132165867782 0.036253756483803856 -0.5767269310312949 9.316136360168457
0.31273139894794455 -0.44740561491549347 -0.8378706868330882 44.49411392211914 -0.697713052163806 -0.7067620649021721 0.11697811955867826 212.16664123535156 -0.644511884259963 0.5480105832530129 -0.5331874264181075 9.392650604248047
0.42091776549636795 0.9044490777759763 0.06928275687160781 43.72589111328125 -0.8294875191910732 0.4146917054236827 -0.3741406753602664 212.177978515625 -0.36712217339161535 0.10001327493379711 0.9247803277758633 9.513410568237305
0.05562879955639821 0.884973094718609 0.46230732017142234 43.316749572753906 -0.9949270728565596 0.0880025287675209 -0.048740892765724686 212.38619995117188 -0.08381859195305236 -0.4572506714644491 0.8853791657184611 9.5333251953125
0.5938093486058337 0.7284378650089983 0.3417144046267993 42.40081787109375 -0.8017910906788394 0.5002231716783725 0.32696762136955804 212.40414428710938 0.0672421327469071 -0.46813999544704776 0.8810921860092084 9.542533874511719
0.18262317018737628 0.7290255249876086 0.6596745876773293 41.68824768066406 -0.957309234705695 -0.021063184244989652 0.28829736630198116 212.21482849121094 0.22407098620283186 -0.684162353674918 0.6940562419257442 9.641044616699219
-0.47681657204036526 -0.15795692515743776 0.8646939148753637 41.272884368896484 -0.7590524486849474 -0.42208313821109217 -0.4956664247084539 212.23939514160156 0.4432666655333565 -0.8926899989541071 0.08135864425035463 9.90228271484375
-0.4419627629404887 -0.5862637048159777 0.6789431379647737 40.34698486328125 -0.8060479907243047 -0.072588110859863 -0.5873819905403191 212.41136169433594 0.3936439416824813 -0.8068617196132436 -0.44047543926925004 9.744400024414062
-0.2718248230424098 0.9282837320728339 -0.2537726903094449 39.510643005371094 -0.8103207991802135 -0.07853136570438507 0.5807004623870586 212.66970825195312 0.5191256764926024 0.3634860896506701 0.7735543902251234 9.756355285644531
-0.565631361139996 0.7714969025753164 -0.2912965715754443 38.89130401611328 -0.5871418315080585 -0.12871874372943853 0.7991845560983255 212.5725860595703 0.5790730808700038 0.623076250814784 0.5257854626007782 9.852859497070312
-0.07367519223823427 0.0008742765611428616 -0.9972819068293346 37.86502456665039 -0.8171310403661307 0.5732293088468193 0.06086889475883789 212.474365234375 0.5717244344252079 0.819394529588459 -0.041518381009905236 9.970016479492188
-0.7931743535892354 0.39865979309308075 0.4603746454565892 37.30366516113281 0.3590367353846843 -0.304494261934361 0.8822561232960395 212.57308959960938 0.49190148144990004 0.8650743400540963 0.09838352874014468 9.806159973144531
-0.6225298953968362 -0.5648223568767429 0.5416938568134271 36.51817321777344 0.6384910186140721 -0.7668129101775657 -0.06578130383457917 212.3695526123047 0.45253259383868566 0.30491583421858226 0.8379979627400161 9.865547180175781
-0.8552395730729191 0.034428111058229544 0.5170879787995593 35.494441986083984 -0.22743476410431904 -0.9215024055496438 -0.31481223712402384 212.16217041015625 0.46565942568240143 -0.38684366575553764 0.7959354732250311 9.952217102050781
-0.5792412382157726 0.2587708626807692 0.7729923858471757 34.48709487915039 -0.6620357586145308 -0.7025986088113791 -0.2608904927589295 212.26722717285156 0.47559251704157535 -0.6628671326319965 0.5782896525187821 10.041175842285156
-0.6964495425782652 -0.690290250340162 -0.19610559637053163 33.9034423828125 0.6038001071851591 -0.41601431990251203 -0.6799687611936602 212.35780334472656 0.3877930700846983 -0.5919725128089708 0.7065303099463726 10.072402954101562
-0.010572268663716411 -0.9936179024446778 -0.11230178572373933 33.17041015625 0.8934667055382202 0.041042963737545124 -0.4472501774424663 212.15768432617188 0.44900498129751437 -0.10506635555246513 0.8873305966216545 9.967689514160156
-0.8620025585761104 0.38068527210129777 0.334709295678205 31.934066772460938 -0.3105417537612929 -0.9184764470525 0.24487718427954142 212.09835815429688 0.4006437422188193 0.10714354770576147 0.9099477193805824 9.999950408935547
-0.9507556193818699 -0.07945249994695053 0.29958480012506794 30.87019157409668 0.026332603159047615 -0.9837967695552062 -0.1773429170381739 211.84725952148438 0.3088208966774515 -0.16072092727744058 0.9374424981354401 10.009346008300781
-0.8641626666365155 -0.4959123236200771 -0.08540405653950196 30.174346923828125 0.42660990013741484 -0.6319739394021698 -0.6470030394219549 211.78224182128906 0.26688364261679925 -0.5955500879004542 0.7576893915750372 10.0787353515625
-0.8665612373716146 0.17004322470490116 0.469208827300739 29.199485778808594 -0.40966273686788623 -0.7793279596595005 -0.4741564861044011 211.651611328125 0.2850404601225748 -0.6031030036609987 0.7449957738592834 10.097450256347656
-0.9665883695767732 -0.07304967326287906 0.24570443430085237 28.26996421813965 0.1527325228721082 -0.9339322037050661 0.32317706499645027 211.8096923828125 0.20586330478265474 0.3499062504711591 0.9138850669669455 10.049842834472656
-0.6302969052020578 0.0722661430214534 0.7729834512235763 27.307111740112305 0.7594798943762419 -0.14906434763902526 0.633222007120097 211.56741333007812 0.16098478602327743 0.9861832612834972 0.03907011432392944 10.042770385742188
-0.9547395614103096 -0.058974955530740655 0.2915378611744908 26.125755310058594 0.1900129093582556 -0.8750094436769433 0.44525674363604795 211.34036254882812 0.22883938506135887 0.48050018532391137 0.8466121353656737 10.055400848388672
-0.950230521114483 0.05908914761349275 0.30589283969522496 25.11187171936035 -0.30636543775068653 -0.35556355675245427 -0.8830145953841161 211.2482147216797 0.05658776629562193 -0.9327824128615713 0.3559702163971264 10.007209777832031
-0.9674253023231544 0.20032285430446373 0.15478707461628113 24.25362205505371 -0.2511256730903937 -0.836675937970507 -0.48673326487519775 211.1270751953125 0.03200282393555765 -0.5097490842213307 0.8597276838602236 10.086807250976562
0.3455837807407999 0.9383878887433283 -0.00014404420715071614 23.101364135742188 -0.9306514094076848 0.3427542994942996 0.12809154673772255 211.11703491210938 0.12024892788039698 -0.044132306058157204 0.9917623379144846 10.04726791381836
-0.1187066508941676 0.580901572083412 -0.8052714415552751 22.293556213378906 -0.9903513816795692 -0.010864222478883578 0.13815248631601867 211.4423370361328 0.07150434839125946 0.8139013037346421 0.5765863299976782 10.097740173339844
-0.6647711091353852 0.4743681383035502 -0.577108518236678 21.395347595214844 -0.7441725489343191 -0.3527948530414229 0.567223949670745 211.16192626953125 0.0654720541262358 0.8065424111786714 0.5875395723681822 10.097068786621094
0.10363790117275218 0.9915183469487432 0.07842546209324375 20.500228881835938 -0.9897235628168284 0.09499664491968474 0.10687799894817904 210.7963409423828 0.0985213410671539 -0.08869613925101422 0.9911743238382915 10.082963943481445
-0.8576358703192375 -0.2438761749174926 0.452752830194773 19.70090103149414 -0.5135531138701964 0.36009735488398914 -0.7788408657997986 210.68875122070312 0.02690563465130541 -0.9004744895404685 -0.4340757773832163 10.080459594726562
0.4770443559842934 0.7796749736040373 -0.4056299026934218 19.197113037109375 0.8664238942252943 -0.4946256747625981 0.06822812749241167 210.53611755371094 -0.14743920082192183 -0.38399528304549346 -0.9114874133304336 10.047843933105469
-0.2563328920382869 0.2885030925393384 -0.9225288147556836 18.253429412841797 0.9546762169870129 -0.07381256610576561 -0.2883487919243782 210.613037109375 -0.1512837373237928 -0.9546295986821907 -0.2565064524358516 10.178451538085938
-0.7160872771134505 -0.5514760677419929 -0.42789386331667967 16.98314666748047 0.6759770469197183 -0.7007071385942021 -0.22817654998010378 210.60052490234375 -0.17399437805268736 -0.45264075449627234 0.8745526306490101 10.120895385742188
-0.6228793791331776 -0.3969659397892905 -0.6741211476417815 16.048622131347656 -0.7805573014129416 0.2575739296977262 0.5695489179614135 210.46255493164062 -0.05245548838409131 0.8809504602344425 -0.47029215212579306 10.059249877929688
-0.722135531224008 -0.6652062174008254 -0.18979189359692228 14.973556518554688 -0.690222186849191 0.7111231868035001 0.13378021517232933 210.1626434326172 0.045973985306260456 0.2276060225954488 -0.9726674103481311 10.040390014648438
-0.7046089899818939 0.6672682157935693 0.24141105904320626 14.321239471435547 -0.6867846137048995 -0.7268470324509209 0.004503975521963868 209.87042236328125 0.1784742715769072 -0.16262385928564493 0.970412497227924 10.039356231689453
-0.20340447851007215 0.8985227095359304 0.38895187179168544 13.343963623046875 -0.9743856248315835 -0.22468356552181912 0.009484171337926561 209.7639617919922 0.09591283669879813 -0.3770599897000642 0.9212092552312842 9.99966812133789
-0.8435215427121583 0.5206710061097111 0.13180709532191986 12.490812301635742 -0.5254356991196016 -0.8508317796543523 -0.0016151844795630754 209.93997192382812 0.11130468575579304 -0.07061859618336272 0.9912740694691328 9.958391189575195
-0.964398197156002 -0.200904487472731 0.17196948635026127 11.802066802978516 0.26412333129056986 -0.7642580009453158 0.5883439248084762 209.67898559570312 0.013228121190301548 0.6128189740081399 0.7901126007762348 9.931392669677734
-0.08762905900615531 0.988886126887657 0.12010568707111599 10.858444213867188 -0.9864020111451159 -0.1029670308566844 0.128097084141012 209.46533203125 0.13904035538852252 -0.10724746433220557 0.9844621683781181 9.931192398071289
-0.561300518081896 0.4057624801937934 0.7213172242973105 9.922330856323242 -0.8167715703941194 -0.4121946957074359 -0.40370748646337784 209.48289489746094 0.1335137827975797 -0.8157526233470755 0.5627803544060906 9.89532470703125
-0.9136942827816962 -0.06805084322274399 -0.4006642489026384 9.409566879272461 0.39292640581849536 0.10385038029088005 -0.9136870022737539 209.43011474609375 0.10378630556388899 -0.9922621534907562 -0.06814852549605128 9.801986694335938
-0.9772371342711881 -0.2102729693205747 -0.028157801308778138 8.650154113769531 0.1979011762571405 -0.8557161450979547 -0.4781056404757599 209.35133361816406 0.0764376074813714 -0.4727950479772446 0.8778508613487367 9.69649887084961
-0.8666002267541666 0.4775155006634969 -0.14485507797697877 7.692417144775391 -0.4737240095311708 -0.6960500838592432 0.5395366934261759 209.35992431640625 0.15681074511441478 0.5361839492055221 0.8294077180922732 9.602409362792969
-0.981845381608224 0.039839012061249554 -0.18545214944180227 7.052433490753174 -0.18540262560114784 -0.4080923292355736 0.893916392756775 209.0157012939453 -0.04006885367466291 0.9120709972020093 0.4080698261672022 9.509193420410156
-0.9965066027459861 0.000582822121362396 0.08351198118850409 6.401023864746094 0.0834461456980739 -0.033357588046076 0.995953820258693 208.80311584472656 0.0033662221836999254 0.9994433108676669 0.03319242247994006 9.488754272460938
-0.8993959390061957 -0.2926627475461834 0.3247082707568169 5.855770111083984 0.4294289095895767 -0.7303926729309401 0.5311472064668172 208.65536499023438 0.08171754100479628 0.6171507591565577 0.7825900484702152 9.379974365234375
-0.979541658863818 0.004796049377074424 0.20118433453102744 5.066314697265625 -0.11186365835438238 -0.8440112151581222 -0.52452987581918 208.6448974609375 0.16728616347413108 -0.5363040803477847 0.8272806494246217 9.334434509277344
-0.9547285560127282 -0.09867842954798625 0.2806349085124547 4.533407211303711 -0.15823880416166533 -0.6303773092133343 -0.7599900847290326 208.62982177734375 0.25190050653251345 -0.7699915685063696 0.5862244614802113 9.237075805664062
-0.9973314136962086 -0.052565642107076184 -0.05066462794290379 3.9486942291259766 0.061779274485751386 -0.9774316761068358 -0.20201643444778417 208.29505920410156 -0.03890208861663183 -0.20460736011407915 0.9780707825553381 9.425960540771484
-0.8843551981710194 -0.4201511660233048 0.20344257459330928 4.002265930175781 0.37074304466286756 -0.8969688521409804 -0.240824569184705 208.2033233642578 0.2836643761595803 -0.13754954008701412 0.9490071894985025 8.97022819519043
-0.6740720629230186 -0.727587541914315 0.12744890285048083 3.3094863891601562 0.6630424040581826 -0.6720370438178849 -0.3297589758554941 208.23410034179688 0.32557890657635075 -0.13777728618173418 0.9354227894406595 8.926570892333984
-0.8754731997882853 -0.4457695579973933 0.18664452206070625 2.8170394897460938 0.36775846541242024 -0.8650931000839618 -0.34112701344898205 208.02149963378906 0.3135289262093094 -0.23000745498772185 0.9213013530219677 8.926589965820312
-0.9474726689074758 0.08811444286478357 0.30745956910132705 2.178168296813965 -0.05638570522843558 -0.9922628666590779 0.11061218601673642 207.90792846679688 0.3148272445631682 0.08746569846595817 0.9451103415330008 8.87135124206543
-0.8938561576067598 0.4030993746041718 0.19629585757780277 1.7817535400390625 -0.21233339642084736 -0.7661935534785456 0.6065162548294204 207.68679809570312 0.39488694365965904 0.5004581229250303 0.7704582850002254 8.811241149902344
-0.8526979494496051 -0.04978677810961267 0.5200264259918945 1.4626941680908203 0.22466525710082869 -0.9336397098842321 0.2790025347180664 207.695556640625 0.47162668420717857 0.35473675994003145 0.8072980254472268 8.669307708740234
-0.6766975722480414 -0.7179162209537132 0.1633300199141169 1.201629638671875 0.5666140146657336 -0.6494525458583874 -0.5071094054170548 208.06881713867188 0.4701371651954208 -0.25061462521089684 0.8462643532209159 8.596817016601562
-0.7435063150868346 -0.549458389126902 0.38117428827777233 0.7216873168945312 0.4484561310841707 -0.8325053481774418 -0.32530284927890396 207.97299194335938 0.4960700131221535 -0.07092477616479373 0.8653809670930833 8.528165817260742
-0.8370626800299439 0.3043559334508437 0.45463560735423475 0.3026247024536133 -0.0915778585535773 -0.897201795354577 0.43202133539359505 207.79620361328125 0.5393881399547354 0.319994381490972 0.7788864039706827 8.53314208984375
-0.7971575892691616 0.4153727206014023 0.43818407188163316 0.0066776275634765625 -0.15599350612548737 -0.8427956081622114 0.5151325935224502 207.66015625 0.5832716381903515 0.3422879867051687 0.7366363622847205 8.5032958984375
-0.7368314735692311 -0.07012102200529757 0.6724302356607176 -0.2779273986816406 0.30246663050289524 -0.9237082215785325 0.23511073735678184 207.52098083496094 0.6046431319299183 0.37662469868711107 0.7018265593070858 8.491203308105469
-0.585797006048602 -0.24945415161435125 0.7711125040789174 -0.5355491638183594 0.5512066761889559 -0.8201415360628106 0.15342444703911118 207.51087951660156 0.5941490282994811 0.5149179420712564 0.6179372501345783 8.499000549316406
-0.6567215582451139 0.1896218359573195 0.729904345968898 -0.4269599914550781 0.33469931476342685 -0.7940383278361104 0.5074243811880998 207.8855743408203 0.6757907691238477 0.577535014744049 0.4579957894037773 8.456901550292969
-0.6047055939855275 0.12783948259838493 0.7861222623050357 -0.6089973449707031 0.2879231922187613 -0.8851907194996351 0.3654280031610555 207.8295440673828 0.7425842578355457 0.4473191889475516 0.4984718279041816 8.412025451660156
-0.5602489623243472 -0.3227224191590881 0.7628704610788112 -0.8687858581542969 0.2193346390349939 -0.9459047663979507 -0.23907423329381802 207.2657928466797 0.7987574202058351 0.03338282608982998 0.6007263691468646 8.220682144165039
-0.596634914171506 -0.38159083498036206 0.7059852787775037 -1.1416206359863281 0.17139458736402158 -0.9200107151056832 -0.35242613341386325 207.22097778320312 0.783996603700473 -0.08926768032003202 0.6143131177472967 8.336679458618164
-0.5162044497517868 -0.2304785668686579 0.8248712604222704 -1.4848861694335938 0.07435357067562517 -0.9715344415046343 -0.22492748942284416 206.86891174316406 0.8532318047191164 -0.05477644735147083 0.5186473062026947 8.30221176147461
-0.36136031715036476 0.06178651503386896 0.9303768847886095 -1.6234302520751953 -0.09674695419006045 -0.9949010352249852 0.028494858539732354 206.97079467773438 0.9273935238311374 -0.07971421873306228 0.365495410761672 8.292951583862305
-0.1865134177452256 -0.2395255791434226 0.9528065081311122 -1.8580856323242188 -0.04634661019162352 -0.9665997057942999 -0.25206546864280877 206.8897247314453 0.9813586177971542 -0.09117294387251687 0.16918261607174132 8.297271728515625
-0.09337663099294649 -0.9472619926185744 0.3065542727229467 -1.968109130859375 0.0693172073018053 -0.31333759203102396 -0.9471085883847099 207.0729522705078 0.9932149463012956 -0.06718832309625888 0.09491996461876226 8.395092010498047
-0.012241127997937196 -0.7867223319544339 -0.6171856505051911 -2.0206756591796875 0.03782804364437381 0.6164257025743395 -0.786503904834408 206.98001098632812 0.9992092843340568 -0.032974620693947077 0.022214420782744937 8.371789932250977
-0.03798468341284006 -0.7683093376989962 -0.6389506439706871 -2.3546142578125 0.1425625947683256 0.6287049611529381 -0.764464504339217 206.8821258544922 0.989056656819491 -0.12012840391103263 0.08565101385762636 8.383407592773438
-0.08511626413852774 -0.9685115822012362 -0.23396695647282822 -2.7779693603515625 0.0831999626283128 0.2270902777206963 -0.9703132339525131 206.72610473632812 0.9928912265690275 -0.10205547955301064 0.061251051382464616 8.42296028137207
-0.07065910049852384 -0.6062610071170776 0.7921204976303328 -3.22149658203125 0.00022161019746302912 -0.7941148677667113 -0.6077676592915906 206.0992889404297 0.9975004974463219 -0.042768774137742716 0.05624579587040137 8.405769348144531
0.037887933279438894 -0.49806589003945423 0.866311072127685 -3.3107070922851562 -0.0013871032801600347 -0.8669589131904131 -0.49837768688434275 205.99734497070312 0.9992810317704939 0.01768083761884781 -0.03353815028878283 8.387203216552734
0.14921476469194686 -0.025019472616760463 0.9884882295646754 -3.310349464416504 0.011882078037020072 -0.9995622862693756 -0.027093395679787552 205.96022033691406 0.9887334171653396 0.015788028943428588 -0.14885216801455178 8.32699203491211
0.19950680222681172 0.669924184090967 0.7151214046826482 -3.1858291625976562 0.1051343895343827 -0.7402143601705041 0.6641004902381896 205.43942260742188 0.974240112088629 -0.057308712840398734 -0.21810987008870597 8.327056884765625
0.325015584298296 0.3382749505318165 0.8831392459889519 -3.4459190368652344 0.018220945519336174 -0.9359051583937914 0.35178051628291435 205.90162658691406 0.9455331126447232 -0.09824251795729533 -0.31034745134734365 8.459197998046875
0.22116976625234216 0.08189143841336013 0.9717909892618245 -3.4293508529663086 -0.10825175005519452 -0.9882488766323059 0.107915320714778 205.69290161132812 0.9692086942995674 -0.12906568153299522 -0.2097058815211235 8.382156372070312
0.35585614147992206 -0.0009907856035310247 0.934540221132782 -3.656487464904785 -0.16374904227030404 -0.9845950827229532 0.06130884302724195 205.8291778564453 0.9200829624151181 -0.17484719449184377 -0.3505364472515683 8.39975357055664
0.4291698481022389 0.31974107119295747 0.8447359876744217 -4.142051696777344 -0.039837887039716025 -0.927634445678711 0.371358691761161 205.58602905273438 0.9023448255717498 -0.19302845018994022 -0.38537492547019425 8.506187438964844
0.14690129975685165 0.8908184642000703 -0.42995636054136444 -4.4205169677734375 0.5020515036371054 0.30737237705973336 0.8083727540660749 205.65521240234375 0.8522700838498728 -0.33461124556846167 -0.4020833477199143 8.555908203125
-0.0015681832737157175 0.5634397513207368 -0.8261556677968424 -4.9044189453125 0.4866639741366676 0.7221513276051408 0.49158482107937135 205.24684143066406 0.8735878416500112 -0.4012893054515146 -0.2753382941973674 8.6361083984375
0.15698187155784857 0.9805727081099795 0.11761741415307486 -4.8921966552734375 0.4363674898760745 -0.17570628401076788 0.882445871166261 205.2298583984375 0.885968456425763 -0.0872035886244838 -0.45547275258742165 8.68994140625
-0.12530905476710263 0.9188165510176307 -0.3742643268726539 -4.9444580078125 0.6085709357022178 0.36911649945583436 0.7024204054894746 205.1747283935547 0.783542632542673 -0.13974675454384067 -0.6054186878372364 8.688308715820312
0.21336096091720594 0.9699492473177231 -0.11694254137938614 -5.1833953857421875 0.7092628568016754 -0.07146326527882671 0.7013124850430188 204.76986694335938 0.6718804211450227 -0.2325757066924036 -0.7031964450553747 8.709571838378906
0.4257239739763893 0.902020380771473 0.07154250942368123 -5.391029357910156 0.6119760726213589 -0.34526668939014615 0.7115308845977844 204.8978271484375 0.6665166048349341 -0.25913345185532344 -0.6990031971377935 8.688262939453125
0.5572599766902577 0.4622951268700008 0.6897423678819674 -6.110363006591797 0.3007251594371961 -0.8866495457100538 0.3513075028712427 204.63870239257812 0.7739675037497675 0.011653272690752475 -0.633118080909832 8.812187194824219
0.6273091712143566 0.17756885428561917 0.7582562269431421 -6.510211944580078 0.40260930472628575 -0.9073944155184772 -0.12058657650708077 204.25946044921875 0.6666250456277307 0.3809260777021886 -0.6407077117284077 8.810211181640625
0.17422512330194523 0.4885910167273003 0.8549411820609677 -6.935451507568359 0.7356272139447045 -0.6417424138188 0.216839287053734 204.47421264648438 0.6545977455769106 0.5911391483224594 -0.47122849956918295 8.784164428710938
-0.17442557657019797 0.982283151148525 -0.06852393164345932 -7.587451934814453 0.7258791803332658 0.17529351022411577 0.6651102170558003 203.70896911621094 0.6653383603827905 0.06627213775812058 -0.7435945602007241 8.921463012695312
-0.01651564914191546 0.8760522232969759 0.4819333308558837 -7.700603485107422 0.6966853092066021 -0.3356477047218485 0.6340111972596822 203.75543212890625 0.7171867352852549 0.34622697811028563 -0.6047892743423097 8.948837280273438
0.15864412723730473 0.5553679542225679 0.816332332028907 -7.6885223388671875 0.5735267033090444 -0.7248426351528765 0.38166775454063884 203.33599853515625 0.8036785187402816 0.4076390433794017 -0.4335103791469738 8.998519897460938
-0.00959371162153469 0.9392874555558428 0.34299713779090574 -8.423263549804688 0.0425874563865663 -0.34231789219138126 0.9386185429897346 202.54747009277344 0.9990466802186198 0.023612211270455874 -0.03671776440735752 9.246040344238281
0.015154360532116343 0.9122079088074353 0.4094472816688721 -8.395458221435547 0.2150430497289036 -0.4028852056382846 0.8896291350001355 202.21023559570312 0.9764869851258413 0.07456703150161686 -0.2022694383560748 9.215652465820312
-0.021600593781260002 0.9604773420311957 0.2775188098003204 -8.543617248535156 -0.05813880408937655 -0.27832058807482063 0.9587270360810438 201.55821228027344 0.9980747936940167 0.004574461539400221 0.061852893984602336 9.27703857421875
-0.14357811273414162 0.8294078254721868 0.5398777496704236 -8.792679786682129 -0.2747383183621364 -0.557492384594741 0.7834035342927772 201.06661987304688 0.9507387558984052 -0.0358455041025732 0.30791381565039405 9.388710021972656
0.44889650269057974 0.7010524139178456 -0.5540915473205923 -9.097358703613281 -0.3558662492496152 0.7090374652250758 0.608789853358456 199.91317749023438 0.8196652624804697 -0.07610115536022688 0.5677653314844625 9.425094604492188
0.5744002853787249 -0.019200387579508368 -0.8183493491618579 -9.222953796386719 0.0044328940170873 0.9997831755123939 -0.02034579595363971 199.22149658203125 0.8185625581514664 0.008058975068241069 0.5743608546143938 9.629920959472656
0.5800376689366097 0.17524604090196408 -0.7955156364036922 -9.367141723632812 -0.17634660838003105 0.9804399869132899 0.087403122222997 198.6335906982422 0.7952723912770041 0.08958938112106431 0.5995961694865142 9.689353942871094
0.3860309234818137 0.2741543050910913 -0.8808061893037531 -9.690284729003906 0.180726095454628 0.9138391623448348 0.36364276946835566 197.8553466796875 0.9046094209864846 -0.2995620175604909 0.3032233386426338 9.648246765136719
0.28854351576143034 0.909298067390713 -0.299866077026976 -10.08261489868164 0.06626567125077615 0.29347069341304927 0.9536686074949456 197.66966247558594 0.9551709272825036 -0.2950457197574286 0.024423818847666923 9.728530883789062
0.12592209695954706 0.9853111858725665 0.115349436460291 -10.286201477050781 -0.03889604900424498 -0.11128187913445942 0.9930274118815464 197.34512329101562 0.9912773188513744 -0.12953073137560767 0.024311864595920107 9.726043701171875
0.14728264425940923 0.7677247231204207 0.6236237424999387 -10.278101921081543 -0.2577826695496553 -0.578915260000505 0.7735665562951912 196.87400817871094 0.9549114712787827 -0.2746923210579819 0.1126419583102542 9.965652465820312
-0.043038219888723764 0.6944620859637451 0.7182409921382195 -10.491070747375488 -0.03410436458281235 -0.7195093481389195 0.6936448588846527 196.3699951171875 0.9984911636790846 0.005358087307157755 0.054650589705843064 9.871101379394531
-0.054665889751711924 0.7628691958483532 0.6442377127453347 -10.707714080810547 -0.04904684683430183 -0.6464751666458742 0.7613568583297858 195.5198516845703 0.9972993769742695 0.010022421657264469 0.07275646879046417 9.695388793945312
-0.08057248108079851 0.5526885842963554 0.8294838178535944 -10.823896408081055 -0.10261840609433431 -0.8323670011471511 0.5446417521012843 195.29798889160156 0.9914522368844314 -0.04123717000218524 0.12378189603923595 9.621063232421875
-0.1309476936229803 0.8390041599745703 0.5281332417867552 -10.911839485168457 -0.1486670701478045 -0.5433148826019598 0.8262608792608336 194.70651245117188 0.9801789651836492 0.029680934766002975 0.19587812109300617 9.609695434570312
-0.15705675635482622 0.9611898801565197 0.22681972923005533 -10.128128051757812 -0.09601548403243898 -0.2434432261851012 0.9651509842768673 194.1529083251953 0.9829110855562251 0.1298052768930622 0.1305235150514966 9.627609252929688
-0.23431401422571302 0.8596907411866512 0.4539039240361095 -9.730857849121094 -0.09837712474148314 -0.4854733313939166 0.8686987888980224 194.02426147460938 0.9671705558302686 0.15889453742416193 0.1983271083632558 9.4844970703125
-0.2481398436961625 0.9312998855484635 -0.266659222881682 -9.654777526855469 -0.33297754877008406 0.17649864032147172 0.9262689576897942 193.0308074951172 0.9096991645513972 0.318635768773831 0.26630560803783204 9.453117370605469
-0.6131637049766638 0.7511970737263778 0.24440382019153858 -9.924400329589844 -0.27632272327909174 -0.4938021683889264 0.8245029842844847 192.32579040527344 0.7400513654462894 0.43802097543305113 0.5103543882262218 9.399604797363281
-0.7899662937141921 0.1354629923408568 0.5979991910542385 -9.859024047851562 -0.03311066743159526 -0.9832913271957041 0.1790023730679148 191.6938018798828 0.6122556153255737 0.12160568887914588 0.7812522754747863 9.429008483886719
-0.8590213124594152 0.09970124027767989 0.5021374786127761 -9.414939880371094 -0.10576996500327075 -0.9942542355747198 0.016469048088356766 191.01739501953125 0.5008942994721648 -0.03896380023588649 0.8646309750566812 9.426811218261719
-0.4760086334369791 0.8348614577634721 0.27644552308639403 -9.619647979736328 -0.7739778604557823 -0.5469480192692955 0.3190707378336095 189.8577423095703 0.4175811926054014 -0.06208228860508175 0.9065162640702074 9.379295349121094
0.23061412167120576 0.9444403452533109 0.23419983164730318 -9.616252899169922 -0.8349299294100588 0.06845781457605415 0.5460819907292171 189.14169311523438 0.49970905521226305 -0.32147466755761245 0.8043288495743455 9.302356719970703
-0.021707812725915043 0.8265376721368135 0.5624626631211298 -9.80235481262207 -0.8815894917967758 -0.28116123695873113 0.3791415656260054 188.5811004638672 0.4715174851690644 -0.4876308392323985 0.7347703218076704 9.300159454345703
0.17472052649441505 0.9811137230773613 0.08299759039148827 -9.690593719482422 -0.8776493957158812 0.11697445029053055 0.46481019371220433 187.9607696533203 0.4463230621658074 -0.15405466681833133 0.8815117037285607 9.30898666381836
-0.0036784039371397514 0.8765230263474111 -0.4813458773348445 -9.660051345825195 -0.8783284621527623 0.22727542840986942 0.42057697537249267 187.51513671875 0.47804349375013905 0.4243268362051666 0.7690391109425285 9.254165649414062
-0.3223708080575735 0.872497068130583 -0.36718650331383884 -9.5185546875 -0.8577066187444531 -0.10510196843771341 0.5032821598193953 187.01669311523438 0.4005201846028045 0.47718177074785095 0.7822283166644384 9.312238693237305
-0.5426099020202887 0.7282316413791811 -0.4186325007971986 -9.596290588378906 -0.7901727863864462 -0.27345150082788094 0.54849908327112 186.34341430664062 0.28495870206718077 0.6284130434588092 0.7238063172748801 9.33596420288086
-0.1269216482071761 0.9577999609866221 -0.2578955795480006 -9.519192695617676 -0.9029923283370933 -0.003975215361853746 0.42963828114727187 185.6921844482422 0.41048233845164295 0.287408128620003 0.865390557738192 9.421165466308594
0.20777930642631648 0.9364871728842059 -0.28252351202040976 -9.388006210327148 -0.9272128120784227 0.2805710923074515 0.24810534713912902 184.92495727539062 0.31161540548988115 0.2104082631094874 0.9266197720082526 9.512014389038086
0.5679498962454577 0.8021513780738494 -0.18435314483077947 -9.044563293457031 -0.7914194076734968 0.5937489366748179 0.1453186889400493 184.14459228515625 0.2260270703090796 0.0633669223786949 0.9720578154799986 9.44141960144043
0.024137436010290447 0.9802887185295519 0.1960903172177001 -9.022520065307617 -0.9811707244248322 -0.014368695235539797 0.19260724318903025 183.63229370117188 0.19162826961202567 -0.19704712360477958 0.9614837686433316 9.451833724975586
-0.5328632989868518 0.7562363010731193 0.3796885059257064 -9.152111053466797 -0.8182486924941849 -0.5748543753321493 -0.0033947596441022965 183.11669921875 0.21569835841843082 -0.3124885663520036 0.9251081634462337 9.56185245513916
-0.2128547810844909 0.9641424757734941 0.15849961696745915 -9.13652229309082 -0.954076827081873 -0.24008474937957852 0.1791555780340958 182.3782958984375 0.21078484337081613 -0.11308669030749272 0.9709691809117518 9.639304161071777
-0.03042096051071702 0.9964269115370833 0.07879070456770548 -8.922131538391113 -0.9873837248259215 -0.042212668441449386 0.15261543359680724 181.71890258789062 0.15539609103994415 -0.07315395127894535 0.9851398653499834 9.989482879638672
-0.21447691725234186 0.976691099925241 -0.008610882228637165 -8.763811111450195 -0.9523346708840699 -0.2071540798975603 0.22393271715835988 180.95999145507812 0.21692931244546676 0.056228840541296246 0.9745665656553785 9.755135536193848
-0.25451464558526365 0.9495585962272508 -0.18319598116099753 -8.784086227416992 -0.9440249541690049 -0.20284385290693702 0.26013699706900023 180.29148864746094 0.20985514310784895 0.23915025333208795 0.9480337416159734 9.782264709472656
-0.01919901095588955 0.9220300918697167 -0.38664183382691175 -8.60392951965332 -0.9826456416645649 0.05395907821940221 0.17747101395818926 179.5009002685547 0.18449645225844047 0.3833391808365459 0.9049928903254516 9.802118301391602
-0.5693119749104082 0.6425237560918786 -0.5128811734517025 -8.595165252685547 -0.8094084709821874 -0.3287747306274168 0.48658514527587815 178.77745056152344 0.1440201455557128 0.6921491164181705 0.7072395621821914 9.798542976379395
-0.8897040999999799 0.059405354673553484 -0.4526561810903893 -8.511787414550781 -0.4558297712317353 -0.060398161714294754 0.8880153611961665 178.1610565185547 0.025413266260949502 0.9964050711922554 0.08081522134045586 9.843710899353027
-0.22681355756999644 0.6016046517864784 -0.7659160874738902 -8.122478485107422 -0.9738794581998442 -0.1487317785306952 0.1715740625836959 177.2252655029297 -0.01069630771900737 0.7848252678169619 0.6196247961445814 9.884674072265625
0.21011168898075444 0.9763463645408634 -0.0509985745045325 -7.739410400390625 -0.9771545484088442 0.21141914452880833 0.021701010359306577 176.46734619140625 0.03196977756510954 0.0452738531002885 0.9984629244733583 9.891166687011719
0.38596889692644387 0.6818461448418492 0.6213805962288262 -7.819082260131836 -0.9222431627942592 0.26893988454437767 0.277738883090751 175.5825653076172 0.022261160900212573 -0.6802625767051751 0.7326303757351385 9.964247703552246
-0.26169014428236315 0.6062398056981776 0.7509937192630256 -7.898866653442383 -0.9625514733139268 -0.22101314030040986 -0.15699634720508787 174.83033752441406 0.07080204521526956 -0.7639545076780341 0.6413739787298419 10.039531707763672
0.5106601054292296 0.48430986811584076 -0.7104014416994278 -7.789085388183594 -0.8446350562386654 0.43699762763438665 -0.30923242911218884 174.13668823242188 0.1606794277302327 0.757942626514392 0.6322223472930628 10.113183975219727
0.28223605322401724 0.7188497770871366 -0.6352934819768761 -7.610261917114258 -0.9403705079500898 0.3383554675411218 -0.034912538760716816 173.5631103515625 0.18985815241442588 0.6072648314918316 0.7714812417648129 10.11427116394043
0.31520172442130334 0.9325692629719268 0.1759614806764085 -7.278477668762207 -0.9200185229808638 0.25477934311182804 0.2977472144212521 172.72415161132812 0.23283854984505137 -0.2557382569806534 0.9382878841925599 10.195598602294922
-0.06831173715881511 0.9108052473860572 0.4071453154591955 -7.284778594970703 -0.9582590131141512 -0.17346298992359066 0.22726692436925555 171.88258361816406 0.2776205510257438 -0.3746256697835736 0.8846368956737962 10.092536926269531
0.2533201792022688 0.7961757728505761 0.5494843269236335 -7.242173671722412 -0.9144558523573041 0.011776110152674657 0.4045142980404386 170.9114227294922 0.3155936959104335 -0.6049507930034146 0.7310507213224899 10.22308349609375
0.8289205889505782 0.4654239639160255 -0.31027599170177605 -6.940116882324219 -0.4263041028998624 0.8847678121499682 0.18828364356497312 170.0310821533203 0.362153930069204 -0.023800260419847438 0.9318144013371855 10.323078155517578
0.5354789820129489 0.22035572894654548 -0.8152948010031785 -6.750877380371094 -0.7624655129855062 0.541282694592353 -0.3544846767387698 169.08949279785156 0.3631922374309845 0.8114532625205705 0.4578591501920621 10.485122680664062
-0.14321273095505954 0.5589086762190184 -0.8167687587925349 -6.839149475097656 -0.9779600553699562 0.046776441543416425 0.20348487564761986 168.2174835205078 0.15193499857895065 0.8279088453227442 0.5398913780041079 10.581518173217773
-0.7284195472507402 0.28468621628139484 -0.6231843398565221 -6.3120574951171875 -0.667780300206644 -0.09160086683189189 0.738700718729561 167.5615234375 0.1532136868525479 0.954234268644251 0.2568317089185455 10.542293548583984
-0.8521445438826021 -0.46107797120099125 0.2475010723295762 -6.044525146484375 0.5212203751076302 -0.7900079241291964 0.3228262696648762 166.70773315429688 0.04667972690337335 0.4040972460760602 0.9135241752739611 10.578103065490723
-0.9205575127890702 -0.2929609661616 -0.25835583591872513 -6.0497283935546875 0.39054533629632365 -0.7020792227790025 -0.5954486587769123 165.70425415039062 -0.006943050107324905 -0.6490444031402582 0.7607188421535998 10.677139282226562
-0.9894185103402159 0.14322146744644 0.023208245488114707 -5.860237121582031 -0.14481858397296304 -0.9650802705029463 -0.2182834149037121 164.52511596679688 -0.00886505116816123 -0.21933463645409176 0.9756094137098809 10.722722053527832
-0.9985107211921609 0.04025127074599421 -0.036826279579179035 -5.674163818359375 -0.04173583887930706 -0.9983085711932644 0.04047365112148601 163.55715942382812 -0.03513487465968406 0.04195035024163583 0.9985017319450442 10.763961791992188
-0.6093903593762973 0.6074537201234116 -0.5095521247207742 -5.307121276855469 -0.792742792538873 -0.47833377768778473 0.3778302026050888 162.4727020263672 -0.014221630599081603 0.6341898572439968 0.7730465511157413 10.783918380737305
-0.955518624713494 0.27352596162471643 0.11030732588050284 -4.94464111328125 -0.2904123539122384 -0.8073775804077824 -0.5136166930211946 161.59063720703125 -0.05142783799447588 -0.5228049263082258 0.8508996336272949 10.753424644470215
-0.9250379268453071 0.020005972888893303 0.37934759119639205 -4.8011932373046875 -0.3549282482665488 0.31039789274168295 -0.8818611493676096 160.5099334716797 -0.1353911831700102 -0.9503961854039036 -0.28002913828659537 10.874067306518555
-0.8747180085838571 0.0909081744637096 0.476029525633408 -4.807044982910156 -0.4354798615958476 0.28358474790602906 -0.8543634945967293 159.32675170898438 -0.21266333864480064 -0.9546284065387693 -0.20846800671972932 10.867332458496094
-0.18774387376373314 0.8551162408230449 -0.48324781690645197 -4.501409530639648 -0.9334610137536962 -0.3084211916777302 -0.1831035344443429 158.16531372070312 -0.3056186736214089 0.41671643020734517 0.8561218623123333 10.790054321289062
-0.4654587448446204 0.8714346113325658 -0.15475747161067918 -4.047004699707031 -0.8798346895032808 -0.4745668790271523 -0.02602299900267828 157.53221130371094 -0.09612011233001985 0.12404835953001529 0.9876097045410075 10.52501106262207
-0.5127586820688282 0.4922862466615593 -0.7033724371276664 -4.054264068603516 -0.7309985287052282 -0.6799965313975141 0.05697252248357643 156.02598571777344 -0.45024402827114796 0.54337737221495 0.7085346472621826 10.806018829345703
0.5701991334577302 0.5863774421876586 0.5753559276634878 -3.5762786865234375 -0.5692112568900394 0.7870007857749316 -0.23796703179075399 154.7324981689453 -0.5923440665978811 -0.19181047542587235 0.7825198069590223 10.855361938476562
-0.4609912792997574 0.5991548720552217 0.6545994803710616 -3.479572296142578 -0.5517107174183226 0.38425737026749684 -0.7402442554190254 153.6890106201172 -0.6950556270510532 -0.7023956952370924 0.1534208676062957 10.824893951416016
-0.33089247358958757 0.7356910496652886 0.5909897210308739 -3.3406600952148438 -0.8173653424194731 0.08955169096556231 -0.569117203796113 152.6273193359375 -0.4716185619049169 -0.6713711150232742 0.5716963861868849 10.975105285644531
0.30655431200590233 0.8542032896460807 0.4199537995403796 -3.140406608581543 -0.6542753804912627 0.5095429364728624 -0.5588288846987293 151.27392578125 -0.6913379638596459 -0.10345402770518869 0.7150867666779834 10.884941101074219
-0.006028549509319858 0.6153229691381806 -0.7882520537504407 -2.8792991638183594 -0.7607985128647227 -0.5143850533194556 -0.3957191425043368 150.15444946289062 -0.6489601524081741 0.5973153778135256 0.4712377956126238 10.9019775390625
0.39015073609322076 0.5733437300614967 -0.7204577505482801 -2.759824752807617 -0.7140569432553032 -0.30558725505048195 -0.6298722976442165 148.9580535888672 -0.5812960389636341 0.7601929996717159 0.2901749788236537 10.99654769897461
0.8635286804348358 0.06196972624303883 0.500477742857596 -2.5540771484375 -0.0395279130678038 0.9976852380695509 -0.05533271931332854 147.89830017089844 -0.502748209499522 0.02799854938146403 0.8639793510712848 11.000907897949219
0.8639243222443659 0.17913751211594597 0.47068515717783427 -2.5464553833007812 -0.2839066022512112 0.9451743705466553 0.161376734568235 146.8975830078125 -0.41597092041726397 -0.2730479097423076 0.8674174498778376 11.00448226928711
0.943506633290597 0.10856723887485646 0.31306291313365836 -2.5457839965820312 -0.0737784553360132 0.9899142789506992 -0.1209399018428118 146.11288452148438 -0.32303555913378107 0.09101030146421284 0.942000611763346 11.055877685546875
0.9490122323629776 0.31440799075654424 0.022877897059616806 -2.4345855712890625 -0.27055309031338026 0.8495862546773572 -0.45277391840208786 145.05911254882812 -0.16179248482954195 0.4234983013091474 0.8913318016546637 11.036775588989258
0.767965599744566 0.6402367686501368 0.01804765019055905 -2.4893112182617188 -0.6404062215528507 0.7680176387915403 0.0053645038418003695 144.50990295410156 -0.01042636108000334 -0.015677581876643754 0.9998227364993911 10.987533569335938
0.6529400279414408 0.6515068961198172 0.38627462280112623 -2.4152488708496094 -0.7488563101765915 0.47887396589204023 0.45814184648373873 143.5557403564453 0.11350571184099509 -0.5884033387899417 0.8005610309528675 11.070552825927734
0.43224970877829144 0.8889525950207657 0.15140499683606484 -2.5967559814453125 -0.8862036899996524 0.3877189444870524 0.25360804387252034 143.1156005859375 0.1667429431552726 -0.24379766998823538 0.9553844707845242 11.088935852050781
0.6940276141895741 0.5384200094788645 -0.4779430553267897 -2.4214744567871094 -0.674570215422845 0.7182781266084983 -0.17038649389010344 142.1737518310547 0.25155654475028844 0.4406590816363203 0.861706956316781 11.080399513244629
0.4940779845802008 0.7140313011815645 -0.49603048906909825 -2.165435791015625 -0.8330561820085712 0.5520756708717995 -0.035069235075129435 140.77398681640625 0.2488058334735524 0.43054820237043656 0.8675966243970274 11.071405410766602
0.8832860109330614 0.4569628027551973 -0.10483711073887046 -2.0672683715820312 -0.4074886709914801 0.8588564979939438 0.31035221743557084 139.58387756347656 0.23185945290963844 -0.23140983719732655 0.9448230952642668 11.2001953125
0.6684204075840392 0.731946685909394 -0.13216734737234292 -2.024097442626953 -0.6729700478818571 0.6708292952770095 0.311607720141914 138.6521759033203 0.31674196655807646 -0.1193402932140077 0.9409741872317842 11.214574813842773
0.17381531825844215 0.6457710205301435 -0.7434837080812016 -1.8843555450439453 -0.9578733279996401 0.28613601538003336 0.0245940685802698 137.402587890625 0.22861960249639607 0.707888387915704 0.6683016591394154 11.197782516479492
0.03196605151548865 0.8568542360230433 0.5145667981514899 -1.3329386711120605 -0.9987935434797208 0.008183682351006583 0.048419880693794826 136.08023071289062 0.03727772865576212 -0.5154937880833725 0.856082078654683 10.875743865966797
0.17171774763904957 -0.04891467344591105 0.9839310798361093 -1.298821210861206 -0.9695652661390625 -0.18532121957856953 0.15999762582801413 135.09725952148438 0.1745170760769882 -0.9814598312185742 -0.07924891079344368 11.311871528625488
0.3420052707611129 0.9362471653309395 -0.08045893475182245 -1.2258548736572266 -0.9396508945243157 0.34158984182165725 -0.01930223779534626 133.71685791015625 0.009412289374577415 0.08220477707551632 0.9965710127405341 11.248412132263184
0.4552868398990778 0.7295262363741364 -0.5103972608238597 -1.3854866027832031 -0.8829528310931132 0.4436696728722863 -0.15346504304907654 132.47781372070312 0.1144910104740452 0.520527320911387 0.8461342190843282 11.276091575622559
0.5109073023120847 0.4834809220615799 -0.7107882430419574 -1.1115570068359375 -0.8591150084042645 0.3159506957210957 -0.4026121709634428 131.40887451171875 0.029918736248861932 0.816346345539588 0.576787234034727 11.328418731689453
-0.24557077038614988 0.9188260355158622 -0.308955843430993 -0.7093830108642578 -0.968951572702808 -0.22320196757718463 0.10636602571511304 130.28662109375 0.02877232157312934 0.3254836372659565 0.9451098112830145 11.000189781188965
-0.43686637863506556 0.8534847355749519 -0.2840978235728645 -0.6958274841308594 -0.899523298983734 -0.41533522671248796 0.1354787217134355 129.13717651367188 -0.0023668129845360875 0.31473871003141823 0.949175401390099 11.348060607910156
-0.9700649242903008 0.24271031001373192 -0.008108518649628173 -0.5953750610351562 -0.24229493497846485 -0.9650775868888064 0.09959124343364838 127.51803588867188 0.016346471956807797 0.09857462502042234 0.9949953950429361 11.408833503723145
-0.7952426489675481 0.5796876524362371 -0.17762701054749874 -0.37870025634765625 -0.6054820389111977 -0.774465166144136 0.18328995331243453 126.26065826416016 -0.03131500948452215 0.25330995251331906 0.9668781919862935 11.462129592895508
-0.7144272927728833 0.5840226024027837 0.38537156514705184 -0.234710693359375 -0.6994703298034661 -0.5816982470210138 -0.4151727437312205 125.08399200439453 -0.018300302342826952 -0.5661667151072723 0.8240875861453085 11.481668472290039
-0.40514602979258424 0.6571523607833939 0.6356158189190371 -0.176116943359375 -0.9141574327782888 -0.2811849597711658 -0.2919780924910225 123.95342254638672 -0.013148484304841557 -0.6993466902154464 0.7146616851666145 11.51837158203125
-0.019002939836880728 0.9835603725064143 -0.17957695262087509 -0.1367816925048828 -0.999146661516425 -0.025269163835927477 -0.03267136574457914 122.7095947265625 -0.036672020098965016 0.17880286069880758 0.9832012509897372 11.523768424987793
0.8816494780801578 0.22103922208879845 -0.41693627822409984 -0.05448150634765625 -0.4694983234069122 0.4999705594364574 -0.7277367408719267 121.41716766357422 0.04759750118528944 0.8373596013632222 0.5445763269604562 11.522289276123047
0.37291520314655063 0.5009789159386433 -0.7809957599418249 0.11468887329101562 -0.9268167964099956 0.24112512798328 -0.28787028076437376 120.32164764404297 0.04410076138208269 0.8311911924701731 0.5542349000248288 11.548151016235352
0.3699455270131417 0.618152144942471 -0.6935619891156026 0.18193626403808594 -0.924636888616339 0.3176807140099503 -0.21006091534605875 119.23241424560547 0.09048166252266104 0.7190040957109707 0.6890908351574447 11.630681991577148
0.8601917508933496 0.5073745174404294 0.05139310018986332 0.40209197998046875 -0.5032196340601942 0.8281395763356567 0.24689034408604038 118.12257385253906 0.08270520897354691 -0.2382350544287945 0.9676796511500857 11.655197143554688
0.5155120237682516 0.3243828376756544 0.7931097830514084 0.49652099609375 -0.8567741042991786 0.180417249849272 0.48310221502200357 116.77146911621094 0.013619381509543893 -0.9285609245377041 0.37093007679208506 11.678130149841309
0.696312184374839 0.7170504327854204 0.03143276528372041 0.6967735290527344 -0.711492323324016 0.6838243338727925 0.1617496653920034 115.35054016113281 0.09448817779031302 -0.13499243403121788 0.9863310940106235 11.559789657592773
0.9917304611827392 0.07556188347694415 -0.10373569360489306 0.7688140869140625 -0.11632112053327556 0.8707330570231284 -0.4778005235713338 114.15489959716797 0.05422259012768309 0.4859159857141708 0.8723219391642464 11.663274765014648
-0.07660530526897052 0.8928097853790166 -0.44387195714093314 0.7672529220581055 -0.9965428273403106 -0.05420236561587338 0.06296425047773599 113.12638854980469 0.032156188847991984 0.44716081077518155 0.8938753765630053 11.692118644714355
-0.6724170989321886 0.5567368509476303 -0.4877492428087767 0.886260986328125 -0.7395231420456907 -0.47773390701659857 0.4742107511070629 111.9349365234375 0.030996248845432228 0.6795692701142185 0.7329562331230561 11.716679573059082
-0.9502502435761148 0.09865040986419947 -0.29545316247615316 1.033294677734375 -0.31111773696088607 -0.25438927202199096 0.9156920071882568 110.792724609375 0.015173276899589389 0.9620572721588603 0.27242535996926104 11.732242584228516
-0.9133729063923308 0.32199496890262125 0.24913685771042926 1.3773574829101562 -0.4064741790878841 -0.7557954654148733 -0.5133731159625969 109.50789642333984 0.02299294681543479 -0.5701687947088259 0.8212057415392489 11.776105880737305
-0.9591901375129075 0.1565698302880994 0.23545735992218514 1.5336990356445312 -0.2827617449425199 -0.5303086349222275 -0.7992612509836725 107.61217498779297 -0.0002751272996420612 -0.8332218431909233 0.5529387708729507 11.861730575561523
0.7770729849009396 0.6211072892093318 0.10189853496581461 1.9683494567871094 -0.6276960006355131 0.7527916218161574 0.19824859371400588 106.04218292236328 0.04642528323366235 -0.21801492933841604 0.9748405939753635 11.905364990234375
0.598259994952712 0.6500446622015765 -0.46853699489199285 2.045969009399414 -0.7925938003082298 0.566025338742843 -0.22673857989766083 105.6030044555664 0.11781360766965379 0.5070081390316019 0.8538516854838274 11.527153968811035
0.6740955666330194 0.5214532658706604 -0.5231459247270602 2.009990692138672 -0.7324759817761753 0.5632491702802827 -0.3823994093870979 105.06120300292969 0.095258087146114 0.6409655713775861 0.7616357614646702 11.75390625
0.32027601550497026 0.9222251279844708 -0.21661968333068526 2.2935123443603516 -0.9372859544130782 0.34168677374073425 0.06888532725198523 103.72030639648438 0.13754386046721562 0.18097226849623838 0.9738227377110786 11.797822952270508
-0.9827536896464504 0.1535286081537702 0.10307352698270306 2.1337814331054688 -0.1695353487182529 -0.9706337715555666 -0.17066882272634362 102.77859497070312 0.07384409943433748 -0.18520002158256302 0.9799224464132607 11.884039878845215
-0.5796121352424771 0.8090319758369017 -0.09755529074886457 2.5348663330078125 -0.8079218837727008 -0.554896346175244 0.19837407774841515 101.31817626953125 0.10635789768901491 0.19379707705433225 0.9752592939953817 11.553187370300293
0.11166805247982714 0.9824241305307926 -0.14957631432208418 3.142202377319336 -0.9916178469743031 0.12000388627940617 0.04788645779223147 99.36605834960938 0.06499455067473259 0.14297515528460078 0.987589901403378 11.166473388671875
0.5092321048703377 0.8281875690523278 0.2340683956379455 3.2834854125976562 -0.8473592815474599 0.43490467834938046 0.3046968472518136 97.86890411376953 0.15054870090671166 -0.35350144443413284 0.9232398482725297 11.344307899475098
0.9011329668396961 0.37489528508008635 0.21774503737033293 3.2917709350585938 -0.4245894936534879 0.6615959616474514 0.6180732524635398 96.74137115478516 0.08765351078970932 -0.6494184388793597 0.7553625310337636 11.648653030395508
0.8330768926053785 0.46186642924604887 0.30440481688447607 3.2243003845214844 -0.524547220754239 0.48492461138011567 0.6997844914520811 95.53382110595703 0.17559357677879506 -0.7426489903132897 0.6462502402171167 11.776152610778809
0.5896589794248437 0.8011491909694053 0.10228519830708149 3.1751670837402344 -0.795699695712746 0.5545473472148269 0.24359645715740924 94.5567855834961 0.13843511919413726 -0.22502713948780823 0.9644679902763178 11.804521560668945
0.2631808545856676 0.8924003523643207 -0.36654801715408847 3.423283100128174 -0.9539628944789593 0.29737270381449316 0.039041913162441044 93.56781768798828 0.14384239200209206 0.3393981233390868 0.9295796254958596 11.771838188171387
-0.0011223170477794309 0.8711784433280487 -0.49096523327519037 3.772346019744873 -0.9986513742652188 0.02450736985507418 0.045769220017131546 92.29961395263672 0.051905424404721456 0.49035447250260134 0.8699760446208054 11.659730911254883
-0.42415680330877464 0.8586019869358636 -0.28791254616058104 3.920106887817383 -0.8909302439519804 -0.3386680649954104 0.3025677480564135 91.3123779296875 0.16227848476784068 0.3848461637876254 0.9086028415096457 11.803133010864258
-0.08062975550085333 0.8024075194629985 0.5913045029738146 4.234962463378906 -0.990258429696482 -0.13205180662177618 0.04416517613439708 89.71471405029297 0.1135212973099316 -0.5819832412339401 0.8052381150814382 11.7162504196167
0.15412709561071603 0.5725352012475616 0.8052628649894511 4.448362827301025 -0.9811347716048108 -0.007577474513951299 0.19317645257112903 88.44694519042969 0.1167021779855904 -0.8198451226984302 0.5605662997728413 11.721710205078125
0.23666717895857864 0.9580705485761281 -0.16152235249285252 4.6486029624938965 -0.9672860952213407 0.24797174473412814 0.05355019892553073 87.1103286743164 0.09135784802215748 0.1435647511214002 0.9854150931664336 11.532827377319336
0.5468236994302843 0.695692462386543 -0.46582812229397086 4.650978088378906 -0.8302423230161002 0.5223928414283302 -0.19443097566299788 85.64603424072266 0.10808111219916208 0.4930696877754544 0.8632501121823317 11.683666229248047
-0.07325238781945914 0.7595008108764094 -0.6463687847945814 4.974283695220947 -0.992288264371672 0.009475339337879973 0.12358890862325311 84.14380645751953 0.09999043988803297 0.6504373422724962 0.7529496501815305 11.673285484313965
-0.7084303772352929 0.6320330280666652 -0.31410293224219105 5.323463439941406 -0.7031382116703581 -0.5935552593905724 0.39152114800965837 82.8319091796875 0.06101684930632828 0.49822324863726714 0.8648991493914517 11.71316909790039
-0.487449489694945 0.8536837379394082 0.18334958569338972 5.4927978515625 -0.872661933379673 -0.4833430247460983 -0.06957492694458044 81.68083190917969 0.029225759634076268 -0.1939164665702543 0.9805826120050869 11.644994735717773
-0.03013512940443308 0.9969458206526097 0.07204793306592949 5.655097007751465 -0.9983455170387522 -0.03355207298908491 0.04669568509789666 80.41463470458984 0.04897042560979918 -0.07052155047522501 0.9963074868403657 11.304296493530273
0.4812814214233907 0.8247194706306454 -0.2969949295112433 5.705727577209473 -0.8695605922611348 0.49194616833830773 -0.043050480179921066 79.0700912475586 0.11060094836458231 0.2789744830983026 0.9539081024925251 11.424429893493652
0.9012959801701911 0.3751637067020649 -0.2166050537328748 5.977130889892578 -0.43310264045770497 0.7911655538727578 -0.43183233921717407 77.6358642578125 0.00936263625366987 0.4830209721521204 0.8755587253312036 11.621940612792969
0.7297667984448553 0.5915832647719556 -0.3427384727883645 6.184043884277344 -0.682916805080915 0.6546560554104974 -0.32411431078007524 76.49732208251953 0.03263521450245971 0.47058972572307833 0.8817484067568573 11.67598819732666
-0.19667500743425181 0.6312740476173043 -0.7502079833323573 6.170446395874023 -0.9800643911232311 -0.10460445586949207 0.16891328267634215 75.3433609008789 0.028155473765990147 0.7684731515265273 0.6392622972457391 11.56926441192627
-0.6562207571616807 0.6260528961483844 -0.42122688553126664 6.577968597412109 -0.7542069588729685 -0.5269042175222187 0.39184666483828456 74.55683898925781 0.02337051684792013 0.574830163423527 0.8179389354718005 11.596221923828125
-0.3498061287437084 0.8689101186448249 0.350186918673409 6.78046989440918 -0.9368010019996693 -0.3269502072028505 -0.12452889087448342 73.2004165649414 0.006289272275542934 -0.37161642553397695 0.9283650560677059 11.549665451049805
-0.4016533565147591 0.820359772814102 0.40704351652964876 6.876108169555664 -0.9151902008015954 -0.3756696373344883 -0.14594252273312672 72.0802230834961 0.033188515440783245 -0.43114054174174876 0.9016741959873689 11.577524185180664
0.3238223476454985 0.8941197259703592 -0.30933639099861454 7.0732221603393555 -0.9425117520513903 0.33337791075489936 -0.023038356402249383 70.61282348632812 0.0825268708383921 0.2990135185094282 0.9506735671818352 11.525301933288574
0.8335576303383594 0.5491827201192224 -0.05983324182384627 7.414913177490234 -0.5389051188610895 0.8321844395451526 0.1305769177314098 69.26087951660156 0.12150287967786666 -0.07659894582415668 0.989631068494019 11.513605117797852
-0.4422007508740913 0.828946654831797 0.34249954652461023 7.305280685424805 -0.8916081931635067 -0.4477541624767114 -0.06746139539385176 68.15653991699219 0.0974336995607617 -0.33520688153430334 0.9370928559977132 11.47953987121582
0.5317450379816584 -0.11982130048160922 -0.8383853949901445 7.426338195800781 -0.8349407950521788 0.09163678563633915 -0.5426569526651948 66.92088317871094 0.14184880450508003 0.9885573101591711 -0.05131628582958847 11.475322723388672
0.15282853925365986 0.16370558523256762 -0.9745993633043551 7.700939178466797 -0.9851986344081077 0.10270988491291039 -0.13723822463721924 65.73052215576172 0.07763432456067154 0.9811478792235342 0.17697952069425743 11.467967987060547
-0.29774434775185615 0.8539622789264457 -0.42672793387892083 7.663105010986328 -0.9538569641681321 -0.2479560249842851 0.16933606107957883 64.8612060546875 0.038796846389570955 0.45745626659249466 0.8883853718209682 11.436830520629883
0.2304418866139008 0.6240467061834011 0.7466339433721682 8.082247734069824 -0.9709108352535673 0.09617831418199513 0.21927581231939303 63.47670364379883 0.06502835443901656 -0.7754453174678131 0.6280572209092069 11.489954948425293
0.51151434539332 0.7146552514920407 0.4770963696903294 8.28803539276123 -0.8577201332627217 0.39127083753676306 0.33350158123921836 62.17701721191406 0.05166476025902253 -0.579806004805166 0.8131148438807704 11.513556480407715
0.7102843262649112 0.5215658620123065 0.47272108842927757 8.423309326171875 -0.7003253904538087 0.45586824791922403 0.5492981777002154 61.036319732666016 0.07099664321727855 -0.7212164668963242 0.6890618873000174 11.474807739257812
0.6895761166107854 0.620952704023566 0.3726962822001453 8.653156280517578 -0.7232719481508024 0.5642565895761448 0.3981107762144113 59.694576263427734 0.03691162984929702 -0.5440884491382995 0.8382155397605968 11.393976211547852
0.27078644012328745 0.9446630232930662 0.18516607753085237 8.789758682250977 -0.9626273362341082 0.2647615645722744 0.057008117492747076 58.685428619384766 0.004828600230165236 -0.1936829531684338 0.9810522913034614 11.390235900878906
-0.2267653107708626 0.9380488899649323 -0.2619957516192819 8.921919822692871 -0.972338657973474 -0.20258062707966829 0.11626961659157517 57.796382904052734 0.05599132112513219 0.28111451326384174 0.9580394576378864 11.427655220031738
-0.45933101512489766 0.8811779973811217 -0.11198372862039688 9.03016471862793 -0.8836057576627897 -0.44038006280269454 0.15907943082328982 57.055686950683594 0.09086189283466492 0.1720195838190827 0.9808941732996537 11.291764259338379
-0.19512663944233477 0.9480845917476787 0.25111989461326795 9.389798164367676 -0.9680071450730522 -0.22735054053133985 0.10617861746899307 55.84524917602539 0.15775855497392277 -0.22236757544827743 0.9621148058946992 11.063860893249512
0.47297588241308586 0.6799198891810235 0.560359490819623 9.726482391357422 -0.8797352638451869 0.32937266689824973 0.34289869035558285 54.36626434326172 0.04857653963388148 -0.655150815153579 0.753934830871209 11.226771354675293
0.665687257188678 0.7349609768967267 0.12920076646686074 9.789619445800781 -0.7427111982935672 0.6357453966378425 0.2102566683440169 53.143428802490234 0.07239165384178207 -0.23592404093860764 0.9690713572081521 11.263389587402344
0.28261333721739235 0.9479693463589299 -0.14657359922807173 9.970392227172852 -0.9558970726791302 0.2910572167874592 0.039325348051956026 52.17652893066406 0.07994052833399322 0.12899540658395903 0.9884177745315597 11.22318172454834
0.05698018842736452 0.984310543995703 -0.1669910509747909 10.287946701049805 -0.9964345333450082 0.0664924958923574 0.05193234779518745 50.892704010009766 0.06222120928025672 0.16343653498801303 0.9845897725178818 11.241461753845215
0.15608439651416134 0.9867086837966587 -0.04520657568402569 10.52455997467041 -0.9869376733477119 0.1576421964844788 0.0332109441984731 49.808929443359375 0.0398959909240913 0.039432362442725404 0.9984254597617042 11.192682266235352
-0.010069086784248671 0.8824276838625781 -0.4703402983418039 10.709382057189941 -0.9995263788241547 0.004796829231534461 0.03039750752933243 48.29035186767578 0.029079744256158696 0.4704236103579935 0.8819614477355271 11.214754104614258
0.10051061627997648 0.991296564010997 -0.08502198653884037 10.446932792663574 -0.9947274047160637 0.10187167871987701 0.011813186768981264 47.33076858520508 0.02037170395092175 0.08338634933120401 0.996309043632221 11.147974014282227
0.3434856359608155 0.9350128677333277 -0.08813940697379746 10.496238708496094 -0.9388394700817863 0.34429748327127363 -0.006300192823868095 46.20121383666992 0.024455414638583174 0.08491277987538501 0.9960882252635503 11.13461971282959
0.4855033547586378 0.8491160464029153 0.20805872310285345 10.828657150268555 -0.8740665508067589 0.4667940297221128 0.1345771101508954 45.02031707763672 0.017151013931639744 -0.24719480891975215 0.9688140013254574 11.111393928527832
0.3904829360792964 0.8409934507402794 0.37450379496454955 11.07172679901123 -0.9198470215550814 0.3398568799295485 0.19590497211862218 44.03172302246094 0.03747710724079112 -0.42098374906462804 0.9062936331324151 11.202537536621094
0.11346170005883494 0.9152391089094826 0.3866055045422083 11.194973945617676 -0.9935311645491206 0.10267022344729981 0.048524738916864096 43.06882858276367 0.004718865269031397 -0.3896103165213391 0.9209677158134887 11.168316841125488
-0.08847518812583827 0.9364991274917716 0.33932510265709553 11.371283531188965 -0.9959359789373838 -0.08893140081803347 -0.014238391994089994 41.9610595703125 0.016842415032667424 -0.3392058227031092 0.940561397730193 11.005303382873535
-0.12492828485146412 0.9741936152439745 0.18798862641645872 11.71457576751709 -0.991876014127012 -0.11805063626477419 -0.0473921921522293 40.95271301269531 -0.023976994048113487 -0.19238203475209797 0.9810271435903595 10.971768379211426
-0.7400290078221697 0.5992250070489671 -0.3054283197558814 11.83646297454834 -0.6725430432412043 -0.6637148978971884 0.327365834040733 39.944313049316406 -0.006551531851035408 0.44767390502070875 0.8941728871945933 10.934691429138184
0.12859891822498298 0.991633362997022 0.011206766821012466 11.83720588684082 -0.9877234390707976 0.12706494073918767 0.09086753405426418 40.431884765625 0.08868329121948657 -0.022754652846465127 0.9957999295201403 10.870930671691895
0.2838322207068851 0.7709060576100983 0.5702132240036653 12.086610794067383 -0.9509190410690798 0.14985872260988642 0.2707311223151032 39.607627868652344 0.12325683681183919 -0.6190688278356367 0.7756039830876005 10.834489822387695
0.273548135754241 -0.00899272415627006 0.9618162757708086 12.4528169631958 -0.9541040795323487 -0.12925328994911678 0.2701462427224536 38.19953155517578 0.12188856732732822 -0.9915708335512791 -0.043936991309289575 10.754207611083984
0.9246759096184944 0.35688346561397927 -0.13269760413272588 12.41369915008545 -0.3644495641116035 0.9304836780900715 -0.03710309996259797 37.083927154541016 0.11023147186748516 0.08266992669240725 0.9904618649047524 10.838699340820312
-0.701065178512409 -0.42158969806232116 -0.5751258488062287 12.607270240783691 -0.7130970217259592 0.41504513217577876 0.5650045803909534 36.1462516784668 0.0005030734846377394 0.8062255669134484 -0.5916080477581064 10.670001029968262
0.0736810545975484 -0.8101128279984133 -0.5816255738065566 13.56456470489502 -0.9948930013248682 -0.10005211431611326 0.013322549893735935 34.62107849121094 -0.06898563697023291 0.5776735932456047 -0.813347528156644 10.668708801269531
0.9442214251338887 0.27944075599523643 -0.17423766586745623 13.756136894226074 -0.3215451858127094 0.6681066210366932 -0.6710009213165083 33.01549530029297 -0.0710956665261587 0.6895987288385498 0.7206934156667855 10.688928604125977
0.8006263907296434 0.52964724398107 -0.2801270772533092 13.7947998046875 -0.5974554101152825 0.6704358057910684 -0.43995779710929145 32.2893180847168 -0.045215211944699726 0.519605260997748 0.8532092107755624 11.094734191894531
0.29340717742276 0.8900665363696986 -0.34884636886695103 13.973714828491211 -0.9488414142223273 0.3156672031972573 0.007361214722802961 31.684768676757812 0.11667132849754804 0.328840048747821 0.9371510142160375 11.357744216918945
0.49064963193144634 0.8265131757775149 -0.2759327978905421 14.00682258605957 -0.8686367371367439 0.4389431203001097 -0.22978066941680395 30.827117919921875 -0.06879794751275185 0.3524271661029693 0.9333069886219982 10.889809608459473
0.6951375536397325 0.6806060782674901 0.23142849380557123 14.175484657287598 -0.7106275649826896 0.699208779545732 0.0782019596489834 29.921323776245117 -0.10859210563637339 -0.21882058594089193 0.9697037206084875 10.610550880432129
0.6470621079855021 0.5544913474702601 0.5233067685306332 14.302055358886719 -0.7349422360529673 0.6362723204905509 0.2345579754411135 29.268482208251953 -0.20290524407915836 -0.5363738246392946 0.8192268197312588 10.29549789428711
0.09903395970572137 0.5076301696923804 0.8558644084451057 14.334083557128906 -0.981628197467106 0.1908033226713165 0.0004171271581388525 28.602359771728516 -0.16309002655737753 -0.8401819462923914 0.5172000970242013 10.24036979675293
-0.030300344022314574 0.868567949504971 0.4946429078081069 14.5668363571167 -0.9948255550067331 0.021805915830150735 -0.09923012214218907 27.831710815429688 -0.09697424533181359 -0.49509011212862886 0.8634128656759679 10.078073501586914
0.16532818305060554 0.9800239211456891 0.11054277846794583 14.863268852233887 -0.9775946693651412 0.17765374100100512 -0.11290620327160075 27.13741111755371 -0.13028911818738234 -0.08939945352503947 0.9874373313741882 10.127758026123047
0.8894988615186157 0.43731567116374753 -0.13246425597755768 15.266969680786133 -0.45610083749933666 0.8322098545459387 -0.315275726989934 26.50725555419922 -0.027636956950622148 0.3408544583120907 0.9397097620325549 9.944169044494629
0.6947032843008215 0.6151940109356221 -0.3727246647199421 15.472155570983887 -0.7026916091971783 0.4697467420680446 -0.5343804830645835 25.791305541992188 -0.15366147580161943 0.6331463710907606 0.7586262740171005 9.896903991699219
0.9512534446601683 -0.1041893263670911 0.29027826011145935 15.683389663696289 0.30267923344078246 0.49599062120933457 -0.813866441940002 24.89083480834961 -0.059179098217737466 0.8620544576438024 0.5033487323820188 9.982488632202148
0.9640289270114903 0.1561215981729952 -0.21511456126674627 15.673179626464844 -0.26541824323610824 0.5222251419355578 -0.8104529951131311 24.297006607055664 -0.014190984551220864 0.8383954602180862 0.544877663556849 9.706581115722656
-0.25782196546330766 0.7563327560843927 -0.6012392171161356 15.573269844055176 -0.9614459966570645 -0.2624360131785671 0.082151898937535 23.86488151550293 -0.09565265096556924 0.5992396023801545 0.7948348692039959 9.763092041015625
-0.1753147213447 0.982870025394392 -0.056844187574955594 15.85581111907959 -0.9739405069325124 -0.18158155737442444 -0.13589711909205027 23.038497924804688 -0.14389106100057256 0.03153809129774878 0.9890908509138197 9.762702941894531
0.4828775030790742 0.7824144022009212 -0.3932645677513976 16.045656204223633 -0.8755626454305825 0.4389781408441576 -0.20171327618083704 22.21791648864746 0.014811176412370897 0.44173056843463065 0.8970254923711474 9.684576034545898
0.4293210371909679 0.8495969420008669 -0.3063796389580209 15.887661933898926 -0.9009692846342123 0.4264574625539328 -0.07992734687062278 21.663982391357422 0.06275185392470396 0.31035313559691435 0.9485479092034181 9.764266967773438
-0.39902780109866515 0.873676213059032 0.2783283828235877 15.423805236816406 -0.9151711772160865 -0.3606294084401071 -0.18002262680302467 21.009735107421875 -0.056908086800443916 -0.3265521466825288 0.9434644482722949 9.612168312072754
-0.6509841842981853 0.7114541507048062 0.26467448543168814 15.623931884765625 -0.7467666025995854 -0.5376497323086132 -0.3915001999876236 20.449726104736328 -0.13623227604168947 -0.45251050462213477 0.8812916714522618 9.352458000183105
-0.3819852926847103 0.9073549537309296 -0.17548283138962412 16.543338775634766 -0.9241127888632339 -0.3770963291441192 0.06175687820353569 20.04364776611328 -0.010138522179907891 0.18575614790895373 0.982543568439606 9.224486351013184
0.06809542330891616 0.9173202379640173 -0.39228381861353645 16.44281005859375 -0.9964740944556212 0.0818520901324421 0.018428630437447413 19.725650787353516 0.04901420613688398 0.38964575753187536 0.9196596061772974 9.207053184509277
-0.5628267648466146 0.8229407475342171 -0.07742453629255744 16.173053741455078 -0.813369603006533 -0.5347236911886094 0.22912979506520634 19.324623107910156 0.1471595109984001 0.19193514563376027 0.970311794318331 9.114557266235352
0.28265838396767956 0.9183505397448196 -0.2770135811168438 16.563688278198242 -0.9051208105230452 0.3509670698651198 0.23995506710298453 19.006296157836914 0.3175855102659526 0.18290544557418326 0.9304219696720537 9.078788757324219
-0.1273016277705406 0.9856314897827613 0.11101739465320626 16.771080017089844 -0.9074627624589516 -0.16091876760264984 0.38809339724300046 18.713502883911133 0.40038185562952233 -0.0513392304369612 0.914909095539443 8.977256774902344
-0.32350510524077675 0.9456217783497629 0.033821578818635095 16.8546199798584 -0.8128520532562942 -0.29602530358525475 0.5016378765148062 18.639060974121094 0.484371744015049 0.13479047424758503 0.8644163011257542 8.91697883605957
-0.8335523428661318 0.3604846747264304 0.4186183118184896 17.11067771911621 -0.3146060168983834 -0.9326351866802214 0.17667671803970833 18.55202865600586 0.4541074166248737 0.015569452569957398 0.8908108925652825 8.870626449584961
-0.6547764029396248 0.6514770077307928 0.38320434568462114 17.031829833984375 -0.5094084830553065 -0.7549295026240042 0.413018696258614 18.266237258911133 0.558364450466483 0.07522735184762466 0.8261779384546989 8.791576385498047
-0.3125171854881289 0.9239549341917823 0.22054543377099797 17.016416549682617 -0.6598061788345551 -0.37816795139412107 0.6493418259361683 18.01797866821289 0.6833657989293301 0.057413239945442174 0.7278151583559149 8.681290626525879
-0.12059752957961378 0.9704304020942931 0.20909584058608888 16.60732078552246 -0.6269529949818524 -0.23776527438136885 0.741887873186803 17.467405319213867 0.7696662769945034 -0.041623418762294084 0.6370881517246725 9.092509269714355
0.07540817603015915 0.992843505450751 -0.09260335130042219 16.755718231201172 -0.4510794540289827 0.11678720254535502 0.8848096266850544 17.335468292236328 0.8892923777592606 -0.024950410936397494 0.456658016302556 8.697808265686035
0.0033152673604895933 0.8765879485260282 -0.4812302749217447 16.429840087890625 -0.07049414145641714 0.4802405588715212 0.8742994805185988 17.32284164428711 0.9975066841994851 0.031025378542387627 0.06338644069239441 8.62702465057373
-0.08500585597741042 0.9896237271910542 0.11583990258125093 16.428741455078125 0.0971472014134947 -0.10747491493725006 0.9894501321020461 16.90096092224121 0.9916332112767672 0.09536257777407653 -0.08700317840866231 8.666311264038086
0.12900059087940743 0.01945728122347007 0.9914536104932767 16.13241958618164 0.13099504339850462 -0.991380089642788 0.0024117348280756207 17.248382568359375 0.982954295050277 0.12956439351630472 -0.13043742474828499 8.760734558105469
0.1283156923366157 -0.5682600731321679 0.8127826107785513 16.281023025512695 -0.02587461589749923 -0.8211968777920451 -0.570058060338378 16.66845703125 0.9913957773524819 0.05211695682232559 -0.12007595704073307 8.817914962768555
0.20337484413769452 -0.8054527895591372 0.5566726835074386 15.152656555175781 -0.10830695189940581 -0.583572783094298 -0.8048058219234222 16.71353530883789 0.973092121508662 0.10338573703843185 -0.2059201603408271 8.858048439025879
0.42266826398124024 -0.11683746324806207 0.8987216175239376 15.663162231445312 0.08998076716453576 -0.9813452738018391 -0.1698967778601914 16.694538116455078 0.9018065203598644 0.15267763676632987 -0.40427037866739934 8.810773849487305
0.36294125349842654 0.2943187498654755 0.8841097895547895 15.981437683105469 0.22123158111520008 -0.9488949625935431 0.22506651790496654 15.668224334716797 0.9051686218745428 0.11390708249367829 -0.40950572954663145 8.796306610107422
0.36236134567412337 0.5548656732186885 0.7488780540547371 15.875017166137695 0.21690828524268763 -0.8316272236810877 0.5112210447796165 16.29107093811035 0.9064463861444398 -0.022808891162379413 -0.42170452159020944 8.781569480895996
0.1834581982543321 0.980540620882336 0.06987975595948298 16.108734130859375 0.4450640382942881 -0.14623350211849562 0.8834782196949397 16.15679168701172 0.876505043516838 -0.13098035599983182 -0.4632311032645613 8.789974212646484
0.10150257619695527 0.9945094884375222 0.02545789530025988 16.306488037109375 0.42853295492441645 -0.06680289916690316 0.9010532055359686 15.485283851623535 0.8978066237053106 -0.08054967455324868 -0.4329607561433674 8.898789405822754
-0.09384303708314137 0.9355931759052638 -0.34038051294178717 16.233383178710938 0.6696727530708917 0.3123063437342083 0.6737975597001098 15.47590446472168 0.7367033922722663 -0.16471234581194133 -0.6558490336591666 8.891569137573242
0.042163101860354754 0.999104031683417 -0.003661518189945312 17.002330780029297 0.6873948584612204 -0.026348755966450157 0.7258057947000005 14.560704231262207 0.7250590192547033 -0.03311913243070247 -0.6878899197287641 8.88801097869873
-0.5054931856121034 0.6809329428514032 -0.5299122254104496 16.68228530883789 0.5743405069825843 0.7238688859498279 0.3822915353401679 14.848029136657715 0.643901872445418 -0.11110429016686363 -0.756998160742681 8.998517036437988
-0.7184246123779547 0.6607657976580106 -0.21738131698689755 16.659826278686523 0.449806241093537 0.6796737381935172 0.5794117319172549 14.45915412902832 0.530603827542629 0.3184841758320543 -0.7855109215928757 8.96707534790039
-0.586855321057127 0.7872711597405301 -0.18922196803684696 17.139793395996094 0.6699322078508322 0.6033636381312932 0.43260045892841986 14.065021514892578 0.4547435200539378 0.12710799039309378 -0.8815054677919947 8.996831893920898
0.22207351333455164 0.9504840458107942 -0.21740154860164387 16.732192993164062 0.9257471868415177 -0.13555022379217604 0.35301314831732117 14.561391830444336 0.30606453687133495 -0.27965374213308 -0.9100100459779001 9.108221054077148
0.727680086257206 0.6760965991294986 -0.11565068400243654 16.726051330566406 0.6592795682987423 -0.6428767558612013 0.38994862174035394 14.172539710998535 0.1892938004492732 -0.36000397972648 -0.9135452871601754 9.119757652282715
0.12984480101968204 0.9756705434800708 0.17665593178114014 17.84389877319336 0.6652626659914702 -0.21783499715439028 0.7141242883788987 13.602916717529297 0.7352318769518096 0.024797270012048456 -0.6773619287455331 9.091207504272461
0.027557651308241005 0.8469656296195469 -0.5309329506609453 18.784698486328125 -0.060232495776981254 0.5315765102493002 0.8448659421491976 12.61729907989502 0.9978038997252161 0.008696895672589466 0.06566385382240952 9.487832069396973
-0.5732460417102351 0.8068568924566524 0.14272676959400896 18.892934799194336 0.7188189306084369 0.41159221588716455 0.5602599332631566 12.679790496826172 0.39330436135706714 0.4237614929607073 -0.8159276171457991 9.274909019470215
-0.18068870511731375 0.8900786691929329 0.4184633251442302 18.667503356933594 0.8383673037617444 -0.08309110613539919 0.5387356792198363 12.48974895477295 0.5142877169700741 0.44816942190307124 -0.7311992296527504 9.475846290588379
-0.31140269801162257 0.0826097938138915 -0.9466805066320467 19.390775680541992 0.6546173068962784 0.7407897123734066 -0.15068770206486398 12.27220344543457 0.688842900219597 -0.666638000722845 -0.28476171584203913 9.594230651855469
-0.6765408679599358 -0.3141897526585288 -0.6660159557430956 20.703540802001953 0.28000309800762724 0.7267337286766435 -0.6272609924982371 12.36301040649414 0.6810952349606827 -0.6108542272327457 -0.4036909634680188 9.487292289733887
-0.444236070381025 -0.17528583181409457 -0.8785950096248363 20.900585174560547 0.15754206033964918 0.9501086982036375 -0.2692098824741163 11.774295806884766 0.8819494390249156 -0.25800840831846955 -0.3944576634324736 9.483339309692383
-0.44795552325682375 -0.87063441005984 -0.2033016802770206 21.51154136657715 -0.25099975408620695 0.34071333018148287 -0.9060427970495146 11.635613441467285 0.8580996286168461 -0.3548382034905466 -0.37115344092603064 9.641653060913086
-0.2899465179574971 -0.7990108542339195 -0.5267947147995177 21.974302291870117 -0.4062972951517104 0.6011415489040641 -0.6881506710987256 11.16386604309082 0.8665180463652945 0.014508376808070378 -0.498934847776409 9.787107467651367
-0.36574277045800935 -0.2186257666089666 -0.9046739744418103 22.65778350830078 -0.5642990034527577 0.8250698387636521 0.02874710184949425 10.815877914428711 0.7401343530467451 0.5210206669002319 -0.42513363087729633 9.871391296386719
0.11204130300825743 -0.3592681619890286 -0.9264842870773562 23.01056671142578 0.046257300585665684 0.9332297461056414 -0.35628991443223235 10.382906913757324 0.9926263186933637 -0.0029374758935455936 0.12117905211972746 9.843189239501953
0.10134423130954484 0.2680769144471762 -0.9580522505170367 22.849620819091797 -0.009522614500150961 0.9632276655323763 0.2685177539123441 9.844539642333984 0.9948058436666719 -0.01808956311053625 0.10017036045213645 10.16097640991211
-0.3003929632268555 0.5832137435800773 -0.7547355808116513 23.569055557250977 -0.08492761664758836 0.7717830164337897 0.6301890791460296 9.809635162353516 0.9500270351807621 0.25340225895534607 -0.1823072340363333 10.066474914550781
-0.14050522473636656 -0.9744021025408081 0.17549593837418398 25.085790634155273 -0.28703278835476703 -0.1295533303136533 -0.9491196515792562 9.600397109985352 0.9475602673345217 -0.18372935848332372 -0.2614824326799712 10.176525115966797
0.03604629408631893 0.5145591833443877 -0.8566968609249129 25.861207962036133 -0.02950999433752083 0.8574282016349344 0.5137567900040658 9.595263481140137 0.9989143231112677 0.006762091173536211 0.04609174770084862 10.353233337402344
-0.04276647023887012 -0.9495163245726603 0.31078896118320243 26.29584503173828 -0.0927121740362366 -0.30595958990195904 -0.9475194890515444 10.065018653869629 0.9947740858148559 -0.06933598428703053 -0.07494691103818912 10.339113235473633
-0.10319599885254721 -0.5638223073875686 -0.819423572710099 26.509357452392578 -0.0766594530035794 0.8258799396686347 -0.5586104667101431 9.448142051696777 0.9917025330642334 0.005170197780554164 -0.12844981498193325 10.435237884521484
-0.0008315127904423014 -0.6852443090021745 -0.7283128074986815 26.935964584350586 -0.07803108592810853 0.7261368389314373 -0.683107927618718 9.302013397216797 0.996950579625369 0.05626302628540408 -0.054074149626678836 10.437772750854492
0.11724376027025885 -0.9458991582168534 -0.3025370773348914 27.69968032836914 -0.2361114899550531 0.2693530424387953 -0.9336489184057193 9.164834022521973 0.9646270082207395 0.18089699006233495 -0.19175769605805287 10.640134811401367
0.02077786838326018 -0.5480695140498318 -0.8361746755042447 28.387714385986328 -0.20232095389504848 0.8167462753677335 -0.5403626127776902 8.99537467956543 0.9790988263706812 0.1804032412184309 -0.0939157002712489 10.62167739868164
0.008465889689725226 0.8909913671207992 -0.4539413094530731 29.041589736938477 -0.08084828184788861 0.4530812893412903 0.8877955285824988 8.912654876708984 0.9966904655077251 0.029184395917050965 0.0758708573890598 10.677579879760742
0.003207018377098785 -0.03731008924457866 0.9992985901489557 30.14805030822754 -0.10554868521775279 -0.993734326823754 -0.036763606201573304 8.423416137695312 0.994408965205932 -0.10535675076947941 -0.007124955113200011 10.643013000488281
0.07676658404826209 0.913902188720847 -0.39860968506147265 31.137849807739258 -0.3265840883361185 0.4007825237005973 0.8559884356355794 8.509174346923828 0.9420455003975272 0.06446827240918929 0.32923261842251766 10.788408279418945
0.2285158520543189 -0.34653965181364155 -0.9097751233578376 32.20329284667969 -0.3773503035804088 0.8299184865572472 -0.41090394748444764 8.59235668182373 0.8974337043746808 0.4372019846608755 0.05888268727673329 10.866531372070312
0.3459838422562874 -0.5149607331163379 -0.7842898853395093 33.371253967285156 -0.40461889177204424 0.6722959074970245 -0.6199207733121349 8.76767349243164 0.8465097361039267 0.5318210752791172 0.024240680069345988 10.906867980957031
0.24488582224643907 0.29446232877597134 -0.9237547677790449 34.24622344970703 -0.6876431853802938 0.7244185351374877 0.048627518436574035 8.776033401489258 0.6835040480221958 0.6233054811896717 0.3798848423617129 10.899724960327148
0.16564431437078125 0.9523292708678427 0.2561853254285985 35.428348541259766 -0.7803367585874371 -0.032274638850524895 0.6245261330675604 9.119941711425781 0.6030228057991553 -0.30336002956123165 0.7377914259129899 10.943399429321289
0.8573779621365114 0.29788074224870537 0.4197262124766609 36.97285461425781 -0.16936102793650476 -0.6067996026461255 0.7766022691473381 9.077235221862793 0.48602455931663907 -0.7369269337090784 -0.46980721803225034 10.972591400146484
0.8416592542550632 0.5000814214045146 -0.20378486620171685 38.22560501098633 -0.2796012696238883 0.7264154918406307 0.6278086199142574 8.658708572387695 0.4619879108283257 -0.47142242753179997 0.751217721481931 10.943120956420898
0.8993028124829231 -0.039758492493146586 -0.43551545751554754 38.723751068115234 0.08455785840571316 0.9928745630804089 0.08396469835428638 8.891674041748047 0.42907390976630544 -0.11233594376938907 0.8962567799996254 10.84518051147461
0.9463960645860303 0.010295226842345392 -0.32284438548678385 40.255393981933594 0.25301365480110005 0.5976958631596544 0.7607520921075575 8.361042022705078 0.2007948690088076 -0.801656824000208 0.5630521797432592 11.02383041381836
0.6425813250570883 0.2065330460939499 0.7378572636757268 41.12954330444336 -0.7618449447960747 0.0694865891188754 0.644021656484695 8.512301445007324 0.08174056995484252 -0.9759691157018131 0.20199694160971482 10.958199501037598
0.9155996256434791 -0.1700093513284847 0.36438186835020847 41.954429626464844 0.3920879699351072 0.17661635246856805 -0.9028143152790972 8.68541145324707 0.08913107961697356 0.96948619613771 0.2283684876351077 11.062021255493164
0.9603795703750031 -0.2452116460069761 -0.13244745927677856 43.043052673339844 0.1804190746746709 0.9092420693363277 -0.37513706407462366 9.36308765411377 0.21241477891112007 0.33637792438199954 0.9174583661881327 10.787521362304688
0.9916661932802505 0.1162738611359471 0.055484685469015436 44.0947380065918 -0.11298655063064945 0.9918366649125745 -0.05911065480680558 9.578857421875 -0.06190476945797286 0.052349014810597255 0.9967082723478898 11.043309211730957
0.9975696370331564 -0.02759014263164872 -0.0639812730343928 45.2371940612793 0.06892206216888544 0.5255010911647522 0.8479966701178978 9.973565101623535 0.010225879713967385 -0.8503454516925575 0.5261255022994565 11.030373573303223
0.6198732512919622 -0.624347575268543 -0.4753390974757104 46.406192779541016 0.7838147701661582 0.5214409570835171 0.3372443244076885 10.159042358398438 0.03730359770993147 -0.5816265412892682 0.8126001526370634 10.990614891052246
0.9676082343439398 -0.24927935837440707 -0.0399262610101078 47.233436584472656 0.2519196371723733 0.9430900299019122 0.21706610031635595 10.396744728088379 -0.016456039521801774 -0.22009315525034953 0.9753400441770053 11.266630172729492
0.9970776631907637 0.07182479855572407 -0.02602560044408968 48.06949234008789 -0.06690978604736134 0.9854533132363957 0.15622051069723913 10.723731994628906 0.036867520897696335 -0.1540226143910028 0.9873792686495996 11.089527130126953
0.9967725870693536 0.05742043715694437 -0.056100829439261576 48.66444396972656 -0.05687165731252266 0.998317191140721 0.011331393004738215 11.000595092773438 0.05665707600639751 -0.008104274773614521 0.998360804753872 11.109840393066406
0.9431879772707918 0.1887003815573598 -0.27347505467946925 49.718421936035156 -0.33161092114102164 0.5860260012480757 -0.7393292384595602 11.165843963623047 0.020751783341076968 0.7880137637511777 0.6153077860931615 11.00744342803955
0.8937816696230849 -0.2871613144631825 0.3445180786570541 50.406253814697266 0.4447929134199433 0.46893629594739417 -0.7630583296934362 11.914809226989746 0.0575638012744957 0.835246747864914 0.5468539832203064 11.067861557006836
0.9299401849023361 -0.33327284686082675 0.1553720117945602 52.101722717285156 0.36687336124227626 0.8124257065639101 -0.4531759130017016 11.911094665527344 0.02480301019237971 0.4784283445401322 0.8777762413200675 11.149352073669434
0.9160226374345222 -0.3659445331096526 -0.16427758944743637 53.46029281616211 0.3961450872501162 0.8896444831146146 0.22716021551171361 11.751043319702148 0.06302061214475731 -0.2731616597381278 0.9599016147991477 11.033587455749512
0.8240627903243501 -0.2849085462548028 -0.4896403147963012 54.25164031982422 0.5658879962484672 0.4541138861105227 0.6881506769185757 11.80703353881836 0.02629245718339815 -0.8441609436076594 0.5354446824674657 10.967279434204102
0.9381764774065262 -0.33269178505751507 -0.09560896085789297 55.4317626953125 0.3461567789902139 0.9011870123432939 0.2608398994457866 11.85720157623291 -0.000617737972070008 -0.27780954796229024 0.9606359734367571 10.86476993560791
0.8956975393909212 -0.35488436507165866 0.2679235065400841 56.257049560546875 0.4434802698613418 0.6690175606411969 -0.5964400672300726 12.167940139770508 0.03242172377835888 0.6530486895947253 0.7566215968671868 10.866455078125
0.9516166082914099 0.13661531152288942 -0.27524913711301063 56.85676574707031 -0.3054901274015134 0.5173482402474572 -0.7993913812226563 12.339601516723633 0.033190554140601056 0.8448000088603 0.5340518066119396 10.803701400756836
0.9796968488178476 -0.19792770779078706 0.031917188238695264 58.31254959106445 0.19994318104729686 0.9528976921872444 -0.22805418780831757 12.634655952453613 0.014724427631231378 0.22980559330205244 0.9731251617947325 10.7864351272583
0.9948173582859974 -0.02354613917286299 0.09891411922936882 59.740936279296875 -0.07907035126843664 0.4324502008236919 0.8981841143985094 12.77086067199707 -0.06392419888552114 -0.9013503220932473 0.4283471648782604 10.618854522705078
0.9803515005879332 -0.07878586228649385 0.18084170757532997 61.022308349609375 -0.18377007438190196 -0.03159554331833381 0.9824613383762688 12.640992164611816 -0.07169027170165937 -0.996390741399273 -0.04545322207665092 10.629430770874023
0.9822710139574714 -0.18729173683423092 -0.00809076341135399 62.2769889831543 0.18744119633182424 0.9819316088237706 0.026002182801764598 12.52741527557373 0.0030745823546996613 -0.027057732838858775 0.9996291442514896 10.608118057250977
0.9997367306055072 0.0227902373792013 0.002659804205379532 63.0631217956543 -0.016978812255358633 0.81277090658641 -0.5823359626032913 12.915815353393555 -0.015433386297523374 0.5821374910507864 0.8129438800436883 10.577194213867188
0.9970629621103548 -0.06362946592856573 0.042623240765689505 64.37348937988281 0.07134207852274961 0.9740576921391015 -0.21476014578291883 13.229530334472656 -0.027852422152808753 0.21717021768716863 0.9757363061452253 10.432525634765625
0.9861229287190169 0.1648721212873835 0.019461579504921986 65.13748931884766 -0.15117891468556688 0.9402382354899106 -0.3051180038563981 13.276612281799316 -0.06860397371233089 0.2979416791001507 0.9521156708330454 10.698657035827637
0.7175950625707523 0.6586365104310827 -0.22639627492793252 66.00716400146484 -0.6964488230286316 0.6767237343103598 -0.23875515559475363 13.350179672241211 -0.004045129925173349 0.3290029400297321 0.9443202329589686 10.267184257507324
0.8390939676478129 -0.4140801047241458 0.3527874435530432 67.1292495727539 0.5393408786160131 0.5486856438578627 -0.6387922047724047 13.399894714355469 0.07094173743825438 0.7262793753755666 0.6837291413954203 10.296807289123535
0.9621406829823335 0.14419136512761346 -0.2312880376779658 67.96419525146484 -0.27190704422511136 0.5662065887868218 -0.7781238064184607 13.677937507629395 0.01875807695506626 0.8115534172419127 0.5839770419390832 10.191178321838379
0.9680132400422201 0.24895260846126144 0.031192400409351728 68.94577026367188 -0.16424814545581728 0.7227627505147189 -0.6712946843098963 13.980316162109375 -0.18966526782014717 0.6446988484623907 0.7405339161537301 10.196836471557617
0.987512037712336 -0.0438462415387403 0.15131914114267397 69.97763061523438 0.01709986605709457 0.9846470934674002 0.17371728730046004 14.480299949645996 -0.1566128026505479 -0.16896037532252228 0.9731006225549407 10.56005859375
0.9865424015767862 -0.017822764050532132 -0.16253134766163252 71.6451187133789 0.11442484201108677 -0.6348040397020643 0.7641536407743393 14.865172386169434 -0.11679488611170112 -0.7724675917211926 -0.624221734897637 9.929861068725586
0.9991619800217849 -0.04038752735830403 0.006647203384045435 71.91539001464844 0.0024081622108575486 0.2201244869183171 0.9754688160129539 14.526631355285645 -0.04085998572825032 -0.9746353461130117 0.2200372779177594 9.899977684020996
0.7102667755570332 -0.6694638352980191 0.21757591954966343 72.7617416381836 0.7037436827352577 0.668146158580399 -0.24150681105193122 14.503318786621094 0.016307561130714354 0.32465194285930715 0.9456929625664162 9.842413902282715
0.8172287776446039 -0.31703037424451147 0.4812783672635742 73.35905456542969 0.5755580744321229 0.4917099777206114 -0.6534173251192402 14.69947338104248 -0.02949623612418395 0.8109950922270622 0.5843089357849369 9.786632537841797
0.9664442921759271 0.20175430519117332 -0.15899883791209996 74.2690658569336 -0.2474699119973252 0.5652967205546933 -0.7868915175461896 14.729976654052734 -0.0688772297396421 0.7998342441199525 0.5962559091165947 9.579832077026367
0.9848087421550493 0.17362719358179704 0.0023106327917851235 75.34564971923828 -0.14537597278058725 0.8316997567497839 -0.5358557092729794 14.629325866699219 -0.09496087569671655 0.5273794765358804 0.8443064134635324 9.503334999084473
0.657153250873918 0.744550082774234 -0.11745117754506654 76.14747619628906 -0.7205566758311026 0.5747983485690041 -0.387820751633505 14.862955093383789 -0.22124122983990266 0.33948789775664595 0.9142211359926549 9.41325569152832
0.7675760405876366 0.5645748161535319 0.30345065312339137 76.93836212158203 -0.5262716693835393 0.82537720301174 -0.20442749999151302 15.02112865447998 -0.3658758695515051 -0.002783830764057832 0.9306594964680732 9.360429763793945
0.6235868393687708 0.5183930874217154 0.5851564412013672 77.53453826904297 -0.5490876759432975 0.8232376722013461 -0.14416122639495624 15.17175006866455 -0.5564550097656196 -0.23140514683535293 0.7980034336548019 9.305217742919922
0.5430088193837588 0.19628845468481232 0.8164632659396899 78.5974349975586 -0.21817661769532176 0.9718836780483476 -0.08854987201710054 15.134719848632812 -0.8108886394336067 -0.13004983237460885 0.5705669597311522 9.076261520385742
0.3621259653214537 0.031118082361495533 0.931609601812985 79.45518493652344 -0.10773162096462242 0.9941422116992661 0.008669530669331918 15.228989601135254 -0.9258826508172299 -0.10350327467203509 0.3633571095325162 9.129985809326172
0.12226075787302498 0.18396149766733208 0.9753001970984655 80.37760162353516 -0.03334291552528601 0.9828788063588065 -0.18121120824872033 15.265129089355469 -0.99193777882919 -0.01036433242807383 0.12630132043938885 8.987628936767578
-0.07706018571883066 0.7284499667813581 0.6807513302764954 80.52239990234375 0.051336721809115526 0.6847748991352671 -0.7269442059114157 15.454537391662598 -0.9957039061743573 -0.02107091385117177 -0.09016511419947126 8.788951873779297
-0.3500244825725964 0.8064785641727408 0.47652406773389777 81.94134521484375 0.20176750098610524 0.5616726568168051 -0.8023800235114114 15.041748046875 -0.9147528284436228 -0.18470558224976746 -0.35932034556947395 8.728561401367188
-0.5332595916733538 -0.12070485850462363 0.8372959721757575 82.40609741210938 -0.16657646513890262 0.9853725300662692 0.03596190001414408 15.19481086730957 -0.8293892265698873 -0.1202967752027382 -0.5455659416840697 8.556587219238281
-0.3379043550383291 -0.8722919695459955 0.3534506566859077 83.43545532226562 -0.598785797554002 0.4889779622069594 0.6343154744474926 15.297440528869629 -0.7261378763662925 0.0026967279243547693 -0.687543825632049 8.569747924804688
-0.48541760350557067 -0.4107253369979996 0.7717994867546808 83.40080261230469 -0.32163538819101356 0.9047655772421033 0.27919514197238476 15.479761123657227 -0.8129701269235697 -0.11271179080133419 -0.5712929414444323 8.176033020019531
-0.6345799594656494 -0.28966285881602905 0.7165219489081268 84.23334503173828 -0.4203959498170001 0.9073239500898591 -0.005522225167203937 14.753973960876465 -0.6485179414804477 -0.30472721869872443 -0.6975426881289077 8.433822631835938
-0.7498398392244423 0.6584661874186265 0.0645174049248756 84.27265930175781 0.45156694605707953 0.580610129975693 -0.6774800146117165 14.755743980407715 -0.4835571411328188 -0.47886757772476835 -0.7327061718475341 8.478385925292969
-0.788735004747467 0.5525162254187839 0.2694863872906998 84.42375183105469 0.4172825387544712 0.8031190599641458 -0.4252940845731697 14.676103591918945 -0.4514115363353452 -0.22299236796645477 -0.8640034888193895 8.320480346679688
-0.7915952191373813 -0.5039746348819971 0.3455236264489004 85.16934204101562 -0.3466970450730236 0.8360695624888094 0.42519271585647483 14.476119041442871 -0.5031681309229306 0.21678850079127548 -0.8365551852377678 8.350257873535156
-0.6444690655826482 -0.6800234595101093 0.3496108093622554 85.32334899902344 -0.529373477886137 0.7267414074566649 0.43773353492580575 14.270393371582031 -0.5517457244218249 0.09703103216913916 -0.8283487395888445 8.159873962402344
-0.5330132214958943 -0.17061381225812816 0.8287266333220605 85.0872573852539 -0.1075637166020403 0.9851752165418046 0.13364071079788611 14.298431396484375 -0.839241891579135 -0.017908650941834664 -0.5434632716569894 8.182449340820312
-0.6803960957937918 0.5612733020080442 0.47120423733403827 85.66030883789062 0.20376151751857904 0.7625151428308345 -0.6140455202443856 13.9352388381958 -0.7039477230640722 -0.3217808841535793 -0.6331782259255678 8.062385559082031
-0.657011219720749 0.72758797774949 0.19736258965533743 86.23625183105469 0.3346874654935487 0.5160909601887828 -0.7884379628435739 13.686092376708984 -0.6755150313668514 -0.4519578027270109 -0.5825921274370379 8.097541809082031
-0.7219679574921551 0.22400442577609056 0.6546634903424277 86.52775573730469 -0.21351822893945258 0.8278453707232039 -0.5187311520264818 13.432153701782227 -0.6581582137033356 -0.5142898593253472 -0.5498488031540574 8.007972717285156
-0.13205321749112153 -0.6438656608135301 0.7536570563428692 86.88201141357422 -0.5221217361620335 0.6914718162227504 0.49925506506870265 13.50207805633545 -0.8425858059434578 -0.32757249303744496 -0.4274873348157191 7.9693603515625
0.0985119957276886 -0.8161821270338303 0.5693348067774185 86.75621032714844 -0.3805426156674863 0.49773741803865573 0.7793874391758957 13.495704650878906 -0.9195013346149618 -0.29343516863993174 -0.26155897508317144 7.9478759765625
0.18176034393936788 -0.9817300430246292 -0.05629653625137521 87.22962951660156 -0.11786843942757957 -0.07858837702949051 0.9899145912566283 13.535110473632812 -0.9762531476814553 -0.1732916317042758 -0.12999923854900042 7.785285949707031
-0.04105902594002381 -0.8137798509050181 0.579721062796465 87.1213607788086 -0.08033005070711874 0.5810207163154814 0.8099148166107573 13.180282592773438 -0.9959223058764414 -0.013314708905994066 -0.08922712135052008 7.8016357421875
0.05412450167876898 0.9434025244113211 0.3272036296442501 87.15750885009766 0.0208372923513363 0.3265454916695185 -0.9449517707892702 13.234626770019531 -0.9983167561277783 0.05796308139375517 -0.0019838421940860385 7.728605270385742
0.007438838039676722 0.20295049066193022 -0.979160743713054 87.11873626708984 0.03814182603224732 -0.9785328635419008 -0.20253058059318635 13.176826477050781 -0.9992446471187849 -0.035840386557194806 -0.015020049796375877 7.642986297607422
-0.10760792714211878 0.8475048942859387 -0.519765320291337 86.74234771728516 -0.5173874208889151 -0.49416627128896173 -0.6986486620800763 13.205326080322266 -0.8489586507728706 0.19373990420598414 0.4916645795622896 7.822096824645996
-0.08805129166702741 0.1190649969164333 -0.9889744670844934 87.41590881347656 -0.03846148178828961 -0.9924966991634919 -0.11606470853890907 13.39011001586914 -0.9953731383026253 0.027817775951045655 0.09197003254713076 7.693748474121094
0.06191915895145529 0.6971985936366734 -0.7141989490231618 87.83287048339844 0.05861672766265269 -0.7168771102875005 -0.6947310904112216 13.138202667236328 -0.9963584179364705 0.001153159523846814 -0.08525592783053708 7.73330020904541
0.004116339494584509 0.9731121754904992 -0.23029491887862596 87.45479583740234 0.025157836412392054 -0.23032475329757932 -0.9727885645326307 12.68552017211914 -0.9996750167010339 -0.0017893939076877308 -0.025429491800476184 7.708522796630859
-0.00732062978663825 0.9109521458207437 -0.41244708315626316 87.77156066894531 0.019411957073443287 -0.41225095158918545 -0.9108635072481441 12.226520538330078 -0.9997847689888588 -0.014674499596018742 -0.014665427354859456 7.631959915161133
0.063668407188052 0.7892459554871558 0.6107676773318172 87.98039245605469 -0.08732995213327138 0.6140678190495912 -0.7844069052909204 11.86784553527832 -0.9941427530221888 -0.003396373778754902 0.10802153145839977 7.656406402587891
-0.08220420142576551 0.0815533666907451 0.9932731334579411 88.60768127441406 -0.01730286220428942 0.9963792686289532 -0.08324039888162153 11.02841567993164 -0.9964652930370889 -0.024029178675871416 -0.08049545542868558 7.712947845458984
-0.11407508423543095 -0.5315380083666471 0.8393177114885028 88.33595275878906 -0.07448820487904576 0.8470308062996236 0.5262986989470018 10.93545150756836 -0.9906757201479083 -0.0024817012365904167 -0.1362184226468493 7.789760589599609
0.054183791928156366 -0.9226378838839502 0.38184218194750646 87.94960021972656 0.04532748934347819 0.3842824263919916 0.9221021827737426 10.590156555175781 -0.9975016468167375 -0.03265504537479519 0.06264273788290975 7.726879119873047
0.1419105293179996 -0.9813005841340037 0.13004062921621246 88.2507553100586 0.03430160856795478 0.13616617428371233 0.9900920021041422 10.234710693359375 -0.9892849949930183 -0.13604387733081175 0.052983602392278506 7.710857391357422
0.14128438210087152 -0.24762896259642964 0.9584981065488817 87.96592712402344 -0.1395166802877053 0.9535664008474349 0.26691986643254495 10.525619506835938 -0.9800886793019669 -0.17143808228712046 0.1001756689313395 7.776630401611328
0.22777379416359345 0.317423069447703 0.9205225112264879 88.12875366210938 -0.06578970688351943 0.9482290820533237 -0.31069812103791616 9.976276397705078 -0.9714889670812024 0.0102079836750337 0.2368649064525783 7.6728668212890625
0.277616638124647 0.8023202870329509 0.5284043520370854 87.79097747802734 -0.14422224177554355 0.5785977316473971 -0.8027606180610277 10.608545303344727 -0.9498046889827432 0.14665204379022434 0.27634078750438684 8.548569679260254
0.2693934602956311 0.8183908438174372 0.5076057429794597 87.42406463623047 -0.6713540908479192 0.5374928173322999 -0.5102794881414994 10.958657264709473 -0.6904425017709367 -0.2033172350588357 0.6942270908545127 9.013594627380371
-0.3627018798371414 0.9067049891899162 0.21525196617154982 87.24417877197266 -0.721729754259343 -0.12718297437351478 -0.6803900740356627 10.791986465454102 -0.5895366894259868 -0.4021325075240997 0.7005254729223112 8.586648941040039
-0.4707643279440351 0.7954989336147138 -0.3815264003358799 87.45507049560547 -0.1289078743129482 -0.48982153560311403 -0.8622398872700824 10.0330810546875 -0.8727907581290707 -0.35673002379567176 0.33313658257120504 7.782617568969727
-0.26343812173796893 0.9635036247873743 0.047551246427005534 87.63108825683594 -0.37292921670744134 -0.05625723993053894 -0.9261527532115705 9.845211029052734 -0.8896764329469145 -0.26171719083199046 0.3741389537081995 7.81085205078125
0.43615072770322855 -0.6872303171410004 0.5809363424044192 87.52127075195312 0.11149743912174614 0.6818714471868308 0.722924374039657 9.12166976928711 -0.8929394513589581 -0.2505310773409507 0.3740231483386367 7.754005432128906
0.36879261786523077 -0.9165414990161822 -0.1547374731255478 87.61045837402344 0.5288418815792253 0.0699930006783655 0.84582932329388 9.047714233398438 -0.7644071358221707 -0.39376726684325614 0.5105184328375788 7.836528778076172
0.4398354094183352 -0.8978824358040715 -0.0187601731429321 87.52577209472656 0.5358549095102553 0.24561521820838705 0.8077949495622031 8.8731689453125 -0.7206971129230096 -0.3653495532486576 0.589164981448698 7.846416473388672
0.5556396518143226 -0.028931034870548766 0.8309197148659895 87.41343688964844 -0.33569369540569416 0.9065053319073115 0.25604262553036716 9.096324920654297 -0.7606407300404885 -0.4212019449681279 0.4939783409812001 7.915107727050781
-0.3676190690389385 0.8998640146842949 0.23473596902734706 87.36701965332031 -0.5441454035661102 -0.0034433385883939627 -0.8389838634903779 9.224723815917969 -0.7541631122355559 -0.43615696543289223 0.49092270435125684 7.879177093505859
-0.6118518466140407 0.6509317170199165 -0.4493608990249286 87.28851318359375 -0.43569051164347306 -0.7515123179794007 -0.49538168515708886 9.044898986816406 -0.6601599017350549 -0.10731791883339797 0.7434189723422663 7.885579586029053
-0.07138750850265962 0.8277090183734677 -0.5565982433793815 87.71488189697266 -0.7709491722553989 -0.39985333352043106 -0.49573650810820274 8.909187316894531 -0.632883241544993 0.39371956082449006 0.6666661158298602 7.928581237792969
0.5645997188181524 0.43803895841594387 0.6995348657646298 88.738525390625 0.6212086193250608 0.3325175166117867 -0.7095998537363026 8.354776382446289 -0.5434399771701702 0.8351969660243059 -0.08437428018703114 7.984676361083984
-0.1865748244883193 0.06667751158299606 0.9801754660856659 88.98023223876953 0.8250756941580475 0.5522440360364151 0.11948482569693453 8.18807601928711 -0.5333291045656228 0.8310118134607415 -0.1580488282522869 7.95384407043457
0.7726474938823298 0.33175039920070226 0.541255506048234 88.65907287597656 -0.03664986045890711 0.8744800741625757 -0.48367487801307085 8.276409149169922 -0.6337764889341493 0.35387324358135785 0.6878234435896404 7.935266494750977
-0.15119257364678795 0.9882549196386542 -0.022204042065748775 88.5880355834961 -0.7862025527134239 -0.13383564558882866 -0.6033022178615932 8.29025650024414 -0.5991880771351817 -0.07375794045266154 0.7972034962537639 8.112987518310547
-0.7630877975104099 0.10228608869038491 -0.6381493315448461 88.96171569824219 0.1164715933095822 -0.9494657784175894 -0.29146029500741283 8.282142639160156 -0.6357132854067458 -0.29673606399341407 0.7126123259410109 7.836725234985352
-0.6064290988262089 0.6040473516670665 -0.5170788576618035 89.37030792236328 -0.5579857184191416 -0.7865793131530265 -0.26447102328986377 8.050117492675781 -0.5664765539164942 0.12813969355245314 0.8140543795098562 7.967599868774414
0.23601619984428562 0.9475627028290223 -0.21545597605640884 89.52760314941406 -0.8304911492245468 0.08156411262515822 -0.5510279000117523 7.745863914489746 -0.504560010772508 0.30898579213133426 0.8061928899402537 7.893682479858398
0.8239848449190972 0.5254453448178276 -0.21202868898553603 89.35396575927734 -0.4629695418018922 0.40861390931488517 -0.7865709608663113 7.462398529052734 -0.32666217826279925 0.7462853761957825 0.5799568592308587 7.870445251464844
0.9655553742601871 0.1911622001668403 -0.17652147876290497 89.25977325439453 -0.14390762267768756 -0.17287503631143963 -0.9743740646977292 7.281327724456787 -0.21677964704401131 0.9662149010689554 -0.13941072261408916 7.922954559326172
0.5173209374322805 0.7378786995249795 -0.43349056792681356 89.14472198486328 -0.8079547308202379 0.25412917920491784 -0.5316272314524824 7.10725736618042 -0.2821138079559083 0.6252626528619469 0.7276389312678764 8.208518981933594
-0.25026854311875163 0.9346902291104798 -0.2524278747100168 89.22157287597656 -0.9652743571039225 -0.2610603996652893 -0.00963759535403605 7.291553497314453 -0.07490708806799462 0.2412501675273984 0.9675677158861675 8.04698371887207
-0.533257274032783 0.8416511487425046 -0.08520577158589698 89.30241394042969 -0.8450866796136615 -0.5345595344946752 0.008637593437590463 7.113971710205078 -0.03827771715609798 0.07661232212417869 0.996325934856691 8.087859153747559
0.0716779080502431 0.6855484141214409 0.7244899235966764 89.21671295166016 -0.995747191993012 0.007034159515442395 0.0918588604215328 6.690380096435547 0.05787751839507488 -0.7279930579995172 0.683137102175646 8.148269653320312
0.5802083659819904 0.734355307275145 0.35225067029224527 89.09442901611328 -0.8067900688352476 0.4589609023132651 0.37208154345063954 6.333788871765137 0.11157077069432324 -0.5000771668698952 0.858763524086843 8.291400909423828
0.006609771159905631 0.9831532926280836 0.18266339020113337 88.99972534179688 -0.9998978240212434 0.00881337488614381 -0.01125459642540419 6.040720462799072 -0.012674874468652966 -0.18257033608358758 0.9831110923692854 8.352022171020508
-0.5738112572583767 0.742335760668475 0.34594545737199367 89.54253387451172 -0.8187398919038554 -0.5095613612937109 -0.264598201962454 5.997955322265625 -0.02014026933346047 -0.43506877330975746 0.9001719458203075 8.306032180786133
-0.9674126195666013 0.13313153243117737 0.2153806364922629 89.66674041748047 -0.2485367862119655 -0.66185901115923 -0.7072284745729304 5.765300750732422 0.048397204492756515 -0.7377117624247648 0.67337884298323 8.261329650878906
-0.25748563845415434 0.9021619658230378 0.3461284926326764 89.53461456298828 -0.9594252619783827 -0.19609578561328117 -0.202607032312361 4.877707481384277 -0.11491001987454583 -0.384252820792538 0.9160488289635054 8.561525344848633
0.22178589411873023 0.7350634445262854 0.640697081069602 90.07868957519531 -0.9708822226847962 0.22748244206946827 0.07509625972537604 4.654709815979004 -0.0905468212837176 -0.638696697244681 0.7641124276467116 8.26188850402832
0.2813518535398329 0.8883430561220522 0.36288806697028875 90.12638092041016 -0.9579152133071798 0.28242985619096056 0.05130127139373261 4.379069805145264 -0.05691729635497908 -0.362049707874051 0.930419491629423 8.400554656982422
0.04757313698787563 0.9776020493700289 -0.20501470606922928 90.20647430419922 -0.9983537931449761 0.03995298159335531 -0.04115170682777829 4.04664421081543 -0.0320390441519596 0.2066349252409202 0.9778934028412852 8.146568298339844
-0.09251859633427129 0.9946776384372377 0.04535090875887714 89.65489959716797 -0.9939278353543041 -0.08953250893546227 -0.06396395822358494 3.8051576614379883 -0.0595631382672481 -0.050993386204891356 0.9969212141002494 8.128167152404785
-0.03987674065714486 0.6830253605469252 0.7293052875197779 89.34854888916016 -0.9885264615450653 0.07945376852690578 -0.12846218701262158 3.339783191680908 -0.14568898510098727 -0.7260602285737843 0.6720202854852141 8.148031234741211
0.8707460816294759 0.22642828937952042 0.43649913069280977 89.76937103271484 -0.4806326658153549 0.5794467326671104 0.6582049259559184 2.9392623901367188 -0.10389177964661014 -0.7829251009963052 0.6133798043233782 8.122211456298828
0.9894397863359521 -0.12008350330606743 0.0811718020571655 90.61732482910156 0.11756424128705997 0.9924429650152344 0.0351512497981 2.610363006591797 -0.08477946913058555 -0.025237143766919656 0.9960800812125621 8.174333572387695
0.9634052257706922 0.03572361459091973 0.2656580401912971 90.35429382324219 -0.20240951616553282 0.7466916247410003 0.6336260768838985 2.0629119873046875 -0.1757292198905927 -0.6642103890351344 0.7265974128597203 8.116884231567383
-0.04318531992898905 0.9325308568507663 0.3584985762367919 90.02645874023438 -0.920352266262029 0.10247497045160353 -0.37742626619949293 1.8165395259857178 -0.3886987704238057 -0.346244251146671 0.8538314730782083 8.282974243164062
-0.9124998964078447 -0.01795867366681874 -0.40868254806854887 90.00003051757812 -0.09631678084593687 -0.9615178063332933 0.25730640456756537 1.6521072387695312 -0.39757642885758304 0.2741550549308558 0.8756551770375773 8.257137298583984
-0.9246608818587403 0.07617452503276713 -0.37309475377744084 88.78401184082031 -0.11427665402749594 -0.9901362109825482 0.08106250702638518 0.9949417114257812 -0.3632397278719618 0.11759134932959603 0.924245191850273 8.227045059204102
-0.03765324359981165 0.9945473979520509 -0.09725074021938118 88.19818878173828 -0.9272420999783102 -0.07105621875980594 -0.36765894767212143 0.2329263687133789 -0.3725645196126791 0.07633142866711534 0.9248617149192686 8.146529197692871
0.8853724602121511 0.46264225947679744 0.04558230406732894 87.3254623413086 -0.30346683653907086 0.6494485787836416 -0.697226234902902 -0.7389678955078125 -0.3521696832761895 0.6034721893029632 0.7154004689116695 8.147270202636719
0.936491662686518 0.22969841556050094 0.26499434636919394 87.01451873779297 0.10012287070919698 0.5490608889587776 -0.8297635512462247 -1.0620384216308594 -0.33609340439763224 0.8035986424234378 0.4911928800538718 8.260169982910156
0.880264080258138 0.15231778444636465 0.4493711623465008 86.84650421142578 0.2945543887190456 0.5670617384286274 -0.7692065372165349 -1.5370025634765625 -0.3719850280503824 0.8094691330444008 0.4542982077388182 8.256221771240234
0.8071691982976772 0.5675266918998968 0.16245411444664917 87.960693359375 -0.4556004657363236 0.7739004648809782 -0.4398934940162802 -1.5879554748535156 -0.37537461413943596 0.28105430869880954 0.8832340429475668 8.42845344543457
-0.2814618998843702 0.9437978032978442 0.173276961548975 87.83736419677734 -0.8891457750370659 -0.18861391117378068 -0.4169467390992106 -1.7436332702636719 -0.3608309710199733 -0.27142309960998784 0.8922614590751359 8.580591201782227
-0.005336139389629235 0.9997255158977756 -0.02281268242318031 88.91168212890625 -0.9874205502316682 -0.0088728145724018 -0.15786681140047626 -2.2663493156433105 -0.15802589217151797 0.021683312119927772 0.9871968655637566 8.912362098693848
0.007765826640117657 0.9989356767003352 0.0454665344164161 88.97640228271484 -0.9748761297462836 0.01768513640341146 -0.22204451716108647 -2.7406044006347656 -0.22261227187085378 -0.04259987987819032 0.9739758860705232 8.810078620910645
0.7774450596993979 0.416773381273551 0.47104047364404944 88.8432846069336 -0.6092273668652988 0.6851010326781413 0.399347706248225 -3.334339141845703 -0.15627282108982954 -0.5974416487701165 0.7865381629034096 8.650146484375
0.971672149426376 -0.20908971879884525 -0.11015772111725045 90.57638549804688 0.2351833270205888 0.9013993214507284 0.3635492621085798 -3.7623367309570312 0.02328168208383751 -0.37915795228477783 0.9250390318784181 8.868819236755371
0.37510719436943163 -0.8992200785946843 0.22516181511185074 91.66905975341797 0.9089090432377839 0.30905019412796886 -0.2799505824784819 -4.4137115478515625 0.18215088210840485 0.30966308750258653 0.9332362125343698 8.880382537841797
0.8222933396987804 -0.562261272633633 0.08772642009926968 91.2994384765625 0.4772178715618195 0.5973558816743931 -0.6445378605567056 -4.596240997314453 0.3099947847126349 0.5718638053989917 0.7595228907186085 8.91910171508789
0.41035689066086156 0.7410136844163019 -0.5315128801778248 91.36741638183594 -0.6968131846591085 0.6307770333008258 0.34142600947414614 -4.554410934448242 0.5882674629557381 0.2302586670854888 0.7751918073997126 8.911092758178711
0.107537839514589 0.990493302384964 -0.08578246326063971 90.89061737060547 -0.573073777013186 0.1322619409800589 0.8087603013674872 -4.795751571655273 0.8124174168322438 -0.03781265527195776 0.5818489012870166 8.925368309020996
-0.1621325082176009 0.7909553432993346 0.5900022836271919 91.12850189208984 -0.4614809711710124 -0.589275624059872 0.6631663080524428 -4.916921615600586 0.8722088987313352 -0.16475400995144282 0.46055157493899757 8.986608505249023
-0.2928597643648148 0.18728232806697007 0.9376345172880534 91.05631256103516 -0.3079940050857315 -0.9468395418318627 0.092922413092206 -5.268154144287109 0.9051921626082693 -0.26157257428378067 0.3349730394152945 9.031061172485352
-0.3383176780646588 -0.6035981176753955 0.721949070951447 91.33232116699219 -0.26064880332818 -0.6770662959896896 -0.6882175761765967 -6.054450988769531 0.9042142168936108 -0.42101133378273964 0.07173637009183692 8.99197769165039
-0.5687216056207595 -0.8220245326677813 0.028834059590374606 90.78993225097656 0.21708516855454385 -0.18381923429658037 -0.9586889582634528 -6.338417053222656 0.7933660976458414 -0.5389676769481959 0.2829913043032852 9.075450897216797
-0.4704188461103028 -0.6758444134539104 0.5673979538449107 90.701904296875 0.4946719422545155 -0.7344247588089691 -0.46467186615345374 -7.070503234863281 0.7307569902302659 0.06208544476387107 0.6798085162588622 9.058389663696289
-0.19010917379495243 -0.5845394461198974 0.7887788904178689 90.64088439941406 0.7789213981063494 -0.5788632824029086 -0.2412441830548055 -7.7009124755859375 0.5976118787399148 0.5685340237976739 0.5653575029778727 9.03372573852539
-0.9986341995634153 0.04570627393225011 -0.025311499077823478 91.40452575683594 -0.015524499136446067 0.20299405579726096 0.9790568947908701 -8.650876998901367 0.049887126484685705 0.9781126468020994 -0.20200723941703766 8.89141845703125
-0.6636916021337592 -0.16064357539782181 -0.7305525983394541 91.72959899902344 -0.7473985919877028 0.1030582877827711 0.656334011014272 -9.611684799194336 -0.030146342264407378 0.9816173546768044 -0.18846370219591185 8.918693542480469
-0.21449370933243417 0.9494744453426088 -0.22910854697753827 93.68467712402344 -0.9404627878774999 -0.26409051715762 -0.21397650189939454 -9.426536560058594 -0.26367061511380824 0.16957144921467898 0.9495911385100114 9.077555656433105
-0.649377509398561 0.5176318010202237 0.5571051685811947 93.81343841552734 -0.6956575390187301 -0.10841389731666762 -0.7101457704408407 -10.11453628540039 -0.30719609159904027 -0.8487071022686039 0.43049601143925076 9.02071762084961
-0.329120713085447 0.3759258035819478 0.8662328476913086 93.2271728515625 -0.9036008164097934 0.14099487115855192 -0.40450712093922225 -11.158892631530762 -0.27419905324723887 -0.9158603804665045 0.2932825304890623 9.19354248046875
0.2376034556505838 -0.42098471075667576 0.8753950372100696 93.52572631835938 -0.8604312309706676 0.32700514783937945 0.39080139464547364 -11.885512351989746 -0.4507800956488681 -0.8460729912931058 -0.28453083975403043 8.971359252929688
0.662972016621337 0.3829968926333238 0.64325849035225 92.8346176147461 -0.5740231301463234 0.8116368752986949 0.10836525602049624 -12.949054718017578 -0.4805887547935912 -0.44108838444079307 0.7579416111267123 8.89419937133789
-0.15156411428498878 0.8576992037097204 -0.4913047885139315 93.22152709960938 -0.849095366425211 -0.36743442936142867 -0.3795115266168847 -13.40713882446289 -0.5060290287881161 0.3596442910370653 0.7839582935004918 8.936483383178711
-0.04977101708989469 -0.07207320944248152 -0.9961567639375327 92.46049499511719 -0.890672251658967 -0.4480916726302306 0.07692069321182554 -14.310726165771484 -0.4519134717870036 0.8910776090779648 -0.04189162944210466 8.917900085449219
0.23396904547381372 0.0592650640600339 -0.9704360555657607 91.90454864501953 -0.912864653958251 -0.33008975948573127 -0.2402475270139831 -15.34128189086914 -0.3345692892567322 0.9420872586255543 -0.023129803752580752 8.940055847167969
-0.1305139049666565 0.936612477493255 -0.32515102277911023 92.02066802978516 -0.9450711407119882 -0.2166573874301364 -0.2447450008994856 -16.007041931152344 -0.2996775927621149 0.27534822221306365 0.9134422241830128 8.817155838012695
-0.7093479155065785 0.5703911555669481 0.4141007901676518 92.09956359863281 -0.6690234219197775 -0.3599005063451002 -0.6502916933617499 -16.63022804260254 -0.22188554637295196 -0.7383261848150465 0.6368997166958346 8.873119354248047
-0.6081460318235574 0.5636994946037512 0.5589286929123749 92.1706314086914 -0.7636832049926938 -0.22327048719722623 -0.6057542834836582 -17.273605346679688 -0.21667110187874078 -0.7952315193264088 0.5662688975040601 8.921783447265625
0.2662602303174995 0.8556212969771219 0.44386674341570087 92.93396759033203 -0.9544559078031644 0.2983410810262824 -0.0025533177840140753 -18.23392105102539 -0.13460835713620864 -0.4229713885492217 0.8960891666892496 8.921399116516113
-0.10022520379702721 0.8535708756500635 0.5112452139295078 93.06916046142578 -0.9855099807839125 -0.014496903702125974 -0.16899679747954896 -18.87409019470215 -0.13683927177216623 -0.5207749994239692 0.8426555723875728 8.907621383666992
0.28463303488185693 0.7717446586030413 0.5686776040707235 93.1176986694336 -0.9443245303204294 0.32784414572453774 0.027738016317831182 -19.60997200012207 -0.16503095736571308 -0.5449113671339798 0.8220926864284421 8.872344970703125
-0.1119810734849973 0.7176658929708608 0.687325181589824 93.08731842041016 -0.9808742454180595 0.030985601215699543 -0.19216036842401713 -20.41583251953125 -0.15920412638088238 -0.6956978931861433 0.7004701903433588 8.81944465637207
0.4250409911877824 0.6943342322902594 0.5807237981002706 93.05706024169922 -0.9019862841735525 0.37868512476047245 0.20740858094093612 -20.968406677246094 -0.0759005861169394 -0.6119620496036022 0.7872366549342475 8.825904846191406
0.4518450251884233 -0.07080715609420335 -0.8892819687018985 92.813720703125 -0.8914229171723962 -0.07456536708042472 -0.4469957368611215 -21.74073600769043 -0.03465913952089095 0.994699126710189 -0.09681111180881447 8.815803527832031
0.2296136114607245 -0.14007833034672967 -0.9631488206914007 93.04228210449219 -0.9730146294623525 -0.05622602052019127 -0.22378821566093254 -22.324960708618164 -0.022806145755135454 0.9885427132824032 -0.14920852432773407 8.818450927734375
0.19160102853611938 0.22894351796250895 -0.9543971455567393 93.65897369384766 -0.9814719598500796 0.046036993375040414 -0.18599297639704077 -23.055583953857422 0.0013556887344967072 0.9723504825030618 0.23352237855100383 8.79669189453125
-0.24755675006358413 0.7530674698981905 0.6095941611261496 93.5455093383789 -0.9688403047836183 -0.18720965236732623 -0.16217586098828185 -23.469003677368164 -0.008007454323427754 -0.6307471219447955 0.7759471301793799 8.826688766479492
0.20138683694154108 0.6835032665175829 0.7016171509922456 92.04547882080078 -0.9795098975144427 0.1419345775035306 0.1428808467924958 -24.59340476989746 -0.0019242083898460827 -0.7160152654578593 0.6980819701534943 8.74041748046875
0.09361865183093188 0.9941233512322343 -0.054353569930138776 92.057373046875 -0.9954632921433453 0.09253425312974684 -0.022141499336145957 -25.21621322631836 -0.01698181452293485 0.056179840979764945 0.9982762360404043 8.997751235961914
-0.41263268707990347 0.7708677400938341 -0.48528053003993843 92.6047134399414 -0.9090026844811266 -0.31412854751901026 0.2739295077929762 -25.89474105834961 0.05872295257668658 0.5541535734038192 0.830340551776471 8.676189422607422
-0.8743628725559571 0.4759019946734691 0.09490447071402089 93.10184478759766 -0.4819136187762351 -0.8745142790598093 -0.054626365049264415 -26.312149047851562 0.056998518697318756 -0.09349902238160221 0.9939864695658569 8.655622482299805
-0.3145037516335563 0.5965865569079213 0.7383575491082688 92.87845611572266 -0.9490070151762277 -0.21542911302221046 -0.23016511987868787 -27.151283264160156 0.021750295508922213 -0.7730942875091078 0.6339180919220238 8.713809967041016
0.06697215695578734 0.3915128465755492 0.9177322164765711 92.3343734741211 -0.9943697679848976 -0.049512297265997096 0.09368722931704415 -27.971708297729492 0.08211878415046264 -0.9188396069966478 0.3859925930686957 8.717628479003906
-0.8208744737473684 0.2792384209736825 0.49818771823691677 92.4810562133789 -0.5562623725281042 -0.588530575868525 -0.5866889586290739 -28.421375274658203 0.12937260629432232 -0.7587210722788625 0.6384395533021332 8.726783752441406
-0.9146693201007171 -0.31260482828041514 0.2562386703881041 92.46609497070312 0.3834790765657651 -0.8715046550632609 0.30565247265372203 -29.00481414794922 0.12776475532305223 0.37783310805015263 0.9170159811902963 8.724159240722656
-0.4111011163849321 0.6678274469764456 -0.6204855946530795 92.33638763427734 -0.8994235369167847 -0.18631817653031818 0.3953768308013492 -29.83916664123535 0.14843575494861114 0.7206192046839581 0.6772553347840796 8.784065246582031
0.12208416734805105 -0.1110499000116223 -0.9862876739523524 92.35671997070312 -0.9785628423239034 0.15259525670736118 -0.13830925946363015 -30.674291610717773 0.165862050228183 0.9820298403499881 -0.09003984093877815 8.743385314941406
-0.32218078433017355 0.27900804435910764 -0.9046292353175971 92.94389343261719 -0.9193020171206103 0.1359338991723738 0.36933152637403144 -31.16141700744629 0.22601624615582655 0.950619001618788 0.21269736771979036 8.702568054199219
-0.9234535246448138 -0.28590188111746023 0.25591737376459567 93.2995834350586 0.3037724855454362 -0.952194340415028 0.032376150282842575 -31.465980529785156 0.23442667264331912 0.10763852681585279 0.9661563448522681 8.761754989624023
0.07771256605081273 0.9912251212368909 0.1069276208783723 93.77494812011719 -0.9734323524270009 0.05226930663428381 0.22292908027533412 -32.299163818359375 0.21538387201978054 -0.12141119640660028 0.9689525834946129 8.876358032226562
0.6696084907919593 0.6988129227208583 -0.2515650375104746 93.6418685913086 -0.7174201640841426 0.6962140503644253 0.024378355987298053 -33.383663177490234 0.19217902389385938 0.16415387632795442 0.9675333212151973 8.846345901489258
0.8878654573596518 0.10323586758141581 -0.4483718158763421 93.95296478271484 -0.4544520317327929 0.3490336853205243 -0.8195418460124592 -33.93836212158203 0.07189075379680399 0.931406378631951 0.3568107024211042 8.962589263916016
0.42094853641717744 0.7052351267339743 -0.5704785234421634 94.2965087890625 -0.9063359091809824 0.35255259592146393 -0.23294180998291977 -34.55402374267578 0.0368449374720326 0.615101685194856 0.7875864190380188 8.855655670166016
-0.25518747349921855 0.9203787762468095 -0.2962807141943447 94.36814880371094 -0.965074343720474 -0.2236767641432893 0.1363826098697472 -35.122772216796875 0.059252548144210285 0.3207360494500309 0.9453134517828492 8.804454803466797
0.9866734914989697 -0.1626659301128506 0.0039008144987661792 94.68334197998047 0.16176257292331594 0.9780431430785231 -0.13139436927932796 -36.166473388671875 0.017558222417473696 0.13027434688995648 0.9913225021999318 8.822099685668945
0.9997596137222265 0.02034102757814281 0.008182748135540884 94.90667724609375 -0.019543293783833918 0.6575845476773563 0.7531272285105921 -36.81486511230469 0.009938532993516831 -0.7531061049102126 0.6578240040534434 8.902608871459961
0.7357457894023798 0.29938922140542146 0.6074901048436303 94.85078430175781 -0.6772050710651311 0.336412410920202 0.6543851935233012 -37.38328170776367 -0.008451337192434794 -0.8928565304040248 0.4502619137952344 8.871376037597656
0.2882152832966082 0.6595081188166391 0.694248508597025 94.80913543701172 -0.9554924912426165 0.24575620315836116 0.1632114817902363 -38.00791549682617 -0.06297658019640484 -0.7103892804822747 0.7009857491580279 8.868289947509766
0.4319705940642179 0.9007804426810059 0.044676615216661206 94.86397552490234 -0.8986075218327846 0.43409215346374075 -0.06378498261153441 -38.68709182739258 -0.07685003298208962 -0.012593505652640478 0.9969631267233652 8.911989212036133
0.9718003412477322 0.16224689065799378 -0.17111412338730048 95.08296203613281 -0.22774168143597287 0.457643631315538 -0.8594742772492052 -39.5009651184082 -0.06113774028787082 0.874207214102092 0.48168861676850105 8.952526092529297
0.9223851797251775 -0.340738228989642 0.18194240717423338 95.53572845458984 0.38615607618733483 0.8019046973604486 -0.4558863248386037 -40.18404006958008 0.00943742798401738 0.4907609557169864 0.8712431459109431 8.873130798339844
0.7359065504788248 0.607511722330123 -0.29894992255199593 95.38241577148438 -0.6769921612956435 0.6529653304170594 -0.3395848801369016 -40.87593078613281 -0.0110978604519191 0.4522894919239534 0.8918021378021931 8.896032333374023
0.17807415784139974 0.8822524805691764 0.43579829604831066 95.29459381103516 -0.9840123731020881 0.16102579376925125 0.07609430545697418 -41.48106002807617 -0.003040376797862343 -0.4423813448491215 0.8968218896962816 8.836112976074219
0.4271521496980241 0.39759187782056493 0.8120724965786452 95.56315612792969 -0.9036832363846654 0.15796662220143315 0.3979989378724604 -42.30983352661133 0.02996079581208838 -0.903862403776917 0.42677289716302236 8.884971618652344
0.8574631633542941 0.44153429655300563 -0.2642052014209595 95.8974838256836 -0.5076780695671951 0.8095841282977522 -0.29468036393505265 -42.9443359375 0.08378485048607236 0.38680874366514956 0.9183458469733585 8.80276107788086
-0.8004631542759648 0.4771565666017578 0.3627400578863541 95.98785400390625 -0.5851573191488705 -0.7531745915544035 -0.3005311073472506 -43.3529052734375 0.129806203600137 -0.4528240779659138 0.8821001666031132 8.850750923156738
-0.8906731557872405 0.45154774630242833 0.052971335354093915 95.77020263671875 -0.4515741513173498 -0.892150832314883 0.012152294510780263 -43.70650100708008 0.052745762123731874 -0.013096763304699069 0.9985220875718912 8.85074520111084
0.0864533382025629 0.9742669191813312 -0.20815809016838738 96.01614379882812 -0.9962526667912496 0.08401249998872301 -0.020555382676277392 -44.84174728393555 -0.00253854780468582 0.20915513389482465 0.9778791774756641 8.862913131713867
0.5101466420369596 0.8519762873422633 -0.11784230744901243 96.49555969238281 -0.8598524487602311 0.5019950140789253 -0.09303102816229394 -45.557403564453125 -0.020103979194384683 0.14878646324982944 0.9886649677085554 8.81015396118164
-0.3500529199000242 0.8528847977831748 0.38736349205858284 96.6691665649414 -0.9318315347794697 -0.27481881609084535 -0.23699073634419462 -45.97593307495117 -0.09567101995904881 -0.4439168165690264 0.8909460791244418 9.066442489624023
-0.9167469101804666 -0.2828221170517609 -0.2821112418549241 96.64984130859375 0.39858328725131725 -0.6946043166177551 -0.5988791250827794 -46.535255432128906 -0.026579424344807756 -0.6614654136403062 0.7495045301792093 8.75347900390625
0.9137539485881774 -0.35854202610866404 -0.19105323068037472 96.82020568847656 0.4018171584753929 0.8669961419618126 0.29472132766071296 -47.671424865722656 0.059972431952317606 -0.3460712431526584 0.9362894862533159 8.746014595031738
0.9107497777169871 -0.4076966273659553 0.06571379172505133 96.70060729980469 0.4129523501131244 0.8982524629894734 -0.15037576024543256 -48.44179153442383 0.0022801150202497317 0.16409135494525504 0.9864425114053653 8.773527145385742
0.8063461166884062 0.5778116762216088 -0.1262521561142688 97.25547790527344 -0.5912802147415352 0.7925649386283753 -0.14909233954903045 -48.92747497558594 0.01391573773577897 0.1948704310021767 0.9807302724828547 8.791570663452148
-0.9995742901868838 -0.015520463922107515 0.024705335396008825 97.763671875 0.011393520001951379 -0.9871821351226553 -0.15919051415407948 -49.069671630859375 0.026859376376823445 -0.15884126445705976 0.9869387147165369 8.78848648071289
-0.6581057983182902 0.6955913997135073 0.28818286358569223 97.48854064941406 -0.7528825577836202 -0.6120436716581644 -0.2420132189951339 -49.808204650878906 0.00803818418795424 -0.37623815413617584 0.9264881213308477 8.788461685180664
0.7763561794581711 0.6264146154317412 -0.069827016194419 97.52681732177734 -0.6233266720461008 0.7794749531185081 0.06231097316550341 -50.7862548828125 0.09346091446719643 -0.004850467441714478 0.9956111341445274 8.73433780670166
0.723340426055785 -0.65285575636388 -0.22485103828086186 97.31824493408203 0.6583601107299838 0.7502693145415805 -0.060480742860108294 -51.52591323852539 0.20818403549033024 -0.10428478815173889 0.97251431368752 8.735038757324219
0.9912983766991421 0.10332887581621565 -0.0815516509716581 97.47725677490234 -0.12745302032828323 0.9083279435622725 -0.39836675884557887 -52.30271530151367 0.032912854067131264 0.4052943256036167 0.9135935932736534 8.44898796081543
-0.2861336479079667 0.10045589496713897 -0.9529093076999673 97.43096923828125 -0.9571675728425606 0.015956906791369685 0.28909447352782963 -52.755855560302734 0.04424672907188898 0.9948135454908136 0.09158731721388166 8.744834899902344
-0.716694394413051 0.6765881136229076 0.16904931091579517 97.65972900390625 -0.6970398143494526 -0.7026248043505967 -0.1430170672436188 -53.481754302978516 0.022014591265573216 -0.22033363069554474 0.9751761117643976 8.731736183166504
-0.14329185256265703 0.6064356365747007 0.7821146103234484 97.72467041015625 -0.989645152865471 -0.09447706485095902 -0.10805811226847606 -54.12716293334961 0.00836160265981728 -0.7894997801832407 0.6136938819082149 8.683980941772461
0.2387953625536074 -0.3197107207160921 0.9169306570739624 97.00331115722656 -0.9710506958717744 -0.08455870377694732 0.22340629279969987 -55.173614501953125 0.006109080932016564 -0.9437345393036962 -0.33064754415450703 8.719932556152344
0.3428392684523962 0.10396979286857894 0.9336227922335074 97.32982635498047 -0.9393012639192173 0.05191140186716331 0.3391435418166575 -55.84638595581055 -0.0132049841645826 -0.9932247925454998 0.11545622489135199 8.790935516357422
0.3538528944610895 0.8997186633498044 0.25552779868646464 97.61333465576172 -0.9351739747677759 0.3448488385006745 0.08080170481973302 -56.21189498901367 -0.015419662724865849 -0.2675548642891342 0.9634192382325955 9.380461692810059
0.26433322537243414 0.9622577783793214 0.06471409361722492 97.83030700683594 -0.9638538578538915 0.2612576631138945 0.05225106854828198 -56.91684341430664 0.033371944270245466 -0.07618662226900368 0.9965349526849843 9.327713012695312
0.44675059596139677 0.4944733628767103 -0.7455937220856506 98.1121826171875 -0.8945082304351547 0.26215130167394707 -0.3621211409382552 -57.815181732177734 0.01639910643618614 0.828717556490782 0.5594267430790578 8.71255111694336
0.8477300223486537 0.4201862790235334 -0.3237241111333985 98.500244140625 -0.5227710655982765 0.7651724090418395 -0.37579462132174135 -58.827850341796875 0.08980101437063034 0.48780598126864516 0.8683208522525188 8.724281311035156
0.9651794048111751 0.2158598738500972 0.1477607234340909 98.82439422607422 -0.25859239823051633 0.702079805733402 0.6634861852056444 -59.47752380371094 0.03948022423613912 -0.6785930011743186 0.7334526914883438 8.673816680908203
-0.9965433197819239 0.082983218222944 0.0038983703499318456 98.95048522949219 0.02737288890781476 0.372302005204021 -0.9277078968478738 -59.79808044433594 -0.07843555794958305 -0.9243943976541766 -0.3732865666411119 8.668441772460938
0.05112487974867164 0.9481229051298983 0.31376616044233596 98.19165802001953 -0.9973071930627908 0.06500974570045215 -0.033942534218585424 -60.51658248901367 -0.0525795524505597 -0.311185940768545 0.9488934086250649 8.984189987182617
0.8891193388512311 0.3984753680818824 -0.22513147783630444 98.45643615722656 -0.45746147576310664 0.758711087002143 -0.46377417419760203 -61.42155456542969 -0.013992836502679115 0.5153395652305724 0.8568718299924291 8.678028106689453
-0.5723980800481996 0.6788383871200154 -0.45993356273426184 99.19384765625 -0.8195663045336992 -0.49136431334594466 0.29474087609804706 -61.917537689208984 -0.025913518288935955 0.5456551619313836 0.8376090578709883 8.85287094116211
-0.8160757048600146 0.2691538134667206 -0.511445665377616 99.47179412841797 -0.5747515512853159 -0.47085313542088364 0.6692966301718889 -62.534358978271484 -0.060672054789281366 0.840150908801892 0.5389483761985016 8.679725646972656
0.784992917273322 0.6027252236402487 0.14320762765485603 99.03799438476562 -0.6175081100175115 0.7798140230111669 0.10282909888616426 -63.31863021850586 -0.04969762462452992 -0.16915198580847862 0.9843361985641532 8.6859769821167
0.8946181675209632 -0.1234929735363812 0.42942731611831136 98.75223541259766 -0.44655618841146894 -0.2808252898578272 0.8495438347535033 -64.2409439086914 0.015681356218583353 -0.9517807741614713 -0.30637795776415744 8.640766143798828
0.1545037178826424 0.9770231363162624 -0.14681414190457015 98.43646240234375 -0.984780129646207 0.14031891875392966 -0.10256070053255342 -64.61227416992188 -0.07960337564727302 0.16042565923960703 0.983832765485627 8.541544914245605
0.5249088098257702 0.7168950608888562 -0.45883789407638986 98.8040542602539 -0.8510770037424253 0.43460808586922106 -0.29459081010429966 -65.22996520996094 -0.011776037878215212 0.5451396916114757 0.8382625135133003 8.819267272949219
0.9600475358337788 -0.24499092510624426 0.13523378111653894 99.25548553466797 0.2649299473985765 0.6401023915435011 -0.7211664518761796 -66.11160278320312 0.09011576949056606 0.7281815535674308 0.6794341565841727 8.583568572998047
0.6653827699044981 -0.5208142535391804 0.5348067714835368 99.32240295410156 0.7410615856745986 0.374497822041094 -0.5572962475415807 -66.92961883544922 0.08996385803014109 0.7671400749517022 0.6351398347225824 8.596954345703125
-0.03842556235138089 0.9676627089576256 0.2493037461627273 99.14479064941406 -0.9979521705320941 -0.024394337504586916 -0.05913020909817991 -67.26874542236328 -0.051136498592124185 -0.25106532614142824 0.9666184668840317 8.526652336120605
-0.3937022796572748 0.11345501068821773 -0.9122096664377117 99.09380340576172 -0.9191875263194789 -0.038189336758150866 0.39196411317447144 -67.758544921875 0.009633610503977208 0.9928089116782287 0.11932165956333626 8.621482849121094
-0.027991738167981617 0.03326794890601942 -0.999054406010965 99.6433334350586 -0.9976233436871411 0.06202135704213774 0.030016918581696805 -68.47604370117188 0.06296131133341887 0.997520222775578 0.03145279683808966 8.623771667480469
0.1561258142412088 0.4815660348851658 0.8623913752887947 99.88333892822266 -0.9846884586733553 0.0073376178404852 0.17416887988363094 -69.17256164550781 0.07754591854515125 -0.8763790922936296 0.47533810820044986 8.632171630859375
-0.5133156087963016 -0.25438856195324255 0.8196301271387255 99.89788818359375 -0.8576020909332364 0.11640979575460234 -0.5009664789976598 -69.71974182128906 0.03202716648445614 -0.9600704239792688 -0.2779191278182268 8.60455322265625
-0.42405527914225216 -0.7226328409002045 0.5458744338069754 99.46507263183594 -0.9019768475739713 0.2828674220817765 -0.3262265899115683 -70.40911102294922 0.08133195357365411 -0.6307042086250174 -0.7717495154197268 8.670684814453125
0.5533375447416684 0.5812985830400379 0.5965815274838016 99.41593933105469 -0.8272953646285721 0.30016909923552915 0.47484828264216006 -71.251708984375 0.09695329413351422 -0.7563005151523929 0.6470004555924864 8.696846008300781
0.7650370327598869 0.5950865815487226 -0.24615096783600854 99.64656066894531 -0.6439101585613133 0.7127391370438143 -0.27817733593444227 -71.76611328125 0.009901828492378542 0.3713150723936409 0.9284541296185898 8.796327590942383
0.6044595579472408 0.048934732628868605 -0.7951314575268466 100.02626037597656 -0.7926999967536326 0.13604007144691732 -0.5942388527414785 -72.28533935546875 0.07909082091505382 0.989494058043432 0.12102128384595878 8.635452270507812
-0.13888002912743425 0.8209139173118374 0.5539067411336467 100.02896881103516 -0.9822037303372373 -0.18559773741384344 0.028797777318353923 -72.92631530761719 0.1264443340809642 -0.5400498312476318 0.8320805310474617 8.614381790161133
0.3256185421597403 -0.1731691271120706 0.9295079442463141 99.8656234741211 -0.9398271156308591 -0.1668196398206076 0.2981546586842183 -73.64120483398438 0.1034289984808201 -0.9706614554958728 -0.21706860917205012 8.684051513671875
0.6510195555474658 0.4935682530002049 -0.5766835509402929 99.82937622070312 0.7524584675312939 -0.3196464731639779 0.575875322300137 -74.62663269042969 0.0998989135838648 -0.8088365173656266 -0.5794857161661602 8.771574020385742
0.9829569719403515 -0.0276057215662701 -0.1817512460773264 99.70722961425781 -0.11100723729550986 0.6989375521613383 -0.7065151742508684 -75.12206268310547 0.14653663221827384 0.7146497200136037 0.6839611049632899 8.55208969116211
-0.9091668933664793 -0.3727339972806882 -0.18570117737242461 99.65631866455078 -0.4158936316705491 0.8353789979709062 0.359408426285481 -75.51434326171875 0.021167124089644718 0.4039941794386205 -0.9145166241449573 8.541114807128906
-0.9838307084616508 -0.14781240753815889 -0.10113668605219353 100.10847473144531 -0.17670344627609158 0.7090025378549433 0.682708791059118 -75.9918441772461 -0.029206662972670237 0.6895410745510547 -0.7236574309332958 8.584495544433594
0.9957280825280876 -0.0699803142856912 -0.060235714301515995 100.89288330078125 -0.03517341784322983 0.3156997255913327 -0.9482069995200325 -77.02686309814453 0.08537222231009062 0.946275033420006 0.31188963558252997 8.657051086425781
0.8672257450801992 -0.06028589124543504 -0.4942520798002139 100.90298461914062 0.4926507472353344 0.24785480080697836 0.8341841756862808 -77.88844299316406 0.0722132142932308 -0.9669196497298401 0.24464595367134784 8.65371322631836
-0.9874616531654644 -0.06081439935517021 0.14567461123613185 100.58562469482422 -0.14587728416830673 0.7041985289972893 -0.6948555603301547 -78.02777862548828 -0.06032662340465742 -0.7073938369742303 -0.7042404830166104 8.661422729492188
-0.9991921970620448 -0.03835458908667069 -0.01199495003393115 100.38594055175781 0.03945618454047026 -0.8796689601511269 -0.47394696965815014 -78.61809539794922 0.007626456046698195 -0.47403738886571783 0.8804716867256663 8.68016242980957
0.6706605158422234 -0.27699978735743347 -0.6881028922291923 100.78248596191406 -0.7412914791795511 -0.2171660818475556 -0.6350793932972271 -79.65764617919922 0.026484247885035228 0.9360074843177898 -0.3509822985779292 8.544578552246094
0.9717304161811253 0.07299718516871169 0.22452485213423856 100.97392272949219 0.2281479184911152 -0.5349743598779779 -0.8134807690175099 -80.56231689453125 0.060733232720054764 0.8417088838966786 -0.5365050132224107 8.590194702148438
0.8285488613069636 0.45749488576259373 -0.3228083238208169 101.7332534790039 -0.5544160625457696 0.7509517769652446 -0.35873981973567814 -81.00424194335938 0.07829185154394705 0.4762035889971986 0.8758427529003181 8.627252578735352
0.5566733603594631 0.8048240511981728 -0.20584707061084073 101.67286682128906 -0.827325971418629 0.5146882525086358 -0.2250060882416939 -81.76272583007812 -0.07514324242621824 0.29555752289963455 0.9523650790401268 8.59803581237793
-0.5972428653953095 0.5746422341541758 0.5595420113456162 101.29711151123047 -0.8010886411358101 -0.4617123635818346 -0.38089195628006767 -82.17013549804688 0.039470859853585394 -0.6757277529019903 0.7360937815118707 8.659074783325195
-0.855257697177699 0.19280850814017128 0.4809980775502756 101.35164642333984 -0.516302694791579 -0.3964670131686664 -0.7591083156046112 -82.66207885742188 0.04433732929770501 -0.8975738335412178 0.4386290170210686 8.524738311767578
0.2029956366965739 0.9791445806211881 0.008286236920920804 101.53495025634766 -0.9790417260797447 0.20281775045043954 0.018500235053016834 -83.42334747314453 0.01643380896037904 -0.011868038691387443 0.9997945186790498 8.53476333618164
0.04487133303396046 0.9987563222686708 -0.021734125243830647 101.7120590209961 -0.9989556760421745 0.04467155243877058 -0.009592168984769008 -83.82566833496094 -0.008609342302266919 0.02214184118516973 0.99971776921992 8.524287223815918
0.4001632135509205 0.8749015310863345 -0.2727942694108293 102.2027587890625 -0.9158425011236339 0.37099118383369906 -0.15361658326260705 -84.64983367919922 -0.0331951149449337 0.31130829160248563 0.9497290307889585 8.476470947265625
0.8115396104748338 0.42407820161765214 0.4019466874388855 102.21511840820312 -0.583631117037311 0.6211798669922928 0.5229821144831036 -85.45877075195312 -0.027895875253087926 -0.6590092956523265 0.7516173018150185 8.474517822265625
-0.44726229128349093 0.7278131840574138 0.5198503745387231 101.95697021484375 -0.8928723971901953 -0.32934605981810305 -0.3070994223669662 -85.91764831542969 -0.05230033586580063 -0.6015140413942965 0.7971483756954064 8.404830932617188
-0.7086137153532146 0.6890038828442777 0.15211920272872184 101.89136505126953 -0.7022695280278757 -0.6677757905498485 -0.24676507767313716 -86.4435806274414 -0.06844057580717641 -0.28168979921366255 0.9570615155788829 8.351236343383789
-0.4718841740094358 0.8439331361756356 -0.2551513041005058 102.16082000732422 -0.8809121463987583 -0.4632298635816781 0.09701486387782375 -87.02159881591797 -0.036319645463100375 0.2705456618592435 0.9620217919582583 8.320749282836914
0.7479542639390118 -0.4383529714726717 0.49840855877134604 102.25804901123047 0.6336485106764622 0.24799358822962236 -0.7327951590413914 -87.98812866210938 0.1976208085525223 0.8639131047727403 0.4632495692701417 8.287830352783203
-0.8661411423008756 -0.18977868300051223 0.4623673572953928 102.31808471679688 0.49974365749251715 -0.31501909495395203 0.8068576371395356 -89.01860046386719 -0.00746983331380105 0.9299177497461718 0.367691691906793 8.461639404296875
0.3330564075703778 0.868966236530294 0.3660206403287821 102.3631591796875 -0.9411915549001634 0.3297847934982252 0.07348773341140546 -88.7993392944336 -0.056849682153265024 -0.3689710960870922 0.9277006219095483 8.508214950561523
-0.93666145424582 -0.1471641696349386 -0.31781760068593523 102.29962921142578 0.3468765299355991 -0.5151823983956887 -0.7837498129907932 -89.06593322753906 -0.04839414334341485 -0.8443517060792409 0.5335992909769764 8.207679748535156
-0.8126961422773095 0.48788217567264414 0.31858431064398995 102.7977523803711 -0.5815513532333019 -0.6450105197654837 -0.4957413165597314 -89.48616790771484 -0.03637312029637449 -0.5881601925094792 0.8079261006225246 8.139217376708984
-0.06781128118779123 0.954049969183449 0.29187375086624345 102.76712036132812 -0.9958419417644648 -0.046886862880937685 -0.07810537185087946 -90.12543487548828 -0.06083138307198284 -0.29595654814557454 0.9532624320948065 8.26628589630127
0.4340072555299901 0.8818257135011426 0.18444813134191992 102.59029388427734 -0.872829516114282 0.4622901720448347 -0.15638552564244873 -90.97449493408203 -0.22317333610230808 -0.09311932043865748 0.9703207996399996 8.037321090698242
0.7043233408919972 0.6913439871087323 -0.1611586887615309 102.2400131225586 -0.7098697098519062 0.6847432855225738 -0.16495947370951744 -91.57919311523438 -0.003691410232615322 0.23058647926613454 0.973044834049358 7.77937126159668
-0.18202361064114997 0.9388776330959121 -0.2921920519818716 102.48126983642578 -0.9832610740652152 -0.1762332259622011 0.04625484077450481 -91.69377899169922 -0.008066312495684985 0.29572054399242115 0.9552404380382713 7.815532684326172
-0.7038675810925806 0.7100563301347032 -0.01975946159480435 102.85603332519531 -0.7100033691337198 -0.702425423931495 0.049937357092921776 -91.96924591064453 0.02157878832663769 0.04917857104773072 0.9985568707109561 7.828825950622559
0.18010911030203763 0.8679848772292081 0.4627774425008253 103.02853393554688 -0.9835401231781634 0.16583726737808518 0.07174138866269755 -92.51020812988281 -0.01447530603791139 -0.4680814604852084 0.8835667557491866 7.751203536987305
0.8192328639751701 0.45158538134554677 0.3534517759723909 103.09378051757812 -0.566559881962517 0.5420287742419301 0.6206566748568884 -92.98495483398438 0.08869844831595869 -0.7087139417626745 0.6998979454302987 7.764875411987305
0.9173926099276438 -0.28173747922443704 -0.28109569909624355 102.86325073242188 0.397918920610542 0.6366135124586515 0.6605934970730484 -93.63880920410156 -0.00716462631873635 -0.7178768895537161 0.6961332053381699 7.682912826538086
0.8732102182305673 0.4867796063058645 -0.023442049023770808 102.98780822753906 -0.4800609199709893 0.8508806396477048 -0.21340958317123543 -93.6930160522461 -0.08393704720999368 0.19760504031380532 0.9766815346612462 7.66640567779541
-0.21043308473894046 0.9503765839951087 0.22913372829210898 103.01264953613281 -0.9770995053396428 -0.19690432979963918 -0.08065507777679223 -93.75103759765625 -0.03153527409551722 -0.24085894938727734 0.970047675626192 7.602092266082764
-0.5724543962760639 0.7575346340251107 0.3137470994872293 103.1097640991211 -0.8166609345368235 -0.4926050057338601 -0.3006746186950042 -93.97134399414062 -0.07321804549187115 -0.4283475067960426 0.9006428433269011 7.555004119873047
-0.612892484165614 0.700434468839959 0.36572442865385263 103.15153503417969 -0.7883964701362071 -0.5111140739869495 -0.3423352293428646 -94.25371551513672 -0.05285649184415481 -0.498150537722632 0.8654780372930219 7.379154205322266
-0.7770072929641197 0.6278643146337862 0.04523349522219397 103.35575866699219 -0.6247577865513726 -0.7603748041240251 -0.1775045503551386 -94.41314697265625 -0.07705436278368673 -0.16618230851325952 0.9830798876557305 7.25842809677124
-0.3294983770239423 0.906999787969257 -0.2622636157805937 103.42207336425781 -0.9439755529752721 -0.32190339226988257 0.0727211209358834 -94.64493560791016 -0.018465506319005273 0.27153193305551565 0.9622522717081616 7.2670745849609375
0.22632241501084477 0.604272728097933 -0.7639585293330658 103.55570220947266 -0.9630697961808199 0.25626622167475893 -0.08260866366657815 -94.94530487060547 0.1458586032700625 0.754441577397233 0.6399556032620402 7.230316162109375
0.6006533626485586 0.4096832697232444 -0.6865676634155227 103.46497344970703 -0.7416063938612483 0.6063469187994841 -0.28699019259634434 -95.28467559814453 0.2987231067779895 0.6815445932374808 0.668028047993243 7.225048065185547
0.07073655251612071 0.7650979804855816 -0.6400167344648251 103.39397430419922 -0.8791033879978037 0.35100749878514176 0.3224452961470852 -95.2533187866211 0.47135291804434276 0.539832211018834 0.6974292871665198 7.203594207763672
0.41754798326640247 0.5954635825947743 -0.6863503503849595 103.4874267578125 -0.5933476432448974 0.7507501432637711 0.29036665897646285 -95.14604187011719 0.6881803949008474 0.28600234997780005 0.6667911216275229 7.0522918701171875
-0.0019883743888377547 0.9915575145103258 -0.1296523882749367 103.72357177734375 -0.5265165835071733 0.10918796105169642 0.8431241168732555 -95.00658416748047 0.850162533671782 0.0699405789186674 0.5218543683455165 6.980964660644531
0.05083636088395313 0.799941605600836 0.59792064025323 103.51139831542969 -0.3715912240582463 -0.5405603866952216 0.7547942968377586 -94.75792694091797 0.9270035742190912 -0.26055305786858196 0.2697711575027262 6.901332855224609
0.06138884726406024 0.6855892259263469 0.7253956318625736 103.48948669433594 -0.170034290982223 -0.7089595753105086 0.6844447826272884 -94.62972259521484 0.9835241478081576 -0.16535940816674388 0.07305146685030761 7.000335693359375
-0.0914322777601967 0.7546844018682672 0.6496857641662759 103.52511596679688 0.10103256883590706 -0.6420217139570937 0.7600003545012419 -95.0892333984375 0.9906727807999975 0.13512798520044367 -0.017546196102538505 6.986427307128906
0.22646939318006304 -0.47902643736659256 0.8480833014843082 103.30934143066406 0.10212388346159099 -0.8542287973412146 -0.5097684515735605 -94.37725067138672 0.9686497439112743 0.20205651213670944 -0.1445366373061529 7.034538269042969
0.21318261237125555 -0.3464909050433751 0.9135081972838505 103.64559173583984 0.01690172111915536 -0.9335538497876228 -0.3580384635341844 -94.8316650390625 0.9768661656571885 0.09176743577616192 -0.19316115583960117 6.9049224853515625
-0.2420807765972302 0.5089965773633223 0.82602625977296 103.3830337524414 -0.27397335385552046 -0.8525630283050508 0.44505604607114246 -95.60006713867188 0.9307714536765939 -0.1185696715005343 0.3458406193913834 7.006805419921875
0.5004077311185923 -0.8627744056647907 0.07219714375590003 102.89164733886719 -0.40727140144211826 -0.3081606532215919 -0.8597482290609355 -94.2386245727539 0.7640170863299562 0.40082082872002694 -0.5055893146221301 7.0091705322265625
0.3343832754632413 -0.8678583125731865 0.3674367624341571 103.23607635498047 -0.5129621213501039 -0.4946677770995805 -0.7015508907836698 -94.87307739257812 0.7906058987577028 0.04610574364415876 -0.6105870726215417 6.907112121582031
-0.05146532650326773 0.3040364074476491 0.9512692484855376 103.3812255859375 -0.03826539025182507 -0.9524324256041379 0.30233794761275706 -95.38111877441406 0.997941421164984 -0.020840767839641006 0.060651317537763434 7.350212097167969
0.6580257316723567 0.26843664940401035 0.7035224955279029 102.68485260009766 0.13300756985872192 -0.9610433284077043 0.24229054311573733 -94.4239730834961 0.7411552622880964 -0.06585959443991585 -0.6680953457425617 6.942008972167969
0.5824743730522363 0.6533425243307565 0.48359812927524765 103.28361511230469 0.4521420034480972 -0.7548274702592576 0.47518743550303444 -95.39449310302734 0.6754933111847556 -0.05812947654266756 -0.7350712553906119 6.938301086425781
0.5347639134669111 0.6903407639137364 0.4872957895699009 102.56730651855469 0.4617755712061386 -0.7217031546982557 0.5156625624726215 -94.99394989013672 0.7076657959028392 -0.050736438361247305 -0.7047233039510026 7.162353515625
0.7792398129694533 -0.32290942584792487 0.5371357524703552 103.0317153930664 -0.08817986056426107 -0.9050142207912073 -0.41614128893508173 -95.62200927734375 0.6204914391627 0.276909304401725 -0.7336972202901917 6.9924774169921875
0.6924258754509045 -0.6833082604494543 -0.2315949658511375 102.13907623291016 -0.43966088010889504 -0.14511036277397288 -0.8863640860941275 -95.23191833496094 0.5720530722825642 0.7155646747968676 -0.4009020811556517 7.244731903076172
0.34759872111281054 0.9100708181525728 0.2257127267742008 102.18155670166016 0.8922648142114594 -0.3950303962990861 0.21866524031033527 -95.08039093017578 0.2881642420581157 0.12538776633664625 -0.9493362300324254 7.131950378417969
-0.5736704412007981 0.5966127443928263 -0.5612089255531681 102.8798828125 0.7560413552134605 0.6492942098182867 -0.0825741987756489 -95.91293334960938 0.3151248865124354 -0.47166753367653635 -0.8235448036239544 6.945732116699219
-0.42189254407508436 0.6512952521589268 -0.6307306681691427 103.11996459960938 0.5380340297404929 0.7397883709080825 0.4040204810530921 -96.26959228515625 0.7297438345714609 -0.16890133446602895 -0.6625302069494908 7.2430572509765625
0.03610404969114313 0.7892445240613624 -0.6130167851168948 102.43402099609375 0.9377253175760722 0.18531620934608695 0.29381819434890644 -95.92849731445312 0.34549634784285926 -0.5854493861921379 -0.7334039063398115 7.1544036865234375
0.5213406544251777 0.7403502082968767 -0.42436480900081636 102.95292663574219 0.7338720647566495 -0.13520539965140552 0.6656960961842245 -96.11311340332031 0.4354718298734604 -0.6584839170244597 -0.6138104075419257 7.0133209228515625
0.218121387763921 0.960805974681409 0.17109920869615058 103.389892578125 0.3887820067037238 -0.2463561881481629 0.8877821691296421 -96.55962371826172 0.8951377611649319 -0.12712398506031292 -0.42727962853267226 7.196891784667969
0.2302653499504153 0.966363630652284 -0.11453908487826048 103.13385772705078 0.6612995154443755 -0.06904315995256488 0.7469377436820283 -96.69625091552734 0.7139053294977196 -0.24773852226955162 -0.6549540480815825 7.1057586669921875
-0.5393212028193457 -0.2888422974683138 -0.7910137592878649 103.33648681640625 0.38021714953148134 0.7546118160723063 -0.5347858695274315 -96.87433624267578 0.751377108642291 -0.5891783552009373 -0.29715535729828063 7.214958190917969
-0.43952696628512095 0.5158335025970512 -0.7353447106674909 103.42412567138672 0.4926636735253239 0.8229753149404295 0.2828323457231046 -97.33935546875 0.7510649443934465 -0.23796518358188187 -0.6158522718202069 7.20263671875
-0.10436942294492596 0.7592408665885915 -0.6423864335864731 103.78129577636719 0.270351139202273 0.643250243002937 0.7163374808068443 -97.69944763183594 0.9570879192039656 -0.09890617462255585 -0.27239728988254647 7.571632385253906
0.11906538902990857 0.9922321518173164 -0.03603872965483679 103.53941345214844 0.4719537709454108 -0.02462445046174258 0.8812793396703815 -97.549072265625 0.8735462616401968 -0.12193848178255728 -0.4712196254773368 7.223289489746094
-0.10126032915162841 0.7405818834386204 -0.6642927213680802 103.80451202392578 0.5672921539775588 0.5915120534953213 0.572968675064571 -97.57089233398438 0.8172673722690792 -0.3188290521459016 -0.4800229970867442 7.18731689453125
-0.22968718893326506 0.3473994672604953 -0.9091520254539712 104.19784545898438 0.4437460265613593 0.8687642829525266 0.21985923809789626 -98.02961730957031 0.8662177896758642 -0.3529337484756964 -0.3537011592233675 7.245079040527344
-0.45473428722873477 -0.1510339954020205 -0.8777274407533792 104.37338256835938 0.13472458634419487 0.9625103286043215 -0.23542122496577578 -98.2126235961914 0.8803783356335843 -0.22530556931177553 -0.4173384556737332 7.293220520019531
-0.5385209531616616 -0.41585807383657125 -0.732841896612627 104.44329833984375 -0.12807120888531687 0.900017917811789 -0.416611945426899 -98.29396057128906 0.8328222790370757 -0.13049831432884024 -0.5379379532035476 7.317466735839844
-0.3733884188957125 -0.907558115609685 0.19214410067852122 104.94071197509766 -0.3951411613369454 -0.03180024209740816 -0.918069826984765 -98.36451721191406 0.8393119510955687 -0.41872068421985553 -0.3467397256655285 7.363273620605469
-0.45103863613850725 -0.07432869872571035 -0.8894039539242323 104.55997467041016 0.4686067349001164 0.8283943923945476 -0.3068720558400854 -98.13754272460938 0.7595866485902497 -0.55519183639082 -0.3388069481111946 7.277397155761719
0.3316716428765636 0.7479825738778647 -0.5749052013041855 105.10308074951172 0.5318161083033537 0.3550984965880971 0.768815117352637 -98.53932189941406 0.7792082829774316 -0.5607380198416352 -0.28001307977207973 7.367469787597656
-0.33677273955421994 -0.02956936286206857 -0.9411215514868826 105.35171508789062 0.6913953938354289 0.6707373329209974 -0.2684843377353314 -99.08464050292969 0.6391842702040608 -0.7411053116838111 -0.20544192784761245 7.8330078125
-0.4956777371114126 -0.7117300965493586 -0.49773873728890106 105.57609558105469 0.2909803187234542 0.40388359814334573 -0.8672995406815232 -98.75494384765625 0.8183116979780418 -0.5747332501401192 0.006903342354898506 7.4548492431640625
-0.4020275971068591 -0.9050719904798831 -0.1386308162468486 106.31973266601562 0.18496526421732795 0.06800675672995993 -0.9803891737835981 -98.70928192138672 0.8967506131570244 -0.419785389321561 0.1400662868596381 7.5703582763671875
0.08232768223533965 -0.9144099216544139 -0.3963289642679745 106.36638641357422 0.4764235853766521 0.3854056965921517 -0.7902423782177049 -98.79188537597656 0.875352911707394 -0.12376164274235713 0.46737601109930776 7.493770599365234
-0.06316283589276878 0.21649877105967297 -0.974237516364277 106.68999481201172 0.4397364747236575 0.882355821124756 0.16757099308910312 -98.89192199707031 0.8959030577911841 -0.41782351185268335 -0.150934502296517 7.466224670410156
0.2341821919634295 0.33769451639159914 -0.9116584418334793 108.00810241699219 -0.16729278063103042 0.9377439276067218 0.3043837245738629 -99.24835968017578 0.9576908825481955 0.08123262790137524 0.2760967831183393 8.055007934570312
0.5576320674407504 -0.02957472833846366 -0.8295612170331136 108.77098846435547 -0.05377229116056042 0.9959790744180299 -0.07165349973831323 -99.48951721191406 0.8283447459029957 0.08456369649625431 0.5537995694922406 8.049446105957031
0.750706555383546 -0.22924836600628726 -0.6195844207108655 109.20575714111328 0.06825603517167081 0.9597565785432156 -0.27241223101333867 -99.22896575927734 0.6571002825800755 0.16221127157651008 0.7361431396180481 7.846582412719727
0.3719804418928798 -0.8950823435339863 -0.2458823888424797 109.43705749511719 0.7176723881428881 0.4453232872420976 -0.5353816518495712 -99.13356018066406 0.5887078172968838 0.022688502233482843 0.8080274362420745 7.971534729003906
0.7899510435587414 -0.5262874479857917 -0.3146408601454332 109.93728637695312 0.349309751493706 0.8079849083363486 -0.47449245032150666 -99.05050659179688 0.5039444873117085 0.26491868562505116 0.8221058591901862 8.238411903381348
0.8530533898741874 -0.474188661539228 -0.21781879462478276 109.4792709350586 0.14555429224977354 0.6170756964397022 -0.7733249852882838 -98.8586654663086 0.5011126240994388 0.6279830396842674 0.5954187096800726 8.206579208374023
0.552735496462218 0.5119578986208473 -0.6575580438184843 109.87071228027344 -0.6124529811416852 0.7846458524560496 0.09608450506810087 -98.54784393310547 0.565141413135976 0.34961406759918234 0.7472517560336854 8.270294189453125
0.8393571904438065 0.43278647830181144 -0.3289002448302454 111.0309829711914 -0.3638035547483665 0.896831814986142 0.2516737355806421 -98.59814453125 0.4038891932235028 -0.0915890813786139 0.9102114917806134 8.225898742675781
0.9553484731515808 0.04709053306807795 -0.2917049477508184 111.61404418945312 -0.006563267153293244 0.9903574027478255 0.13838041171660034 -98.55947875976562 0.29540856177710545 -0.1302869775455152 0.946445500338417 8.302740097045898
0.9571783810409878 -0.24481744476619458 -0.15451202414668205 112.67025756835938 0.223938104665271 0.9643846235402321 -0.14076229309758714 -98.64545440673828 0.18347008515471866 0.10013349398336291 0.9779120672309981 8.334067344665527
0.981636925846141 0.1571878517604201 -0.1080783284210209 113.37530517578125 -0.1411518265845671 0.9796422917667396 0.14274852725632764 -98.17378997802734 0.12831643568607318 -0.1248717719941317 0.9838404001116581 8.375236511230469
0.8485198632222709 -0.526090494066684 0.05694588457413802 114.38214874267578 0.5278304230551352 0.8338329901019782 -0.1616093719900905 -98.08181762695312 0.037537797147617624 0.1671865325624849 0.9852104227600506 8.463363647460938
0.8560772237652492 -0.5073538747119122 -0.09860949632359418 114.94929504394531 0.5144786497288838 0.8547469025881765 0.06869826409060793 -98.03575134277344 0.04943183107602016 -0.1095434997191876 0.9927520917861339 8.559698104858398
0.35737223459220374 -0.8028705531518109 -0.47716240508267194 115.99087524414062 0.9314874977554289 0.343563362880318 0.11956277519235045 -98.16111755371094 0.06794208907521537 -0.487199230877956 0.8706438892934489 8.62896728515625
0.9961747002362709 0.0719881374295462 -0.049534580634144273 116.42391967773438 -0.02113438524258943 0.7485143534151762 0.662781714059673 -97.91866302490234 0.08478976571257636 -0.6591994924155244 0.7471724866652418 8.692359924316406
0.8367812394972993 -0.48784367172420784 -0.2486075404809891 117.37350463867188 0.5468925028440621 0.7667053542140777 0.3362610446549275 -97.82859802246094 0.026565909702489746 -0.41733853378056157 0.908362703254361 8.796730041503906
0.9852144082925025 -0.10099067205885445 -0.1383960037354931 117.97431945800781 0.09365567081713042 0.9938820437613385 -0.05854142475698535 -97.82376861572266 0.14346144087052454 0.044714284584295695 0.9886452587948152 8.783061027526855
0.9797949530824862 -0.036467945065887956 -0.19665182149362287 118.74081420898438 -0.025163780120242972 0.9529459730798091 -0.3020939532017077 -97.75580596923828 0.1984153070812542 0.30093863390008085 0.9327739836328007 8.8781099319458
0.8501316872013767 0.4352829950011862 -0.29631879568960556 119.32915496826172 -0.4880571406519652 0.8626059407034351 -0.13308350206456795 -97.35456848144531 0.19767736814002948 0.25775900629452175 0.9457716176748444 8.902040481567383
0.7347776692738626 0.6429524069035036 0.2161341694259877 120.26081848144531 -0.6488684125245417 0.5733965775162475 0.5001861134823066 -97.19500732421875 0.19766527252997987 -0.5077682220754319 0.8385105083933077 8.985065460205078
0.9477172719703184 0.3164455086813837 -0.041160812000220356 121.29426574707031 -0.2769565674206405 0.8797249447533153 0.3864959008079546 -97.21269226074219 0.1585150849973383 -0.3548890835375983 0.9213721865859258 8.977977752685547
0.9527149790567365 0.17520011830175083 -0.24827220389720353 122.10076141357422 -0.19414087448943915 0.9794982167680696 -0.053782564095138985 -97.15066528320312 0.23375946939834955 0.09943923720154135 0.9671961272520573 9.122252464294434
0.9501130165539059 0.07163942869708748 -0.3035672051305811 122.86075592041016 -0.074188679436302 0.9972392708172857 0.0031427031845039175 -96.98614501953125 0.30295427974916445 0.019535326866044228 0.9528048464328368 9.105461120605469
0.931403600657413 -0.03232898609947178 -0.3625495405323062 123.77369689941406 0.16652318556674295 0.923544115649296 0.3454508577471819 -96.94112396240234 0.3236624188118081 -0.38212707717111566 0.8655758404331476 9.088104248046875
0.9297298906213896 -0.15250728641760605 -0.33517735316497393 124.70918273925781 0.21185150515419468 0.9660149071223391 0.14810178588160627 -96.9003677368164 0.3011997182087686 -0.20870248395013702 0.9304418321120356 9.095268249511719
0.923578777403962 -0.1161794620270967 -0.3653827781000317 125.6021499633789 0.10050143141060844 0.993021331078768 -0.061709791013828064 -96.62837982177734 0.37000230298394277 0.020272361126567426 0.9288096291280213 9.140533447265625
0.8042420595417403 0.4677309112584779 -0.3666367470908686 126.23532104492188 -0.4555148251542349 0.8813797254281391 0.12520392832864566 -96.4346694946289 0.3817079429731145 0.06631420856446807 0.9219010098777968 9.153554916381836
0.8462316928202077 0.5324257785753507 0.020364488087784335 127.08956909179688 -0.4633458497033148 0.7164905997136242 0.5214900229963413 -96.54232025146484 0.2630637672302269 -0.4507371859858504 0.8530143278633707 9.09415054321289
0.8050086243515823 0.5493622602478468 0.22396924283247083 128.0125274658203 -0.5102412068711172 0.4485120797161587 0.7338193409548375 -96.43566131591797 0.30267974086529 -0.7050092349494885 0.6413633549756782 9.286651611328125
0.9505511095607309 -0.07213509714087218 -0.3020746859194603 129.26791381835938 0.23129086537479598 0.8135341785536332 0.5335416346633535 -95.9511489868164 0.20726100382619414 -0.5770257083402284 0.789990005131341 9.28680419921875
0.8189204146202773 -0.4346346289045565 -0.3747827288912222 130.42994689941406 0.5614892415897494 0.7418820800815373 0.3665253208618189 -95.82238006591797 0.11873999367155466 -0.51059153793506 0.851585048771988 9.321723937988281
0.9138423601810636 -0.17216293201520894 -0.36776631925535264 131.22789001464844 0.37742020974483803 0.6942617334716791 0.6128251224558782 -95.58370208740234 0.14982031242413663 -0.6988279976337711 0.699423551010622 9.23995590209961
0.9403801112505272 -0.08764135606148711 -0.32863998398270045 132.2373504638672 0.319379523517776 0.5598210955001212 0.7645894721944598 -95.51254272460938 0.1169699376848785 -0.8239656144164925 0.5544354786061655 9.147453308105469
0.9321952435775211 -0.07577982742685402 -0.3539342390990202 133.16305541992188 0.33612360233348293 0.5440188527193408 0.7688071356590643 -95.38965606689453 0.134286826627964 -0.8356440065249607 0.5326031755003933 9.173027038574219
0.9575468320437454 -0.2855570009702312 0.039512828801224406 134.2069091796875 0.28729668490500115 0.9339831640813289 -0.2124524983501633 -95.24124145507812 0.023762981411934187 0.21478512148078852 0.9763721996784316 9.139150619506836
0.9744187429538378 -0.2220493593570348 -0.034672689387951997 135.0140380859375 0.20965421685449115 0.9536984236763362 -0.21564884890117506 -95.10697174072266 0.08095197795849697 0.20286300472585497 0.9758552036947926 9.27528190612793
0.8784839142158543 -0.43647621081264715 0.19430524917928738 136.009033203125 0.4773272286165911 0.8193489056081702 -0.3175312389354757 -95.10936737060547 -0.020608961283770225 0.3716932717622518 0.9281268137714138 9.133562088012695
0.8265583711583835 -0.4866618508132435 0.28277464884785564 136.83682250976562 0.5589329208951024 0.768874028923036 -0.31052651672172443 -95.01140594482422 -0.06629667418256352 0.414720352298614 0.9075305947358713 9.190929412841797
0.5034261916380747 -0.785468304732352 0.3600022386509142 137.79644775390625 0.858663856895021 0.5012003178899643 -0.10721297593652326 -94.71450805664062 -0.0962208419987656 0.3630947309007442 0.9267706112934121 9.178070068359375
0.7489385647804954 -0.6506816185786678 0.12531742667473272 138.74935913085938 0.6413809546585062 0.7593486834737607 0.10963597907625887 -94.60862731933594 -0.1664977392815749 -0.0017344020616903294 0.9860403108715248 9.142711639404297
0.658381893174901 -0.7497623910240862 0.06625435642490676 139.85272216796875 0.7196067949786641 0.6528132844368326 0.23664504280320325 -94.38298797607422 -0.22067927714211885 -0.10812572621092724 0.9693345572976295 9.153656005859375
0.47316951294496884 -0.8809552153608731 0.005340463266338705 140.7159881591797 0.8656828405908863 0.4660739421143589 0.1826699208640435 -94.36901092529297 -0.16341307024199642 -0.08181069007446007 0.9831597934535491 9.149345397949219
0.40652948877699285 -0.8821446816494253 -0.2378119748716428 141.64166259765625 0.9022950970671743 0.3467559186834653 0.2561716039426 -94.07015991210938 -0.14351770818702186 -0.3187178901405128 0.9369213275089454 9.113901138305664
0.43034410809402873 -0.8799992899950674 -0.20101044310416438 142.48300170898438 0.9010881626519448 0.4056491067309124 0.15326097134285552 -93.89415740966797 -0.053329839276878 -0.24708308686875038 0.967525646391925 9.088800430297852
0.5154665576974375 -0.855378811297079 -0.05119879959090809 143.3726043701172 0.8499210804560327 0.5027340509640825 0.15777398707547777 -93.87446594238281 -0.10921714559538748 -0.12484215307835303 0.9861470741845542 9.133829116821289
0.8730632956265271 -0.4447572696491364 -0.1998785954623281 144.0342559814453 0.4873301744248951 0.7820807451465069 0.3884057275145231 -93.6480484008789 -0.016425070007430945 -0.43650965529450775 0.899549630598513 8.957496643066406
0.8233302368029978 -0.4767935264686156 -0.3078883795851045 144.89285278320312 0.5675312922249904 0.6859194945630922 0.4554368005813156 -93.5228500366211 -0.005962676525884725 -0.5497111787984069 0.8353335060876667 9.140556335449219
0.9104087835564353 -0.4135218275566386 0.012471766414965696 145.89207458496094 0.39599299364493745 0.8797525927323836 0.26310629898345145 -93.35371398925781 -0.11977226643681893 -0.23459555348485714 0.9646862342117883 8.926401138305664
0.9939809327830202 0.054525335495876695 0.09502048754273573 146.52281188964844 -0.09037143001596716 0.8983718474817292 0.42983837461205576 -93.3145523071289 -0.06192664935765746 -0.4358382858828799 0.897892019486757 8.850318908691406
0.9547996156791567 0.2290741286494094 0.18942739369597208 147.41513061523438 -0.29693224283664704 0.7055551391510355 0.6434463371420818 -93.51270294189453 0.01374543789529692 -0.6706094162782661 0.7416832704975823 8.943580627441406
0.9988989896995214 0.04678796408575494 0.0034197651945538842 148.2130126953125 -0.046644990284353725 0.9983323904679093 -0.034010042987369184 -93.251708984375 -0.0050053230313659445 0.03381308266544563 0.9994156403529073 8.960384368896484
0.9867687509931901 -0.16179513941577614 0.010476875716027952 148.96224975585938 0.16213342280909346 0.9845314175710377 -0.06641265710518413 -93.11148071289062 0.00043043181488882157 0.06723258642200663 0.997737236977482 8.892351150512695
0.9897778597274428 -0.1350328977263897 0.04589013973586165 149.7315216064453 0.14215152952035015 0.9080832953542374 -0.39392597192063133 -93.14144134521484 0.011520896162519598 0.39642255893201056 0.9179958734773317 8.823421478271484
0.9771504213830765 -0.1937363577392473 0.08742584103574055 150.85536193847656 0.21142385935815633 0.9282141134450473 -0.3061347926902911 -92.99031829833984 -0.021840459816101006 0.31762365039674767 0.9479653005377707 8.932982444763184
0.9358721223392981 -0.33257659827353536 0.11634507685734313 151.6383056640625 0.35233863608309934 0.8825074919078769 -0.3115092490594293 -92.59707641601562 0.0009252844097254395 0.3325256877404688 0.9430937444610101 8.725401878356934
0.8637623539338929 -0.31934749625175907 0.3897842641312155 152.34788513183594 0.5035547058122066 0.518430884860416 -0.691131012093386 -92.57199096679688 0.018634757335754898 0.7932506503373185 0.6086100159859832 8.485847473144531
0.9908413620279888 -0.11115510314182986 -0.0766677138047615 152.85084533691406 0.09182082801270855 0.9709379952743769 -0.22101661674099185 -92.45845031738281 0.09900672117376805 0.2119527125990678 0.9722518792907096 8.507506370544434
0.9943807873777115 -0.026647906092475537 -0.10245359337265378 153.50051879882812 0.016649860295892504 0.9951225942513975 -0.09723067706488357 -92.29517364501953 0.10454487957910585 0.09497847920058007 0.9899744727226734 8.429988861083984
0.9805577930452838 0.14470955743748828 -0.13253512170141638 154.03948974609375 -0.17297190065362308 0.9563508229413521 -0.23552881998530908 -92.2734375 0.09266680140393385 0.25387447182740774 0.9627879395131199 8.432001113891602
0.9885456435549507 -0.12030180399046138 -0.09113169901395084 154.64678955078125 0.10351003312984765 0.9798715067632751 -0.1706971097439178 -91.93394470214844 0.10983252546484833 0.15930883902065787 0.9811001529710939 8.410231590270996
0.9937776624195718 -0.006049612408038408 -0.1112176238983882 155.23187255859375 0.023230042307742636 0.9878229009983212 0.1538384912745852 -91.70805358886719 0.10893265263579745 -0.1554648463575372 0.9818168661908163 8.269371032714844
0.9945938293404442 -0.08740096655172805 -0.05607303883092994 156.0223388671875 0.09354847690447923 0.9885402877927173 0.11847692551523924 -91.41681671142578 0.04507546013923071 -0.12308196641472359 0.991372297593957 8.431673049926758
0.9901174402295161 -0.13555992853607224 -0.035929936385217215 156.67276000976562 0.1037140949999124 0.8802470542517151 -0.4630426653986943 -91.0012435913086 0.09439725129313839 0.4547401777460103 0.8856074354316517 7.988313674926758
0.9937950431454025 -0.08695183091687636 -0.06935986822241857 157.18511962890625 0.08831716312866117 0.9959496819183876 0.016861488177754725 -90.66690063476562 0.06761280142498 -0.022882530167489225 0.9974491961481551 7.886479377746582
0.9798671377098898 -0.1892325603121817 -0.06365084880757488 157.66091918945312 0.1970433247508517 0.9679629806494987 0.1556328894008875 -90.70118713378906 0.032160855202538224 -0.1650415287430258 0.9857621280931859 7.802453994750977
0.9266194248560716 -0.37130566148327426 0.05923299105963684 159.0157012939453 0.3727068333843603 0.9278393856958522 -0.01427202508918197 -90.55998229980469 -0.04965941832125676 0.035301276209390595 0.9981421552414178 7.648809432983398
0.9973183908578946 -0.07266939146577076 0.008671032269240722 159.5435028076172 0.06840516615456277 0.9677331704684878 0.24251442022769532 -90.61595153808594 -0.026014620888767714 -0.24127094793821136 0.9701090501490081 7.752145767211914
0.9942606835850453 -0.06227295974888214 0.08699293971991498 160.15513610839844 0.0645271697396049 0.9976429030167934 -0.023342716757509922 -90.63849639892578 -0.08533426886307091 0.028822153707508076 0.9959354125711496 7.506309986114502
0.9994780481057451 -0.025814889839186807 -0.019422224829323896 160.67562866210938 0.0238740394860678 0.9952602574319064 -0.09427115261411415 -90.84793853759766 0.02176376790327978 0.09375826064495105 0.9953570851546123 7.713417053222656
0.9129656974150546 0.3984226176413034 0.08805142301686436 161.75917053222656 -0.3834078758411076 0.9114844062619007 -0.14897844771778296 -90.3863296508789 -0.13961388214089923 0.1022526033567952 0.9849123661627491 7.456955909729004
0.9014417525649241 0.3493430681177138 0.2556602970560359 162.19744873046875 -0.34070943848906937 0.9368575756158879 -0.0788350273392737 -90.03050231933594 -0.26705775640700125 -0.016040691045692078 0.9635470154453468 7.325728416442871
0.9627028974222032 -0.18046067394420592 0.20158639947798682 162.36984252929688 0.20937274225830158 0.9688016421526726 -0.13261384905628826 -90.3773193359375 -0.1713656502748853 0.1698744339854829 0.9704516941012458 7.726507186889648
0.7429936033672947 -0.46561778164290746 0.4807916251071988 163.1430206298828 0.5973887222409182 0.7852775504733636 -0.16268338348435357 -90.28964233398438 -0.3018065935241417 0.4080922078899473 0.8616110084979544 7.079124450683594
0.6242897778306736 -0.7091875225453057 0.32759018782951904 162.58871459960938 0.738205668447536 0.6727491704121057 0.04960791047554773 -90.41487884521484 -0.2555673382262578 0.21085922217412034 0.9435166792675529 7.119913101196289
0.8659184227421166 -0.4867456192992622 0.11516938503258045 162.07376098632812 0.48735840597340363 0.8728526445822653 0.02469908850157539 -90.81948852539062 -0.1125480754294276 0.03474137214796347 0.9930387544191861 7.910966873168945
0.9676963761371857 -0.2280260852022451 -0.10755383804540342 162.70791625976562 0.1964200855134905 0.9493148744717602 -0.24539849044674125 -90.87462615966797 0.1580597153541391 0.21634549584866505 0.9634374669941811 7.76434326171875
0.9472571615584433 -0.06495223223571885 0.31382332195654083 163.8333740234375 0.20497997002628154 0.8755393402184202 -0.4375089434719231 -90.78819274902344 -0.24634748174939025 0.47876097507784704 0.8426748168648706 6.85992431640625
0.7253155720503188 -0.36143806296266545 0.5859008854602583 163.27366638183594 0.6441302229009849 0.6566424464581517 -0.3923225120420452 -90.51138305664062 -0.2429271020014975 0.6619540951993947 0.7090861717463571 6.887905120849609
0.8443099075045551 -0.35872352061713 0.39806810453200164 163.58921813964844 0.4586861157565172 0.8678753652677741 -0.19078626149051253 -90.49053192138672 -0.27703398221490444 0.3436710434665377 0.8972972676770907 6.943214416503906
0.9357696762687332 -0.24135291185091848 0.25706786052906977 163.6597442626953 0.25629363477902817 0.9662555373541154 -0.02576449697285077 -90.42924499511719 -0.24217490734521735 0.08999449135137486 0.9660498464255056 6.916594505310059
0.9449618028810097 -0.16858512366675454 0.2804037217551451 163.85015869140625 0.1747183459009397 0.9846133494851222 0.003170429202516669 -90.27510070800781 -0.2766237348846106 0.045995739954409545 0.9598769198207315 6.905467987060547
0.8085804601486013 -0.5290146291824466 0.2575677805488 164.03634643554688 0.5385368615211458 0.8417354367827342 0.0382034454877279 -90.24291229248047 -0.2370141098095858 0.10781918463398894 0.9655047048958546 6.928521156311035
0.8434383643805606 -0.5244340132740006 0.11653622274799197 165.135986328125 0.5116823912791386 0.8503001315868538 0.12316986919795475 -89.29812622070312 -0.16368523435516963 -0.04425665989095967 0.9855194021983478 6.9070940017700195
0.9443864785127102 -0.2855041663673539 0.16316111727137805 165.99929809570312 0.30299554047166777 0.9483068615940866 -0.09438113533887707 -88.56947326660156 -0.12778059968807476 0.138569358952316 0.982074666765669 6.851602554321289
0.9562729457048998 -0.19761889027571347 0.21561267940237064 166.29566955566406 0.24582464463526107 0.942497723938269 -0.22642500847108368 -88.61048126220703 -0.15846860068424143 0.2695270201248443 0.9498646682658538 6.826992034912109
0.8790334882540081 -0.45609213598775716 0.1388527638115867 165.94639587402344 0.47223837227974647 0.8729675368909815 -0.12214171802078484 -89.16796875 -0.06550607814979192 0.17293826362207568 0.98275190699424 6.847296714782715
0.9792662070485708 -0.2009484442353647 -0.02564017340214303 165.50433349609375 0.20214262655893891 0.9775949062719302 0.058707391008534955 -87.76484680175781 0.013268544025581717 -0.06267313611558124 0.9979459022155854 6.826244354248047
0.9993396207241305 -0.006841074882600521 -0.03568644203897831 165.96908569335938 0.012805929376930118 0.9854115530175865 0.16970586127845178 -85.72039794921875 0.0340048617662796 -0.17005078910113497 0.9848484139715803 6.822671890258789
0.9361292439327352 -0.2555732723520053 0.241545732964201 165.7864990234375 0.34769621620255514 0.569898950332357 -0.7445283927752544 -87.20420837402344 0.0526248980269929 0.7809593388066789 0.6223609332519863 6.749744415283203
-0.08178407319032277 -0.21984573048481454 0.9721004167060101 166.39845275878906 0.9966437291449046 -0.014560491108904339 0.08055600073741254 -86.40069580078125 -0.0035556333526416406 0.9754259822694217 0.22029868493750882 6.708869934082031
-0.1817535750584699 -0.9555111507267452 0.23230169777751658 166.30096435546875 0.9833284532291985 -0.17793940977680023 0.03745289732659032 -88.10931396484375 0.005548965970098976 0.2352360671434877 0.9719224257581093 6.818482398986816
0.986346934486923 -0.11500355269579503 -0.11787242126805972 166.60606384277344 0.15297277877154022 0.9048970774043713 0.3971908964968111 -87.70162963867188 0.06098404531648302 -0.40979929498764706 0.9101348713484526 6.778472900390625
0.672491659835065 0.7336684458035863 0.09739393761640987 166.67333984375 -0.7345975179208031 0.6456591568894956 0.20854433530868458 -88.57000732421875 0.09011911071950528 -0.2117896710344859 0.9731514173684533 6.827182769775391
0.8771736089879792 0.47650508749466414 -0.05923986231167139 166.8906707763672 -0.46515087056648696 0.8738574114692598 0.14144925603015274 -88.72640991210938 0.11916848285617562 -0.09652008087412103 0.9881714156368875 6.769721984863281
0.9216814264462903 0.3792209987867692 -0.08182164886566956 167.24412536621094 -0.36534311342769266 0.9193949370092592 0.14573043358441098 -88.78634643554688 0.13049045028235526 -0.10442405796034512 0.9859350173841087 6.902961730957031
0.9276274775689837 0.3698918704097604 -0.05183885669817542 167.5287322998047 -0.3550852965776328 0.9163907529327707 0.18477667627080088 -88.8437728881836 0.1158520393147203 -0.15299670631774667 0.9814124071166728 6.908164978027344
0.7774494162000689 0.602525370486381 0.1803762267329634 167.9077606201172 -0.6226042432264686 0.6966596380225014 0.35641170725265703 -88.55294036865234 0.08908625913443982 -0.3893950778715707 0.9167524811871659 6.902667999267578
0.9861522237330697 0.1657809552157601 0.0045239931556088474 168.3794403076172 -0.16224842737927062 0.9587722351875513 0.2333050553383287 -89.00761413574219 0.034340055900877624 -0.23080830990503184 0.9723930710569196 7.038082122802734
0.9141155066365556 -0.39218022220197785 -0.10289564538988227 168.77565002441406 0.40197482621138564 0.9097764009015763 0.10355259270004027 -89.24513244628906 0.053000751116559275 -0.1360204899130325 0.9892872922993093 6.914159774780273
0.6624395520449713 -0.7413956337083424 -0.10726767548830053 169.23016357421875 0.744833931224487 0.6671534015178613 -0.011346970513027327 -89.40499877929688 0.07997658896910957 -0.07237992236354612 0.9941654248944253 7.034273147583008
0.9808847129157626 -0.19261594688125558 -0.02764555977366743 169.4732666015625 0.19232755750829592 0.9812477983895216 -0.012762005273861558 -89.48955535888672 0.029585310393085505 0.007201052892062088 0.9995363196233495 7.1690473556518555
0.9990407365599978 0.03107294343940119 0.03085577546698474 169.95204162597656 -0.031604192194378 0.9993578930098034 0.016881253352381425 -89.81463623046875 -0.030311412527264704 -0.017840231641384232 0.9993812807960653 7.373022079467773
0.9384452467790808 0.3452587176369352 0.01081372708409728 170.30178833007812 -0.3408828648299355 0.9307049182609897 -0.13261684504670043 -89.80452728271484 -0.055851510839781335 0.12076743360899775 0.9911083874715269 7.2154974937438965
0.6195771725681897 0.5005825547572351 -0.6046000604574295 170.53594970703125 -0.7712902547370504 0.5312566105015682 -0.35053923709913126 -89.3197250366211 0.14572395197792193 0.6835082440403369 0.715248914818353 7.144495010375977
0.6292579938455973 -0.7717002180583473 -0.09226673631441315 171.48110961914062 0.7589541164313064 0.6357130382778757 -0.14091693338803238 -89.37368774414062 0.16740079549807738 0.01864688746712117 0.9857125682745449 7.330692291259766
0.10858886630504799 -0.8755021089776682 -0.47085508948108434 171.99560546875 0.9874909362683564 0.14947337802949495 -0.05019322711578608 -89.48265838623047 0.11432457698338361 -0.4595147075297016 0.8807815419622868 7.4145660400390625
0.6326877543773466 -0.6863733952534946 -0.358605309148011 172.30494689941406 0.7735731491390209 0.5816443335690394 0.25154413560678823 -89.79804992675781 0.03592754364117756 -0.4365563325794485 0.8989592761035915 7.665409088134766
0.9479056361187815 0.2758348104056488 -0.15934259437679532 172.59898376464844 -0.3107977155278376 0.910507637324237 -0.27272811075668935 -89.60700988769531 0.069854742408268 0.30804382763287996 0.9488041500859695 7.656436920166016
0.9676273681529113 0.20978841173537652 -0.14030715841687633 172.8394317626953 -0.22511422054296412 0.9687670581377208 -0.10399026289282924 -89.36227416992188 0.11410900100694951 0.13220896100013102 0.9846318736057968 7.405267715454102
0.9483554995606869 -0.25415987127865863 -0.18980149178711953 173.09576416015625 0.2990545339304587 0.9158888840248616 0.2677945814525196 -89.9986343383789 0.10577444014806416 -0.310725460738752 0.9445959220005421 7.509613037109375
0.9850439116082806 0.13565057113181378 -0.10624224562324913 173.80419921875 -0.13064701005520468 0.9900246028790796 0.05275077684505088 -90.67921447753906 0.11233811003881683 -0.03808159983159628 0.9929400489390954 7.485385894775391
0.86570006918434 -0.5005622148091805 -0.0009269949066350591 174.76498413085938 0.4808804043673179 0.8321726046110127 -0.27612097499184685 -90.30845642089844 0.13898714656310485 0.2385921734681401 0.9611224416535049 7.5943989753723145
0.927104405257045 -0.3487621317999642 -0.13726761153063416 175.4921875 0.3501399325308565 0.9365809215475115 -0.014771764975826461 -89.916748046875 0.13371405834940447 -0.034367903857497634 0.990423847544158 7.665620803833008
0.9341808216823219 -0.3251848021075048 -0.14683676950697427 176.2886962890625 0.32415013323088215 0.9454777035937746 -0.03160068248382167 -89.82791137695312 0.1491069533165461 -0.018076406870419368 0.9886558349533531 7.69708251953125
0.9933058548518362 -0.01168273801072374 -0.11492167919777245 177.18319702148438 0.000802409811887568 0.9955463424179217 -0.09427001769805635 -89.60536193847656 0.11551118930890082 0.0935467462334787 0.9888913850436621 7.767539978027344
0.9201851905886219 -0.37045961063829647 -0.12656576119592344 178.19834899902344 0.374086807040682 0.9273784536469286 0.005316437673777343 -88.76909637451172 0.11540483447191159 -0.05223868870055377 0.991943971998095 7.821857452392578
0.9775226008168095 0.20224744133030312 -0.05954441508391921 178.65960693359375 -0.17470551303697548 0.9351423059675024 0.30819936940926634 -88.2589340209961 0.11801503551169935 -0.290869111569324 0.9494564820612077 7.882869720458984
0.9985687677479766 -0.047647592973128705 -0.02429244660701358 179.2764434814453 0.05215196716819395 0.9681789729366158 0.24476447594348233 -88.2379379272461 0.011856997882059787 -0.2456810600092465 0.969278199669196 7.889858245849609
0.9777625667864321 -0.18077163312388192 -0.10631076920487784 179.9727020263672 0.1938610815322557 0.9724562175098133 0.12940937405633024 -88.35478210449219 0.0799890246118321 -0.1471411624401266 0.9858758716275677 7.949136734008789
0.9555668705264753 0.29201973394494857 -0.0402048621308433 180.76754760742188 -0.2857184107695024 0.9511025758651332 0.11734087067198058 -88.11178588867188 0.072504797769448 -0.10063977925964483 0.9922775262651985 7.950489044189453
0.9983013164987179 0.00636948388048043 -0.05791296186539752 181.51634216308594 -0.02842415388051126 0.920931330888253 -0.38868695792960206 -88.2706527709961 0.0508581257332956 0.3896728287467418 0.9195480072206175 7.992450714111328
0.960002936279705 0.24774538486649375 -0.13044763934888814 182.38243103027344 -0.26243406993000273 0.9585639052231535 -0.11083139692033 -87.92526245117188 0.09758443151609345 0.14063237138258816 0.9852409932828571 8.068943977355957
0.9345021259924695 -0.3557674210610653 -0.011632653485454083 183.1690216064453 0.35078398616305595 0.9259794466483714 -0.13968772113658492 -88.01828002929688 0.060467938340173125 0.12645792381790075 0.9901272756249847 8.060211181640625
0.9198171160011896 -0.3829671237696651 -0.08527986411131233 183.93734741210938 0.3901843223793883 0.9156686734757892 0.09647318272155284 -88.08614349365234 0.041142042737222495 -0.12201255069327327 0.9916754861307856 8.086376190185547
0.9970061767858013 0.02113319697811516 -0.07437789615499434 184.6888885498047 -0.0036366315753023 0.9736764034581422 0.22790576179553235 -88.09152221679688 0.07723637978145047 -0.2269529672295575 0.9708382420897697 8.132783889770508
0.9935089530342904 -0.05467671875569101 -0.09975177525647873 185.63833618164062 0.0895712397909156 0.9165688960323459 0.38971586037569084 -87.91738891601562 0.07012099003170359 -0.39612108660377787 0.9155168657675379 8.118724822998047
0.9911848647077115 0.13246891430307683 -0.002133241130339955 186.5294952392578 -0.11674972479467732 0.880952446591453 0.4585763716164417 -87.77709197998047 0.06262639806601682 -0.45428490354390805 0.8886524408774105 8.113716125488281
0.9984599059868428 0.05540672033606164 0.0028127350296054373 187.50650024414062 -0.054086510198335824 0.9608793816763926 0.2716347976304931 -87.82483673095703 0.012347694169788627 -0.2713685855267611 0.9623962932378193 8.116128921508789
0.9943676510074669 0.1032340137058967 0.023994021006559157 188.30665588378906 -0.08330915590417533 0.9012688122256054 -0.4251753904590203 -88.09735870361328 -0.06551762489915428 0.4207817326401151 0.9047928902815033 8.13241195678711
0.936491479583877 -0.16572242308048996 0.30906275601426325 189.1084747314453 0.3271302358670336 0.7303916346363961 -0.5995947538419198 -87.9355697631836 -0.1263705560974545 0.6626191504488114 0.738218357947102 8.176628112792969
0.9414684346381289 -0.29385167341099117 0.1651919508135637 190.35104370117188 0.30763803725081884 0.9493059569609719 -0.06463000939870377 -87.26080322265625 -0.13782606653494273 0.11166644129716376 0.9841415453437234 8.176904678344727
0.6320747716433224 -0.7723516018558064 -0.06288470531704209 191.04493713378906 0.7726303384037311 0.6219222253035535 0.12749551306462403 -87.35031127929688 -0.059361967876557266 -0.12917332845539564 0.9898436280471662 8.175224304199219
0.928906516976646 -0.3362522830620175 -0.15513569819321762 191.82814025878906 0.3652926213300267 0.9007837497381777 0.23484023720279706 -87.56842803955078 0.060778150022470556 -0.2748145526408839 0.9595743734263837 7.982732772827148
0.996527899667305 -0.032456671144603405 -0.07667274406775992 192.6951446533203 0.017970237314550996 0.9830289538296785 -0.18256819685636994 -87.73773193359375 0.08129708331501115 0.18055647435286998 0.9801990327549467 7.899344444274902
0.9935155504790317 -0.11222523477223767 0.01823040418264579 193.86363220214844 0.1107407959712316 0.9914905226405358 0.06843259180869185 -87.89186096191406 -0.025755136652802834 -0.0659699946514559 0.9974891642226908 8.025069236755371
0.9306842845963684 -0.35886910102835123 -0.07099106093339522 195.4164276123047 0.3654415784146675 0.9209030600128743 0.13560975932697833 -87.71908569335938 0.01670973282678029 -0.1521529572043463 0.9882156963147418 8.124971389770508
0.9354843792916232 -0.25125949839777567 -0.2484706030222983 196.27735900878906 0.35056929794943686 0.7482224470721166 0.5632622275926662 -87.6719970703125 0.044386297847481423 -0.6140291802205426 0.7880342774277543 8.113037109375
0.9886411902885589 -0.11582304749847581 -0.09577900883276869 196.95204162597656 0.1495320080301684 0.8221500195346774 0.5492809153371302 -87.6561508178711 0.015125324435774128 -0.5573637654595925 0.830130626777146 8.119972229003906
0.9444583555249318 -0.1956048041377984 -0.26407797196539373 197.5047607421875 0.24190745292439736 0.9577123869824693 0.15578115431582815 -87.73927307128906 0.22243920270215906 -0.21101124239849148 0.9518377260240704 8.224739074707031
0.9695068771105428 -0.24471225126664534 -0.01312742607571224 198.30606079101562 0.24309740692338336 0.9671183859232528 -0.0747373959696852 -87.98681640625 0.03098493153921801 0.06926717613135952 0.9971168398579464 8.19865608215332
0.8698676787721572 -0.45186386687081725 0.19786173769602675 199.42576599121094 0.49178237792263624 0.7631117554745023 -0.4192976763844282 -87.5599365234375 0.03847485142656584 0.4620384123351387 0.8860249383253994 7.8395538330078125
0.7208343163809467 -0.6368191419898959 0.27360421912475186 200.57196044921875 0.6911678621187354 0.6309299888309075 -0.3524405418904687 -87.24788665771484 0.05181577657267336 0.44315768027766733 0.8949449121086096 8.045910835266113
0.5601038640962538 -0.7711815314128095 0.3025933030194804 201.29226684570312 0.8101131729572321 0.4335098677673711 -0.3946971516865585 -86.53984832763672 0.17320597110264715 0.4662062206321471 0.867554869399209 8.087745666503906
0.7563248470441515 -0.6541775182960246 0.004949777742004141 202.2061767578125 0.6040130575607079 0.695381221584582 -0.38937537539461753 -86.36265563964844 0.2512786342684269 0.29748400162628696 0.921065859065792 8.030653953552246
0.7545835796510136 -0.4344375825788922 -0.49180037430249113 202.9837188720703 0.556782043147813 0.8205043932352373 0.12948473697630142 -86.18951416015625 0.34727133159708 -0.3715326735627477 0.8610261870153006 7.967559814453125
0.9057214914696144 0.04425991120244649 -0.4215562123257213 204.09947204589844 0.22468308427287875 0.7931870801376325 0.566013928754729 -86.03128051757812 0.35942466739455087 -0.6073675297240448 0.7084621318780757 8.012489318847656
0.9385172381324597 0.2254771198729652 -0.26142965046454136 204.40115356445312 -0.06971856056784986 0.8654404986199419 0.49613714400437026 -86.28805541992188 0.33811938134417385 -0.4474067632057641 0.8279507667712944 7.993659973144531
0.990018375530269 0.11776286721464459 -0.077430764026923 205.10379028320312 -0.05063304596443728 0.8099016751247616 0.5843762240940915 -86.1102066040039 0.13152912517298299 -0.5746226446421083 0.8077802334148433 7.7817840576171875
0.9699576363028258 0.20979403177418188 -0.12316106531598592 206.0764617919922 -0.058886098473982726 0.6936830441607881 0.7178692510829074 -85.90892791748047 0.23603942718187443 -0.689050287334499 0.6851971178718551 7.840705871582031
0.9850726102687574 0.17018724250976 0.025850628333198025 206.89344787597656 -0.157603571943664 0.8312662832813354 0.5330642366452968 -85.71426391601562 0.0692319767802085 -0.5291811303954052 0.8456797648191341 7.744167327880859
0.9851032333353047 0.11539195586905618 -0.12750025958029257 207.6100616455078 -0.07696647145398844 0.9588852125012186 0.2731580339627871 -85.55960845947266 0.15377835330192144 -0.2592756173788939 0.9534822349097768 7.64630126953125
0.9890536848235092 0.13360754754048176 -0.06262453015597341 208.44131469726562 -0.11548786079734795 0.9650959528384158 0.2350581966734257 -85.44312286376953 0.09184422978876189 -0.22525280254666846 0.9699617582149209 7.704204559326172
0.9893079510733546 -0.09351327411460392 -0.11191534973991867 209.18251037597656 0.12891765905238686 0.919531745892511 0.37127025935337654 -85.3919906616211 0.06819101940500598 -0.3817284844758613 0.9217555798650033 7.5821075439453125
0.9369252187105324 0.269785827614909 0.22223127989182723 209.8547821044922 -0.3492715542304955 0.6981948483862876 0.6249266637712483 -85.47929382324219 0.01343562241338521 -0.6631286156583709 0.7483848763473093 7.528102874755859
0.9921417618815151 0.11277261809735387 0.05419465783738422 210.67257690429688 -0.12092849718397072 0.9754514106638824 0.1840403325433534 -85.40956115722656 -0.032109545301501265 -0.18914777831449697 0.9814235044358885 7.400157928466797
0.9824444289269137 0.18377996751945117 -0.032060374436674206 211.36883544921875 -0.18531489729388503 0.9416059401640176 -0.28113456260088937 -85.21160125732422 -0.02147866176993152 0.28214034980198427 0.9591326759641686 7.299112319946289
0.9337140472157559 -0.35022493391048054 0.07430056325071216 212.1566619873047 0.35377924678892286 0.9344136721990577 -0.04136826983250329 -84.89063262939453 -0.054939262585476906 0.06491213195444977 0.9963774849682686 7.2586188316345215
0.9124167620193548 -0.3873482662148519 0.13212483887015417 212.8045196533203 0.3976788765298936 0.9153838053736247 -0.06264183922606006 -85.02136993408203 -0.09668072997261484 0.10969872159715485 0.9892517510380824 7.173766613006592
0.974708614510188 -0.11997377685143487 0.1885455108657642 213.48789978027344 0.058314493314192424 0.9509928208900544 0.30366441096230856 -84.89493560791016 -0.21573719352290394 -0.28498938135232155 0.9339371048669617 7.12683629989624
0.9639351369418793 -0.04820888275868911 0.26173451318463764 214.0924072265625 0.16426235675411413 0.8815538572598673 -0.44258408794694976 -84.89752960205078 -0.2093965852692551 0.46961548140303916 0.8576796428178572 7.054172515869141
0.9600341064861552 0.09223682482715301 0.26424776731154165 214.75779724121094 0.19426362718553042 0.4600754793027046 -0.8663672411264797 -84.66954803466797 -0.201484881656294 0.8830758299773535 0.42376989153756245 6.94390869140625
0.9657833292670613 0.09828071846534343 0.24000721090785243 215.23345947265625 0.06728179640228595 0.798789095259538 -0.5978370523540085 -84.49581146240234 -0.25047099788740373 0.5935291750810435 0.7648446885119249 6.924224853515625
0.9376395501913539 -0.10460058728531033 0.3314977994746325 215.95724487304688 0.2134898761000443 0.9258856482401491 -0.3117015225912553 -84.34394836425781 -0.2743248926359823 0.3630350995737014 0.8904781691640562 6.894634246826172
0.9817868400550954 -0.04448944259697511 0.18470324900239735 216.4830780029297 0.08044394511231127 0.9780913030233861 -0.192005663053939 -84.50090789794922 -0.17211441656467533 0.2033668912272245 0.9638560759590491 6.880964279174805
0.8892220354304653 -0.40774273054159826 0.20743682748099918 217.0142059326172 0.4430161881832626 0.8806038578951105 -0.16814726422936527 -84.55381774902344 -0.11410884589930936 0.2414181251495618 0.9636889851693845 6.8556318283081055
0.7130917202195157 -0.604126270187513 0.35571287328925283 217.7906036376953 0.6765585225201234 0.7259945622950004 -0.12329015014784707 -84.29904174804688 -0.1837627931866507 0.3285777612490154 0.9264274880706128 6.806116104125977
0.8627389545646641 -0.39689309510455345 0.3133007617849002 218.34353637695312 0.4772148020422691 0.8439471517255279 -0.244988240138434 -83.58838653564453 -0.16717514464904393 0.36087265919254263 0.9175093431997707 6.854774475097656
0.9646774273960184 0.16711878229751007 0.2036388314541146 218.7686309814453 -0.16719806535010964 0.9857777741812127 -0.016940686925697362 -83.48281860351562 -0.20357374097800612 -0.01770572036748192 0.9788995042651152 6.805420875549316
0.9585221144118298 -0.20494834825407035 0.1980695098479406 219.33946228027344 0.24687972121643267 0.9442879874264224 -0.21764788088619966 -83.5067367553711 -0.14242808513622454 0.2575196523570292 0.9557185094023989 6.744108200073242
0.5664683282522758 -0.7772270973657401 0.2739190979240013 220.04049682617188 0.8235555146208341 0.5458140012077198 -0.15441305133709618 -83.51080322265625 -0.02949487115899009 0.3130576867065332 0.9492760069491217 6.764581680297852
0.5422153039884289 -0.836397120120274 -0.08026469694235353 220.55149841308594 0.8400327244873145 0.5374832619854603 0.07386991861298609 -83.62966918945312 -0.01864365605657002 -0.1074783724289746 0.9940326018541159 6.773991584777832
0.9218165969280817 -0.37668469728941567 0.09144834856853186 221.03338623046875 0.38444480336728537 0.9186082657070471 -0.09143876277914333 -83.49935150146484 -0.04956162620233227 0.11944661151607626 0.9916028197849721 6.743303298950195
0.9989149903485678 -0.030037750958749283 -0.035588981079271914 221.5074920654297 0.02206428364386904 0.9782310413937699 -0.20634242666243688 -83.56140899658203 0.04101230844762961 0.20533329776487888 0.9778324127297049 6.727471351623535
0.8886846624809289 -0.42712995676278387 -0.16673203263614225 222.06141662597656 0.421659370229864 0.9041434612149075 -0.06876028679173152 -83.51213073730469 0.18011925540738752 -0.009197911618899081 0.9836017752390136 6.647832870483398
0.7667008657917436 -0.5264808898931145 -0.36740666157752955 222.6025390625 0.61137902665942 0.7733907045165463 0.16757835161016643 -83.53374481201172 0.19592209715897624 -0.35310719441092475 0.91483869676576 6.573497772216797
0.7165114601685157 -0.6190395493468331 -0.32156082440442113 223.14979553222656 0.6547277672729107 0.7558553166317209 0.0037803546645600733 -83.3692855834961 0.24071326969864051 -0.21324346804540195 0.9468813785934113 6.5466766357421875
0.8673266987133509 -0.48524563187952996 -0.11082000920788451 223.52638244628906 0.41736762060308896 0.8303327009967805 -0.3692585475347956 -83.43964385986328 0.27119857479551024 0.2740151134467341 0.9226955351748795 6.385246276855469
0.9574365014097277 0.015174556579589299 -0.28824482406612856 224.14723205566406 -0.11100493990481688 0.9411749336755342 -0.3191671153762271 -83.34526824951172 0.2664455837221337 0.33757884568418495 0.9027996864540354 6.300493240356445
0.9136485189368312 0.3291267696082469 -0.23858322106085944 224.4588165283203 -0.319389174474387 0.9442791673663804 0.07954501434046737 -83.42349243164062 0.2514695589392571 0.0035247134770910737 0.9678587899697972 6.280891418457031
0.9578507040562213 -0.1422709532115333 -0.24956162487707012 224.9603729248047 0.09911358659166924 0.9790731253069124 -0.17774226355791517 -83.33001708984375 0.2696266412874244 0.1455156045722843 0.9519068668383612 6.296051025390625
0.6482680501026821 -0.7016285517320147 0.2957463619564948 225.5879364013672 0.7128031039047908 0.4226731422984881 -0.5596955867641068 -83.21856689453125 0.2676943598206027 0.5736416914537833 0.7741285032514176 6.20768928527832
0.8657552975863179 -0.49828357772149395 -0.04670375653300331 226.08226013183594 0.48592320458367305 0.8592611635121008 -0.15984020810473365 -83.28946685791016 0.11977647493710912 0.11568806789336006 0.9860374571986307 6.267261505126953
0.821313664400455 -0.49738232064359983 -0.2793826977110143 226.41481018066406 0.4810199048331501 0.8670806785506732 -0.12957989056335611 -83.15480041503906 0.3066980857837297 -0.02796290391378093 0.9513960059729621 6.246616363525391
0.9468219606036502 0.22589723366249095 -0.22912576184771094 226.69085693359375 -0.14485712614874133 0.9351254859558973 0.32335234423098697 -83.19696044921875 0.2873057394529174 -0.2729666011426692 0.9181201700965029 6.247833251953125
0.9053303309463453 0.3344734799476516 -0.26173361091057645 227.04818725585938 -0.29594325493851076 0.9388342681130533 0.17609033725059295 -83.19182586669922 0.30462203092517903 -0.08196162655984715 0.948940309000879 6.239021301269531
0.8568793041270515 0.41334465816210614 -0.30806501217696286 227.48712158203125 -0.4067027483868891 0.9092412861101996 0.0887308181367748 -83.1064224243164 0.3167818375685251 0.04925928543454769 0.9472184490312606 6.1402587890625
0.9424217532905361 0.30849795652144496 -0.12911332133782671 228.1107177734375 -0.2991508918854221 0.9502399749886719 0.08690646591413867 -83.08963012695312 0.14949910638177316 -0.043278178746586814 0.9878142621137995 6.168764114379883
0.9801805885802525 0.14700598892990363 -0.13279778985062737 228.64865112304688 -0.15969553272306436 0.9830060945866351 -0.09053372208093818 -82.96687316894531 0.11723203742478851 0.10994661079029644 0.9869996920855449 6.095375061035156
0.965012383128013 -0.2621698167414462 0.004252951839582235 229.1899871826172 0.25512072018123894 0.9350738156610847 -0.24606986284229507 -82.92269897460938 0.060535266942496314 0.23854548089363678 0.9692427637085687 6.124917030334473
0.8612299561172254 -0.5042308406277253 0.06351552602458382 229.6437225341797 0.5077838237562567 0.8486019594895741 -0.14842608491073975 -82.76251220703125 0.020941609723151573 0.16008114726698117 0.9868816926419753 6.099214553833008
0.7631597282319023 -0.6453506176149394 0.03331380418122564 230.1702880859375 0.6451898779761182 0.7638373406800193 0.01680887682261281 -82.62150573730469 -0.036293946632608924 0.008665871386776552 0.9993035835575379 6.099481582641602
0.9943200968651239 0.016550685271703964 0.10513619637007916 230.445068359375 -0.027721204156579752 0.9940123310261583 0.10569304900537484 -82.59201049804688 -0.10275738323955157 -0.10800722468881581 0.9888252421964053 6.10277795791626
0.9892608082953535 0.1440926625482993 0.024502199300582474 230.84678649902344 -0.13129671639958904 0.9497357026897594 -0.2841887881304863 -82.60145568847656 -0.06422013261827954 0.27791977194170714 0.9584552023596927 6.111880302429199
0.9847750052802546 -0.1289612943697067 0.11656403188704595 231.1282958984375 0.16630564501985345 0.8941271112865127 -0.41578737510531344 -82.84575653076172 -0.05060258303490936 0.4288422710238882 0.9019610219811437 6.183601379394531
0.9161625436528272 -0.38854956212776587 0.09836377065720349 231.48060607910156 0.3907816243706333 0.9204757720854336 -0.0037516740229153293 -83.04273986816406 -0.08908375644207404 0.041875897292432754 0.9951434537613776 6.2288498878479
-0.443427379890822 -0.675624981262859 -0.5889847565571814 232.02818298339844 0.8932632057949703 -0.3872508275856115 -0.2282928858005689 -82.07901000976562 -0.07384445772062509 -0.627349728004899 0.7752285565148682 6.342979431152344
0.06652332828885993 -0.7595994310241073 -0.646980178352649 232.39877319335938 0.9954787573563751 0.006466693912044297 0.09476405184486208 -82.0081787109375 -0.06779889708232978 -0.650359044111559 0.7565952836865422 6.3150482177734375
0.6345453315999584 0.7645438269752727 -0.11324733453244272 232.6328582763672 -0.7531349369413118 0.578743035169374 -0.3128006809477034 -82.21817016601562 -0.17360872358008106 0.28377673596851616 0.943043358080608 6.257061004638672
-0.37625907450282303 0.592743694456494 -0.7120983229416747 232.8472137451172 -0.90338939979297 -0.40535031551245637 0.13992395811886488 -82.21156311035156 -0.20571023600194716 0.6959497355384359 0.6879951049302637 6.336505889892578
0.6452274627806945 0.7499475745267821 0.14580863052297074 233.55032348632812 -0.7522979673155743 0.6569364289166683 -0.04982265283051787 -82.05769348144531 -0.1331513786877271 -0.07754459248466009 0.9880574611478553 6.33278751373291
0.7186281764533641 -0.636122506498062 -0.28093006377733154 234.2793426513672 0.6924468450513646 0.6174318815072912 0.37322277325583664 -81.91841888427734 -0.06396022815565956 -0.46273753729840117 0.8841849697825035 6.318355560302734
-0.9834124399581231 -0.06068635185864333 0.1709302186089394 234.97882080078125 0.14834496707005698 -0.8113593801370907 0.5654111132693974 -81.62765502929688 0.1043730984525926 0.5813889601305177 0.8069034225715992 6.328704833984375
0.6991874105562816 -0.711109779185354 0.07389077660005405 235.15504455566406 0.6867199101753927 0.6392438394289433 -0.3460969209930138 -81.8731689453125 0.1988786813318681 0.2927288774601864 0.9352844884913878 6.4930267333984375
0.9937087045232813 -0.09436042300941383 -0.06032512846357477 235.59593200683594 0.07622560976162052 0.9644635935785492 -0.2529814876191944 -81.82950592041016 0.0820528303663649 0.24679158662935813 0.9655885489160654 6.301197528839111
-0.19113228961840895 0.773764733412728 0.6039508135535168 235.8655548095703 -0.9755962289332609 -0.21750060709739466 -0.03009126124749767 -81.974365234375 0.1080761118676325 -0.5949635478237258 0.7964533450269263 6.388057708740234
0.2508075848889024 0.9235420059034495 0.2901132859660668 236.33221435546875 -0.932266964362307 0.14972272248580365 0.3293348046139792 -81.94685363769531 0.260717975062873 -0.35306269939384965 0.8985392967343405 6.341484069824219
0.9714726726346204 -0.1831239715220639 -0.15068661977141193 237.366943359375 0.17361680641396388 0.9820207454676755 -0.07411113277860011 -81.88400268554688 0.16154891164834237 0.04583521053837805 0.9857997172956273 6.399042129516602
0.7319450032354616 -0.6294459729541876 -0.26087215138913544 237.90664672851562 0.6099983597275987 0.7759350965763989 -0.1607069601187618 -81.95610046386719 0.30357620685468567 -0.04150292800189413 0.9519028278133176 6.366828918457031
0.9640905487814072 -0.1246731100231869 -0.2344910006535668 238.35284423828125 0.09060920887556739 0.9843958657537518 -0.15084677906360783 -81.89787292480469 0.24963850868267204 0.12418290995168153 0.9603432822999408 6.258096694946289
0.8880203954191059 -0.24087317996139782 -0.39166297820317275 238.28443908691406 -0.06495582423992943 0.7775436808228853 -0.6254650792088322 -81.90704345703125 0.45519283629798735 0.5808665385333222 0.6748285309582801 6.577796936035156
0.6031120208800953 0.4036088782564302 -0.6880085491202224 238.62423706054688 -0.5822062624784101 0.8123373804879942 -0.03382082483950191 -81.75259399414062 0.5452446773704884 0.42096063195326205 0.7249140556953371 6.5746002197265625
0.27465834266118005 0.6600340804525747 -0.6992265780473008 238.8740997314453 -0.6922410413269372 0.6404386667171131 0.33262690040975984 -81.72235107421875 0.6673568277235287 0.3926745813198643 0.6328045019404158 6.638832092285156
0.6541139934017656 -0.42261489588549306 -0.627320917403277 239.51205444335938 -0.28793387903691536 0.627794370077876 -0.7231654791272037 -81.76644897460938 0.6994490438471914 0.6536596045911183 0.28896393613569316 6.579677581787109
0.6999804023388102 -0.5845281090538894 -0.41031003651809655 240.2013702392578 0.03868399293335911 0.6047234184506558 -0.7954955285028853 -81.79033660888672 0.7131135849444528 0.5409588495470219 0.44590642299078115 6.667381286621094
0.31247919046376305 0.8213414307880188 -0.4772368485335152 240.2272186279297 -0.4756039866278067 0.5701635291411757 0.669861476680826 -81.69631958007812 0.8222880294828865 0.017657975772145063 0.5687974968833652 6.635223388671875
-0.49176347037140883 0.5419693982678186 0.6814967795591458 240.7898712158203 -0.5392871660218328 -0.8040650111348571 0.2502974439199133 -81.49864959716797 0.6836212707138423 -0.24443532725430778 0.6876869411423128 6.7479095458984375
-0.5633018663483655 0.6765860609721261 0.4742597489421495 241.31358337402344 -0.5862132454781042 -0.7317641768354841 0.3476711381842251 -81.4193344116211 0.582275740688616 -0.08217354561237383 0.80882783718602 6.7498779296875
-0.3342223694380809 0.8641194450561377 0.37628844314311305 242.39662170410156 -0.7840486473210021 -0.4764751545618181 0.3977928427201757 -81.15000915527344 0.5230326246051024 -0.16207717840943667 0.8367603371560663 6.601348876953125
0.491593682505718 0.841244149660919 -0.2250420671380021 243.34170532226562 -0.8424396784229901 0.5248579179674827 0.12173559120244404 -80.65312194824219 0.2205244647177195 0.12973991910016325 0.966714287601485 6.82844352722168
0.35387755466173404 0.935201036057829 -0.013026836261906816 243.83389282226562 -0.9186290085207461 0.3501566724701168 0.1830602344280321 -80.2005615234375 0.17575955453636702 -0.05281407843575821 0.9830153875235927 6.661231994628906
-0.10412505169553526 0.9628757308055927 0.24905481451880823 244.4305419921875 -0.9929772048610953 -0.11478749300227326 0.02863742440408655 -80.04403686523438 0.056162658730234905 -0.2443238802815822 0.9680659054467844 6.711772918701172
0.4408223535469727 0.7634239426011815 0.4720800106725298 245.5203857421875 -0.892292991791048 0.42979198379427336 0.1381740477324298 -79.88653564453125 -0.0974108280115129 -0.48214389400826296 0.8706597475803395 6.728116989135742
0.7811001166024611 0.35363333395013036 0.5146125464492071 246.29690551757812 -0.5735205160644068 0.7322063349343182 0.3673528286746541 -79.65792083740234 -0.24689436100656154 -0.582080190524784 0.7747424257789121 6.660041809082031
0.8463321148540628 0.14525612725114126 0.5124671783272071 247.1017608642578 -0.2585196888795729 0.953201655566538 0.15676152042774963 -79.39264678955078 -0.46571399144567055 -0.2651551646134979 0.8442767418628387 6.498044967651367
0.8621641990070733 0.20580227895285097 0.46294526234567324 248.00697326660156 -0.18436066334676277 0.9785732854917137 -0.09168135433278787 -79.33776092529297 -0.47189409803560045 -0.006304514237077723 0.8816326975217067 6.772346496582031
0.766647580343856 0.5138949570206189 0.38492007053632205 248.9951629638672 -0.2918634200421678 0.8129073533761194 -0.5039815263165132 -79.06397247314453 -0.5718979206066411 0.2740321294589547 0.7732005952079906 6.830909729003906
0.7912901740805652 0.29667200843132513 0.5346452841060817 249.59213256835938 0.04438824285411669 0.8442229644446639 -0.5341509807166771 -78.84748840332031 -0.6098274709291743 0.446400387228313 0.6548565873399605 6.851188659667969
0.6786500609287617 -0.4298009005158042 0.5955713901096927 250.6240234375 0.4462062292829707 0.8853663439599134 0.13048539355854835 -78.55545043945312 -0.5833816038841652 0.17719374396084084 0.7926337624342524 6.950935363769531
0.8182659957411266 -0.237752133733368 0.523368592025747 251.1487579345703 0.12695993296571612 0.9627230251543762 0.2388421073825691 -78.46868133544922 -0.5606442148413938 -0.12898953346235692 0.8179485097620999 6.928184509277344
0.7990856109701039 -0.15587925988180995 0.5806581116967495 252.15940856933594 0.07668931158443729 0.9843420998393168 0.15871162519686285 -78.38264465332031 -0.5963060756266372 -0.0822939051365503 0.7985278813843231 6.939964294433594
0.8350845968440231 -0.13740565707879648 0.5326850866286755 252.8304901123047 -0.02146490754966461 0.9594284300524301 0.2811340344942491 -78.23902130126953 -0.5497026231133882 -0.24620473799233333 0.7982545039850303 6.944622039794922
0.8480619012109639 -0.23476468684679394 0.47505426376801585 253.5016326904297 0.1837995948258375 0.9711685990374072 0.15181983133167226 -78.05661010742188 -0.496999718970044 -0.04143783359981802 0.8667607428179074 6.943576812744141
0.8010078920665427 -0.45718642496516876 0.38648018018351504 254.28005981445312 0.3887387768713391 0.888180789864817 0.24498377062916876 -77.83905029296875 -0.4552675259709278 -0.04599410117262946 0.8891659139067538 7.032958984375
0.9008414075067083 -0.17783060091254535 0.39605685942856167 254.58334350585938 0.22087381042033657 0.9731033512386598 -0.0654570674449319 -77.41603088378906 -0.37376398755328694 0.14644502445345203 0.9158899150122213 6.9736328125
0.8872981959035795 -0.456981635722446 0.062206881923875454 255.74520874023438 0.45461125855633655 0.8893482453608761 0.04887025749220984 -77.84379577636719 -0.077656391495337 -0.015082542423902737 0.9968660901916337 7.020459175109863
0.983870413356156 -0.16117681510597498 0.07759538642652197 256.45062255859375 0.1391470368327843 0.9621676463670189 0.2342467127308452 -77.46507263183594 -0.11241490943394783 -0.21967124198867202 0.9690755561771806 7.040591239929199
0.940233791327453 -0.3403019597110802 0.012449653119749993 257.09161376953125 0.3209131723917647 0.8977079776387221 0.30188594314616435 -77.2078857421875 -0.11390853098630183 -0.279848107194946 0.9532627567821733 7.190545082092285
0.9294256634360755 -0.3653933952855879 -0.05153254144791454 257.7869873046875 0.36892448906925035 0.9231019189256863 0.10852450709728313 -77.17420196533203 0.007915649777716218 -0.11987707853207731 0.9927571850816345 7.151253700256348
0.9737519948990717 -0.16859262133238637 -0.15291690705201064 258.6484069824219 0.21001515258525402 0.924519795879109 0.3180515409681954 -77.09262084960938 0.0877535646835566 -0.34181819006589714 0.9356600006548338 7.171669006347656
0.9782033346588187 -0.1632016516322711 -0.1283879159690092 259.8437194824219 0.1776418204920849 0.9778792636966336 0.11043337015769765 -77.62881469726562 0.1075249723302658 -0.13083335406779117 0.9855561951450292 7.5368804931640625
0.9991805564434808 0.012773897378014024 0.038406290774714816 260.75274658203125 -0.024907735660140887 0.9419977426988027 0.3346936770461085 -77.30804443359375 -0.031903296531558045 -0.3353760282073484 0.9415439975775339 7.545015335083008
0.9896951665967814 -0.05188738925625954 0.13345851809134943 261.3531188964844 -0.06393425934542883 0.6738422524189898 0.7361039528061607 -77.00704193115234 -0.1281245007674999 -0.7370510957125512 0.6635810384662955 7.3528594970703125
0.9485159707406083 0.11043736973009118 0.29685188329720985 262.02490234375 -0.3026588873212524 0.039789332950442124 0.9522680331234585 -76.91730499267578 0.09335443843472359 -0.9930862985412989 0.0711656692098051 7.233238220214844
0.9843772265463713 -0.14268509234043128 -0.10316220374089091 262.9728088378906 0.16301400827662957 0.959985356059526 0.2277159398392054 -76.91864776611328 0.0665425349867394 -0.24097526963377025 0.9682473911467413 7.223499298095703
0.9951921780028214 -0.027568672542162404 -0.09398136589911656 263.7255554199219 -0.0383231363520114 0.7734494582963694 -0.6326984057836703 -76.68458557128906 0.09013249171162278 0.6332581651706638 0.7686743329801891 7.228418350219727
0.9692239861945897 0.1450037363897037 -0.1989441655794279 264.571044921875 -0.23194425506311062 0.8087002565764195 -0.5405605956379467 -76.488525390625 0.082502891635919 0.570068251568405 0.8174444699338624 7.197361946105957
0.8958589695989472 0.4365417985115506 -0.08287318469453082 265.34698486328125 -0.42862615830362905 0.8981759601659526 0.09777300751149011 -76.39061737060547 0.11711670677996976 -0.052069210981829775 0.9917522242277779 7.135824203491211
0.9944623987649174 0.06414045093425269 -0.08324986484479704 266.40576171875 -0.02802551237376275 0.9253230525442095 0.3781425909448101 -76.32222747802734 0.10128725536272726 -0.37371546794883487 0.9219965514669071 7.174594879150391
0.9905683668162655 0.07254699191113682 -0.11623787948685974 267.187255859375 -0.0629019273530096 0.9944273282246974 0.08460281564561864 -76.30890655517578 0.12172780371892439 -0.07649328627098773 0.9896116000518747 7.134538650512695
0.9364063579993148 0.33131876560852325 -0.11563307595192385 267.98822021484375 -0.33417688363089193 0.9424931095924627 -0.005705157094716525 -76.05389404296875 0.10709315171944594 0.0439842463431456 0.9932756127724173 7.034370422363281
0.9313483341831978 -0.3545801618245106 0.08284436767026841 268.9301452636719 0.35404012020104925 0.8286085406332131 -0.4336628640749906 -75.91015625 0.08512269792604844 0.43322141594131874 0.8972587871219707 7.0554609298706055
0.9679823812289445 -0.24144539197501771 0.06866026743592119 269.85552978515625 0.23212238846807473 0.7568650079364457 -0.6109619927075988 -75.85755920410156 0.09554740395331712 0.6073380298115653 0.7886768737210365 7.054538726806641
0.906955350117267 0.4077418923172905 0.10572862499427879 270.5675048828125 -0.41664173588995146 0.8314310892043753 0.36760305741252247 -75.44512176513672 0.061981100411929335 -0.37745051749062614 0.9239531644178643 7.0164031982421875
0.6635791186398027 0.48581098135622425 0.5689028420555877 271.3289794921875 -0.7455664268569354 0.3668493718589224 0.5563741919881762 -75.27371978759766 0.06159104195420406 -0.7933531551335864 0.6056379403493304 6.897747039794922
0.9986521193886679 -0.0033851611049902502 -0.051792713047443616 272.3668518066406 0.05133789768119996 0.211300770549544 0.9760719259495395 -75.4105453491211 0.007639679456378952 -0.9774152265283481 0.21118974939220314 6.888420104980469
0.975436127345643 0.21459121588668334 0.049749085752497015 273.36297607421875 -0.2138394041466246 0.9766633645069849 -0.02003451182616974 -75.2181396484375 -0.05288733972465414 0.008904071774826208 0.9985607877353675 7.011055946350098
0.5549867778992552 0.6034337342373617 -0.5725883379369127 274.2171630859375 -0.831677084941578 0.3881002898196314 -0.3971037539799863 -74.8419189453125 -0.01740410124316083 0.6965959326799657 0.7172525383947042 6.822639465332031
0.9848017687927697 0.1736821020649463 -6.004110521935779e-05 275.3179931640625 -0.170831703367304 0.9685771216128747 -0.18076196672072545 -74.61619567871094 -0.031336963912577634 0.17802496148130684 0.9835268719167369 6.755729675292969
0.9983930051648183 -0.0554172634109673 -0.011846271734276628 276.06219482421875 0.051553807294496164 0.8014085658065363 0.5958913622509999 -74.80765533447266 -0.023528964945462662 -0.5955444883196804 0.8029776772990922 6.718730926513672
0.9585837794947079 0.23297886739619797 0.16382302962778422 276.81524658203125 -0.27409221036668074 0.9109379534896151 0.3083269451547474 -74.79202270507812 -0.07739895287371967 -0.34045982470614095 0.9370680390745996 6.655555725097656
0.9635073810372741 0.24817575420486662 0.10031112456522054 277.51007080078125 -0.26461142005919314 0.9396455476126728 0.21690329925092852 -74.57721710205078 -0.040426761692606616 -0.23553139891854383 0.9710255594280325 6.614668846130371
0.9947017155652739 -0.08345769365438309 0.0600275805059 278.4112854003906 0.07421990245585337 0.9870225378938071 0.14240054694105628 -74.42721557617188 -0.07113299607738151 -0.1371908271698932 0.9879872336267792 6.581911563873291
0.9708779237642414 -0.23783462639801264 0.028822693027427678 279.2984924316406 0.22969912330758138 0.9582817477237547 0.17010116028773675 -74.25496673583984 -0.06807620655533102 -0.15852691401028263 0.9850049987870173 6.437713623046875
0.9824968295274233 0.16632368593074107 0.08388332055285577 280.00701904296875 -0.1729182173863952 0.9817919846597529 0.07863707111645594 -73.9841079711914 -0.06927676424655174 -0.09176562731369188 0.9933679074639225 6.314362049102783
0.9851385112646752 -0.1525306993905708 0.07897150984147923 280.46649169921875 0.1607531168907942 0.9807214734457287 -0.11110277643845647 -73.80143737792969 -0.060502471297577375 0.12214654013054284 0.9906662776641908 6.239405155181885
0.9954876464292649 -0.09320758052119309 0.01779586300543439 281.0824890136719 0.09414207901788672 0.9936240939884922 -0.06203570587764689 -73.94667053222656 -0.011900200204738252 0.06343111837996591 0.997915266170507 6.259936332702637
0.9965642567882438 0.03255075735082147 -0.07615858643635447 281.5999450683594 -0.04950949184072166 0.9712835580482312 -0.23271669489497787 -73.85111236572266 0.06639647814281453 0.23568771300400165 0.9695580486124461 6.1249589920043945
0.9927746278921638 0.06928648914106006 -0.0979689779271042 281.87860107421875 -0.10890477633001028 0.8630686027711383 -0.49320618062143695 -73.97482299804688 0.0503814242165314 0.5003118720689934 0.8643782405641254 6.085334777832031
0.9287438464859448 0.32909137288810963 -0.17068607413937065 282.5166015625 -0.37032506949625266 0.8448689061474016 -0.38607754962946045 -73.71810913085938 0.01715256590388793 0.4217764807524384 0.906537583207117 6.0214080810546875
0.9988918976542316 0.04614658969660871 -0.009244947814938132 283.3876037597656 -0.04679268145402852 0.9527489834752747 -0.30013300293232087 -73.77782440185547 -0.005041999907764605 0.3002330207458926 0.9538525627636204 6.227151870727539
0.9706949459017894 -0.14808141118948848 0.18927022391504783 283.87530517578125 0.23339445802437891 0.7685638409197344 -0.5956816678346012 -73.59000396728516 -0.05725686827123143 0.6223998056642012 0.7806024166917087 6.039478302001953
0.9528992825018993 -0.1576254094997941 0.25910844773451125 284.27069091796875 0.3025599948196984 0.4349418599082724 -0.8481055524132813 -73.32554626464844 0.02098587482259885 0.8865550229847864 0.4621469293183449 5.796703338623047
0.8296036585372847 0.1688940785065684 -0.5321959789278474 284.739013671875 -0.5583519965221844 0.2524871316759309 -0.7902488825159779 -73.21139526367188 0.0009042794055748038 0.952746051465698 0.3037665941068544 5.724296569824219
0.9995677061028874 0.014207339155017545 -0.025740093829388692 285.54205322265625 -0.02791778473200498 0.7331961402986961 -0.679443902869657 -73.08790588378906 0.00921944748175606 0.6798687898155266 0.7332758215180029 5.652946472167969
0.9228387021769264 -0.3782192934149847 0.07293076067802817 286.1634521484375 0.38475437463444595 0.9140966677575428 -0.12802872019282519 -73.02702331542969 -0.018242833224653268 0.1462102872004088 0.9890853102501884 5.614085674285889
-0.004903090400089738 -0.9251171626257457 -0.3796500956404705 286.9599914550781 0.9976358852536558 -0.03054956699523692 0.06155781356219722 -72.889892578125 -0.0685463358516212 -0.3784507357261885 0.9230798667881472 5.584676742553711
0.9231664416418448 -0.37143520063046476 -0.09899299348408655 287.045654296875 0.38024393427263525 0.8446151273842999 0.3768817281886592 -72.99575805664062 -0.05637616052199601 -0.385566049239568 0.9209563237193114 5.5861053466796875
0.9048986755907944 0.4134102035333445 0.10124421232122262 287.5190734863281 -0.4163064284268358 0.9091857489055641 0.008380431821821844 -73.00872039794922 -0.08858523897646804 -0.049732058086781966 0.9948263053588475 5.511589050292969
0.9290277159579357 0.09315973876912272 0.3580904439585761 288.56622314453125 -0.06663661988862178 0.9940868797220389 -0.08573701915928696 -73.06082153320312 -0.363960250400783 0.05579013028277867 0.9297421134331981 5.377536773681641
0.8377668190830077 -0.3468265309217795 0.4217322779824928 289.273681640625 0.3379495262134554 0.9360037833114606 0.09842273801684677 -72.87760162353516 -0.42887862452638004 0.06006891937929078 0.901362773997775 5.293251037597656
-0.042091976895457406 -0.9487567855380358 0.3131913590387928 289.0592346191406 0.9406363704854485 0.06803775388682354 0.33252681480746543 -72.59011840820312 -0.3367959085276938 0.3085958942396509 0.8895712956573159 5.366523742675781
0.48178934369216475 -0.7640621083283781 0.42905491830471637 289.81805419921875 0.7418423651051709 0.6162496379741476 0.2643979747121719 -72.23811340332031 -0.46642141207264426 0.19090698864506173 0.863716150159666 5.18255615234375
0.7409713691919059 0.33938980019705217 0.5794618137203496 290.0928039550781 -0.348101344665719 0.9320261347239529 -0.10076079611359794 -72.39635467529297 -0.5742707409225987 -0.12705057148133092 0.8087467269834707 5.094673156738281
0.34357232665047266 0.7070856235840176 0.6180517593865275 291.1287841796875 -0.6670272924021937 0.647002102507582 -0.3694088122140118 -72.39917755126953 -0.6610844481233692 -0.285338746530452 0.6939374267020414 5.048530578613281
0.6762246855657571 0.5097382643525981 0.5318712969189952 291.53070068359375 -0.3793120901612864 0.8598277306089233 -0.34178737825347666 -72.27754211425781 -0.6315397951744366 0.029379849058663476 0.7747866232585079 5.024261474609375
0.4593619164836278 -0.6813155584648649 0.5699085360636368 292.43280029296875 0.6054285368054855 0.7096403481097178 0.3603704526682056 -72.32723236083984 -0.6499560881367735 0.17949842932022447 0.7384696319859841 4.9925537109375
0.3282350513658048 -0.505172235419789 0.7981621161241997 293.0478210449219 0.1335832358587113 0.8613097831399155 0.4902050352301447 -72.39570617675781 -0.9351028126106792 -0.05428139670683563 0.3501946027841545 5.143951416015625
0.36557284591508726 -0.3129369237326425 0.8765996669485416 293.36474609375 0.16695872100648668 0.9485593268671308 0.2689981206128656 -72.07853698730469 -0.9156862343671122 0.04801755073018556 0.39901508118422296 4.928375244140625
0.8100693672693884 0.08785610711094599 0.5797145199622681 293.34130859375 -0.005468140529602719 0.9897993021326204 -0.14236376272396867 -72.28270721435547 -0.5863085532813942 0.11215456272968977 0.8022865039423204 5.639259338378906
0.6983640950285752 -0.18420040811174174 0.6916341521544372 293.7519226074219 0.09853959686123878 0.9818589931059367 0.16199649844185168 -72.35762786865234 -0.7089270333576961 -0.04497918750337881 0.7038461011231022 5.66357421875
0.05138315808875438 -0.847272653637423 0.5286670232414971 294.8225402832031 0.24815182414325443 0.5235958231373351 0.8150264328029564 -72.15789031982422 -0.9673574537052999 0.08931105413853391 0.23715626150169944 4.803375244140625
-0.08801195275167001 -0.9955547128677554 -0.03353669422646077 295.00848388671875 0.2980813303352704 -0.05844659887414133 0.9527494505826812 -72.00613403320312 -0.9504743114247715 0.07385667719879191 0.30190027253177537 4.769805908203125
-0.2315671747263911 -0.8671406258475767 -0.440957796839913 295.758544921875 0.30188470563235564 -0.4949547007121041 0.8147916719924532 -72.225830078125 -0.9247930947484972 0.05556059077857556 0.37639175423730076 4.7784576416015625
0.21354709345642997 -0.8011237168527322 0.5591050251718134 296.5032958984375 0.3816143677319527 0.5952418558564062 0.7071475145803479 -72.62113952636719 -0.8993153580456928 0.062353214293127346 0.432832488903574 4.7099761962890625
0.00671474084178153 -0.8729942110585204 0.4876843443393888 296.4575500488281 0.44626928373274255 0.43905160692024403 0.7797931859521579 -72.39553833007812 -0.8948735322111683 0.2124024338821553 0.3925386190285537 4.5828857421875
0.28095185819047486 0.23355038689435417 0.9308707053940505 296.9430236816406 0.04770285999784249 0.9653407736654489 -0.256596235060102 -72.83367919921875 -0.9585355969015162 0.11649638398032078 0.2600732627398751 4.6723785400390625
0.6824767196351025 -0.009469533445103808 0.7308459858906265 296.7384033203125 0.03540240595660519 0.9991707209569023 -0.020113180627339588 -72.6019058227539 -0.7300494481941574 0.03960048382023032 0.6822460002613502 4.584648132324219
0.3063907891641478 -0.49178140906673584 0.8150311221123441 297.2119445800781 0.1822425941133495 0.8706766228406042 0.4568477375775406 -72.83130645751953 -0.9342977690255969 0.008559447132629544 0.356390817303948 4.628448486328125
0.3518063766329432 -0.7143462526100229 0.6049311570273243 297.30340576171875 0.33096315706850066 0.6994259653797572 0.6334561607687196 -72.88504028320312 -0.8756115931299967 -0.022643991136994113 0.4824848056071166 4.4647674560546875
0.46191392871671944 -0.851672212772529 -0.24756810062814943 297.5943908691406 0.5711368612535034 0.07207404489420555 0.8176845466132305 -73.0322036743164 -0.6785559727649457 -0.5190951493163196 0.5197133996553158 4.497871398925781
0.014716333085281655 -0.20913637159480158 -0.9777757450543989 298.31109619140625 0.22124942819087545 -0.9529606398533819 0.20715865759230156 -73.13827514648438 -0.9751062096334606 -0.219380940298821 0.032247216436018813 4.621124267578125
0.002118005900330667 -0.0784072791264692 -0.996919160529574 298.575927734375 0.20626445277021138 -0.9754495297401081 0.07715692096764526 -73.17623138427734 -0.9784939905663252 -0.2057924039166319 0.014106626662758016 4.5814666748046875
0.08967020101094997 -0.8332851596772577 -0.5455227746962563 299.2184143066406 0.22677958659417835 -0.5162590597890367 0.8258617331550802 -73.61161804199219 -0.9698094009416638 -0.1977686169425938 0.14267901036166547 4.559356689453125
0.04131646354400975 -0.9973264570270473 -0.06027344319096101 299.64068603515625 0.0987486372585979 -0.05595361043945024 0.9935380718011566 -73.88871002197266 -0.9942543218310829 -0.0470013999011491 0.0961728232274891 4.5830230712890625
0.12244641120604494 -0.9304548602343985 0.345341323112289 299.3526611328125 0.09312952447897832 0.3571962045010848 0.929374931424524 -73.52108001708984 -0.9880960317970513 -0.08163715181340836 0.13039021202036205 4.727203369140625
-0.0716513849950215 -0.687096982871253 0.7230240764715351 299.72625732421875 -0.01790953955160096 0.7256566266355318 0.6878238936043077 -73.89757537841797 -0.9972689343508826 0.036334506315090165 -0.0642998929197694 4.7819366455078125
0.14084231649307544 -0.1744172259072095 0.9745471118379542 299.93804931640625 -0.04375380345556398 0.982300820066413 0.1821282613435503 -74.0575180053711 -0.989064733254622 -0.06829150901602726 0.13071810596959255 4.6970672607421875
0.20772855836300957 -0.6278888826138703 0.7500695948579243 299.77667236328125 -0.0002812094798392284 0.7667577306540683 0.6419365259926026 -74.09233856201172 -0.9781864684004036 -0.13355947578561522 0.15910090969638574 4.7840576171875
0.2243875392842249 -0.9647075649739792 -0.1378025627335951 299.57562255859375 0.6987914101807852 0.06072538000035904 0.7127432870826369 -73.84626770019531 -0.6792207279460194 -0.2562259594689577 0.6877553783306183 5.00146484375
-0.4356580002420692 -0.877756257289502 -0.1993641382350566 299.75238037109375 0.8523338719041248 -0.4734889479230134 0.222115256116461 -73.55343627929688 -0.2893597719621791 -0.07315851955776255 0.9544206375524955 4.899009704589844
0.8273357467610435 -0.49646715032543437 -0.26274689489904424 299.5621032714844 0.5434122893503952 0.8258371522564196 0.15065218795613206 -73.37523651123047 0.14219228500277087 -0.26741983210066883 0.9530309478106895 4.801645278930664
0.9180157425952868 0.3963668661805323 0.01184920847345991 299.40704345703125 -0.3642709171666425 0.8311180602809033 0.42017790134832333 -73.159423828125 0.15669650683342176 -0.39004625016673633 0.9073643851711785 4.855790138244629
0.3793732478284918 0.9128423033221478 0.15097969432204514 299.0247802734375 -0.7586048675446881 0.2134567294102051 0.615593112052925 -72.7134017944336 0.5297118025583046 -0.34807348927347925 0.7734663873080829 4.779167175292969
0.706051902494027 0.26936182723152996 -0.6549312307525549 299.5562744140625 -0.31657545511254487 0.9473349725418554 0.04833664261620976 -73.41419219970703 0.6334593058791148 0.17320697396356047 0.7541410027080722 4.666923522949219
0.41990098056886915 0.6893882457747 -0.5902770646950329 299.70892333984375 -0.7022700283765304 0.6587904554298243 0.26983688235412123 -73.40625 0.5748912712516424 0.30122911947925374 0.7607634611470402 4.5834808349609375
0.6302469658300535 -0.1087244737517365 -0.7687442688367957 299.7634582519531 -0.21174700357779302 0.9285392503569603 -0.30492305098558947 -73.39258575439453 0.7469618253551099 0.3549561231391033 0.5621869636590839 4.57794189453125
-0.031174021604225388 -0.5876822742124517 -0.8084910172373592 299.64093017578125 -0.0485863260844584 0.8088189128102823 -0.586047212430882 -73.33366394042969 0.9983323841760487 0.0210121597384334 -0.05376746087079609 4.65582275390625
-0.26113740094603594 -0.7496713398939102 -0.6081119469051883 299.647216796875 -0.30883111022798093 0.6617435030397151 -0.6831682673690862 -73.56443786621094 0.9145658003569246 0.00940310195605848 -0.4043278106822508 4.52874755859375
-0.4033171166736037 0.08648333769243736 -0.9109642889266663 299.47393798828125 -0.05114716767454232 0.9918368705570583 0.11680577657998613 -73.38198852539062 0.9136297229386547 0.09370301225231355 -0.3956014090696339 4.544097900390625
-0.38498680570237737 0.009266301409218948 -0.9228755577504877 300.11456298828125 -0.017834513530579094 0.9996881867100316 0.017477399106765597 -73.70022583007812 0.9227497437345664 0.023187604675841068 -0.3847015017220357 4.497283935546875
-0.6314599062357573 0.5564762706359867 -0.5399930990631199 299.575439453125 0.233286078187652 0.8004728384159276 0.5521058238075132 -73.88739013671875 0.739483598560883 0.2226598194048764 -0.635284670271552 5.0126953125
-0.3465724482198596 0.9377165455186959 -0.023983711042629308 298.8799133300781 0.8457223620286666 0.32342788730946354 0.4244385563013686 -73.19471740722656 0.40576005779222013 0.12681514882308262 -0.9051390465168507 4.6167144775390625
0.0914734146998435 0.9150399997581752 0.3928541882756365 299.060546875 0.8673256464006925 -0.26704041814461 0.42004242425351845 -73.16844940185547 0.48926356649435016 0.3023097979221161 -0.8180647581833103 4.267333984375
-0.006367343015789449 0.8952955716773985 0.44542709423401683 298.6102294921875 0.9220608233563492 -0.1671274283990316 0.34910207777688496 -73.35810852050781 0.38699262909560816 0.4129337259313739 -0.8244528143041919 4.5248260498046875
-0.479709175371988 0.8674707832520492 0.13180875262289612 298.8122253417969 0.8260399618850494 0.39583519132702016 0.40121376182285645 -73.31619262695312 0.2958666734069144 0.3013452198246686 -0.9064513059486144 4.5352935791015625
-0.7497912666285388 0.6286661952775427 -0.20637798187507783 298.46343994140625 0.5649469163362826 0.7706159000133598 0.294934088176875 -73.21427154541016 0.3444532453174113 0.10454639908604176 -0.9329641001820194 4.29595947265625
-0.7623497712144212 0.3691475859163864 -0.5315570394053906 298.76318359375 0.2867775269733559 0.9290110691652229 0.23387407592876863 -73.69542694091797 0.580156424037833 0.025855235071324312 -0.8140946078110582 4.562774658203125
-0.7283828456852605 0.6360415047139777 -0.2547736925049775 298.8260498046875 0.39399041531945234 0.6930220847049585 0.6037316810865556 -73.51992797851562 0.5605622023895718 0.33936940697766504 -0.7553796547827988 4.182830810546875
-0.6810060313953491 0.6069387307996746 0.4097025289871141 300.21405029296875 0.6648671105427361 0.27800439188397763 0.6933002837239958 -74.15623474121094 0.30689169184210596 0.744539411413862 -0.5928562678506402 4.435394287109375
-0.9183350616889879 0.3167449463272726 0.23734648396135063 299.9127197265625 0.31105122846794236 0.20671960805344802 0.9276390121781277 -73.87812805175781 0.24476079698609085 0.9257103448824378 -0.28836176868019725 4.4328765869140625
-0.9410051657331606 0.27585704924424265 -0.19599022028092733 299.3346862792969 -0.11548551140989034 0.28261230075937416 0.9522569947833879 -74.2900390625 0.3180760517830649 0.9187127820171834 -0.2340821425063101 4.2528839111328125
-0.896137894939292 0.07209781278210467 -0.43787986782428223 300.8367004394531 -0.3322577866955774 0.5450898318567559 0.7697284185909533 -74.50567626953125 0.2941795989424325 0.8352718004328951 -0.4645205947723517 4.427947998046875
-0.96533640788649 0.15271183982333691 -0.2116712393939711 301.025634765625 -0.1227552395479319 0.45005244882281314 0.8845246997524259 -74.80984497070312 0.23034055390299424 0.8798476500430974 -0.4157058358278136 4.439422607421875
-0.8365860788320423 0.12886813740400274 0.5324628962345176 299.9051513671875 0.527469826745759 -0.07306963757772718 0.8464256671067214 -75.07986450195312 0.14798417002242684 0.9889660414929737 -0.006845012526708726 4.372772216796875
0.9704094669833855 -0.22344492929887738 -0.09153048650390472 301.9530029296875 0.24109179244390955 0.9176740722267546 0.31583072171488985 -75.14991760253906 0.013424380998937259 -0.32855237137081367 0.9443903458112066 5.327362060546875
0.976830755310115 -0.2135602057655948 0.013918117459887261 303.26715087890625 0.15519665156053275 0.7516519448860202 0.6410408357456348 -75.17256164550781 -0.147362392843863 -0.6240283585402351 0.7673805658947266 5.203193664550781
-0.19582136088599794 0.752600528845645 0.6286862799536913 302.91619873046875 0.43742119769667687 -0.5067501901027011 0.7428774735018426 -75.38851928710938 0.8776768713064965 0.42047198338549463 -0.22997091285966526 4.454395294189453
-0.12930527499662325 0.9674325922285165 -0.2176104899862606 302.8643798828125 0.05699097366810929 0.22634054831843528 0.9723795478655806 -74.98804473876953 0.9899657442449252 0.1133319711331397 -0.08440195223256786 4.521270751953125
0.11075205050520487 0.5122616081885876 -0.8516583987050999 302.980224609375 0.0308906145869772 0.8547418302333867 0.5181333550155978 -74.99041748046875 0.9933678841392708 -0.08369258285728015 0.07884033444466054 4.4898223876953125
0.13862232766570248 -0.1139079196668875 -0.9837727563363932 303.6746826171875 0.3016500497324555 0.9510184563690717 -0.06761022956472688 -74.68609619140625 0.9432873887469022 -0.2873828134780329 0.1661927217073612 4.521392822265625
0.27362547224324096 0.9369787329633134 -0.21725550606170452 303.6015625 -0.3556396498484732 0.30842666947753794 0.8822660760851281 -74.95121002197266 0.8936719422670261 -0.1641457996095469 0.4176201815947401 4.412811279296875
-0.21381759702054898 0.9249323490781541 -0.3142963328343583 303.94122314453125 -0.7433747552784226 0.054679439020753784 0.6666364317700624 -74.60740661621094 0.6337791479838253 0.37617855943307466 0.67587993238722 4.606788635253906
-0.4313611475554804 0.5189928918936111 -0.7379525313619606 303.90625 -0.5456163408779742 0.5013515251351977 0.671527703681346 -74.39010620117188 0.7184917319959565 0.6923099207786335 0.066907433405661 4.624931335449219
0.8773664773830624 0.1479048289515116 -0.4564561599291441 304.56243896484375 -0.24569937478817236 0.9556077662760214 -0.16262107569947404 -73.79987335205078 0.4121406090075783 0.25482927344749257 0.8747583436590277 4.602237701416016
-0.6831480740805367 -0.1859059998922672 0.7062206936107932 305.42254638671875 0.5898906742192118 -0.7105659663273602 0.3835687682365032 -73.39981079101562 0.4305086542094795 0.6786272663998412 0.5950859870215578 4.694282531738281
0.22304411801508484 0.1514614685496546 0.9629697528809795 306.3174743652344 0.6422485430276252 0.7203090910236818 -0.2620527091398407 -73.03849792480469 -0.7333267555447336 0.6769152361510408 0.06338479840478439 4.909088134765625
-0.9061638370947114 0.01310955033190768 0.42272359767569667 305.852294921875 -0.18197636539489304 0.8901764670207337 -0.4176966123876862 -73.69465637207031 -0.38177441346880936 -0.45542726889436447 -0.80426009472556 4.687080383300781
-0.7991374837108134 0.5749121324875286 0.17565683034539717 305.85809326171875 0.22564179301848647 0.5577032274654008 -0.7987821300693186 -73.52058410644531 -0.5571939190010528 -0.5987012193016795 -0.5754057582566674 4.6192169189453125
0.623215499687165 -0.7734584582268051 0.11560473323826681 306.825439453125 -0.27804969029367244 -0.0809793102449457 0.9571471783586084 -72.35334777832031 -0.7309519893107003 -0.6286528173083029 -0.26552744606361034 4.725847244262695
0.1750267304920064 -0.3327258433675389 -0.9266386333240365 307.1264953613281 0.01641426264762358 -0.9400498705318694 0.34064176622186254 -72.0332260131836 -0.9844268462384663 -0.0748315045176507 -0.15907240595594024 4.613456726074219
0.718194125191921 -0.6306903792036976 -0.29398442836263916 307.21453857421875 -0.35895673152040153 -0.6977311292142803 0.6199365582231426 -71.73336791992188 -0.5961101101608679 -0.33970710458461373 -0.727496955085543 4.875391006469727
0.19312987424864148 0.6140606719151438 -0.7652648841282514 307.6096496582031 -0.23858907869078225 -0.7271468164718522 -0.6436868484164753 -70.81310272216797 -0.951722702893121 0.3068990037487459 0.00607439674696808 4.73651123046875
-0.017977065656528738 0.2722945409195776 -0.9620460010289411 307.89013671875 0.2037699028624597 -0.9410089750527074 -0.2701479882539876 -70.43893432617188 -0.9788537438237668 -0.20089248830070622 -0.038568852025255014 4.625877380371094
0.18043758618419803 0.7884906922799213 -0.5879835930363622 308.7274169921875 0.11625536851507873 -0.6107018864579835 -0.7832802149729581 -70.42626190185547 -0.976691848426843 0.07297694200629795 -0.20185985027232656 4.850799560546875
0.3943318587264764 -0.8244116411144308 -0.40601457016754094 308.7571105957031 -0.8607188750914049 -0.48612958413682256 0.15113254278396263 -71.46255493164062 -0.321971121771361 0.2898680275952674 -0.9012830428468743 5.0179443359375
0.01579204228131815 -0.478995886441633 -0.8776750834862407 309.7057189941406 -0.46111982176013316 -0.782354169703554 0.41867703916905424 -71.51412963867188 -0.8871973407199146 0.39810161255571047 -0.23322946790672694 4.997650146484375
0.5917134291255277 -0.42450734791601963 -0.6853238135055691 309.7743835449219 0.11165764423841337 -0.7987697941653713 0.5911847312068692 -71.28140258789062 -0.7983782238235438 -0.4263335871055876 -0.4252433235572845 5.025875091552734
0.058039216118526915 -0.6977895384018388 -0.7139476237717273 310.73193359375 0.5144157463949118 -0.591996214452838 0.6204167324746129 -71.14911651611328 -0.8555745959606988 -0.403274400589051 0.3245949299915648 5.168037414550781
0.323672433093247 -0.5529204223168922 0.767798907683781 310.9440002441406 0.48138905716010544 0.7948368605246989 0.36945763058535547 -70.78779602050781 -0.8145555424291226 0.2500267420420261 0.523436621341923 5.1314544677734375
0.10775922899528012 -0.49926500640233773 0.8597222818727084 311.1531066894531 0.6104901010195275 0.7157447309309926 0.339133184312135 -70.2026596069336 -0.7846590247512037 0.4883072122410185 0.3819244445566361 5.1688995361328125
0.8049764116314081 -0.556539825662718 0.2056122544216011 311.1861267089844 0.49983339882037053 0.8228422160680231 0.2703650511437103 -70.36027526855469 -0.3196553615078248 -0.1148656167335384 0.9405457670691659 4.7703857421875
0.9621491603403785 -0.2635063777200175 -0.06952252985313953 311.568603515625 0.2725212902434484 0.9293080095980446 0.24923637306975768 -70.44638061523438 -0.0010675300236450413 -0.25874893661191484 0.9659440191759834 5.515674591064453
0.5071273320866416 -0.7467976092871128 -0.43025015957433194 312.66839599609375 0.4155287409309324 -0.22550093958918993 0.8811839715432565 -69.37921905517578 -0.7550878985330378 -0.6256537836594976 0.1959581804404075 5.378948211669922
0.5815625842928505 -0.23076385321133364 -0.7800852547008431 313.22503662109375 0.42811930449202606 -0.7285719576291183 0.5346931490843491 -69.1164321899414 -0.6917360925034092 -0.6449270862721864 -0.324915730183355 5.584865570068359
0.6469374635308012 -0.2569088780762503 -0.7179622181187084 313.45294189453125 0.4840834548150602 -0.5891146673357157 0.6469985452102999 -69.21769714355469 -0.5891817436535598 -0.766121228720058 -0.2567550113431472 5.631346702575684
-0.3177561142285237 -0.7511238819955046 -0.5786570363923634 314.5228271484375 0.8021415652110389 -0.5383590804534903 0.2583377824749166 -69.26927185058594 -0.5055689480488043 -0.3820764509745083 0.7735745758358078 5.647228240966797
-0.11864343880498962 -0.988715859343179 -0.09145864591062887 314.82366943359375 0.9595254533431555 -0.13785682545383338 0.24557361434487038 -69.53721618652344 -0.2554107257245445 -0.05862120059390155 0.9650538409984135 6.009443283081055
-0.5343888435546942 -0.36797525098232176 0.7609354628013953 315.42230224609375 0.8336868728673781 -0.08113618520628513 0.546244558287571 -68.86248779296875 -0.1392650777937121 0.9262889042381262 0.35013440846686666 5.7753448486328125
0.9598166733200669 0.07732635765596418 0.26976394871899023 315.6979064941406 0.21305979577394935 0.42483587118059896 -0.8798408981077117 -68.69000244140625 -0.1826402941345723 0.901961815693926 0.3912894146134719 5.954742431640625
-0.558297046694153 0.8271296692399682 -0.06450517743226081 315.6842041015625 -0.8115602934954645 -0.5606202806839291 -0.16454419135122333 -68.88606262207031 -0.17226229324533612 -0.039514695353163 0.98425824414988 5.838466644287109
0.8266052415155807 0.4623040125325346 0.3209342217578029 316.8580322265625 -0.4830779745403919 0.8754160355020115 -0.01680581149166377 -68.78453826904297 -0.2887203581546008 -0.14114448194052434 0.9469523694488652 5.8910675048828125
-0.054624966032721656 0.9374211087470717 0.3438862863816101 317.8094482421875 -0.9037684601914043 0.1000066968748064 -0.41617451981524367 -68.57583618164062 -0.4245217113990545 -0.33352709853263995 0.8417487695834289 5.9722137451171875
0.8511125494244276 -0.12100281869188058 0.5108480655545944 318.76214599609375 -0.23887489421811214 0.7772467356853373 0.5820878771961955 -68.24213409423828 -0.46748926525059054 -0.6174510747703881 0.6326199152258453 6.021781921386719
0.8048426143568286 -0.5383015024008369 0.24991970436175415 319.63189697265625 0.27761484885189136 0.7136642818140236 0.6431277389133631 -68.19961547851562 -0.524555394417221 -0.4482351898009294 0.7238279165740418 6.132724761962891
0.558176876445086 0.5769330411828528 0.5963110267247388 320.63397216796875 -0.6569376005406264 0.7462966329116696 -0.10711827435423496 -68.25111389160156 -0.506824983202221 -0.3319481912832326 0.7955745312073904 6.0716705322265625
-0.8304473339032218 -0.5206903266315108 -0.19808788293432195 321.1461181640625 -0.22587587767467499 -0.010331753074233242 0.9741013000520574 -67.95411682128906 -0.5092517191897601 0.8536831019944014 -0.10903140772956234 6.135894775390625
0.6799858108077889 0.548668106790407 -0.4863975798573677 322.1011962890625 -0.5590466322293531 -0.04127462364334117 -0.8281082468108373 -67.574462890625 -0.4744324610448701 0.8350207865880531 0.27866489888892854 6.0623321533203125
-0.6948631798536361 -0.4459256972804137 -0.5641944999631512 323.06109619140625 0.5792926164637738 -0.8119596614818517 -0.07170476021040523 -67.63751220703125 -0.4261281800048531 -0.3766587057685691 0.8225223362161651 6.12249755859375
0.631515759295557 0.26743463423218305 -0.7277819468593973 323.6764831542969 0.6709471861356967 -0.6589272508481473 0.3400658046706452 -67.61895751953125 -0.3886099833740082 -0.7030601642127089 -0.5955574584532143 6.247282028198242
0.9802481535623007 -0.19593085093423862 0.02691949274940791 324.38922119140625 0.18028834058058602 0.9412307893421981 0.28562338042422486 -67.84530639648438 -0.08129988738244891 -0.2751285205980071 0.9579637913121524 6.541745185852051
0.9670708643360526 0.11148009969914305 0.22879276807493082 325.3110656738281 0.049857860912556534 0.7985623184873708 -0.5998436606294169 -67.775390625 -0.24957591441792643 0.5914984453598706 0.766708192260466 6.360115051269531
0.9790761040115317 0.07001901454709669 -0.19106888850740156 326.19464111328125 -0.16850608083075416 -0.2474424040071515 -0.9541372843685655 -67.48663330078125 -0.1140862974973758 0.9663692846427886 -0.23046631515760657 6.3784332275390625
0.9500650851161321 -0.20810028874763487 0.23253086648105004 326.9200744628906 0.29783639931241646 0.8270619183754762 -0.47672010909724816 -67.31175231933594 -0.09311183215838763 0.5221712870277609 0.8477424925741779 6.3836822509765625
0.05385537740917179 -0.8924935587565963 0.4478335024337746 328.258056640625 0.9952449752499171 0.08442832125707367 0.04857260348698786 -67.49923706054688 -0.08116056655733406 0.44308814715324796 0.8927966489007416 6.438774108886719
0.4578259709858179 -0.8880353407466778 0.0422920072333424 329.2009582519531 0.8880019116143706 0.459072931975144 0.02654520855010801 -66.91061401367188 -0.04298819907971128 0.025402297389742597 0.9987525909989954 6.3549418449401855
0.7277342517812377 -0.6848389479279489 -0.037396178753213175 329.9256591796875 0.6854257572850344 0.7281306356127593 0.004160376472920554 -67.01771545410156 0.02438011555836637 -0.028659952601136757 0.999291857808449 6.2965192794799805
0.7774442752582287 -0.6273730795574708 -0.044535580323858216 330.750732421875 0.6222005381359599 0.7568213591151408 0.20021968117653408 -67.33779907226562 -0.09190695953805325 -0.183369706968426 0.978738300749891 6.470829010009766
-0.2251946542345546 -0.42718904231968224 -0.875669395277791 331.6523742675781 0.9722646090821483 -0.1567889900952481 -0.17354752234258408 -67.25656127929688 -0.06315772027643934 -0.8904643365721644 0.4506488296474075 6.448860168457031
0.9922212276516494 -0.1157390626506925 0.04584217244189726 332.66558837890625 0.12029335527179369 0.986195708375535 -0.11378722889292324 -67.17259979248047 -0.03203972651112357 0.11841661267919952 0.9924469566514257 6.640053749084473
0.11422712185361433 0.13748367935307942 -0.983895524201924 333.11260986328125 -0.9925222419876281 -0.02710585650876035 -0.11901626654696723 -67.25222778320312 -0.04303212512637278 0.990133077143909 0.1333593856938538 6.509941101074219
0.16999318822173937 0.4365228311963295 -0.8834874836705662 333.889892578125 -0.984994394628279 0.10238370318986989 -0.13893746748807068 -67.04937744140625 0.029805343632951675 0.8938486422015023 0.44737707398284526 6.6264801025390625
0.5926807944347828 0.5506913400470133 -0.5877657049415008 334.8717956542969 -0.7999863088500143 0.4872411005084515 -0.3501685531681029 -66.81871032714844 0.09354881913035623 0.6777426930425277 0.7293239749705052 6.66156005859375
0.9411506798435467 -0.33662718911670864 0.030290813416174907 336.0055847167969 0.3323059651295427 0.9052439041249354 -0.2647757911591771 -66.5489730834961 0.06171015612808831 0.25925973384239337 0.9638341387596823 6.628935813903809
0.8136845699753139 0.5643981443970001 -0.1391838898195885 336.84381103515625 -0.5778959271074018 0.8112804724753251 -0.0886582901532037 -66.39627838134766 0.06287859744591037 0.15257368574376173 0.986289791289456 6.643180847167969
0.6142953265871571 -0.787865804669763 0.04368896388385392 338.0030212402344 0.7866932952227336 0.6072011323455894 -0.1114470463037538 -66.3215103149414 0.06127732847289366 0.1028312146689945 0.9928095639672919 6.68568229675293
0.7321521494619856 0.002675736349820601 -0.6811358678510335 338.981689453125 0.662931529494132 0.2268796407583592 0.7134755887988942 -66.0045166015625 0.1564449335733346 -0.9739191285955646 0.16433658665948625 6.7278289794921875
0.8685238276181693 -0.06378698589752199 -0.4915257686933554 339.94964599609375 0.4846552337380523 0.31698856139973497 0.8152469296796157 -66.12784576416016 0.10380590190253391 -0.9462819201336543 0.30622681521768425 6.673454284667969
0.873452908715206 -0.4454074796054298 -0.1967033130592481 340.7190246582031 0.47475829275765824 0.8687523624497102 0.14097480695457915 -66.23854064941406 0.10809523446840559 -0.21652138427782563 0.9702751725338716 6.764411926269531
0.8323544884957392 -0.260014275982688 0.48946765139914494 341.6361083984375 0.5528668119861984 0.3273058562119186 -0.7662957423172859 -66.18401336669922 0.03904220389801147 0.9084401206323846 0.4161877623623797 6.778617858886719
0.3174532851303399 0.5939298655878753 -0.7392365835933197 342.3001708984375 -0.9443874928667735 0.268520950096224 -0.18981244078360804 -65.83615112304688 0.08576523233085004 0.7583823667004588 0.6461427944355999 6.7309722900390625
0.9899449861221057 -0.1290621229927603 -0.05789553402729269 343.4002380371094 0.07063268880780293 0.8056296239439119 -0.588193788045888 -65.7544174194336 0.12255589632279573 0.578190174105884 0.8066450116649353 6.708956241607666
0.9379303482058761 -0.06409177173277547 -0.3408502702222164 344.3936767578125 0.2771396788245298 0.7293717849468613 0.6254681428693759 -65.41629028320312 0.20851920855269096 -0.6811086874497957 0.7018623052600674 6.684761047363281
0.7341600315976617 -0.4499973711998559 -0.5084401773244711 345.861572265625 0.6768799635189304 0.5438694347855375 0.49602374226711315 -65.26644134521484 0.05331569179080284 -0.7083137749749606 0.7038814056285256 6.578762054443359
0.4354746932662584 0.012824472811176046 -0.9001096180031481 346.543212890625 0.8814350658212614 0.1970258272570488 0.4292470712006592 -65.04629516601562 0.1828497095029863 -0.9803144170575023 0.07449582165385221 6.681587219238281
0.41843663442929085 -0.7252924393897231 -0.5466824126781402 347.4952697753906 0.8914258952891543 0.44326276364941425 0.09422311589951196 -65.07635498046875 0.1739846435045844 -0.526753262662879 0.8320218411187259 6.73846435546875
0.16624330733292464 -0.7406977836716586 0.650945432452601 348.5018005371094 0.980765338951729 0.05572474383565035 -0.18706710783927646 -65.113037109375 0.10228642470001142 0.6695233723988611 0.7357145785790471 6.817785263061523
0.840186502189393 -0.433099835903718 0.32636049650490156 349.6166687011719 0.5300335107656414 0.5285672761102691 -0.6630845436977243 -64.87763977050781 0.11467832839818524 0.7300966831629515 0.6736525174229329 6.6041717529296875
0.4045237566701738 -0.16254437639023966 0.8999665860427033 350.2737731933594 0.8845930759268616 -0.18017213936726617 -0.4301547282293622 -64.62593078613281 0.23206813721772335 0.9701120171916905 0.07090171922150701 6.635017395019531
0.8019033498789856 -0.5584800904941751 0.21225222254308568 351.1866760253906 0.5576563689770995 0.5721692212377072 -0.6013665740690225 -64.43382263183594 0.2144070698277899 0.6006016739818946 0.7702643946191513 6.6624836921691895
-0.10749468408738921 -0.9435650367004094 -0.3132569463068741 353.1605529785156 0.9786327734603935 -0.044872069539125425 -0.20065989156902841 -63.683135986328125 0.17527917047433433 -0.32813338582325224 0.9282271777458351 6.7242431640625
0.9777801613894228 0.03802264237537356 -0.20615585041436282 353.7684326171875 0.1666063420863252 0.4559193146980433 0.8742882277955487 -63.69281005859375 0.1272331826603779 -0.8892085566120366 0.4394540477433903 6.5780029296875
0.8987621531470433 -0.002041003881730452 0.4384317807523142 354.7451171875 -0.43226233798049646 -0.17135440007121544 0.8853174237186733 -63.601558685302734 0.07332027846459405 -0.9852073405529359 -0.15488909866896966 6.454429626464844
0.9798495493390742 0.14130937024109294 0.1411613351526519 355.3864440917969 -0.1997318466205704 0.6881372083030771 0.6975488312615717 -63.696537017822266 0.0014318189657022001 -0.7116873220951133 0.7024949149022619 6.3904876708984375
0.9900850260466013 -0.1377891254573738 0.02730930434838557 356.39263916015625 0.13356004446780198 0.9836463591501915 0.1208368927618187 -63.49552536010742 -0.04351270756985142 -0.11599136621432053 0.9922966528431283 6.427718162536621
0.7864268977067055 0.573137330481416 -0.23031789980816303 357.62841796875 -0.6173215357831678 0.7420448403459374 -0.26131126338962707 -63.05717468261719 0.02113896926810295 0.3476824058312532 0.937374038819976 6.3003692626953125
0.876928825389011 0.3152772403566098 -0.3627617633033698 357.8300476074219 -0.4775369320214247 0.6569155888774877 -0.5834555575579932 -62.95133972167969 0.05435359930505773 0.6848811362585949 0.7266247418301424 6.266567230224609
0.7058720985450935 -0.5744748197508791 0.4143950554335087 358.9034423828125 0.7024426185021235 0.49237853809951765 -0.5139433265748881 -62.41838455200195 0.09120826830625645 0.6538670022957089 0.7510918686162147 6.255908966064453
0.6509940450452574 -0.7508263035400157 0.11165399781489627 359.7174377441406 0.7511316290862543 0.615934358731818 -0.23754187319260764 -62.490234375 0.10958115304121482 0.23850519416997948 0.9649389842120057 6.169713973999023
0.9705377455212942 0.09536599616870975 0.22127315990240012 360.2027893066406 -0.240566802951327 0.4352358944413752 0.8675813100266704 -62.908267974853516 -0.013568265777942956 -0.8952513853463538 0.4453547565696514 6.001476287841797
0.9891085123633094 -0.13898788325645242 -0.048442946631389136 360.9577331542969 0.146809771518172 0.9080173959777916 0.39236628243070565 -63.19568634033203 -0.010547120802522066 -0.39520472784317867 0.9185325151202738 5.98193359375
0.9704295732845525 -0.2242351725546978 -0.08935899889841063 361.5885009765625 0.233505364964141 0.965870446203859 0.11211389602953531 -63.14301681518555 0.061169337316375735 -0.1296644459338143 0.9896693607629531 6.14073371887207
0.9887815756689358 0.03619973715415324 0.14491575017100983 361.9266662597656 0.14497343577427135 0.0010401497079872146 -0.9894350009012154 -62.905025482177734 -0.0359680210389665 0.999344033413196 -0.0042195194021679705 5.728721618652344
0.2646570765917109 0.04528346869685862 -0.9632787962333178 361.86199951171875 -0.956342552310661 -0.11607489408319088 -0.26820801927516386 -62.96186828613281 -0.12395787369045935 0.9922076528763304 0.01258646589728385 5.640571594238281
0.5004731700548133 0.6933388775431223 -0.5184667848016197 362.6105651855469 -0.8556538518509303 0.3049291664595446 -0.4181802114578753 -62.76173400878906 -0.13184495389643083 0.6529160775547883 0.7458669477879534 5.556934356689453
0.9816399504499501 0.1882647284555816 -0.030649628059179854 363.51007080078125 -0.125071379595204 0.5139823828531052 -0.8486337608902894 -62.55379104614258 -0.1440144356888306 0.8368861942559398 0.5280921701531254 5.547813415527344
0.6868437772898505 -0.41018025424741145 0.5999981538502756 364.693115234375 0.6995262934058398 0.5971248134133491 -0.39256199770222233 -62.134220123291016 -0.19725260564083044 0.6893432499354741 0.6970633352402786 5.448799133300781
0.9738549591035897 -0.14670993274198688 0.17344369191235431 365.13128662109375 0.14848751447942746 0.988910447374179 0.0027541092794475044 -62.29618453979492 -0.1719243341504274 0.023072119734497902 0.9848399365469952 5.372005462646484
0.9900355205733834 0.11538778222104816 -0.08071757997547835 365.864990234375 -0.1249252099678572 0.9842237791384931 -0.12528864470824802 -61.792686462402344 0.06498738275601326 0.13412386921219793 0.9888313444617706 5.510948181152344
0.7947694030572693 -0.10411818336281996 -0.5979138732770952 365.82855224609375 -0.037170503185567236 0.9749747108416339 -0.21918637483247977 -61.9442024230957 0.605772192871977 0.1964273838152379 0.7710099436651758 6.011924743652344
0.9881603302187917 -0.1512074782702474 -0.025989619024551082 367.3913879394531 0.12603212065754432 0.8966031430942392 -0.42452174073431553 -61.34381103515625 0.08749323599256595 0.4162200167083317 0.9050446571008887 6.154615879058838
0.643646345927877 -0.1488401009080415 0.7507103341072212 368.6930847167969 0.21595593967955967 0.9763667774849938 0.008423060054816106 -61.62211608886719 -0.734222318845464 0.1566988838034677 0.6605778124671894 5.7291107177734375
0.4930715627117733 -0.18839114880130353 0.8493463422528499 368.7892761230469 0.3914523508409972 0.919905663063542 -0.023208362386911985 -61.5916862487793 -0.7769462600888345 0.34392200586317606 0.5273254809100569 5.030731201171875
0.6520399699127369 0.47053922442832874 0.5945054380832727 368.92083740234375 0.026054377229998343 0.7697479397571024 -0.6378160225855519 -61.527164459228516 -0.7577367927343598 0.43137100912565185 0.4896468170248458 4.9569854736328125
0.49039750784854486 0.3988656465292886 0.7748654594926198 369.8061828613281 -0.16630216593947023 0.9156092098877621 -0.36606469970832867 -61.26885223388672 -0.8554845842560678 0.05065541222298478 0.5153446956288016 4.842529296875
0.3737388236907483 -0.8323670422896011 0.40924857797714687 370.3096008300781 0.16805509059496482 0.49468757300516153 0.8526673980160031 -61.392852783203125 -0.912182425938679 -0.24989860348614218 0.3247674703296221 4.808685302734375
0.07562006866775084 -0.9759279480797207 -0.20456354849188257 370.6346435546875 0.326410961134378 -0.16962032410714234 0.9298843100628806 -61.17144012451172 -0.9421982220668941 -0.13708969985631353 0.3057268789741747 4.7276611328125
0.09449486014831432 0.765033380642836 0.6370201314776041 371.3318786621094 -0.005815285391570835 0.6402966534624045 -0.7681057075824003 -61.2160758972168 -0.9955083645361122 0.06887758755240264 0.06495363016487998 4.84197998046875
0.45716930097618663 -0.07725363362987728 0.8860181185144724 371.40435791015625 -0.10525418589874838 0.9845197467420317 0.1401514346191201 -61.28727340698242 -0.883129541231487 -0.1573300491514144 0.441960936099874 5.0284271240234375
-0.12707848235369162 -0.04075386647966058 0.9910550850934778 372.548095703125 0.11846398732180874 0.9913803809286679 0.0559573410514448 -61.706783294677734 -0.9847930457870329 0.12451531101309336 -0.12115524872167843 4.87860107421875
-0.20721539303296127 -0.6279947993701487 0.7501228651722607 372.8618469238281 0.03470693687690274 0.7615635101683981 0.6471602958406909 -61.58039093017578 -0.9776795024049638 0.16013604198941137 -0.1360119062183432 4.962310791015625
-0.08928619649518554 -0.8580265758710939 0.5057849050874775 372.8937072753906 0.10632657742714485 0.4967001148154132 0.8613847310435588 -61.65092468261719 -0.9903144117138011 0.1306881442261726 0.046882565103315565 4.785675048828125
-0.30288832099837815 -0.7113516131150723 0.6342220017638681 373.700439453125 0.15773088569654575 0.6188871579994712 0.7694801188859404 -61.81480026245117 -0.9398827760418672 0.33310293931744606 -0.07525157219561096 4.906890869140625
-0.21039494125860006 -0.8439469137471832 -0.49344460222946473 374.3267822265625 -0.4397164622264679 -0.36911110770385636 0.8187835019201788 -61.51967239379883 -0.8731456931920523 0.3892436215870938 -0.2934382413966077 4.725128173828125
-0.385094892866127 -0.8600948540328556 -0.3345725116542406 374.7512512207031 -0.33578532129115224 -0.20710031234174173 0.9188893723584741 -61.85770034790039 -0.8596220922555584 0.4662041427252163 -0.20905395430850462 4.844970703125
-0.5572013274162101 -0.347185717923018 -0.7543134348504549 374.94842529296875 -0.3496424459159557 -0.7258500914056149 0.5923612114414378 -62.015594482421875 -0.7531778280987306 0.5938044476734226 0.2830537708346951 4.6818389892578125
0.6191819457306873 -0.3719762957946733 0.6915543026025025 374.9648742675781 0.2653288079580475 0.927992815583252 0.26159120377686607 -61.79547882080078 -0.7390631513941969 0.02151672820718821 0.6732924243287877 4.8764801025390625
-0.3753555298772119 -0.6874048548386975 -0.6217578240237809 375.1593322753906 0.5453530165608609 -0.7061957678235024 0.4515280997193236 -62.2803955078125 -0.7494653517798986 -0.1695939357770885 0.6399527978132996 4.9734344482421875
-0.6531430128379486 -0.7504497936642647 -0.10114006115397656 375.8754577636719 -0.09765406276824162 -0.04897414688525527 0.9940146965521778 -62.59907531738281 -0.7509113721377669 0.6591104915916027 -0.041297349407100184 4.731658935546875
0.5418491321157897 0.1241412077711895 -0.8312571675230692 376.12939453125 0.06200613584082015 -0.992240923839075 -0.10776450332585609 -63.361053466796875 -0.8381853954486772 0.006849057751913412 -0.545342400024476 4.813385009765625
0.52062888994207 0.09265729521439943 -0.8487403516984685 376.4250793457031 0.08621247917715912 -0.9947179624741486 -0.05570981570070698 -63.632843017578125 -0.8494191941508128 -0.04416787039048254 -0.5258671237426368 4.7779388427734375
0.353959869300732 -0.8937693717056582 0.27547907565817364 376.8226623535156 -0.48226612717489503 0.07794677551570295 0.8725501032986201 -63.51974105834961 -0.8013312632765158 -0.44170194745730706 -0.4034446630060753 4.8278961181640625
0.25115279433027804 -0.6576682427900498 -0.7102075445428198 376.5391845703125 0.6007747394752962 -0.4693802178928723 0.6471104414697925 -62.7794189453125 -0.7589413589392024 -0.5891983481615405 0.2772243138962184 4.866546630859375
0.34878513815469264 -0.5009514629146495 0.7920836819466015 376.496337890625 -0.5453878264594575 0.5788232417252819 0.606230792346005 -63.806610107421875 -0.7621686467916671 -0.6434370883328911 -0.07132788518840677 4.803619384765625
0.18997705411898336 -0.5245828664056461 0.8298924841097844 376.6435241699219 -0.5990454380556819 0.607768331032146 0.5213081803876436 -64.05541229248047 -0.7778517095519871 -0.596179899080836 -0.19878693588617735 4.918121337890625
0.37371795820129644 -0.5381399260614184 -0.7554735651870722 377.69244384765625 0.5357612349931526 -0.5396361549486814 0.649424914328681 -65.08439636230469 -0.757162325262203 -0.6474552032772722 0.08664278938676967 4.831451416015625
-0.1983143811470733 -0.8531862348516731 0.4824361666478567 378.0494689941406 -0.33048321430146343 0.5215950318201394 0.7865872283768154 -65.00669860839844 -0.9227417034551033 -0.0034454956353203725 -0.38540352523634325 4.9810791015625
0.3648804616308759 0.4682534092408561 -0.8047365988038288 378.738037109375 0.02646360958368163 -0.8691949576935275 -0.49376087622243786 -65.41596984863281 -0.930678207592636 0.1588674612828645 -0.3295439328188218 4.8987274169921875
0.3190238782196177 -0.4174669884895988 -0.8508496216412978 379.88519287109375 -0.14665084769346876 -0.9086920856306722 0.39086087343576104 -65.02082824707031 -0.9363318289989407 8.386658557987814e-05 -0.35111636101140925 5.005523681640625
0.12354893722092092 -0.9349054976518083 0.33269711536471924 379.46380615234375 -0.11032472168043744 0.32024657611562574 0.9408881901014342 -64.70002746582031 -0.9861866536805873 -0.15295045258724504 -0.06357706469822239 5.226104736328125
-0.1616188429395193 0.9811895886275027 -0.105576232059509 380.0675964355469 0.053644303396064186 -0.09808951858184964 -0.9937307155651034 -65.60356903076172 -0.9853941537882402 -0.16626917186710616 -0.03678211748370011 5.134429931640625
0.02845700868024517 -0.9316718304181137 -0.36218475818611406 379.4527282714844 0.003816899909974636 -0.36222757673249595 0.9320818708298005 -64.65948486328125 -0.9995877299827413 -0.02790668485981762 -0.006751815169651926 5.3157958984375
-0.013876855843619085 -0.9327866666765021 0.3601617238719793 379.2082214355469 -0.003019772160221923 0.3602338597962769 0.932857141920657 -65.08470153808594 -0.9998991518388222 0.011857517734197298 -0.007815716549839369 5.27972412109375
0.08176603064514658 0.7492318588483742 -0.6572411565925758 379.97039794921875 -0.010162342171190275 -0.6587882536171843 -0.7522597714204955 -66.49726104736328 -0.9965997406351923 0.06818840504536178 -0.046252550018751185 5.2327880859375
0.5756468441381115 0.772122431422358 -0.26917960867840307 380.2576599121094 0.12969983287275516 -0.4112418461113038 -0.902251681827053 -67.097412109375 -0.8073466815356409 0.4844657830037042 -0.3368742212042883 5.308258056640625
0.4140742646844803 0.15359772943601027 -0.8971901921209955 380.5257568359375 0.03977747894022837 -0.9877717919184182 -0.15074693781114257 -67.16435241699219 -0.9093735511302088 0.026732463455113584 -0.4151206088625984 5.1361541748046875
0.1065137328468106 -0.9271989787480943 -0.35910566484466533 380.7565002441406 -0.13044995656392838 -0.3710695022969164 0.9193966680914107 -67.40457153320312 -0.98571681204467 -0.05108305270448904 -0.16047706433906042 5.4757080078125
-0.0017393913399723349 -0.990888554846926 -0.13467310938393418 380.7064208984375 -0.10965109102518661 -0.1336722604167926 0.9849407926530669 -67.89893341064453 -0.9939686175904916 0.016480250860828882 -0.1084195027511724 5.63592529296875
0.03341469038010079 0.6292688708969858 -0.7764690248727468 381.2484130859375 0.031636815299971977 -0.7771795049525344 -0.6284831970700637 -69.59675598144531 -0.9989407241595856 -0.0035644356868563265 -0.04587727557033885 5.575469970703125
-0.06554341245654449 0.9565647431686934 0.2840562500811462 381.57818603515625 0.08631966514289924 0.2890365393742027 -0.9534184780652213 -69.81301879882812 -0.9941091371138125 -0.03797066016276757 -0.10151478943304065 5.655975341796875
-0.027223970520992402 0.9764245246496464 0.21413547835840901 381.610595703125 0.07999151221127154 0.21565584690472533 -0.9731875018052585 -70.45266723632812 -0.9964237117829073 -0.009365007128571468 -0.08397668270571113 5.976837158203125
-0.01571824181804679 0.9975656739344204 -0.0679386713287421 382.36138916015625 0.24555462881401102 -0.06201494842975849 -0.967397059350124 -71.93806457519531 -0.9692553126716213 -0.03188843613317899 -0.24398210282481286 5.7465362548828125
-0.08757227512176019 0.9235079900358868 0.37344891078951475 382.1203918457031 0.15764289086711958 0.38301286126836953 -0.9101922143492955 -71.672119140625 -0.9836055182790793 -0.020836037120644524 -0.17912577695030646 5.6874847412109375
0.031865780589108494 0.9472214716726446 0.3189922501092405 382.06597900390625 -0.12188420806189293 0.320455078626945 -0.939389579677848 -72.56636047363281 -0.9920326667265408 -0.008945735548736955 0.1256628901582328 6.039054870605469
0.18438495405904898 0.9276475578302357 0.32476483363849873 382.0361022949219 -0.5336537836707285 0.3719718962735391 -0.7595067791380026 -73.29216003417969 -0.8253579998343492 -0.03327035969548264 0.5636286501546701 6.416656494140625
0.3151057754653946 -0.42699432721749586 0.8475754802921276 382.3568115234375 -0.06909858635914115 0.8803794209065214 0.4692093995301744 -74.20016479492188 -0.9465377623906619 -0.20641685921546382 0.24790793573442288 6.1678314208984375
0.22665585909054387 -0.7933018762265833 0.5650657083165728 382.9326171875 0.09734637151749992 0.5957109065784097 0.7972779940120673 -75.41522216796875 -0.9690979339015765 -0.12570063229320633 0.21224642646881897 5.87164306640625
0.8486164228912226 0.24363560341246754 0.4695656072894908 382.7148132324219 -0.17449989217097744 0.9668719633760291 -0.18630188960313784 -75.28854370117188 -0.49939959394419087 0.07615969529367458 0.8630178134784656 5.925945281982422
0.4255260850927391 0.16496434641863839 0.8897832968292441 383.0820617675781 0.46714497029811003 0.8020671651686304 -0.3721072953914435 -76.39292907714844 -0.7750504032840864 0.57399915241142 0.2642382360676567 6.129119873046875
0.6978553382809382 0.5590609232993418 0.44771510011667576 383.42449951171875 -0.24177596989060013 0.7722755833704849 -0.5874817475575194 -76.7754135131836 -0.6741975283373984 0.301730521110253 0.6741041354377513 6.249878883361816
0.8534270580967597 -0.1696788383831951 0.4928197929398125 383.31060791015625 0.003199389935154451 0.9472136403208578 0.3205870919019537 -77.52366638183594 -0.5212024754472612 -0.27202097602030334 0.8089206192158837 6.237312316894531
0.9373363307392164 -0.23362187129579653 0.25849840295172555 383.2553405761719 0.042111884096697125 0.8124261353794856 0.5815413689241551 -78.37730407714844 -0.3458716413558197 -0.534213998136144 0.771354789899711 6.360107421875
0.946359063264185 0.24589103188517897 0.2096237672979309 383.37652587890625 -0.2719578202647192 0.9564737516319723 0.10581543571674054 -78.98876953125 -0.1744805644609103 -0.1571482194538101 0.9720395926853495 6.423194885253906
0.7613032586730123 0.5677778763282776 0.31312239058554026 383.3187561035156 -0.6405761550730144 0.7333814771745204 0.22762644505679 -79.6129379272461 -0.10039690177354106 -0.3738714914104436 0.9220306773772793 6.432136535644531
0.7676765505110796 0.6219092151704763 0.15460155847032198 383.2391662597656 -0.6393271212537045 0.7597996491732292 0.11817497681696136 -80.5925521850586 -0.04397210280235943 -0.18956112787773888 0.9808838019729241 6.532718658447266
0.6540695212309059 0.7314383907483607 0.19284953185378095 383.3697509765625 -0.7553621263645439 0.6451296284282664 0.11504703637227004 -81.4710693359375 -0.04026312768289349 -0.22091999244852406 0.97446048533829 6.715354919433594
0.8100052476545384 0.5083786702208728 -0.29230570715702286 383.8460693359375 -0.5862593051709499 0.6902469536015962 -0.4240980666593413 -82.30901336669922 -0.01383928728602371 0.51488860028959 0.8571453805622719 6.548744201660156
0.9475138932757148 0.2983251638580606 -0.11497616561078387 383.8666687011719 -0.31956826975664754 0.8945980095501249 -0.31236280552219575 -83.2903823852539 0.009671763760540186 0.33271083228235265 0.9429792993845328 6.499855041503906
0.9819181262246067 0.16730087948185193 -0.08858447446452548 383.7071838378906 -0.17142858667749508 0.9843351630370243 -0.041188912083611494 -84.16049194335938 0.08030587189809892 0.05563005063339211 0.9952166921857835 6.641895294189453
0.930381126227514 0.2985597252734843 -0.21272764372371555 383.84161376953125 -0.3533730073272636 0.8848231448033482 -0.30367008432309983 -84.98017883300781 0.09756268575694377 0.3577011222584219 0.9287257019610027 6.742530822753906
0.6251976402797434 0.7469885676392396 0.22613268318603957 384.2728271484375 -0.7718571960244909 0.5488622755629269 0.3209153648691451 -86.01532745361328 0.11560440966438658 -0.3751776676191734 0.9197159008008863 6.777179718017578
0.45146641703988005 0.8796086857089913 0.14988873977211806 384.28070068359375 -0.8834157003694441 0.4169956718711099 0.21375525720207694 -87.004638671875 0.12551802510371798 -0.22891738611573875 0.9653196650374424 6.534934997558594
0.28224201029209134 0.95271609324214 0.11256772762969179 383.9982604980469 -0.953557498113227 0.2657344355005479 0.14182139324251436 -87.79246520996094 0.10520240215090997 -0.14736775585805256 0.983470995563692 6.600311279296875
0.751584926208347 0.6491599382809732 -0.11709600004883501 384.1935729980469 -0.6403728977715941 0.7606347638545331 0.10657067052228997 -88.829345703125 0.15824869824426768 -0.005111804671734187 0.9873860536573286 6.945176124572754
0.4635687163520021 0.8526988586279064 -0.24084995684953533 384.4502868652344 -0.8726705867890444 0.48645030077429285 0.042569376667568826 -89.78627014160156 0.15346039284786925 0.19044884187431024 0.9696283548121476 6.9962615966796875
0.8882185357040813 0.28705566746167693 -0.3587016540383229 384.338623046875 -0.4324677191187644 0.7859133990124433 -0.4419409476082992 -90.99139404296875 0.15504678246229753 0.5476670275183994 0.8222051582283157 6.9915618896484375
0.9641535461225306 -0.05183208586188765 -0.2602333075810148 384.37603759765625 -0.1586219175262654 0.6736193143690784 -0.72185601513683 -91.84300994873047 0.21271348518521296 0.7372587430367566 0.641250745836776 7.0367889404296875
0.8566344448523406 0.2094883436534067 -0.47147859099419814 384.6455993652344 -0.44834577899800854 0.7544323532114222 -0.4793932486826914 -92.86082458496094 0.25527140526739583 0.6220502056114346 0.7401959546982008 6.9973602294921875
0.8569223356341052 0.49593493805428834 0.1404729436883808 384.807373046875 -0.4444158172270364 0.5728150716169083 0.6887506625237768 -93.85176086425781 0.2611104978544815 -0.6526342244669715 0.7112593598432145 7.01080322265625
0.34615268937654475 0.5366685883984569 0.7695226714423642 384.996826171875 -0.922021225811991 0.04303158528456086 0.38474035637043713 -95.01549530029297 0.1733642834886665 -0.8426951458827238 0.5097153287043229 7.02349853515625
-0.14423322615310802 0.8532073491483976 0.5012324768334857 384.8620910644531 -0.981113036650447 -0.1892807383408472 0.03987494711823894 -95.94800567626953 0.12889525122363893 -0.4860144251483779 0.8643934247550051 7.137214660644531
-0.7131353620605053 0.6161533504663027 -0.33435460829481856 384.9033508300781 -0.698359407359873 -0.5828480026243422 0.4154303118319386 -96.8818359375 0.06109086290763055 0.5297577319359902 0.8459460100521998 7.085823059082031
-0.2893592670009972 0.7821421872949789 -0.5518376694772402 385.2117614746094 -0.9568036311996365 -0.2193180619573873 0.19085701198134059 -97.90087127685547 0.02824935262684014 0.5832265310774896 0.8118181985663309 7.0841064453125
-0.774684985239832 0.6288284628930677 0.06661784970638568 385.4226989746094 -0.632299098525921 -0.771616681274463 -0.0693220540830332 -99.2215576171875 0.007811763390458408 -0.09582516075919238 0.9953675275586431 7.075244903564453
0.12136973712274013 0.9911557664107932 -0.05366221782027374 385.53564453125 -0.9925681812314963 0.12070708261912988 -0.01543391759659099 -100.5811538696289 -0.008820006664212642 0.05513662046418977 0.9984398632698073 6.878326416015625
-0.0038160158929541055 0.7835953286368398 -0.6212598481804756 385.6983337402344 -0.9999645613958825 0.0016720158725910261 0.008251079642213444 -101.49363708496094 0.007504263791010213 0.6212693178497106 0.7835611786730569 7.136810302734375
0.3098819951860765 0.7076702824516198 -0.6349613534651863 385.8515930175781 -0.9500300209547569 0.2568997939779306 -0.17732866417700568 -102.5699234008789 0.037631215024244324 0.6581833081968439 0.7519166339873441 7.104591369628906
0.16274253764477448 0.9835163929319813 0.07880590888381321 385.9180908203125 -0.986370909235431 0.16021191884366687 0.03747759963630866 -103.43443298339844 0.024234187731556334 -0.0838310556684991 0.9961852529778268 7.1803436279296875
-0.07658688312592904 0.8199966839138088 0.5672211982140766 386.3472595214844 -0.9970459431492774 -0.06630386268412697 -0.03877093038260321 -104.9402084350586 0.005816922091924304 -0.568514939261513 0.8226523732743101 7.218017578125
-0.5698675018093347 0.651178089190622 0.501216646311391 384.3288879394531 -0.8215931118079962 -0.4629055700811638 -0.3327208917658856 -103.96490478515625 0.015355422861034279 -0.6014029675233429 0.7987982734350869 7.20391845703125
-0.1037843327538675 0.9859638052506616 0.1307829767610058 384.91607666015625 -0.9839957446634118 -0.08263624658815721 -0.15787218005120185 -105.85505676269531 -0.14484884106934487 -0.14507455147425602 0.9787605364722318 7.333953857421875
0.08030827698401155 0.9682275663655884 -0.23682474612596965 385.766357421875 -0.9962983112698651 0.07066269350731191 -0.04895363834391915 -107.78871154785156 -0.03066358766802764 0.23987947697971662 0.9703182884575883 7.449169158935547
-0.13671636962541983 0.9824470612466344 0.1269110165600198 385.9274597167969 -0.988909462542224 -0.12785289519053927 -0.07557586973265275 -108.45111083984375 -0.05802335022123013 -0.13583596371818837 0.9890307789901462 7.401405334472656
-0.11197240838221534 0.9458027862843238 0.30482662157019147 386.0833435058594 -0.9936895169169578 -0.10453982095149361 -0.04065181182645353 -109.4745864868164 -0.006582076452769259 -0.3074548996068204 0.9515398893253665 7.360881805419922
0.47247047205526355 0.8404969943497612 -0.26521021006909556 386.7082824707031 -0.8811455637369899 0.4568944693681874 -0.12177823848038145 -111.19007110595703 0.018818834780575888 0.291225421881023 0.9564693435273925 7.374908447265625
0.7843965634822797 0.2231132804985407 -0.5787421664803505 386.82440185546875 -0.6166008837988752 0.38168706008062986 -0.68856251587307 -112.20311737060547 0.06727095432381025 0.8969590025370086 0.43696586419556693 7.3545684814453125
0.6355025523532769 0.6063785077813922 -0.4779556582500962 387.2339172363281 -0.7711513361246757 0.5291456243895085 -0.3540205149176595 -113.67625427246094 0.038237713655475236 0.5935570852835045 0.8038829913390086 7.195121765136719
0.1407207767093126 0.9897592600724232 -0.023963933383672396 387.8630065917969 -0.9893385179406957 0.13966151395520365 -0.04127903146451387 -115.33683013916016 -0.03750946442213819 0.029517259707326556 0.9988602361983054 7.049849987030029
0.3489483286636421 0.612555945676396 0.709232174495311 387.84808349609375 -0.9350156839658188 0.17661822829857787 0.30749255628486943 -115.94738006591797 0.06309306349182098 -0.7704422203184143 0.6343800520902667 7.3106689453125
0.2899270501547133 0.4442868612104132 0.8476741653161226 388.10003662109375 -0.9567545682412848 0.11259112970904117 0.26822366349797405 -117.13140869140625 0.023727657659762202 -0.8887814255859765 0.45771669818277355 7.3394622802734375
0.3870853131667674 0.891831847173981 0.23409595617359674 388.2637023925781 -0.9217448202300957 0.3807465783902484 0.07361066106962375 -118.23594665527344 -0.02348290249467011 -0.2442703408323724 0.9694227941822198 7.41693115234375
0.5718299749914502 0.8169509987427451 -0.07484347235737275 388.1976623535156 -0.8188811411401026 0.5739082344572044 0.007938205546459895 -119.41045379638672 0.04943841003067198 0.05674860417178397 0.9971636974630562 7.427440643310547
0.6678361107696189 0.49629452931092816 -0.5546951138491792 388.2855529785156 -0.7405636648161558 0.5177257742473071 -0.42839874070086986 -120.48954772949219 0.07456800591523197 0.6968871952160343 0.7132936629732213 7.441192626953125
0.434698048420848 0.18332603709722306 -0.8817194399701833 388.7413330078125 -0.8986608998923117 0.15212158057626513 -0.4114214526829142 -121.86445617675781 0.05870429033594221 0.9712108879358831 0.2308748956706791 7.423583984375
0.20576717024717872 0.5542194806703996 -0.8065361981299419 388.9054260253906 -0.9736205193106465 0.19898546657104355 -0.11165960984514939 -122.85834503173828 0.09860505071108394 0.8082360740148491 0.5805441349590296 7.4481658935546875
-0.39356912098973756 0.821637324624952 -0.41232930260474676 389.1756591796875 -0.916909966932099 -0.318558967457021 0.24040860382543316 -124.1875228881836 0.0661774851739072 0.4726862501023995 0.8787424249575011 7.447807312011719
-0.5619298181300868 0.7934496120657661 0.23382171115825118 389.04766845703125 -0.8245628329162622 -0.5597931010432317 -0.08202328082630317 -125.38652038574219 0.06581044042852058 -0.23889201982713315 0.968813495360958 7.4712677001953125
-0.84883969231519 0.38750449429034844 0.3595990039683582 389.3399658203125 -0.5277289336530561 -0.6612646866702014 -0.5331333667557951 -126.609130859375 0.031198547012037614 -0.6423155619068732 0.7658050467296464 7.5131988525390625
-0.40773093762334206 0.8738133668671472 0.2649635491706185 389.3584899902344 -0.9128270218879305 -0.38294710797511794 -0.14176861643080502 -127.83425903320312 -0.022412287165787567 -0.299669338401168 0.9537798367580459 7.4391632080078125
-0.592965329666204 0.6298260610822388 -0.5017083321965877 389.955078125 -0.8008679911884509 -0.3965386231814022 0.44873999266298165 -129.03732299804688 0.08368141074112598 0.6678894018526043 0.73954118775721 7.482513427734375
-0.3944504092932309 0.8937955435371636 0.21339728433489602 390.17913818359375 -0.9169671018133398 -0.39797390543832406 -0.02807320398905991 -130.18223571777344 0.05983484603845962 -0.20675177615506393 0.9765620790591245 7.494560241699219
-0.4465842460361475 0.7630007010228397 0.4673247708296458 389.9958801269531 -0.8933503256527888 -0.4093528743597434 -0.18535215107862224 -131.43841552734375 0.04987691698954383 -0.5002600868469036 0.8644374694907357 7.5243072509765625
0.4123883612950176 0.9107590799693791 -0.0213011201991632 390.2867736816406 -0.9068736317451384 0.41262966521029526 0.085539320980599 -132.8344268798828 0.08669518737388077 -0.015957996170222893 0.9961070659544775 7.519779205322266
0.0007231854914933056 0.9134958197766727 0.40684747050127923 390.0937805175781 -0.9986301152443893 -0.020626500018233185 0.04808784070818256 -134.16812133789062 0.05231988082672406 -0.40632491278229815 0.9122295189932932 7.52130126953125
0.3904944289221211 0.6663908394008876 0.6351671828293453 390.0812683105469 -0.9197900159390949 0.25338350100444645 0.29963832865220863 -134.91128540039062 0.038735352838793535 -0.7012275312488165 0.7118844863172283 7.50762939453125
0.48271741311297767 0.5720459050792226 0.663134512417811 390.2726135253906 -0.8746004382068049 0.2756591135063572 0.39885602243084417 -135.77590942382812 0.045364882519186744 -0.7725124825030223 0.6333770534295017 7.45458984375
0.5707376897346287 0.8039477261410891 -0.1671123668342687 391.1701965332031 -0.8182783837327022 0.573804450353972 -0.03418975679604525 -137.38461303710938 0.06840304256519145 0.1562578202412555 0.9853448723067859 7.566532135009766
0.42917564022219257 0.8636807212608075 -0.2643177662630395 391.5506286621094 -0.9018198422654826 0.4260451679537044 -0.07215599046205641 -138.5111083984375 0.05029156923512779 0.2693345996817184 0.961732619535262 7.513072967529297
0.5329050159127402 0.7700970996630303 -0.3506603785796603 391.58319091796875 -0.8458027680524396 0.49707079823356254 -0.19374802992102846 -139.764404296875 0.02509823838186498 0.3998388158171209 0.9162417802065617 7.577308654785156
0.08310542666070514 0.8360361832498857 -0.5423439760488775 392.0003967285156 -0.996539133280955 0.07070380875279186 -0.04371186643797542 -140.83038330078125 0.001801082781254848 0.5440996891423593 0.8390186436402965 7.631477355957031
0.6222992178281788 0.7735026744222192 -0.12015530014157229 392.4681701660156 -0.7814188634940459 0.6229018372753323 -0.03711954868649545 -142.31976318359375 0.04613288703420436 0.11699108419315452 0.9920609068767903 7.6551666259765625
0.5536878363193628 0.8104004876303972 0.19152239963094767 392.4852294921875 -0.8301737325424599 0.5192065884483502 0.2030667188594559 -143.57565307617188 0.06512567626138197 -0.271432437560877 0.9602515702310815 7.584995269775391
0.3583369502026513 0.9322469993250594 0.05010152062448044 392.337890625 -0.9332717259394686 0.35629141452680024 0.04539067631636413 -144.89306640625 0.024464580140025706 -0.06302348914424238 0.9977121449269111 7.544558048248291
0.2520868782913005 0.9676202196077328 -0.012779530493344238 392.1855773925781 -0.9673691408441514 0.25232521230262417 0.022998534276866493 -146.21588134765625 0.025478444532498465 0.0065648947226073055 0.9996538155889196 7.511579990386963
-0.42037160639381427 0.8721329699617807 0.2503433547021529 392.3586120605469 -0.9073377669634931 -0.4055956292083757 -0.1105909680252595 -147.30804443359375 0.005088141073737409 -0.2736352833110264 0.9618200676569959 7.557350158691406
-0.10259699878757661 0.9605435514450168 0.2585148769745688 392.06597900390625 -0.994722498706084 -0.09880953532687659 -0.027637407555915094 -148.44091796875 -0.001003198737550226 -0.25998607944634494 0.9656118433855354 7.583171844482422
-0.30300274236227953 0.8672372359215699 -0.3950808964655893 392.079833984375 -0.9528512624388139 -0.26863203179565975 0.14110741710517757 -149.55909729003906 0.016242222437124282 0.4192092653132218 0.9077443374022512 7.527374267578125
-0.6865302018880068 0.6279555020277487 -0.36653535896102973 392.5978698730469 -0.7232421959872402 -0.6416382247079406 0.25538424880402727 -150.74293518066406 -0.07481315284873041 0.44042283781239217 0.8946679362166234 7.4294586181640625
-0.11942845366861382 0.8602882909779662 -0.4956217316265846 392.5732116699219 -0.9914266023066381 -0.12998936919621235 0.013268614648339894 -152.00894165039062 -0.053010722434608665 0.49295721954565314 0.8684371266849316 7.562370300292969
-0.06644080785828471 0.928262664846716 -0.3659426787118595 393.0635681152344 -0.9969036477571385 -0.07721462154930231 -0.014866718114927874 -153.0578155517578 -0.04205634482036205 0.36382183451611416 0.9305186384966609 7.558403015136719
0.16319213610459898 0.7539651561928654 0.6363213574607459 393.3693542480469 -0.9865901230013893 0.12283414767917539 0.10747884145279185 -154.14854431152344 0.0028733098896357445 -0.6453280680483369 0.763900143133433 7.470924377441406
0.15482382645814147 0.8151628733116193 0.5581568531651331 393.6907958984375 -0.9820760432574017 0.18846387534403647 -0.002830715491435376 -155.09152221679688 -0.1074998977708595 -0.5477142116694182 0.8297306275621037 7.3788604736328125
0.15728917860314362 0.9875469465455817 0.003338062738523039 393.7203674316406 -0.9869719135656345 0.15707989870095018 0.034818777357751435 -156.07083129882812 0.033860834705273256 -0.008771191059208684 0.9993880678097298 7.421709060668945
0.24156046700618594 0.8602306321142273 -0.4490565669847289 393.9241943359375 -0.9657777946223699 0.2581665579938621 -0.02496557125229812 -157.26974487304688 0.09445523910353043 0.43971955597398527 0.8931544770642625 7.436317443847656
0.18804928715612124 0.7443965511572896 -0.640711510919858 394.4209289550781 -0.9789159328958545 0.19502931307588278 -0.060722017125487304 -158.32923889160156 0.0797562657269843 0.638621438464355 0.7653767676190627 7.3795318603515625
0.7455959541730144 0.6560565002359635 -0.11694674693625064 394.6325988769531 -0.6541450441408596 0.7540266519983643 0.05948167198465866 -159.65444946289062 0.12720430160487975 0.03215084095753577 0.991355329374356 7.31797981262207
0.479538036812435 0.6766168927062102 0.5587779986315397 394.67181396484375 -0.8730984670325015 0.3040367180141834 0.38113087117768374 -160.72274780273438 0.087990556968188 -0.6706349637498459 0.7365503426655039 7.38134765625
0.24608308856356048 0.9352834600432988 0.2543382843624871 394.84002685546875 -0.9685958263044275 0.24692969411047366 0.02911788852493573 -161.98837280273438 -0.03557019522945465 -0.25351642064359936 0.966676877594264 7.3959503173828125
0.25788199214877855 0.9661278953891065 0.009683381454482474 394.88592529296875 -0.9660622007290333 0.257992660113405 -0.012791076975229403 -163.2309112548828 -0.014856057618173189 -0.006056160386315516 0.9998713019551171 7.3612165451049805
0.06489696467024475 0.9211094594610159 -0.3838564154316355 394.92584228515625 -0.9953537361873608 0.08716988727729535 0.0408943835987956 -163.96983337402344 0.0711289240355204 0.3794189958917436 0.9224868030069864 7.282661437988281
0.394046796716924 0.7500295292050737 -0.5312088358805286 394.492919921875 -0.9190278886058395 0.32828216756698286 -0.21821676934235795 -164.80972290039062 0.010717367299092673 0.5741833537973202 0.8186565911664289 7.3035430908203125
0.3849672155315364 0.8558729074568926 -0.3453719867724957 393.9610595703125 -0.9191513218582504 0.38936384400311624 -0.059637609856095314 -166.07086181640625 0.08343314983941622 0.34040764278200675 0.9365690290862021 7.355621337890625
0.7250636746687533 0.5839796388049827 -0.36503486016686937 395.4033508300781 -0.6784752684530415 0.6966354063781355 -0.23317465702332002 -167.2314453125 0.11812695616757878 0.41673359840738994 0.9013207698622122 7.34832763671875
0.8472346874222539 0.521416320101914 -0.10157955286323034 395.4917907714844 -0.513839872016274 0.8529060044086787 0.09230348622842924 -168.3848876953125 0.13476635468400322 -0.026007090860014966 0.9905360472341146 7.363740921020508
0.23145734093865467 0.952391711785666 0.1984377147811797 395.0529479980469 -0.967830825737676 0.20474013889084253 0.14623600199296732 -169.61097717285156 0.09864579097729406 -0.22590153352495856 0.9691426649743248 7.367280960083008
0.6297274990750528 0.5165104957651272 0.5802242537787798 395.3674011230469 -0.7747826020510258 0.3636043531786449 0.5172076893362868 -170.49656677246094 0.05617113553882619 -0.7752475618239646 0.629155005875561 7.39990234375
0.15930033360051848 0.8189242408991664 0.5513496997210465 395.8232116699219 -0.986365055800752 0.10865133736368643 0.12360770034371732 -172.0063934326172 0.041320459943511634 -0.5635228252314248 0.8250664488592722 7.4165496826171875
0.275477974272414 0.9514004240534889 0.13765579828546454 395.8592834472656 -0.959685442538749 0.2638642016629072 0.09684799667521304 -173.16282653808594 0.05581878778666431 -0.15878575563203995 0.9857339127464314 7.368448257446289
0.3979114014469217 0.8150695535484851 -0.4211034783480423 395.9773254394531 -0.9144338711604967 0.38939329579884085 -0.11037914867104481 -174.18655395507812 0.07400818787792965 0.4289924056031642 0.9002712391617513 7.382225036621094
0.525714589204732 0.6050386151976775 -0.5979568921059246 396.4305725097656 -0.8494966568172951 0.4101723133393975 -0.33183445183712545 -175.2771759033203 0.04449270449790882 0.6824125932963749 0.729611850066169 7.3449249267578125
0.44720665522030084 0.7914384846591965 -0.41669093165921617 396.8841552734375 -0.8942836520880356 0.3872002914037194 -0.22434946834115718 -176.47024536132812 -0.016215953094285973 0.4729704634934716 0.8809290456830302 7.286529541015625
0.5542958033879383 0.8209758530342672 -0.1369482058340935 397.07293701171875 -0.8299886339947546 0.5575157879254041 -0.01717596149962946 -177.53216552734375 0.06224973723672305 0.12318601766666917 0.9904292883721613 7.4358062744140625
0.5257846370476722 0.8198051511480797 0.22687007205826373 396.8076171875 -0.8501590202029945 0.4977075935866531 0.1718045158127906 -178.65679931640625 0.02793126943287841 -0.2832078131642154 0.958651750507248 7.458549499511719
-0.14821148415233976 0.8923158679069383 -0.42638685233816487 396.81414794921875 -0.9888441219054229 -0.1272372559828837 0.07744664784894903 -179.8043670654297 0.014854579713130839 0.4331086152126662 0.9012193234114062 7.423667907714844
-0.2275898025452326 0.6531730856746358 -0.7221965119880439 396.0929870605469 -0.9729627196565469 -0.18248881032337583 0.14156758197163083 -181.04531860351562 -0.03932464794448276 0.7348896204580888 0.677045654152664 7.3732757568359375
-0.5244893532692106 0.7822193765335147 -0.33621981690965896 397.18402099609375 -0.8456858091829788 -0.5243607117301042 0.09930436113499144 -182.1703338623047 -0.09862266703844214 0.33642040807510176 0.9365334369774561 7.467796325683594
-0.8953386274914085 0.3840110606429711 0.22561969644882757 397.09161376953125 -0.42353227968956386 -0.577349999611002 -0.6980597295433514 -183.22723388671875 -0.13780112547712298 -0.7205570645362075 0.6795648361740046 7.588592529296875
-0.6935887738376245 0.6211227885633603 0.3648850426280801 397.6962585449219 -0.7098124008756794 -0.5028583678681564 -0.4932543131368218 -184.26560974121094 -0.12288599745098865 -0.6011155823901501 0.7896575765724195 7.624908447265625
-0.5080855269747485 0.8549624260862583 0.10434724366024833 397.2357177734375 -0.8545771259597001 -0.4852878471169183 -0.18491522713688366 -185.44464111328125 -0.10745712198477514 -0.18312551821449044 0.9771990644251679 7.595619201660156
-0.7674735738472888 0.6401204579500606 -0.03507296337459196 397.3832092285156 -0.6294854054433305 -0.7628219117117322 -0.14782034821466414 -186.64382934570312 -0.12137725396431001 -0.09137029236170484 0.988392144795688 7.624225616455078
-0.6401757304962609 0.7542795980332443 -0.14573030595722433 397.8020935058594 -0.7651619880175086 -0.6429753172325668 0.03331476433616035 -187.7943878173828 -0.06857234265119405 0.1328345942158418 0.988763270152588 7.544961929321289
-0.6467414705656366 0.7097018617240687 -0.2793720417579194 397.63763427734375 -0.7590674497125154 -0.6346722416495395 0.14494051354430315 -188.92050170898438 -0.0744451276950729 0.30580126413234343 0.9491804411267253 7.749595642089844
-0.27704121955846694 0.9426027778285723 -0.1864085993065145 397.6817626953125 -0.9532616288626167 -0.29397557822743614 -0.06978987278993679 -190.09567260742188 -0.12058370372379612 0.15836149353837248 0.9799904120758264 7.696521759033203
0.08441453095523849 0.9853336917749247 0.14829599730540693 397.58837890625 -0.9963477377335763 0.0815467404733306 0.025324190635841307 -191.33265686035156 0.012859723044927746 -0.14989211110453227 0.9886187245606036 7.682672500610352
0.7578591081389695 0.6520892693553478 -0.020716104904498912 397.9803771972656 -0.6497064583574249 0.757220569830275 0.06707105631019553 -192.6046600341797 0.05942297686465522 -0.037371023768720514 0.9975331154417985 7.7781195640563965
0.6178590183506967 0.7566122684799198 0.2139815614215001 397.8094787597656 -0.7771330318781197 0.5462068269191391 0.3126057468935065 -193.61595153808594 0.11964315361371519 -0.35943841949991273 0.9254672000566901 7.811466217041016
0.4261796167980192 0.9044293049156984 0.019456788933446836 398.6444091796875 -0.8994812932744964 0.42135866425036883 0.11571637356219135 -194.8330535888672 0.09645899271261947 -0.0668169774148168 0.9930917149256735 7.884821891784668
0.5135117175251586 0.8210079679349925 -0.249502770629137 399.4563903808594 -0.8579017491310744 0.4852520752028034 -0.16892309596149252 -196.04617309570312 -0.017615470535994923 0.30079285247263915 0.9535267983120183 7.8179168701171875
0.5269282739347363 0.8219356252472071 -0.21626007971339048 399.6038818359375 -0.8458022919581539 0.5321079227390655 -0.03846610815575564 -197.13192749023438 0.08345703712984923 0.20318215105613796 0.9755777449520399 7.79534912109375
0.11420872010933197 0.9027232647527388 0.41478557776897806 399.65350341796875 -0.9897524883233626 0.0673694057829603 0.12590224391234256 -198.23439025878906 0.08571102676260756 -0.4249141918536112 0.9011667711654109 7.809577941894531
0.10093082001680709 0.9945809083133503 0.02493564495508782 400.4053039550781 -0.9943588472546463 0.10002336012579138 0.0352960382416733 -199.5807342529297 0.032610618778954555 -0.028357437256168926 0.9990657652502744 7.607017517089844
0.12083669681509429 0.98338671303328 -0.13545872187651192 400.6382141113281 -0.9905553163224204 0.11054367625653655 -0.08111880759157661 -200.47225952148438 -0.06479705246541825 0.1439814858559644 0.9874566692885831 7.704570770263672
-0.022862013461752206 0.6238063721826548 -0.7812444805339682 400.4789733886719 -0.9996503655671756 -0.0038801567010298132 0.02615513344235937 -201.67501831054688 0.013284387900344974 0.7815692895759727 0.6236769761902571 7.8762664794921875
0.005223323530980317 0.6494727993272376 -0.7603668850136311 400.3857116699219 -0.9980166671853625 0.051087286820764466 0.036780717033717436 -202.81741333007812 0.06273315639685412 0.7586667068346514 0.6484515240395022 7.91943359375
-0.010245627389885326 0.9305379318953397 -0.3660521607958789 400.80218505859375 -0.9990727731863422 0.005782528196471404 0.04266328920054141 -204.03515625 0.04181651584170604 0.36614985958156715 0.929615866544488 7.962669372558594
-0.15050584463028766 0.9780931256462466 0.14381178079587004 401.0624084472656 -0.9885622278850148 -0.15031464478382844 -0.01225680066443982 -205.1294403076172 0.009628724273756065 -0.14401161455614325 0.9895291519413631 7.883213043212891
-0.20556784465641975 0.8569732280947269 0.47258729095503316 401.25592041015625 -0.9783344898807764 -0.1920757412973939 -0.07725629757357946 -205.98768615722656 0.02456597551563794 -0.47822985679896624 0.8778910620988263 7.822853088378906
-0.23283621981915276 0.8986979350794356 0.3716575254508989 401.4327697753906 -0.9703384082033922 -0.24024080141075382 -0.026976487963145473 -207.03579711914062 0.0650435877364875 -0.36691467512417264 0.9279778838274588 7.913139343261719
-0.3841437263626553 0.8746105477561736 -0.2957870640340095 400.9222106933594 -0.9178915964043282 -0.3272353960379398 0.22448165366062023 -207.80984497070312 0.09954202502725817 0.3577336793391679 0.9285030963437517 7.825531005859375
-0.2773748049434385 0.8668667403657071 -0.41425266689584905 400.1795959472656 -0.9492392178300357 -0.1806883509416563 0.2574813142101909 -209.65884399414062 0.14835135629987237 0.464643706813854 0.8729823026856101 7.932647705078125
-0.4496177129539178 0.8910697278740681 -0.06195685809111807 400.1319885253906 -0.8860360164921172 -0.43614653618071725 0.15721442827025517 -210.87405395507812 0.11306674876757208 0.12558239941965155 0.9856190802126013 7.937339782714844
-0.30435498165072905 0.9321762661494087 0.19599860706681246 401.1419372558594 -0.9450291140423289 -0.3213081710883442 0.060671515592030226 -211.85885620117188 0.1195325008387049 -0.16675871197514608 0.9787254534462845 7.986435890197754
0.1250833278693591 0.9899792793362374 0.06553768056645336 401.46746826171875 -0.9837479487363643 0.1151770062218504 0.13774698034718458 -212.94671630859375 0.1288182224924806 -0.08170240952796862 0.9882968085707866 8.00629711151123
0.3601746657233765 0.9322423347106179 0.03461848558719295 401.2575378417969 -0.9251543913833256 0.3521765821921988 0.1416368845307262 -214.0928192138672 0.11984807998129489 -0.08304146150398668 0.9893131725576484 7.981830596923828
0.30202119144276834 0.9349589884620131 0.18610451314672605 401.71234130859375 -0.9485003179818865 0.27515062308555954 0.15696904600553757 -215.33624267578125 0.0955528477218282 -0.22392816819176098 0.9699102168667632 7.988735198974609
0.4653622234662541 0.8330474695064108 0.29911521947154374 402.0860900878906 -0.8756622516128191 0.3840335287300292 0.29280346635846016 -216.43939208984375 0.12904891348210662 -0.3981835787173141 0.9081829196637429 8.065994262695312
0.6208699036354586 0.7205871579625517 0.30866601779131636 402.2567138671875 -0.7730271849853115 0.4973958327928106 0.3937338654396288 -217.58950805664062 0.1301903761165995 -0.4830647299273662 0.8658515650311082 8.0712890625
0.5100728024896546 0.8595516642273315 0.031570123287289024 402.453125 -0.8493537146824803 0.4975500225089613 0.1761880882931759 -218.67051696777344 0.13573504895723001 -0.11668295344803775 0.9838501333329287 8.041679382324219
0.40825082027707094 0.9091505871797638 -0.08231936329800732 402.53564453125 -0.9112746191113537 0.41120570923017774 0.02210052623725623 -219.6204071044922 0.05394289857391705 0.06599298846996599 0.9963609231429376 8.115364074707031
0.49664486082738457 0.823279029157801 -0.2748736479961947 402.7751159667969 -0.8627961582851978 0.5027559476437422 -0.053096575757257986 -220.65518188476562 0.0944810640395803 0.26353006898232867 0.9600131412017845 8.093391418457031
0.7093697746657552 0.6720726196298736 -0.21239801490243373 403.1300354003906 -0.6980026545847438 0.7116981604736843 -0.07923397359103378 -221.947021484375 0.09791229229931395 0.20446056422257275 0.9739656363006246 8.120719909667969
0.9784839404384746 0.0769426781947126 -0.1914392921430205 403.15936279296875 -0.16707583624971575 0.8398980646571026 -0.5163883286120163 -223.16110229492188 0.12105718997834872 0.5372625664025723 0.8346820301750049 8.109481811523438
0.8259851569850206 0.5483429053045729 -0.130646770501881 403.4651184082031 -0.5490066717617409 0.8351202387501172 0.03414470956156121 -224.0465545654297 0.1278287714152299 0.043522925362243586 0.9908408349308104 8.197063446044922
0.548191644745595 0.8147049185687519 0.1890550615323553 403.6349792480469 -0.8311581433978105 0.5055310162712622 0.23154812081131146 -225.08819580078125 0.09307019552264945 -0.2840673991284958 0.9542765068143235 8.078998565673828
0.09406690461728734 0.9874109536170907 0.1271653495756982 403.8576354980469 -0.9945092389892225 0.08731398067013646 0.057685720456733536 -226.1392059326172 0.04585619937150852 -0.13189343219630914 0.9902026719428089 8.195789337158203
-0.3627978785826562 0.9312917850932705 -0.032761415013914816 404.08905029296875 -0.9307466802597288 -0.3604133123756399 0.061748372026421576 -227.29122924804688 0.04569810150781145 0.052894756641930836 0.9975539224715487 8.147789001464844
-0.7060372351409676 0.66827821109998 -0.23434089520079182 404.37420654296875 -0.7081744081473763 -0.6659543734202078 0.23450752688903487 -228.3590087890625 0.0006559265287108124 0.3315252706680274 0.9434461111631548 8.199188232421875
-0.44013660885632805 0.7985651149052488 -0.4105770607338147 404.57684326171875 -0.8979081423018553 -0.38817085650108635 0.20756770979910247 -229.3377227783203 0.0063822827015962424 0.46001863377430696 0.8878863232688841 8.184120178222656
-0.17717901885166998 0.9720098248672102 -0.15428705597157294 404.97967529296875 -0.9841774735221209 -0.1747467371026381 0.02929639028270778 -230.578857421875 0.0015152195797317608 0.15703655062945449 0.9875916291038662 8.211685180664062
0.10118135754232421 0.711494707705112 0.6953686891092449 405.2054748535156 -0.9948528140020866 0.0684986364818489 0.07467138188260192 -231.74664306640625 0.005496485970344689 -0.6993448489177173 0.7147632971370543 8.20465087890625
0.07600590940612839 0.9935599976606955 0.08403352178640361 405.269287109375 -0.9971054107058055 0.0759023106201564 0.004431611865661177 -232.84991455078125 -0.001975266198257851 -0.08412710794387179 0.9964530736730384 8.152177810668945
-0.0272963977684757 0.781559222809051 -0.623233574120472 405.4964599609375 -0.9986514391920333 -0.04886411888064368 -0.017538554264802164 -234.0384063720703 -0.04416117829662436 0.621914366394708 0.7818390570976378 8.103279113769531
0.10539488493953236 0.98668524549988 -0.12387148397199595 405.7835388183594 -0.9926323904996874 0.11187231119922175 0.04653518365517282 -235.1186065673828 0.05977336831281073 0.11805427692288911 0.9912065032780784 8.104618072509766
0.1337701745847762 0.988390481278948 0.07204024506293472 406.17584228515625 -0.9910063233347252 0.1336696272579982 0.0062368148359353 -236.0786590576172 -0.003465184287799551 -0.07222663820140753 0.9973822262462744 8.071905136108398
0.20609607029992627 0.8684549572916067 0.4508995419853085 406.41912841796875 -0.9782022778564989 0.19480711621077684 0.07190612679040204 -237.00442504882812 -0.02539120720415461 -0.45589052921647105 0.8896735985559205 8.073707580566406
0.5835626183682446 0.5055425430314214 0.6355166462245674 406.4647216796875 -0.8119991453731566 0.37346001128171236 0.44853651789651044 -238.352783203125 -0.010585761968882446 -0.7777881184222262 0.6284374149306766 8.150222778320312
0.5203934905184586 0.8285252764770782 0.20672803695821135 406.41729736328125 -0.85355274139279 0.5118553512077965 0.0972204561848787 -239.4353790283203 -0.025265246621939297 -0.22704617521227724 0.9735562139058063 8.13494873046875
0.7077220805582153 0.6542648972344628 -0.26658375970251613 406.5799560546875 -0.706190803288865 0.6441287654438477 -0.2939263221931855 -240.6661376953125 -0.020591406959667075 0.39627714768147115 0.9179000033690264 8.128746032714844
0.31727901212030385 0.9291468871242314 0.18978959564558584 406.74993896484375 -0.9457591582933782 0.3247493753114963 -0.008801007839658037 -241.68917846679688 -0.06981148166429968 -0.17670287315758013 0.9817853388830429 8.142169952392578
0.29804403921309325 0.9525294831480702 0.06210744257506168 406.7498779296875 -0.9545413503995108 0.29771822388583596 0.014651605500487365 -242.80381774902344 -0.004534431278870255 -0.06365094578978145 0.9979619211337895 8.238370895385742
0.4333896226303464 0.8909559769249765 0.1355392274509017 407.0184631347656 -0.9001047928866283 0.4353711064296313 0.016228416705257383 -243.8625946044922 -0.0445510585603383 -0.12903273564448695 0.9906390646008535 8.170822143554688
0.22183260980746994 0.9569938681022343 -0.18695729362806482 407.0234375 -0.9750187230052936 0.21993361990574628 -0.03110775826512678 -245.08984375 0.011348260445268904 0.18918757689097443 0.9818753880890325 7.942729949951172
0.6519003954868932 0.45067514377629025 -0.6098506285528058 407.0539855957031 -0.7573564228629818 0.4271578849999347 -0.49391030565333505 -246.17669677734375 0.03790940664558906 0.7838546141119555 0.6197861089304735 8.115203857421875
0.882950975917425 0.2826093609316657 -0.37487267603849395 407.4405517578125 -0.4645187491707739 0.641529364418524 -0.6104608146782097 -247.40252685546875 0.06796988888681346 0.7131423586511737 0.6977163252369506 8.1767578125
0.6740136018629921 0.7270395478723061 -0.13084020916105454 407.6546630859375 -0.7376970649031528 0.6717525050859825 -0.06746563824629845 -248.4633331298828 0.03884205114240692 0.1419931961057978 0.9891052660474066 8.179924011230469
0.1969939218941515 0.9554136675580805 0.21995026387794775 407.8711242675781 -0.9699767687262598 0.2225647375877105 -0.09803063660855096 -249.37542724609375 -0.14261298281757218 -0.19403520666552107 0.9705729625876376 7.826801300048828
-0.009859498005077294 0.9731916429583047 0.22978428226317682 407.774169921875 -0.9999159243960827 -0.007659816326007596 -0.010462855871092525 -250.57327270507812 -0.00842225849848506 -0.22986812151746328 0.9731853432269812 8.233123779296875
-0.4726336441534014 0.8572425767881586 0.2043345368650985 407.636962890625 -0.8796059311953739 -0.4446955429528539 -0.16893572707922386 -251.5609130859375 -0.053952240177730024 -0.2595785788917584 0.9642137300206526 8.243942260742188
-0.5991233340851331 0.7945477199692011 -0.0987175326193775 408.1298522949219 -0.7996910467975361 -0.5998887307167017 0.025054748670968796 -252.6123504638672 -0.039312341911603335 0.0939544115560758 0.9948000343398551 8.211915016174316
-0.5180299868637197 0.8521433362474755 -0.07413951172618152 408.2118225097656 -0.8551587069667614 -0.5140657269560927 0.06663343205959768 -253.76919555664062 0.018668653109195795 0.09791916491742636 0.9950192553578865 8.218631744384766
-0.28080499144149623 0.864421177238084 -0.4170426658315264 408.5468444824219 -0.9596314513931462 -0.24563013184472843 0.13701575028815055 -254.87973022460938 0.016001071171167586 0.4386819652917889 0.8984999159983871 8.207321166992188
0.03862072083418844 0.845047372598539 -0.5332948321393649 407.3163146972656 -0.9990495249267171 0.04344857495326715 -0.0035025816522933906 -255.69482421875 0.02021105306381482 0.5329232209228982 0.8459221914190544 8.079566955566406
-0.023988966778787868 0.9916650081473637 -0.12659005130331302 407.2896728515625 -0.9991911565462801 -0.01969564023718734 0.035058728376178974 -256.6617431640625 0.0322732420527226 0.12732868243933293 0.9913353844565773 8.100284576416016
0.049129928617279384 0.9307880229350651 0.3622428832630032 407.224365234375 -0.997734562486112 0.029048680293344842 0.06067880184925878 -257.6515808105469 0.04595642430289376 -0.3644033898495564 0.9301065404196687 8.152687072753906
-0.143773419002602 0.9203973756519003 0.36359025685707924 407.8334655761719 -0.9890795205496331 -0.14568169434926304 -0.022328142798618056 -258.8956298828125 0.03241768063279413 -0.36282987035885356 0.9312913503076078 8.23953628540039
-0.21803740119550513 0.7864449515491814 0.5778962102858228 408.29412841796875 -0.9758267713753563 -0.18471750719018526 -0.11679706676364757 -259.9201965332031 0.01489308386662902 -0.5893927219776721 0.8077093631577463 8.307052612304688
-0.1413797376861724 0.7649049715812102 0.6284362769781335 408.1708679199219 -0.9880098656463772 -0.14880447424370302 -0.041154997636774826 -260.91485595703125 0.06203446749361924 -0.6267197243548375 0.776771595739301 8.278694152832031
0.17473381003958482 0.9815472783905103 -0.07767262010021536 408.5955810546875 -0.9834072830878217 0.17788263624182982 0.03560734886910212 -262.1796875 0.04876690680040505 0.0701620125697584 0.9963428530346778 8.366790771484375
0.6869091770501519 0.12848132053339173 -0.7152959756340584 409.2151794433594 -0.7245473758866467 0.19752725059272863 -0.6603136265208011 -263.8814697265625 0.05645248072545356 0.9718413119163404 0.2287740847925504 8.350112915039062
0.48094117243967527 0.3656770927357623 -0.7968537208927818 410.1655578613281 -0.8734633887430884 0.278495204902817 -0.3993771768285948 -265.407470703125 0.0758768553499104 0.8880994790531402 0.453345362971488 8.32562255859375
0.9198588200139741 0.39222190729521084 -0.004661188711732232 410.30816650390625 -0.3852553598645522 0.905626984445313 0.177251439317494 -266.6157531738281 0.07374319587686542 -0.16125055188183357 0.9841545613264567 8.325675964355469
0.5896932793039866 0.7226365145355169 0.360635971865911 410.0884094238281 -0.8073592831181071 0.5159589480966889 0.28628194466639784 -267.1365966796875 0.020804429978412947 -0.45998133846811434 0.8876848224197345 8.296485900878906
0.1403878803736282 0.980951573214598 0.13425816195674978 410.49676513671875 -0.9822140582366666 0.15506061046690195 -0.10588555559607607 -267.7559509277344 -0.1246867548958504 -0.11700520539461778 0.9852730560936422 8.254764556884766
0.19145252692600756 0.9793218843452638 -0.06538024759886205 410.5391540527344 -0.9815009490379905 0.1911185987167816 -0.011382805544253187 -268.5837097167969 0.0013479507301169882 0.06635004195157651 0.9977954975654348 8.35248851776123
0.506997865913938 0.8571922509492911 -0.09041354362704788 410.46051025390625 -0.8600125456855245 0.5100933977150732 0.013533176677919208 -270.2402038574219 0.05771988584722089 0.07089549012440535 0.9958123539391366 8.280584335327148
0.5157817112403315 0.6941875430083683 -0.5020686023662502 410.5501708984375 -0.8522865865301462 0.47531016618359334 -0.21837541148974648 -271.1483154296875 0.08704482047075834 0.5405403787456857 0.8368030223264515 8.353271484375
0.6090534756149626 0.7878204227137826 -0.09161247402188781 410.5273132324219 -0.7888549518224832 0.6136921407349164 0.033012442886632916 -272.21783447265625 0.08222973201027599 0.052162610702230584 0.995247372876837 8.33676528930664
0.44757768078305415 0.8112986266451525 0.37612332826953465 410.7630920410156 -0.8880473996119045 0.35381460226978884 0.2935762988785125 -273.2215576171875 0.1051001222996294 -0.4654135425880523 0.8788311548120278 8.3055419921875
0.47411637568605103 0.8706582442720313 -0.13102627212687992 410.9617614746094 -0.8790568772446329 0.4764934351681368 -0.014594958396071916 -274.2467956542969 0.0497259376506648 0.12209925439089486 0.99127145787718 8.278911590576172
0.15246473340506794 0.9005994136221059 -0.40703218699660676 411.1308288574219 -0.9829478905826651 0.18101923764383343 0.03233388318675354 -275.18438720703125 0.1028005324247439 0.39516165272754444 0.9128413436883897 8.248336791992188
-0.4126287924436017 0.8404001845163164 -0.351375880662684 411.0657958984375 -0.9055254771338704 -0.33660858087788675 0.25829880669653055 -276.08758544921875 0.09879822826352483 0.42476133668722355 0.8998981703213269 8.25177001953125
-0.08621226133987514 0.7925102683478336 -0.6037341472518427 411.06878662109375 -0.9874680724723559 0.012432278126132068 0.1573284599439153 -277.1255187988281 0.13219021084178176 0.6097318369774036 0.7815067722891248 8.279403686523438
0.34706680725772726 0.6330284677944368 -0.6919679112948489 411.4547424316406 -0.8923930364321985 0.4498132283071625 -0.03609332579868357 -278.14556884765625 0.2884082173365541 0.6300341408223182 0.7210254375339574 8.293670654296875
0.7008566074529441 0.6549906293320319 -0.2824664427445831 411.8387756347656 -0.5375872745897136 0.7453028742226115 0.3943647396443018 -278.8399658203125 0.46882826065495864 -0.12454276840805706 0.8744650712569961 8.31378173828125
0.1957138113881322 0.781479343164258 0.5924408326909032 411.82574462890625 -0.7569341062116944 -0.2637153537980877 0.5979171941202671 -279.7333068847656 0.6234956799252376 -0.5654593251319758 0.5399156311275461 8.240245819091797
0.4526644337805331 0.8639972262501443 -0.22046247622261328 411.8102111816406 -0.4494585224319095 0.43462200772835075 0.78044266093769 -280.54583740234375 0.7701181383420819 -0.25418989639683637 0.5850688417325705 8.232414245605469
0.2479450101332536 0.9627623132425635 -0.10775899103948991 412.361328125 -0.7648509290695725 0.2628071298702101 0.5881627910628098 -281.46527099609375 0.5945808004396312 -0.06341246477791757 0.801531366235506 8.093086242675781
0.17496032093904024 0.8787732561356749 -0.4440117683098174 412.2926330566406 -0.5390903186447844 0.462864507780684 0.7036604833159308 -282.5776672363281 0.8238753027250982 0.11624978166709826 0.5547210774992953 8.291015625
0.08929990707720453 0.9930438030576041 -0.07674328508014816 412.423828125 -0.28566479768755665 0.09935001913670466 0.9531658811873531 -283.10723876953125 0.954159918440368 -0.06319476961289339 0.2925496045723587 8.287979125976562
0.06839278820667802 0.9831324265626863 0.16962623135081545 412.4844665527344 -0.24884333845072415 -0.14783982252858702 0.957194013658367 -283.99072265625 0.966125985278325 -0.10767552514698858 0.2345347774943099 8.318496704101562
0.003479924941437673 0.9780493901191769 0.2083441398501723 412.55194091796875 -0.1943764884581456 -0.2037100052241466 0.959541564762183 -285.1302795410156 0.9809208280269527 -0.04383633491847133 0.18940091046199656 8.171310424804688
-0.03966926134794521 0.804881977820052 0.5921075506059602 412.7009582519531 -0.19739335150947562 -0.587208677384922 0.7849979834265228 -285.63018798828125 0.9795214211460438 -0.08573780370602019 0.18217248566043923 8.307723999023438
-0.018577990068508743 0.9997976835323277 0.007710401312873372 413.00531005859375 -0.5486722299623488 -0.016641501936137393 0.835871906742566 -286.5892639160156 0.835831108749344 0.01129833689977 0.5488703901925676 8.04058837890625
-0.0517435922186702 0.9972190442679858 -0.05363560770190606 412.91265869140625 -0.18416828972248583 0.0432578445178152 0.9819423608075817 -286.70477294921875 0.981531783349374 0.06068720323855209 0.1814178095945384 8.1558837890625
0.054442323276521654 0.9977579337301126 0.03892478792326465 412.0108947753906 -0.042125334295507855 -0.0366528343234801 0.9984397958547864 -287.8572692871094 0.997627931468815 -0.055997101841719854 0.04003542104913649 8.121246337890625
-0.044184923731755754 0.9811907047597663 -0.18791618718953412 412.6814270019531 -0.05017766315242861 0.18568282997213256 0.9813277173167492 -290.04473876953125 0.9977624439892396 0.05278908548718375 0.04102947499111431 8.1412353515625
-0.07561336150686095 0.5838957553039451 0.8082996761719432 412.5425720214844 -0.09510586576469368 -0.8111478235916966 0.5770563946267315 -290.3929443359375 0.9925913025302917 -0.03324086672289733 0.1168655249452538 8.168594360351562
0.010826528393135026 0.8196577747224079 0.5727511838661387 413.23687744140625 -0.14198041902646752 -0.5657213663143938 0.8122812913692179 -291.2720031738281 0.9898102580272755 -0.09011363954744095 0.1102505558783834 8.011474609375
-0.012955903136917218 0.9422769117601255 0.3345838701098841 413.0103759765625 -0.05723051144644803 -0.3347622205355686 0.9405630889321959 -292.5661926269531 0.9982769220679627 -0.0069625617337554235 0.05826413648736972 8.132232666015625
0.14725148998172716 0.9832009649343156 -0.1078557427789189 413.61590576171875 -0.14455903368299677 0.12926632004824418 0.9810162609670765 -292.9383544921875 0.9784782493641848 -0.1288645841704225 0.16116523963865337 8.273040771484375
-0.04851430793039313 0.9576358013063824 -0.2838662255047575 414.1714172363281 -0.15504427964585732 0.27353582320114345 0.9492836376841064 -294.0888671875 0.9867155787131021 0.09006567316106417 0.13520555181985763 8.272796630859375
-0.08052419958937157 0.9892787341983899 0.12183365439533639 415.2108154296875 -0.36172178371496966 -0.14290101119363668 0.9212690444087963 -294.84088134765625 0.9288020265194039 0.03011456562308923 0.3693506578724084 8.386978149414062
-0.09360327566805265 0.985451134356014 0.14186080706331877 415.721435546875 -0.27922182685150454 -0.1627515628367296 0.946333503688795 -295.7947082519531 0.955653492744059 0.048969282112847734 0.29039354540938633 8.3782958984375
-0.2012270573327406 0.8300938076829952 0.5200499416820972 416.4983825683594 -0.5529278144980351 -0.5344971723283125 0.6392054479801192 -296.9063415527344 0.8085657075041166 -0.15892464635601694 0.5665372480508077 8.520294189453125
-0.25051058730654063 0.3614854767714243 0.898093923668715 417.2690734863281 -0.5722277827616224 -0.8035654921183705 0.16382266177876037 -297.63037109375 0.7808967987404284 -0.47287498343631673 0.40815369624328257 8.589248657226562
0.044845124397106806 0.6877078542885083 0.7246011468164425 418.2437744140625 -0.8474553822643954 -0.357875505949694 0.39210266170017016 -298.8065185546875 0.5289690821672998 -0.6316510345049284 0.5667527509593033 8.798210144042969
-0.07105219766445417 0.6475502246139262 0.7587030326876949 418.5843200683594 -0.698158730175465 -0.5755342694083551 0.4258341134953534 -299.5190124511719 0.7124085714580037 -0.49943869627717596 0.4929858172139655 8.610496520996094
-0.13181427023577108 0.983287381113457 -0.1255823407380594 417.9169616699219 -0.7383754550036248 -0.012867430022148352 0.6742670959588754 -299.9335021972656 0.6613824049749141 0.18160494318069673 0.7277313783271508 8.575790405273438
0.2767864875023911 0.9524460508672058 -0.12741962377731605 419.82769775390625 -0.9505317432511303 0.29082889293055936 0.10912360014567114 -300.9771423339844 0.14099165013594175 0.09091245912551969 0.9858277128219184 8.514244079589844
0.024071972114735107 0.9863869146651213 0.16266958761836872 420.7453918457031 -0.9974338627957696 0.012722603240191699 0.07045441586658913 -302.0326843261719 0.0674257332686641 -0.16394813187168492 0.9841619686560579 8.760539054870605
-0.362026648664316 0.860658520323686 0.3580553268017765 420.93231201171875 -0.9205805140121172 -0.390475040593401 0.007794863357842435 -302.7701416015625 0.14652038383129312 -0.32679680853372006 0.933667833361579 8.802111625671387
-0.2963482413931504 0.9483072623401785 -0.11353878639505871 421.28717041015625 -0.948647506323846 -0.2784911709665192 0.15003525065545614 -303.56005859375 0.1106599682303207 0.1521709692634332 0.9821396884072507 8.868576049804688
0.34136194537227266 0.9391379021030254 -0.038626714656907236 422.32818603515625 -0.93983712962806 0.34162280837089004 0.0001630131143711272 -304.4104919433594 0.013348858533479448 0.03624717415626689 0.9992536966864515 8.826654434204102
0.5677751739879217 0.7645355261387737 0.3051504236842769 422.986572265625 -0.8204119537803981 0.5559425119985895 0.1336119360196843 -305.35247802734375 -0.06749502127724126 -0.32621059551217324 0.9428844412113173 8.847789764404297
0.3568216096341009 0.9185476638344316 -0.1701426700226526 423.5806579589844 -0.893428158843347 0.2823481162200334 -0.3493789722533192 -306.24847412109375 -0.27288177638661837 0.2766762196707669 0.9214042574162424 8.85672378540039
-0.26546754803684725 0.8301082562946808 -0.49035422275199053 423.6932067871094 -0.9138274706664201 -0.3787663034870675 -0.14647675992510156 -307.03729248046875 -0.3073212241201662 0.4092143328063512 0.8591258900947727 8.833099365234375
-0.4054667723674924 0.853785679915697 -0.32656807755317907 424.3680114746094 -0.7991875036000201 -0.5045161842688487 -0.3267457021911217 -307.8469543457031 -0.443729681895922 0.1285046014027989 0.8868993949839248 8.883277893066406
-0.0008673710341637886 0.991308461483664 0.131555242610774 425.68035888671875 -0.7230684824964482 0.09025352935007169 -0.684854926287414 -308.5530090332031 -0.6907758082676119 -0.09571747296469052 0.7167056216337926 8.85601806640625
0.05022149579497698 0.977640297169727 0.20419904679014245 426.0932312011719 -0.6841845201216737 0.18262376441609002 -0.7060737235560968 -309.0805969238281 -0.7275777235361113 -0.1042497482989006 0.6780579961873658 8.813232421875
0.05577589258277127 0.9971248043555592 0.051294973881299666 426.979248046875 -0.5535631036995308 0.07363870103590531 -0.8295451958346136 -309.966552734375 -0.8309373863469726 0.017873618789506718 0.5560787657537641 8.856979370117188
0.03128683268401117 0.8942942783685344 0.44638422662310223 427.6396484375 -0.4538191852859716 0.41062460322647887 -0.790844853489908 -310.8307800292969 -0.8905443734968965 -0.17783469544045472 0.4186950440721995 8.805084228515625
0.0598164228573016 0.9943460823048402 -0.08773747296094625 428.05975341796875 -0.4775694186163691 -0.048675940595956924 -0.8772446085383041 -311.79486083984375 -0.8765554437449921 0.09437436840644364 0.47195765978412196 8.888778686523438
0.43524516445938866 0.7135712083070539 -0.5489788497655722 428.4924011230469 -0.31051775628815415 -0.4533701923715156 -0.8354844054192665 -312.5076599121094 -0.8450682634228374 0.5341082281188203 0.024249346615608514 8.918182373046875
0.21977547820305898 -0.23867388519241142 -0.9459035446110649 429.36541748046875 -0.22230666731405693 -0.9563521158761517 0.18965857778367248 -313.9370422363281 -0.9498834059232397 0.1685983599753205 -0.26324153958921137 8.859329223632812
0.08612865315779453 0.5611132747945273 -0.8232458611827851 430.2839050292969 -0.0759078694122885 -0.8202186447173184 -0.5669915080663662 -314.3653259277344 -0.9933880664002921 0.11132505426653272 -0.028051413975809708 8.55352783203125
0.1889363683918701 0.8283162506644772 0.5274421651556068 430.9147644042969 -0.24903791398041047 0.5599734037767703 -0.7901961177220145 -315.3209533691406 -0.9498858700386995 0.017943688244088596 0.31208149248717343 8.976104736328125
0.3141201972290235 -0.3936354857308056 -0.8639326397736528 430.8970947265625 -0.021585023205729026 -0.9127195005660507 0.4080161762230355 -315.9320983886719 -0.9491378132104987 -0.10951811567011088 -0.2952002606266815 9.083297729492188
0.3220436834307463 0.1472281715423493 -0.935206785404519 431.1011962890625 0.020421126055174293 -0.9886842685592407 -0.14861492090001527 -316.987548828125 -0.9465045396473257 0.028762520887009917 -0.3214060886467902 9.127365112304688
0.368481691634939 -0.3546032173559991 0.8593473111441194 431.69500732421875 0.07571440093576928 0.9327686964486481 0.3524342327533286 -318.0303955078125 -0.9265465840532745 -0.06480059541596722 0.3705567573435206 8.972625732421875
0.10109009655589983 0.0751580517354369 -0.9920343036597333 431.86614990234375 -0.23372936322469345 -0.9674398218127968 -0.09711218222964324 -318.5193786621094 -0.9670322523809111 0.24168462596979046 -0.08023194142574587 9.012588500976562
0.1817358110046891 0.9778682932556302 -0.1036614491688641 432.6418762207031 -0.22609126911105526 -0.06104086143429327 -0.9721917255701737 -319.1657409667969 -0.9570030475553464 0.20011900029902324 0.20999417298844075 8.852157592773438
0.07288350968320906 0.9627074829804714 -0.2605423117838307 432.7698974609375 -0.06400902271780495 -0.2561832946618456 -0.9645065912407823 -320.46075439453125 -0.9952843006030835 0.08697368423613716 0.04295042751153483 8.962310791015625
0.08169782663691783 0.5027403769941303 0.8605681718856464 432.9903869628906 -0.035407415068921144 0.8643735696102713 -0.501602080455548 -321.2782287597656 -0.9960280016550442 0.010509305352716852 0.08841817923969075 9.04901123046875
0.33080199599049603 0.6133067228450113 0.7172342038426615 433.2503662109375 -0.32390072162186667 0.7876432993220492 -0.5241243703224558 -322.0470886230469 -0.8863737146269276 -0.058931288346592725 0.4592044656493149 9.172378540039062
0.22014257412936167 0.4884746074060307 0.8443517069179305 433.5506286621094 -0.07280816255508066 0.8714001782902612 -0.4851398775003497 -323.01568603515625 -0.972746739146964 0.04532424511478969 0.2273972169656503 9.110198974609375
0.2814524312063815 0.4860537809650028 0.8273670593984527 434.4432067871094 -0.01664438119456918 0.8645653759511243 -0.5022446368863897 -324.54949951171875 -0.9594308174864238 0.12758696138758308 0.2514240914097463 9.100173950195312
0.5113055606886561 0.6940341267258705 0.5068365165896371 433.8404541015625 -0.35721012540875 0.7080290537520512 -0.6091763171270206 -324.33160400390625 -0.78164413252728 0.13042810273416353 0.6099352097582516 8.988357543945312
0.5006447904428912 0.5628053739789779 0.6577270747223171 433.85882568359375 -0.16854617518173817 0.8086387720821719 -0.5636448554870738 -325.133544921875 -0.8490859677523829 0.1713284778016199 0.49969948174896034 9.107208251953125
0.19337924783236404 0.9706300539196662 0.14311451685868554 434.2127380371094 -0.4472908383870922 0.21704515794949786 -0.8676533324465765 -325.8583984375 -0.8732327137726581 0.10377233657667806 0.4761259599713666 9.28094482421875
0.25879798068879 0.8177489429882909 0.5141111469642897 434.37542724609375 -0.5368074228322244 0.5642446005697116 -0.6272685401964235 -326.52569580078125 -0.8030326244827356 -0.11364284829877985 0.5849990658513142 9.27276611328125
0.10455693073211825 0.9919625263306122 -0.07126145235446574 434.47552490234375 -0.7816183953040303 0.03765754780150543 -0.6226191397764201 -327.5473327636719 -0.6149313232859674 0.12079840830642641 0.7792735156492887 9.143569946289062
0.04229434419120559 0.9769095137230434 -0.20942538157263177 434.7166748046875 -0.7660593706440729 -0.10285272259993095 -0.6344874767102879 -328.6328125 -0.6413768230126828 0.1872675077294196 0.744020598808238 9.289741516113281
0.46299561743513556 0.8793937443788241 0.11091303162049462 434.70684814453125 -0.6677636004044231 0.42835468607760635 -0.6087725658160668 -329.728271484375 -0.5828609029698077 0.20779534466091043 0.7855534752812654 9.339256286621094
0.5396545973808775 0.7613627846908846 0.35930436347673844 434.88677978515625 -0.6715872618894971 0.646681383521952 -0.361626517105565 -330.4769592285156 -0.5076844149601705 -0.046150821161438704 0.8603061295333619 9.350334167480469
0.5823235249226877 0.7982235732383008 -0.15407283812630687 434.90289306640625 -0.6646875084882929 0.3583693026272088 -0.6555623227383601 -331.49127197265625 -0.4680703241834945 0.48415965348340145 0.7392561136423501 9.42624282836914
0.08682450859089408 0.9918745426736889 -0.0929860005797107 434.899658203125 -0.9913408803319846 0.07679189270765407 -0.10651884432804241 -332.6121826171875 -0.09851275902417593 0.10142926998769307 0.9899532006611262 9.648837089538574
0.439776180678554 0.866102574847487 0.23761995023637433 435.1693115234375 -0.8292730238508687 0.4931828703632778 -0.26282486239599767 -333.82666015625 -0.3448233791682644 -0.08146770048793268 0.9351255803132476 9.542732238769531
0.11270996229919678 0.6921712635733047 0.7128782548807674 435.1606140136719 -0.9287428482322974 0.3283987126748246 -0.17202036905807933 -334.6987609863281 -0.3531758574079965 -0.6426921715696035 0.6798629173203037 9.579269409179688
0.5181909107111091 0.40015056618531114 0.7558820704567386 435.36407470703125 -0.8254058913744475 0.4654703753313501 0.3194408304729464 -335.6246337890625 -0.22401628186528072 -0.7894408490003966 0.5714891524681708 9.605331420898438
0.37672198038126786 0.4628224127561907 0.8024188206592326 435.1312561035156 -0.9062494598450404 0.3635140392014499 0.2157995825621989 -336.6546936035156 -0.1918136231558859 -0.8084880689002064 0.5563762903088402 9.664627075195312
0.5414284896130814 0.8349820438389349 0.09828619995631244 434.9913024902344 -0.8057728258749023 0.5487148459537117 -0.22280523088915327 -337.62982177734375 -0.2399694641342347 0.041436750554904575 0.9698956912918929 9.487079620361328
0.953374208834902 0.30099980116644404 0.021834322205784712 435.219482421875 -0.288764935422625 0.8888083454053043 0.35585746754600056 -338.7698059082031 0.08770649918217066 -0.34557031822141027 0.9342851412526914 9.6624755859375
0.9841017155891899 -0.15843081500122747 0.08027135374752435 435.2878723144531 0.14670059253198492 0.9798640603386984 0.13544504201824498 -339.9307556152344 -0.10011368300675925 -0.12151584306009838 0.9875277972595079 9.62680435180664
0.5906066822036966 0.36840989660015616 -0.7179539644179171 434.95050048828125 -0.8066708388409547 0.29333758133900023 -0.5130645389595894 -340.81744384765625 0.021584825687789355 0.8821718718374825 0.4704326560080412 9.587860107421875
-0.997409638880002 -0.04010843598639593 0.0597103477798368 435.2080078125 0.05957322624116037 0.004606358224957567 0.9982133099589099 -341.6111145019531 -0.04031182189486607 0.9991847150685544 -0.0022050371625101 9.68975830078125
-0.9559586645799353 -0.043821397965496986 -0.2902115033814066 435.201904296875 -0.24104034946431852 -0.44694335765775056 0.8614761662261674 -342.6058044433594 -0.16745919367017703 0.893488287626629 0.41669665024975727 9.487579345703125
-0.9957001561661816 0.07833291010620143 0.04944850053273213 435.2771301269531 -0.0604237290794767 -0.9538119536811114 0.2942647277183449 -343.4614562988281 0.07021518336351365 0.29001157254377874 0.9544438777717174 9.637153625488281
0.9532741292807031 0.06023875273387114 -0.2960400768699831 435.4718322753906 0.16902741251998976 0.7058411878899378 0.6879083887371337 -344.23870849609375 0.25039602285362916 -0.7058041584938345 0.6626781432881996 9.774749755859375
-0.7075068706882175 -0.5617047853551347 -0.42886100549957706 435.10888671875 0.6933325170450568 -0.6691991572084899 -0.26732472537985164 -345.516357421875 -0.1368358459502926 -0.4864773603165816 0.8629111942502999 9.751983642578125
-0.7641270013779341 0.6188759224858196 -0.18194097485858635 435.15997314453125 -0.6185669239544014 -0.7829982166849857 -0.06548857348974783 -346.76007080078125 -0.18298876018694898 0.06250108187430135 0.9811262550812639 9.775900840759277
-0.9522024424034807 0.04390041009378842 -0.3022966468130983 435.11163330078125 -0.2633736980120982 -0.6193008719670696 0.7396625752167398 -347.8607177734375 -0.15474108658103058 0.7839254964436508 0.6012620162202977 9.744918823242188
-0.8122297922242488 0.16613159564239613 -0.5591807020567364 435.3326110839844 -0.4415998460434779 -0.8014443805846384 0.40333172551100127 -348.97515869140625 -0.3811460882624008 0.5745321555479871 0.7243206897801923 9.739250183105469
-0.9062932764176643 0.32503956115328647 -0.2701514034859228 435.1732482910156 -0.37759791942680065 -0.9098461330992111 0.17204599771271614 -350.00408935546875 -0.18987445421827107 0.2579327388481181 0.9473216950253078 9.64535140991211
-0.5397465215699345 0.46013015518983724 0.7049495958847923 435.31866455078125 -0.8123174945184358 -0.06489764559889435 -0.5795934641582934 -351.0034484863281 -0.22093886157135592 -0.8854764456950259 0.40880005328626934 9.729400634765625
-0.5760303259152031 0.5759494390997046 0.5800614684899874 435.4450378417969 -0.6770107491263544 0.06152710276422696 -0.7333967965520526 -351.9388732910156 -0.4580889751930268 -0.8151666450647842 0.35448248416589884 9.5291748046875
-0.8571678449805706 0.5120921942030179 -0.054998819693731216 435.07318115234375 -0.08612207408777034 -0.24779458927532788 -0.964977113656429 -353.1380615234375 -0.5077856574246515 -0.8224107405440487 0.2565039959758995 9.54931640625
-0.31511594752012845 0.8660517326132022 -0.3881447359634834 434.9571533203125 -0.7541851770485299 -0.47678101346749907 -0.4515358057974828 -354.2696838378906 -0.5761134075325528 0.15044687312993615 0.8034046801124921 9.5286865234375
-0.655115203616021 0.46503117774648134 -0.5954578689671168 434.9511413574219 -0.30994284214717543 -0.884179402542806 -0.349517122214031 -355.48114013671875 -0.6890279418085095 -0.044416076399962034 0.7233724542477148 9.382926940917969
-0.48777526150060585 0.7348175285586158 -0.47129448754576303 434.8369140625 -0.14474794613648617 -0.6004811498653282 -0.7864289038086545 -356.2768859863281 -0.8608851992904074 -0.3153816551092043 0.3992631779456934 9.341827392578125
0.11885849338854282 0.946877015317175 0.29882532759698166 434.6755676269531 -0.257806202151233 0.32006738848989935 -0.9116429284306509 -358.27459716796875 -0.9588579773260286 0.031317482167210475 0.28215349480193075 9.1275634765625
0.18460322497713988 0.8000946934527279 0.5707627623074449 434.76751708984375 -0.20791749823111905 0.5993925010669322 -0.7729805583545037 -359.30322265625 -0.9605685624968954 0.024023138294424817 0.2770034757347547 9.00787353515625
-0.28571631067697917 0.5454185442627046 0.7879624365332958 434.6005859375 0.15915736681450926 0.8378259297313415 -0.522222791592329 -361.255126953125 -0.9450053557529754 -0.02379754281780902 -0.3261879129490038 8.711883544921875
0.07674921439583621 0.9881364037471323 -0.133026334533078 434.7403869628906 -0.3332130286712429 -0.10032839606010874 -0.9374984215814678 -360.8064880371094 -0.9397226375975836 0.11627837517651496 0.3215597982536845 8.657196044921875
-0.19848986466399393 0.9321133447523601 -0.3029298370254028 435.16766357421875 -0.9130698554508846 -0.2882012773844747 -0.28851943224132703 -360.316650390625 -0.35623757900110714 0.21932791944603128 0.9082896295009126 9.05705451965332
-0.2744228530267767 0.9607035725040883 -0.04172221847560166 434.49658203125 -0.9590204457360417 -0.27660786327222464 -0.0613830158612148 -361.36065673828125 -0.07051157633245729 0.023167558219545574 0.9972418873318829 8.6953763961792
-0.8070335008610983 0.461498149500457 0.36839705006356055 433.6893615722656 0.3736596359967186 0.8821877134591731 -0.286571657092036 -362.78173828125 -0.45724764068793117 -0.09361782004153707 -0.8843982693651038 8.656951904296875
0.42211103081929924 0.5715003851413799 -0.7037112955210562 432.2068176269531 0.7479528465686139 -0.6581739331463805 -0.08586974459337557 -365.860107421875 -0.5122390232797344 -0.4900963002409613 -0.7052778172603655 8.566604614257812
-0.41569055958341716 0.9075227824555658 -0.06003130847594135 432.3763122558594 -0.9061531308002344 -0.4189173200553503 -0.05826476206573551 -366.5376892089844 -0.07802475385516516 0.03017744657440866 0.9964945857876448 8.276406288146973
-0.0311770922886192 0.32358172439155997 0.9456864472732026 432.073486328125 -0.854167506457157 0.4827224358148805 -0.1933311171894262 -366.8691711425781 -0.5190624816235422 -0.8138021366405556 0.26134311272745814 8.64654541015625
0.844590206524995 0.17538367032727276 -0.5058734537654658 434.05133056640625 0.438066373879999 -0.7695939969379012 0.4645674676005355 -364.5085144042969 -0.3078396256457171 -0.6139752829387192 -0.7268212413122118 8.60638427734375
-0.1536204545656623 0.9196310370542843 -0.36149621246356206 433.5610656738281 0.47685006050754775 -0.25142609423221063 -0.8422582376760013 -365.152099609375 -0.8654563973609457 -0.3017675841199598 -0.3999019247783331 8.80438232421875
-0.09163548695421374 0.8813931165523927 -0.46341030591121346 430.9889831542969 0.5670291920778574 -0.33636788330369966 -0.7518873202902953 -369.33734130859375 -0.8185846522273651 -0.33166673209088826 -0.46895239199939537 8.397384643554688
-0.8524439676206527 0.5209703009800803 -0.043922973076563204 432.9339294433594 0.5055040351188342 0.7998574291390602 -0.3235641567442696 -366.31085205078125 -0.13343519980026397 -0.29802355367953454 -0.9451862297486594 8.57257080078125
-0.6968005765653261 0.7059158441790678 0.12708964330417546 430.09014892578125 0.531572209359386 0.38927485096849057 0.7522606440857054 -370.4934997558594 0.4815599056555786 0.59173297300422 -0.646492185509289 8.792816162109375
-0.5783321261541754 0.009235881245243105 0.8157491344498103 431.5859680175781 0.7879266609126905 0.26547813543355947 0.555601418851409 -367.5365905761719 -0.21143209047107547 0.9640726415080684 -0.16081173158288703 8.54248046875
-0.5998545169410683 -0.07721193405387816 0.7963748336964558 428.4358215332031 0.7474420268276751 0.3010728631529491 0.5921870883467681 -370.8258056640625 -0.28549076173693444 0.9504701196316199 -0.12288847240616116 8.58001708984375
-0.2627529376238684 0.580755030379755 0.7705092396971223 430.7013244628906 0.9070867192946085 0.4208697727620565 -0.007894178523393192 -368.07073974609375 -0.3288686325105692 0.6968444798258968 -0.6373799443713328 8.601959228515625
0.2780233877431253 0.933920384276705 -0.22471250899824669 430.476318359375 0.8500404182464012 -0.3481539228833901 -0.39524692703219017 -368.40496826171875 -0.44736370350679855 -0.08112682548551847 -0.8906650071555091 8.57293701171875
-0.8320559715569017 0.5492568686553866 -0.07745806885909179 430.44482421875 -0.5475424614114571 -0.8356321134779766 -0.04377469446852709 -368.6415710449219 -0.08877000139677499 0.005988585743668409 0.9960341478547847 8.981051445007324
0.8109787133474403 0.1487204689609085 -0.5658584174591537 429.5645751953125 0.493749006498187 -0.6928344348456154 0.5255400693326917 -369.2489013671875 -0.3138876312940406 -0.7055938406790443 -0.6353045623292911 8.585914611816406
-0.07062630911861582 0.9456037486612097 -0.31756176561127436 425.95733642578125 0.8100930597508926 -0.13138478011121382 -0.5713906492922028 -371.45379638671875 -0.5820319226672356 -0.29760979498833073 -0.7567478119712573 8.652629852294922
0.23975510048273924 0.9602999363546374 -0.14262371482257524 427.7393798828125 0.3193390754744489 -0.21674124661537889 -0.922521428960182 -370.58526611328125 -0.9168097112638129 0.175633892665656 -0.3586261132146863 8.467323303222656
0.833816672735313 -0.44869192999419405 -0.32159805382915074 427.73236083984375 -0.32680995841611615 -0.8707163450100323 0.36748918026579624 -370.0243835449219 -0.44491011153790216 -0.2013171589568452 -0.8726547966755674 8.647201538085938
0.486433290810295 -0.8216116722281429 0.29721526483332217 424.3042907714844 -0.7662204364773054 -0.23767373489533578 0.5970070673496497 -371.035888671875 -0.4198677128763232 -0.5181365223561996 -0.7451480711138082 8.727783203125
0.7747568737348429 -0.5430195604101025 -0.3238542011656352 425.30438232421875 -0.08006315249803636 -0.5923543808820173 0.80168957774313 -370.4459533691406 -0.6271695769189451 -0.5951857226630198 -0.5024064861498208 8.72686767578125
0.16476997003445176 0.3758587105872893 -0.9119106790966459 423.4194641113281 0.4475236226348794 -0.8523913898912617 -0.27046538710710644 -371.1946105957031 -0.8789615828684435 -0.3635369968997697 -0.3086541555309063 8.851371765136719
-0.2308707441527963 0.9223604238800421 -0.3097578860241706 423.89605712890625 -0.22769348540670065 -0.36073493775587584 -0.9044478876008352 -371.052734375 -0.9459674287192359 -0.13828070415677451 0.2932986032360603 9.065559387207031
0.0198985044660987 0.797565268574508 0.6029043803819024 423.8746337890625 0.06473397400614223 0.6007307080976122 -0.7968262853081051 -370.75494384765625 -0.9977041455909587 0.05488404788473944 -0.03967592668610104 8.818466186523438
-0.22329509074961612 0.943054570310885 0.24655096808342247 423.23046875 -0.14057514504767687 0.21913756361958397 -0.9655140376015761 -370.8626708984375 -0.9645610043133329 -0.2502534827462444 0.0836376908542425 8.869049072265625
-0.34270742998091386 0.7949581407290994 0.5005928204882792 423.00970458984375 -0.4578158723844775 0.32398036682305026 -0.8279138535536421 -370.7356262207031 -0.8203391033156453 -0.512911567818211 0.2529139758288336 8.805335998535156
-0.4226483023347254 0.7853878998997907 0.45225463980435904 422.39593505859375 -0.7129753028281662 0.019926669214169745 -0.7009059461947184 -371.03753662109375 -0.5594949777171006 -0.6186830970254683 0.5515402028540765 8.874893188476562
-0.5077338217156305 0.8467778892731669 -0.15866181810416805 421.86456298828125 -0.690054001071663 -0.5099866110211769 -0.5135553837553684 -371.25714111328125 -0.5157827467946453 -0.15126421525666495 0.8432599215495514 8.891731262207031
-0.8920506635344548 0.2835591670246036 -0.35190881273996527 421.7013854980469 -0.04663309691032705 -0.8322671899253485 -0.5524098830092707 -371.21112060546875 -0.44952304497132406 -0.4763670049133095 0.7556477411265332 8.954238891601562
-0.5887168745658776 -0.7809569602663539 -0.20861128400190024 421.20751953125 0.7245271274653725 -0.6242354563404727 0.29221659195565486 -371.0712585449219 -0.35843114145977983 0.020888304357665644 0.9333224499458378 8.885513305664062
-0.9299215096400643 -0.34291787213752967 -0.13286579272865065 420.6435546875 0.23570824528059456 -0.8330813027450704 0.5004169922407904 -371.29547119140625 -0.2822899378573154 0.4340309620122107 0.8555287926184997 8.86492919921875
-0.9199081205335566 -0.3804426798423439 -0.09503902951311556 420.00970458984375 0.2950394217664133 -0.8311461837419722 0.47132553596733523 -371.5249328613281 -0.2583036766679088 0.405535927638392 0.8768237120506659 8.899246215820312
-0.22486140639436003 0.7134610181238894 -0.6636344803669967 419.1223449707031 -0.9577486203209307 -0.2871732848253591 0.015782419205144282 -371.70086669921875 -0.17931795277580045 0.6391438649476628 0.7478904944656399 8.887039184570312
-0.5266931314653271 0.8268975003645309 -0.19706564682394007 418.62908935546875 -0.8468877569306097 -0.5304303669909216 0.037745899577522016 -371.57666015625 -0.07331761335646235 0.18677298965526723 0.9796634003099969 9.069713592529297
-0.5240926206617049 0.8252583218284277 -0.21041774454849083 417.9919128417969 -0.8466808640568915 -0.5315555246852666 0.024088142652495537 -371.8304138183594 -0.09196977442520117 0.1907810955768378 0.9773147569553422 8.948371887207031
-0.9880876791531028 0.1486358092808819 -0.039876490633612496 417.25030517578125 -0.14666010811752841 -0.987992337581685 -0.04859993381510651 -372.052001953125 -0.046621357689262635 -0.04217270538268976 0.9980219997214065 8.999436378479004
-0.9417952875693372 0.31691315284216903 0.1121948745167346 416.7561950683594 -0.3346112352416233 -0.8513676248666604 -0.4039907035798926 -372.1796569824219 -0.03251088375090456 -0.41801820640318726 0.9078567186253553 8.800262451171875
-0.9638297923929056 0.09287263787548099 0.24981353932463043 416.2154235839844 -0.2663470089819773 -0.30202250042985307 -0.9153369215979732 -372.0337219238281 -0.009560444665569795 -0.9487660841156524 0.3158346332016921 8.812164306640625
-0.8889015031921211 0.42540922163040173 0.1699444373158573 415.4784851074219 -0.4579638024791344 -0.8162371330939416 -0.35217339220536725 -372.01318359375 -0.011102848357065015 -0.3908758584389662 0.9203764393159797 8.8226318359375
-0.933642023112268 0.33769051927294597 0.11948927094931697 414.8739318847656 -0.3334746148976084 -0.9411948057358313 0.054286452037156 -372.0749206542969 0.1307947013365716 0.010837474293337965 0.9913502384390785 9.004728317260742
-0.8537772685453877 0.5082835917791235 0.11274824186341079 414.486083984375 -0.5105836561237238 -0.8597742838597837 0.00961825933975968 -372.1152648925781 0.10182684230843986 -0.049355558364880994 0.9935770342776562 8.879924774169922
-0.9041126762382042 0.4131135335832478 0.10916719761794251 413.7952880859375 -0.4046835292900149 -0.9098606940354618 0.09156832733366628 -372.1598205566406 0.13715505745968595 0.038609918669567436 0.989796829856289 8.931581497192383
-0.9861052205807038 -0.03924821797809558 0.16141893113580494 413.26153564453125 -0.024348285034050694 -0.9270483274109417 -0.37415045056831947 -372.3287658691406 0.164327888562418 -0.37288198673322875 0.9132115685921298 8.918296813964844
-0.86336250710285 -0.4378803812359009 0.2507308378675884 412.79425048828125 0.4857062606457968 -0.8558466645882977 0.1778086473784743 -372.2486267089844 0.1367282329972786 0.2752948572745001 0.9515871646148103 8.859373092651367
-0.9821752792693041 0.16852217913040612 0.08325860876452196 412.046875 -0.12816929520375286 -0.9244341826023963 0.35915744987847975 -372.2519226074219 0.13749310004228457 0.3420843714310532 0.9295557703889443 8.855525970458984
-0.6874286590902273 0.7213965194713016 -0.0838385374162981 411.35565185546875 -0.7116274845753595 -0.6460327804267051 0.2760941321562034 -372.7620544433594 0.14501090254997526 0.24945682654285628 0.9574670385098428 9.346664428710938
-0.28582007159427125 0.6707138883967165 -0.6844339022766209 410.4541931152344 -0.9465368620856991 -0.08610982453244553 0.31089076350375894 -372.8718566894531 0.14958226962713328 0.7367007384486246 0.6594673354931593 8.9014892578125
-0.9958471345295183 -0.0577693379223268 0.0703646803827306 410.0089111328125 0.08343440606181945 -0.8883840276214039 0.451455999353519 -372.8517150878906 0.03643054397698779 0.4554519986378247 0.8895146386667012 8.891326904296875
-0.9350099720258704 -0.3392414535843465 -0.10330338030365027 409.4894714355469 0.3503013614633173 -0.8382305299335668 -0.4179216850610147 -372.85479736328125 0.05518431270866051 -0.4269482578220355 0.9025906473998062 8.905265808105469
-0.8617699235863849 0.4886478915747072 0.1362932018169257 408.7243957519531 -0.49707306455771827 -0.867025363481384 -0.03442945789831636 -373.1129150390625 0.10134578083528921 -0.0974179508076756 0.9900700861895173 8.971416473388672
-0.7896339475420672 0.5532760222267998 0.26526189345253015 408.0246887207031 -0.611088500900657 -0.7480460808669788 -0.2588395351690719 -373.117919921875 0.05521841138714126 -0.36648697675148445 0.9287831947852185 8.933242797851562
-0.9832564666993724 0.16853427907755736 0.06930308412815431 407.470458984375 -0.1745058827704195 -0.980373661602207 -0.09173429301628636 -372.872802734375 0.052482545406855215 -0.10229213270085485 0.9933689656996175 8.931747436523438
-0.9867580495296661 -0.13588549036847997 0.08856458206149419 406.9461364746094 0.13842691490229408 -0.9901011990658196 0.02318630714580762 -373.0321960449219 0.0845372161775063 0.03513899707937657 0.9958005372388656 9.41579818725586
-0.9787981731454378 0.18713079565184604 -0.08328386137698361 406.32855224609375 -0.194546823552941 -0.7221547659085907 0.6638102345708216 -373.2348937988281 0.0640754999404173 0.6659388555972804 0.743249467482601 9.024826049804688
-0.4110137678089021 0.22619408882448722 -0.8831216885867941 405.57366943359375 -0.9060102458276112 0.006037399342504912 0.423212693884022 -373.435791015625 0.10105996797407873 0.9740635420700436 0.20245270776909632 8.902099609375
0.36504945579948145 0.6811527742780232 -0.6346414680068224 404.98590087890625 -0.9139139669178111 0.3921443261618469 -0.10480500241696955 -373.6558532714844 0.17748283267136697 0.6182667106940363 0.7656671068777372 8.933578491210938
-0.9428583982578688 0.1761802809802457 0.28280479032068784 404.6072998046875 -0.28817819040837217 -0.8572323359489505 -0.42673885782344945 -373.6919860839844 0.1672464391476319 -0.4838524886752448 0.8590200217662043 8.917984008789062
-0.9698213419227386 -0.20004120671518277 0.139391823171635 404.1497497558594 0.11550195462879548 -0.880428751766914 -0.45989619648251256 -373.66357421875 0.21472275898960158 -0.42991711838223845 0.8769637438878566 8.960617065429688
-0.9679242007054194 -0.2360833190704392 -0.08595003284152734 403.4812927246094 0.16015576795042788 -0.3161964223194304 -0.9350775114954913 -373.68017578125 0.1935791096192539 -0.9188495464269856 0.34386427460546004 9.005859375
-0.6545519879858397 0.1828730050606489 0.7335660563602117 402.8071594238281 -0.7039535063128388 -0.5012725779163332 -0.5031652448043027 -373.73309326171875 0.2757012077841615 -0.8457442087588904 0.45684305552033183 8.99676513671875
-0.6116848388426309 0.7145940575495077 0.339406822036617 402.07452392578125 -0.7320414632118738 -0.6739367073611481 0.09962233991346037 -373.9454345703125 0.2999282482006047 -0.1875223916926863 0.9353493457233886 9.035263061523438
-0.7583710709882274 -0.5699269658835574 0.3163172019459763 401.7266845703125 0.5832247796111548 -0.8100057593253196 -0.061151666431361565 -373.9221496582031 0.29107073905786024 0.1381083756278927 0.9466804642780667 9.050003051757812
-0.7269651603618281 -0.4835501962143562 0.48754575514628257 401.12664794921875 0.6286604592419771 -0.7542987934338854 0.18926002538795883 -374.22564697265625 0.27623845243877193 0.44408618303797975 0.8523378317480634 9.047134399414062
-0.9487811787854337 0.07749138689802763 0.306283136556917 400.0782470703125 0.032892557297452676 -0.93995618425849 0.3397064193515528 -374.5100402832031 0.3142170499144766 0.3323814926117871 0.8892638466238261 9.309294700622559
-0.869078015504202 0.45880785932345997 0.18492904366351418 399.2532043457031 -0.414479063163312 -0.8794473091860554 0.2340502864015976 -374.6258544921875 0.27001946071818783 0.12675874166475 0.95447457391228 9.25642204284668
-0.944366383279046 0.20596722862955946 0.2564169161017131 398.8253479003906 -0.1297996876242084 -0.9497460399946481 0.2848411848857925 -374.5081787109375 0.30219890010572853 0.2357116039679487 0.9236427147602826 9.210893630981445
-0.7584359187095375 0.6331414378374105 -0.15461848823603166 398.0703430175781 -0.5578797276727476 -0.5080132932275523 0.6562718212416847 -374.391845703125 0.3369646371104844 0.5839986417769079 0.7385123016847628 9.101806640625
-0.7736576917697271 0.6331137467993332 0.02491504724555535 397.6246643066406 -0.4895211250985342 -0.6222300321107808 0.6109000370123434 -374.70245361328125 0.40227210200037955 0.46043107057748295 0.7913156040411877 9.150497436523438
-0.8118565213419259 0.5602845097605527 -0.16422623687147175 396.9466857910156 -0.5031899942530402 -0.5287797340414143 0.6835143177364444 -374.93463134765625 0.2961229785717631 0.6375525554724637 0.7112228346814511 9.095710754394531
-0.8783617857298563 -0.4260080752423286 0.21678951357891918 396.38323974609375 0.4140434378238906 -0.9047177844333453 -0.10026845029715413 -374.9444274902344 0.2388484979321241 0.0016883004310110777 0.9710553767305047 9.071243286132812
-0.703414732281161 -0.5276409256920991 -0.4762381420514398 395.5888977050781 0.7095167860678122 -0.4813229489291464 -0.5146981145508044 -374.8250732421875 0.042351442688827734 -0.6999451924036161 0.7129397470566778 9.088958740234375
-0.9265487274002617 -0.3069933263568476 -0.2173995246667142 394.51611328125 0.2932075327597572 -0.951427696754084 0.09388653035528871 -375.2488708496094 -0.2356624672829578 0.023247266970047566 0.9715568774356611 9.460525512695312
-0.9799217414472381 -0.19447772695027485 -0.04395218264508391 394.01922607421875 0.07375746551050102 -0.5583878388888113 0.8262946554725803 -375.0556640625 -0.18523827066910262 0.8064622961436805 0.5615205677249793 9.350067138671875
-0.9744534988570717 -0.06533407329746366 -0.21487633055218708 393.3166198730469 0.0045979861351359355 -0.9623550453000735 0.2717565552272742 -375.3996276855469 -0.2245422835207485 0.2638261276899145 0.9380706461985859 9.376983642578125
-0.8575981572573489 -0.4247806998451171 -0.2899771675630554 392.6567687988281 0.3877941645832964 -0.9044050466230834 0.17795279586969637 -375.5000915527344 -0.33784772691841963 0.040160536373299124 0.9403435780257481 9.359573364257812
-0.8798440528412955 -0.13572278385883077 -0.45547093059976146 391.76641845703125 0.0771253343340296 -0.9864278656493802 0.144954298571213 -375.30242919921875 -0.46896281887124885 0.09240882972972507 0.8783703562303972 9.842018127441406
-0.897938607558466 -0.20678111810764316 -0.38852004613676816 391.0195007324219 0.08351968559424716 -0.9467753320395565 0.3108712478818614 -375.59930419921875 -0.4321234999096921 0.24669422335259603 0.8674164172934808 9.323959350585938
-0.8692635241363144 -0.4935137748712454 0.02872419917855068 390.3463439941406 0.16541778288201786 -0.23562370081358808 0.9576630037342502 -375.7839050292969 -0.4658517819140686 0.83721301090418 0.28645504300019686 9.43243408203125
-0.9092329342496713 -0.3796252538381163 -0.17082194801628653 389.7316589355469 0.07938463502469936 -0.5609329609106887 0.8240462930478866 -376.0528564453125 -0.40864844426196995 0.7356893909880132 0.5401551341882792 9.442489624023438
-0.9876760919224026 0.14638993051211513 -0.055370801778090416 389.19842529296875 -0.1429514112737839 -0.9878060105683817 -0.061678030933325696 -375.9583740234375 -0.06372465346884176 -0.05300258229215719 0.9965590272586163 10.049445152282715
-0.861745413980055 0.4712090681682964 -0.18803418721155396 388.158203125 -0.35664202259238215 -0.8262326661197513 -0.4360573920458892 -376.13262939453125 -0.36083418519530364 -0.3087095649840047 0.8800551660446226 9.53718090057373
-0.8993637604791458 0.30380445198881906 -0.31440051095471033 387.2265930175781 -0.17798298243161176 -0.9112510944367123 -0.3714074593389889 -376.1315002441406 -0.3993330493479824 -0.27807246868337654 0.8736182334743103 9.469427108764648
-0.9469949053654392 -0.10401992811231815 -0.30394161243142015 386.7082214355469 0.10656033041203596 -0.9942718893463656 0.008264746704331492 -376.15692138671875 -0.30306029960121994 -0.02456144562352138 0.9526548116681623 10.054027557373047
-0.9598734223608687 -0.008069906773755823 -0.2803174801005041 385.84228515625 0.006303201536771082 -0.9999541887115284 0.007203480315512065 -376.42181396484375 -0.28036276981015235 0.00514753173200642 0.9598803155713985 9.765296936035156
-0.8903065625232243 0.41491219785852 -0.18762220763090137 384.99505615234375 -0.3522463446746124 -0.8886384500770268 -0.29367365851923816 -376.548095703125 -0.2885770908985238 -0.19537034860211588 0.9373119488706165 9.764424324035645
-0.9526734037927798 0.14560735594496146 -0.26685554819151963 384.2330322265625 -0.009572829619838213 -0.8917605828625024 -0.4524062596669055 -376.5021057128906 -0.30384493847840993 -0.42844084859808507 0.8509504642537096 9.868465423583984
-0.9485720463847954 0.06099630508233392 -0.31062923813392795 383.468994140625 0.012240741412310383 -0.973459492234111 -0.2285317947879113 -376.44659423828125 -0.316324575502819 -0.22058120442505952 0.9226498226235952 9.904191017150879
-0.8624648698371926 -0.29770207485389766 -0.4093016282943408 383.1182861328125 0.3644634347247979 -0.9264469965229474 -0.09414014755784578 -376.286376953125 -0.3511705469502211 -0.23036804739653954 0.9075295089931723 9.942670822143555
-0.705875475173716 0.6649617090773294 -0.2440609329844453 382.7764587402344 -0.6226397125389023 -0.7467629899095733 -0.2338051010367138 -376.01763916015625 -0.33772711161195523 -0.013075257636917734 0.9411532477338503 10.1014404296875
-0.7656530281360804 -0.38393319983272906 -0.516111168811771 381.7373962402344 0.520968565462867 -0.840747351720155 -0.14743013387740223 -376.2524719238281 -0.37731577532037164 -0.38175802367697265 0.8437378840923518 9.955048561096191
-0.9312166432877694 -0.18366249700592666 -0.3148073227506104 380.6169128417969 0.18890508709345236 -0.9818947146440012 0.014058357812714112 -376.6807861328125 -0.3116896394397385 -0.04637732794936661 0.9490514802254946 9.992835998535156
-0.9994657147176409 0.019996685426505477 -0.02585377488701889 379.632080078125 -0.021171880055671034 -0.9987165652886774 0.04601058261851685 -376.8053283691406 -0.024900534107997443 0.046533372862285295 0.9986063331519562 10.143864631652832
-0.9393785976729293 -0.07409440104279195 -0.33478033091588655 378.80902099609375 0.18507031592231876 -0.9315010742246735 -0.3131369139572848 -376.81268310546875 -0.2886465457933868 -0.3561120167200046 0.8887448470450657 10.004610061645508
-0.6755528781637861 0.021620244869126087 -0.7369944869647423 377.912109375 0.4734707358252691 -0.7535217077800065 -0.4561036047011476 -376.6710510253906 -0.5652024160614523 -0.6570674249391013 0.49880720520276706 10.016555786132812
-0.202049263906593 -0.5647920424759824 -0.8001162688701013 377.075927734375 0.7357381932038928 -0.6267614512846695 0.2566308520903255 -376.4915466308594 -0.6464250969879461 -0.5368240232509565 0.5421757667443108 10.017898559570312
-0.43019535436482154 -0.5541439450374238 -0.7126404740549658 376.2293395996094 0.7020457741286982 -0.7016400967161454 0.12179041714435274 -376.7415466308594 -0.5675065533638909 -0.4479125616217065 0.6908767249158987 10.017601013183594
-0.733393520382361 -0.308503108361768 -0.6057720498605846 374.58624267578125 0.05784471421639323 -0.9161858034047193 0.39655713671156245 -376.862548828125 -0.6773388615002031 0.25579172342117784 0.6897700058213844 10.250839233398438
-0.1324434625678602 0.9351779870373477 0.3284826658802716 372.4996032714844 0.37935843841423356 0.35399482294109974 -0.8548536953975303 -376.103759765625 -0.9157215212208076 0.01139288776710451 -0.4016519608832704 10.099517822265625
-0.46888675905431076 -0.8742238379178524 -0.1260074934268805 371.0067138671875 0.004639748690370038 -0.14509800888495086 0.9894064081810432 -376.7676696777344 -0.8832461038213728 0.46333492101697166 0.07209071403836773 10.217437744140625
-0.12464289639307098 -0.1498455626247594 -0.98082131692802 370.6246032714844 -0.2800798959662667 -0.9430147068225176 0.17966222360854364 -376.3757629394531 -0.95185051360719 0.297101952329685 0.07557135480867198 10.14013671875
-0.21384682629238339 0.07990630136287397 -0.9735936102333358 369.4895935058594 -0.056120144488036816 -0.9960077764566693 -0.0694192957360083 -376.2236328125 -0.975253846066406 0.03979311800232644 0.21747745513578143 10.2674560546875
-0.1068114167210234 0.96777693889827 0.22803315064863272 369.1001281738281 -0.1848431039425238 0.20601942180022256 -0.9609313319722671 -376.29833984375 -0.9769464407954723 -0.14478879230726427 0.15688166699542255 10.11993408203125
-0.21551765177486104 0.8808443110389231 0.42150378584754705 367.9947204589844 -0.051668904522252035 0.42075637724198245 -0.9057010518463988 -376.12841796875 -0.9751320249478634 -0.21697320277068216 -0.04516816578645061 10.252456665039062
-0.12177548562438349 0.45185105804350767 -0.8837428089924739 367.7868957519531 0.08700425762532185 -0.8820825580409766 -0.4629909501868841 -375.63134765625 -0.9887370683129122 -0.13327033482680936 0.06810306600394674 10.147476196289062
-0.2081127087817514 -0.2509998420116074 -0.9453508236383306 367.13897705078125 0.054366953788567374 -0.9679870451752655 0.24504145508180916 -375.33575439453125 -0.9765927169394997 -0.00039960356183207923 0.21509650284865087 10.232208251953125
-0.39433353211662747 -0.8779419518275727 -0.27151242083856186 365.7597351074219 0.24680699719497678 -0.3857770580953235 0.888967022775826 -375.07269287109375 -0.8852047060335949 0.2835383407380896 0.3688070467703507 10.193267822265625
-0.15933010368489062 -0.9857601621958114 -0.053766352744532564 365.3410339355469 0.107448999019439 -0.07145419854536147 0.9916395565526622 -375.1075439453125 -0.9813606017512025 0.1522208925802485 0.117303747564133 10.06884765625
-0.19837154860715694 0.40468924435847425 -0.8926787463605065 364.2637634277344 -0.0447508880976667 -0.9135686253577088 -0.4042149487296288 -374.798828125 -0.9791047373584035 -0.04023657866411462 0.19933622605973572 10.229766845703125
-0.352849246717024 0.521524586980616 -0.7768587479496688 363.6083679199219 -0.05981187127047638 -0.8411347089376885 -0.5375080850326202 -374.60076904296875 -0.9337665388877207 -0.14319394748036104 0.32798710989707947 10.2152099609375
-0.417733840209511 0.8661511687378203 0.2743730883995783 362.7763366699219 -0.15906573547270403 0.22760021745694536 -0.9606748840331358 -374.2250671386719 -0.8945370481664483 -0.44494976560018457 0.04269865981501397 10.268257141113281
-0.5376635019703446 0.7591949608414482 0.3667982689189485 362.30535888671875 0.07543733122185203 0.47659789872137664 -0.8758787884133815 -374.121826171875 -0.8397780466927615 -0.44325777417584045 -0.31352093698120037 10.287681579589844
-0.6737639897902415 0.27828783982604277 0.6845421566761906 361.6513671875 -0.39599436743089655 0.6461506393265278 -0.6524398916842252 -373.5450744628906 -0.6238834402554211 -0.7106653428322464 -0.3251526156625323 10.301010131835938
-0.7482455599957343 0.5625910584059118 -0.35159619302316925 361.00115966796875 -0.36696693410297193 -0.7924956122893412 -0.4871200814760229 -373.14208984375 -0.5526878424768676 -0.23546126115320534 0.7994336390685641 10.21893310546875
-0.7513166621839846 -0.4347763179008045 0.4964804392091748 360.5121765136719 0.31780065013069037 0.420974970236329 0.8495780253814436 -372.88482666015625 -0.5783822437637821 0.796083932652293 -0.1781133130106576 10.2218017578125
-0.9003865648959782 -0.41025331821540056 -0.1449008234899775 359.5822448730469 0.1011246224519933 -0.5212388390831496 0.847398302668345 -373.0474548339844 -0.42317590253789517 0.7483330057698269 0.5108031597266545 10.173416137695312
-0.6679669605354087 -0.29724723036088224 -0.68224938525137 358.92877197265625 0.6429988301059948 -0.692069684159451 -0.3280122814008036 -372.6755676269531 -0.374663374398152 -0.6577869231827449 0.653409304780983 10.248855590820312
-0.40258211395401367 0.10920636076715357 -0.9088463084000021 358.3614807128906 0.7945982347031313 -0.45124129249667855 -0.4061956934195565 -371.9896240234375 -0.4544681363208921 -0.885694793206961 0.0948864919527208 10.295433044433594
-0.6886069644521441 -0.4162431171669011 -0.593769413088267 357.68780517578125 0.6186533405492788 -0.7643839375038756 -0.18161839200171742 -371.9549560546875 -0.3782703963241397 -0.49240112052802326 0.7838702977964693 10.066871643066406
-0.7554719188624442 -0.29989908010844696 0.5825141385068723 356.7592468261719 0.4982226453388236 0.31442390015203375 0.8080295828029866 -371.2842102050781 -0.42548369590606067 0.9006653944519525 -0.08812191415776043 10.162063598632812
0.01178952262250016 0.11304471943721162 0.9935199537823562 356.0863037109375 0.8467961416883533 0.5272856182969454 -0.07004406583662848 -370.8075866699219 -0.5317868948912257 0.8421346496520433 -0.08950938653224244 10.096710205078125
0.20321173590009964 0.9706677814045378 -0.1284875423364481 355.3216552734375 0.7991589146901757 -0.24024509684220763 -0.5510238856115937 -370.5513000488281 -0.5657296345991506 0.009292555432746041 -0.8245384338827636 10.018203735351562
0.6702658876713259 0.7417078356567276 0.024761388280583996 354.6741027832031 0.4684820203465153 -0.39700902325979365 -0.7892454827633487 -370.4344482421875 -0.5755590642464214 0.5406045893032326 -0.6135783907440566 10.015777587890625
-0.4719033478616147 -0.6590243651749094 0.58565699550403 353.92828369140625 0.8322487355067675 -0.11374071573252398 0.5426095205873553 -370.42138671875 -0.29097984900055573 0.7434715432956804 0.6021468191273228 9.994781494140625
-0.723959351063277 -0.03362191956971308 -0.6890228040729034 352.8520812988281 0.5191356971510517 -0.6843146279914886 -0.5120660288091392 -369.7183837890625 -0.4542917410117979 -0.728411323663573 0.5128703126592055 10.113960266113281
-0.43962770851405947 0.1683606548783279 -0.8822596940785731 352.2120361328125 0.770892143197045 -0.43335337571299576 -0.46682989976566125 -369.2516784667969 -0.46092600432579556 -0.8853584255244265 0.060726245472324344 10.180145263671875
-0.23899966587002852 -0.4945559327494197 -0.8356396287254251 351.7763671875 0.8999452171861899 -0.43600250789882594 0.000647433112986262 -368.9427185058594 -0.3646611657110148 -0.7518751508650128 0.549277700015209 10.221504211425781
-0.9693972533410021 0.1714737037418013 -0.17568646544338506 350.9842224121094 -0.005857242229280968 -0.7315857614899427 -0.6817242597257693 -368.49993896484375 -0.24542750035069072 -0.6598325867295807 0.7102015907905037 10.18664836883545
-0.10821829691373391 0.7827852209101672 0.6128100016625967 349.9543151855469 -0.994124587376915 -0.08661290451851039 -0.06491925402795357 -367.8789978027344 0.002259421556395802 -0.6162349411510908 0.7875591357598122 10.254348754882812
-0.7392211462417795 0.6722478689831353 -0.04043389168288214 349.325927734375 -0.6697618558439431 -0.7275470744453298 0.148641551803387 -367.5023498535156 0.07050640683985297 0.1369600566357767 0.9880641626336106 10.311813354492188
-0.9819021465453616 0.17907032792338057 0.061660297331627756 348.99151611328125 -0.017042612837662105 -0.40779872668832057 0.9129127821753019 -367.2455139160156 0.18862058200863802 0.8953401678517489 0.4034702713632385 10.291069030761719
-0.8708665414785342 -0.17260115651685057 0.4602176742610633 348.3494567871094 0.44770551831118943 -0.6649839786424139 0.5977926705996107 -366.98992919921875 0.20285767376889083 0.7266396279573192 0.6563867878584416 10.319292068481445
-0.9295360395132163 -0.2725748867998091 0.2483257584950781 347.68035888671875 0.2504526609711576 -0.9609920649636413 -0.11733590963291358 -366.6725158691406 0.27062190572559164 -0.04687410973008578 0.9615438637828547 10.537879943847656
-0.7227900075086668 -0.4202288253681681 0.5486185736696413 346.76702880859375 -0.5113378598410833 -0.20881846699347997 -0.8336236806471096 -366.4259948730469 0.46487438963526767 -0.8830643137236285 -0.06394700688112577 10.283782958984375
-0.9650472634924834 -0.2320578564304705 0.12179051890259854 346.183837890625 0.04659794429400027 -0.6092448023143178 -0.7916119014015397 -366.0472412109375 0.25790000157666215 -0.7582677113802769 0.5987634483373836 10.281280517578125
-0.8377584485431123 -0.45269903293797764 0.3053266569948606 345.6240234375 -0.35072459336507333 0.01754092238045243 -0.9363143572812215 -365.27490234375 0.41851289287612314 -0.8914908309225972 -0.1734677401633972 10.382171630859375
-0.8930302052581708 -0.05585023625719776 0.44651741691289537 344.8548889160156 -0.3314948196266263 -0.5893852831701384 -0.7367063000566548 -364.7952880859375 0.3043160151179358 -0.8059191889342695 0.5078247964113896 10.98419189453125
-0.989062630651706 0.013477818543196856 0.14687906949474946 343.9229736328125 -0.01665485203039722 -0.9996527200768294 -0.020421928088250465 -364.70562744140625 0.14655281830170433 -0.022644815086742456 0.9889436201308518 10.825431823730469
-0.478368537389221 0.451937810266567 -0.7529380838339618 342.63983154296875 -0.720387362956983 0.2883739613043166 0.6307792844835194 -361.3149108886719 0.5022007464430748 0.844152044416832 0.18762125726820375 10.336997985839844
-0.7937310799346623 0.3997538736937925 -0.45846244471337255 342.0942687988281 -0.4209504786591139 0.1830735337066684 0.8884170055625997 -362.1763610839844 0.439080479254564 0.8981541748068429 0.022965430860788227 10.496524810791016
-0.8886285004255292 -0.12205659834915167 0.4420877458501977 341.4512023925781 0.2320441564177304 -0.9511086792561976 0.20383274937044618 -361.4383544921875 0.3955943600506193 0.28371546845909745 0.8735047997882872 10.501197814941406
-0.8736210292730584 -0.23835771849707987 0.4242309456472371 340.87646484375 -0.1999585679699158 -0.6189593286384396 -0.759543231545692 -361.4583435058594 0.44362469307659463 -0.7483815521004771 0.49307421770802234 10.508087158203125
-0.9115909943692506 -0.4075187415928697 0.05413256169298114 340.1545715332031 0.1169771017969368 -0.3833670765037519 -0.9161583063576704 -361.06890869140625 0.39410432202662987 -0.8288293913125486 0.3971443357979566 10.457611083984375
-0.8064331587525633 -0.5904869650281803 0.03147546022176417 339.9669494628906 0.4700873793157425 -0.6724743498585164 -0.5716608300298553 -361.27789306640625 0.3587247081989482 -0.4462100322876823 0.8198860840466834 10.684738159179688
-0.03409160824635682 -0.9415026860671656 0.3352766833161662 338.91094970703125 0.9673028359944968 -0.11544458816407949 -0.22582685965276453 -360.50164794921875 0.25132247357564397 0.3166152857837694 0.9146539100030577 10.370231628417969
-0.007144379903981368 -0.6609876796366871 0.750362742414824 338.0889892578125 0.9835278133316381 -0.14017893849162527 -0.11411794603149561 -360.1891174316406 0.18061560906763785 0.7371873252924722 0.6511012587833453 10.428159713745117
-0.876609183667256 -0.45206120235663216 0.16491515525901074 337.22039794921875 0.4769290202026252 -0.8617827303128314 0.1728271836926304 -360.30767822265625 0.06399256830907371 0.2301547198265514 0.9710477620296393 10.85594654083252
-0.9889799555206001 0.09604692793507835 0.1126660339796577 336.2622375488281 -0.08623804308513008 -0.9922975296241151 0.0889303807859002 -359.7159729003906 0.12033971706514342 0.07823426574150118 0.9896452658203185 10.480939865112305
-0.9414443875370596 0.287829163512303 0.17560420782765673 335.5319519042969 -0.31991893274380706 -0.9270155066995697 -0.1956888520345598 -359.58319091796875 0.10646286510814157 -0.24040928220505206 0.9648155447455319 10.509544372558594
0.05018405602724407 -0.19238575551960735 0.9800353471144825 334.9888000488281 0.9982135610425662 -0.02219407217961178 -0.055471701892090775 -359.1751708984375 0.03242294051089806 0.9810683687864143 0.19092828154935748 10.466915130615234
-0.7408672799282586 -0.2438377271056608 0.6258265225856512 334.45977783203125 0.6642356419524824 -0.4040761151049831 0.6288986445856263 -359.27947998046875 0.09953233390048094 0.8816267101452914 0.4613324814780696 10.809158325195312
-0.8810410931220654 -0.012386576221343232 0.47287753695834295 333.2856750488281 0.4703423994687055 -0.12954044861525274 0.87292456686393 -358.5604248046875 0.05044422159471634 0.9914967699907409 0.11995639043265358 10.585296630859375
-0.7603504424429935 -0.6333383868449133 -0.1440475352979958 332.5357971191406 0.6495129897480959 -0.7415126239336566 -0.1682019758965805 -358.4300231933594 -0.00028429779152559786 -0.22145319210999628 0.9751709608468964 10.530519485473633
0.004546130264533488 -0.3032957965063824 -0.952885613555571 332.317138671875 0.9989912145749066 -0.04119390777824378 0.01787778409396823 -358.5718994140625 -0.044675338854572644 -0.9520056311721673 0.30280256325650956 10.591560363769531
0.1754171741162292 -0.9763063693603606 -0.12670709597914376 331.69561767578125 0.9839704907603166 0.17806313142384306 -0.00977724605588752 -357.8278503417969 0.03210744988283422 -0.12296094653964977 0.9918919887205941 10.597349166870117
-0.9022199589442788 -0.2145597085643313 0.3741166624775931 330.9000244140625 0.4119860091801517 -0.6853119544735482 0.6005123256815448 -357.61566162109375 0.12754087157611904 0.695925036563878 0.7066977214914232 10.575080871582031
-0.9587158050887242 0.06263235570188577 0.27738275557848174 329.9970397949219 0.18763675913477004 -0.5936194452373057 0.7825652693913485 -357.2438659667969 0.2136737037973545 0.8023048935756194 0.5573602121161274 10.554462432861328
-0.8474431328943209 -0.3025013092306931 0.43627181254806596 329.3524169921875 0.45095962586959765 -0.8438104460035559 0.2908940478092194 -356.8840026855469 0.2801348824152586 0.44325713657988236 0.8514972451659446 10.568838119506836
-0.8297772256412683 -0.5112519504583094 0.22381063191826706 328.7774353027344 0.5460616761055904 -0.8265683440435807 0.1363870173946408 -356.5086975097656 0.1152666547438279 0.23538524970275274 0.9650426843028965 11.162303924560547
-0.751311049657701 -0.6271317987955496 0.20551742894874445 327.8916931152344 0.6468355018141188 -0.7615357555299526 0.04083046218574991 -356.1951599121094 0.1309027893328524 0.16361234668839342 0.9778013396165892 11.160979270935059
-0.711993169462954 -0.6499944462522471 0.2656556915997325 327.2083435058594 0.6214790546959787 -0.7594206184014773 -0.19246846214616725 -355.7373352050781 0.3268478410702606 0.02806321770489803 0.944660227065667 10.710945129394531
-0.7029174719254918 -0.682924106539434 0.19880063473035364 326.5299072265625 0.6597988533393624 -0.7304538263413698 -0.1763595211926896 -355.626220703125 0.26565485275811973 0.007202242051469229 0.9640412993827048 10.770606994628906
-0.8853347107427388 -0.4244972545435476 0.18969589041163087 325.712890625 0.2919944984456946 -0.8251171757524133 -0.48365365620018663 -355.129638671875 0.36183098655521223 -0.37280521343370665 0.854455739055646 10.618789672851562
-0.8735331037934735 -0.48672982138156656 -0.0058307422176710755 324.774658203125 0.3962497813014458 -0.7040895808534089 -0.5892741068061851 -354.5994873046875 0.2827119159064523 -0.5170608698321109 0.8079121421868616 10.691902160644531
-0.7973645483717642 -0.6032490925850407 -0.017329434359425647 324.0307922363281 0.5820796039562537 -0.7611665560819196 -0.28602239171176946 -354.1185302734375 0.1593521623889163 -0.23815122548018722 0.9580662201248207 10.847858428955078
-0.8606472618967491 -0.44216939025907737 0.25253221756351124 323.2379150390625 0.5015429118828021 -0.8218005763208589 0.2703673802418191 -353.85113525390625 0.08798294226580876 0.35934668925234353 0.9290473393716983 10.779010772705078
-0.7190711460185293 -0.5060117434949954 0.47632846063273804 322.47784423828125 0.6940090677051761 -0.5582854934634696 0.4546083168302604 -353.51641845703125 0.03589012268843769 0.6574719942578582 0.7526237279411297 10.814338684082031
-0.7974135934609948 -0.5513612714377831 0.24521890082563774 321.7422790527344 0.6033111974246248 -0.7202859726009162 0.3423502836809359 -353.1691589355469 -0.012130953206084483 0.420938078620672 0.9070082546159369 10.830001831054688
-0.9761773430114687 -0.2142397740482288 0.034338232436065715 320.86517333984375 0.18495483266229273 -0.9043791732582739 -0.38456471607720893 -353.16021728515625 0.11344384014098205 -0.3690523407220782 0.9224591399848682 10.905525207519531
-0.9926308993548286 -0.047912083865190164 0.1113028744719532 320.0416564941406 -0.12095047153947852 0.3355875972019546 -0.9342119395718494 -352.61932373046875 0.007408176590914868 -0.9407897729163056 -0.33890960755883587 10.8887939453125
-0.96122077831617 0.04197358622628862 -0.2725671172253925 319.3411865234375 0.27469426601033226 0.23333680786273972 -0.9327898982715626 -352.14984130859375 0.024447403835609866 -0.9714896562268336 -0.23581809152388508 10.827163696289062
-0.8752752189805011 -0.19731259275864219 -0.4415439182884281 318.7469787597656 0.4832345664128759 -0.3934979690526134 -0.7820765321726694 -351.6979064941406 -0.019433086795352578 -0.8979014918632949 0.43976728624043154 10.815101623535156
-0.8023202447166449 -0.5269960054083465 0.28028099329328265 317.895751953125 0.5967764404300644 -0.6989155319733278 0.39417630486124067 -351.2949523925781 -0.011836598558909006 0.4835207228755414 0.8752528808775604 10.861881256103516
-0.9585095513240675 -0.16055018411951288 0.23554846295343462 317.0298156738281 0.28501472741701717 -0.5249665685655888 0.8019829842608099 -351.1964111328125 -0.005103447456226137 0.8358431313755361 0.5489446370595126 10.927955627441406
-0.8727641565931266 -0.3972764730593772 0.2836443740316216 316.06402587890625 0.4877604768738236 -0.6867746643781276 0.5389158353287925 -350.8967590332031 -0.019298812556959755 0.6086969396356549 0.7931680726756967 10.959754943847656
-0.6058009139851642 -0.7644526504874688 0.22049353228025345 315.50421142578125 0.7937792255257431 -0.5619062682004475 0.23275714141739645 -350.6115417480469 -0.05403511579048323 0.31602767429408796 0.9472099637048687 10.963493347167969
-0.9269432876991919 -0.3751893844498661 0.0030111767705368114 314.573974609375 0.3750852857611637 -0.9264267092888612 0.03231997403584699 -350.368896484375 -0.009336476577329611 0.031088231090594717 0.9994730372014938 10.952041625976562
-0.993310067845344 -0.09705794387169091 -0.0625688792330306 313.72607421875 0.09698966244446323 -0.9952767999754856 0.004134828831542171 -349.9974365234375 -0.0626746718857542 -0.0019613673691519853 0.9980320829222156 10.970184326171875
-0.9809908479544254 -0.19147254874699077 -0.03154709663327013 313.0008239746094 0.18191968906466244 -0.9639999211851897 0.19393137622768697 -349.6758728027344 -0.06754393355642077 0.18450586720014994 0.9805077266439294 11.036720275878906
-0.8268495876489808 -0.5591810883991734 0.060301490706496916 312.26190185546875 0.5415518041863766 -0.7626389241408436 0.3536997522868466 -349.1229553222656 -0.15179394845378508 0.3251128754171573 0.9334132072403931 10.949478149414062
-0.5180300856843938 -0.779382545180703 0.35243109765380937 311.28778076171875 0.8344429065590266 -0.3699041296819079 0.4085045538762005 -348.8863830566406 -0.18801560046746896 0.5057012785349861 0.8419717043160877 10.930442810058594
-0.590711155083964 -0.8065812050465986 -0.022070136495859552 310.32073974609375 0.7648461686305323 -0.5684402472873519 0.3031270749951072 -348.71759033203125 -0.2570421552791763 0.1621802852675721 0.9526945394406146 11.084945678710938
-0.8858508777443188 -0.2579083180971491 -0.38568318845383864 310.22900390625 0.4040240391077029 -0.8374841304509877 -0.3679468807665723 -348.4303283691406 -0.2281069885442286 -0.4817713469054096 0.8460872124540296 11.069504737854004
-0.8207530477871255 -0.391379318174207 -0.4161570182679102 310.4986572265625 0.5019217729108787 -0.8419190386079688 -0.19810821867715162 -348.0806884765625 -0.2728350571795075 -0.37147619268928483 0.8874494181861458 10.933303833007812
-0.5231892787834354 -0.847466078308262 -0.08985668969466643 309.3652038574219 0.7989962168858825 -0.5244589892432774 0.294190098412519 -347.5874938964844 -0.2964422776327907 0.08212195028574656 0.9515135108410961 10.993858337402344
-0.6755031401614338 -0.7138897725192104 -0.1845451173142012 308.81500244140625 0.6614515978188396 -0.6972813371933615 0.27618928390642095 -347.2090759277344 -0.3258485712335505 0.06449906584058154 0.943219263549439 10.965904235839844
-0.9324552017949468 -0.3439703672118758 -0.11050648454128217 308.9244079589844 0.30663397454948416 -0.9152255882056086 0.26141485869338826 -346.6230163574219 -0.19105732725423433 0.20987260224675633 0.9588798613635825 10.987136840820312
-0.9211805728495482 -0.21405843387933504 -0.3249697510380074 307.4661560058594 0.32272024098886937 -0.8868725650791293 -0.33061866155141917 -346.426025390625 -0.21743504377322495 -0.4094338044117658 0.8860507669113794 10.991037368774414
-0.9271522068414024 -0.1067936001854978 -0.35914330330459665 306.91412353515625 0.31922773677477145 -0.7269877000587535 -0.6079330029180364 -346.0809631347656 -0.19616941000771415 -0.6782949291589199 0.708119729745275 11.041614532470703
-0.9799108394842365 -0.008897735921762392 -0.19923748883371634 305.5151062011719 0.1479258100218679 -0.7024680224634156 -0.6961728464581999 -345.9017639160156 -0.13376360263791087 -0.7116596853214355 0.6896722343965446 11.091205596923828
-0.9855940191753033 0.15946183670966674 -0.056359134122621196 304.12841796875 -0.13075263241431773 -0.9297749527699507 -0.34412539330651315 -345.5649719238281 -0.10727617854210847 -0.33179882434212393 0.9372306875484745 11.099824905395508
-0.9968147224524849 -0.06311848496940448 -0.04874900980678756 302.8941650390625 0.04954405987303123 -0.9690918970776995 0.2416739149135524 -345.268798828125 -0.06249636176028733 0.23848889255793976 0.9691322164148782 11.109745025634766
-0.9019519550534615 -0.43099130825932275 0.027003017982364624 302.92803955078125 0.43102374973102464 -0.894658501743777 0.11749337183597672 -345.28900146484375 -0.02648014242872407 0.11761231849809561 0.9927064745404137 11.33416748046875
-0.8756331486017328 -0.4813882931043528 0.03913949836026581 302.74285888671875 0.4829554911285 -0.8734759190319972 0.061593932006628195 -345.0959777832031 0.0045368115064282205 0.0728363242708302 0.997333588729503 11.435131072998047
-0.8493650174929274 -0.5277059542053183 0.010270976365153612 302.0763854980469 0.5271102069144128 -0.8470860555943199 0.0678236255614618 -345.0625915527344 -0.027090530188314962 0.06302095138849394 0.9976444571390174 11.368597030639648
-0.7994360631541879 -0.5552818427357828 0.22926852391134467 302.0626525878906 0.5903734763848789 -0.7967933311705517 0.12876158504526364 -345.14154052734375 0.11118066068236136 0.23829071012124897 0.9648089956878225 11.172281265258789
-0.8098346225780156 -0.5290657712091156 0.2534902242865134 301.9296569824219 0.5801089699435351 -0.7865638375945222 0.21163863631111637 -345.1376037597656 0.08741548526990982 0.3184442480615438 0.9439024281203775 11.1367826461792
-0.8367004320728768 -0.5264876617957841 0.15080825224724775 300.1996765136719 0.5466101292313326 -0.8198587044049732 0.1704378814498257 -344.1071472167969 0.03390801661506117 0.2250387673006744 0.9737596210672457 11.112417221069336
-0.6631697309909873 -0.7478260155103569 -0.0310186786186206 299.6016540527344 0.7482406653586167 -0.6613741141627528 -0.052155419844240276 -343.83685302734375 0.018488228715498677 -0.057797332475968584 0.9981571287916678 11.187864303588867
-0.8179848630169775 -0.5747822678890648 -0.0229370528926531 298.7743835449219 0.5738566455207654 -0.8181325537287929 0.03671069218713703 -343.5801696777344 -0.039866204569178665 0.01686621028884343 0.9990626690472131 11.256010055541992
-0.9337015242233866 -0.34688830192858255 0.08871284939640817 298.28643798828125 0.35786696711738775 -0.8961493501402105 0.26238821636933646 -343.30926513671875 -0.011519440486751097 0.2767396759201393 0.9608758786973941 11.261573791503906
-0.966029665932812 -0.24788400568794422 0.07307670122438778 297.64178466796875 0.2584281230891885 -0.9252130706572932 0.2778411040172087 -343.3641662597656 -0.0012608466752250733 0.2872878236351158 0.9578434718975015 11.290729522705078
-0.9118574817180614 -0.38463136705478446 -0.14343864372045195 296.2710266113281 0.3546547972925989 -0.9140993749272486 0.19657646734784612 -342.84521484375 -0.20672664993207973 0.12837851936823752 0.9699397135764048 11.189964294433594
-0.9013900423334712 -0.4305990368624098 -0.04561207115696527 295.2834167480469 0.4308941200458816 -0.9023950834588933 0.003656591186100333 -342.2552795410156 -0.04273463340135703 -0.01635795838061551 0.9989525355619603 11.307998657226562
-0.9255739940252532 -0.3761961042332622 0.042299796026189586 294.6104736328125 0.3744421638007458 -0.8933075427089054 0.24858539801764856 -342.4574890136719 -0.055730131458270944 0.24592300685192886 0.9676859134804795 11.346439361572266
-0.7840212871423815 -0.5852894941307903 0.20675306374447555 294.0761413574219 0.6192899497689143 -0.7148274510671702 0.3248102112249988 -342.8482971191406 -0.04231523865960307 0.3826982143424978 0.9229038396909207 11.336784362792969
-0.9220436747725735 -0.37983157903941733 0.07458842655741907 292.92047119140625 0.3837259727845016 -0.8715771920214976 0.30513534072360315 -341.8072204589844 -0.050890466911559795 0.3099696274029834 0.9493834791406364 11.316818237304688
-0.8710566198856545 -0.48771908192673863 -0.05822767450205806 291.8887634277344 0.48827310026822346 -0.8726749857609234 0.00526771123254189 -341.85205078125 -0.05338299830316571 -0.023842532409777243 0.998289431548012 11.373876571655273
-0.8196800425771693 -0.5617047223880939 0.11230508736297015 291.8697814941406 0.5634872267772294 -0.8259238528377861 -0.01821907166939079 -341.544189453125 0.1029891890423324 0.04834867278945177 0.9935067351457167 11.198802947998047
-0.9053174319986185 -0.4209970382489457 0.056230250800105235 291.6846618652344 0.4184770281681807 -0.9067693203047399 -0.0514429455767036 -341.2616882324219 0.07264519402517039 -0.02304112713596649 0.9970916619074445 11.359278678894043
-0.9775871393415898 -0.20696726821022696 0.03857375900171807 290.57867431640625 0.2005493440392068 -0.971220703302732 -0.12849243589250736 -340.4730529785156 0.0640573617890287 -0.1178766107662679 0.9909600188881924 11.430257797241211
-0.9355804360563018 -0.3530265202519496 -0.007843702410214813 289.2113952636719 0.3530113844454509 -0.9356132664954697 0.0032829879048447675 -340.14190673828125 -0.008497653829516056 0.00030258300857418166 0.9999638485079931 11.521051406860352
-0.7758014212314074 -0.625375432779134 0.08389113714593982 288.3531494140625 0.6309651930453967 -0.7697176791903567 0.09704442027750078 -339.5769958496094 0.0038832950587704973 0.1282195867179489 0.9917382001321541 11.557506561279297
-0.6643202206993424 -0.7454798029067806 0.054208005202595416 287.59600830078125 0.7473608161212695 -0.6636017119927917 0.03293293741508577 -339.21063232421875 0.011421685362817003 0.06239095526038513 0.9979864296698474 11.527609825134277
-0.8403374927666192 -0.4717881403443559 -0.2669248000488656 286.9437561035156 0.5401272117365902 -0.6871954051557951 -0.4858241145460151 -339.204833984375 0.045776559420397975 -0.5524295663369017 0.8323016765839497 11.517780303955078
-0.9539274772658445 -0.26181070767616527 -0.14655211176686317 286.0231018066406 0.2721752234894032 -0.5495393723945282 -0.7898905784390148 -338.6917724609375 0.12626565580439925 -0.7933861805793782 0.5954790950402469 11.636184692382812
-0.87385300232217 -0.4848078672214697 0.03663689687595609 285.31695556640625 0.46586664241474524 -0.856503205357426 -0.22219480348934087 -338.46484375 0.13910140839596677 -0.17709768799344813 0.9743137108188684 11.699474334716797
-0.842408844080455 -0.5025969955286843 0.19427712037337613 284.3753967285156 0.5194927377393054 -0.8532820931412562 0.04513274820568341 -338.0724182128906 0.14308960427352108 0.13894577938899774 0.9799078709444227 11.611048698425293
-0.9437912998112316 -0.005734166301503155 0.3304922113113301 283.4574279785156 0.23780210706590643 -0.7062384708710535 0.6668413455513473 -337.97509765625 0.22958253477919732 0.7079508045044818 0.667905321228852 11.651229858398438
-0.897310555514667 -0.056782158692592316 0.43773228509691736 282.66461181640625 0.36206201735617516 -0.6619234345510558 0.6563295379457721 -337.1148986816406 0.2524774495869609 0.7474176564989239 0.6145095476912628 11.670356750488281
-0.8788973829489239 -0.4487891886893085 0.1616405096537521 281.99200439453125 0.40527855367723886 -0.8812637790231785 -0.24315313222550072 -336.4500427246094 0.25157242331944474 -0.14819721960070187 0.9564250623691348 11.629226684570312
-0.8580895107313365 -0.2748349360468809 -0.4337604748025828 281.0869445800781 0.43376590667771586 0.06413969855901991 -0.8987398051009073 -335.75531005859375 0.2748263629583491 -0.9593497052675134 0.06417642266612256 11.6397705078125
-0.9103370767974798 -0.24248273016100225 -0.3353931009747908 279.3719177246094 0.29263790801963335 0.19592166139140219 -0.9359368340799104 -335.9242248535156 0.2926592923481369 -0.9501667370368738 -0.10739511362714974 11.707489013671875
-0.973547931184248 -0.05344819153791441 0.2221434592964596 278.9432067871094 -0.03717404507826377 -0.9222467015497787 -0.38481048823163994 -335.2602844238281 0.22543849728782037 -0.3828894256856414 0.8958644828537013 11.832389831542969
-0.8330138384768557 -0.3353066437686204 0.4400652219281574 278.1229248046875 0.513664375767464 -0.7642074150523499 0.3900460688770325 -335.00360107421875 0.20551606743385392 0.5509596005367624 0.8088304300673255 11.821276664733887
-0.9642760596675031 0.06218798427293152 0.2574962822337131 277.47412109375 0.14514423980865868 -0.6891155441685575 0.7099668417860372 -335.2071228027344 0.22159609744415856 0.7219781308303894 0.6554713938839561 11.781318664550781
-0.8151143639917625 -0.5085323532004177 0.2774588606672175 276.9629821777344 0.5583998969709375 -0.8172151555200521 0.14264972713322496 -335.23187255859375 0.15420158454812022 0.271208840816045 0.9500882253696582 11.729016304016113
-0.7840309117384864 -0.6206616530084326 -0.00863955573846567 276.019775390625 0.6054506220836533 -0.7615995196156461 -0.23107513050896356 -334.34515380859375 0.13683959097072454 -0.18640086964941283 0.9728975496612722 11.775466918945312
-0.7599715780920415 -0.6016744614497775 -0.2458272623844072 274.3997802734375 0.6418592344823135 -0.6352380108401519 -0.429522284280601 -333.94012451171875 0.10227376790785794 -0.48421122665936533 0.868953142795952 11.823230743408203
-0.7534264805208533 -0.5493288815908868 -0.3613672900250745 273.4692077636719 0.6573355413996198 -0.6158156889183046 -0.43437428940366957 -333.5201416015625 0.016078695930621972 -0.564808655326899 0.8250652449382359 11.778724670410156
-0.4081287271471068 -0.5257607231851721 0.74632875064082 272.71258544921875 0.9123113809251763 -0.20493297848394196 0.3545284453525528 -332.70086669921875 -0.03344975802125044 0.8255774562604681 0.5632965270644004 11.744636535644531
-0.3398295929627206 0.4035784626381931 0.8494941272553826 271.5543212890625 0.9327099752315036 0.2605394348892012 0.24934174333886355 -332.6961669921875 -0.1206977624085871 0.8770653495391367 -0.4649606680003719 11.771316528320312
-0.508303955966143 -0.20991297792084157 0.835202747869985 270.89508056640625 0.8470583383721435 0.053031165324166796 0.5288476783522683 -332.0196533203125 -0.15530376603093965 0.9762808188245661 0.15085258715660804 11.725746154785156
-0.006112001687120117 -0.9674001820779058 -0.2531788521006665 270.56585693359375 0.986968536379437 -0.04654789865436815 0.15403376684316458 -331.7210693359375 -0.1607972376392342 -0.24893810645720185 0.9550780426337391 11.625679016113281
-0.35987383439669746 -0.4987871817360159 -0.7884809259915302 269.6986389160156 0.9101115964639774 -0.3737163305859737 -0.17897761378213 -331.3489074707031 -0.20539645882635965 -0.7820149944784931 0.5884427271301718 11.655588150024414
-0.6705834954847322 -0.7226760827921608 0.16750240279965103 268.7161865234375 0.7086343439556091 -0.557236935910273 0.4328098471891948 -331.2204284667969 -0.21944279926687507 0.40893309552726187 0.8857869841177446 11.697052001953125
-0.49018856511681635 -0.8520841502269368 0.18348779676249713 267.85400390625 0.8468932157989472 -0.41582789178880014 0.331449913929993 -330.81378173828125 -0.20612387455710843 0.3178675279774904 0.9254583637285065 11.742790222167969
-0.8505548868729462 -0.19095390997867473 -0.48999284554001965 267.0011901855469 0.5064948413607837 -0.5481422748799039 -0.6655847220034413 -330.049072265625 -0.14148978794055742 -0.8142951864977098 0.5629422609426263 11.932540893554688
-0.938504827889979 0.12147234364942651 -0.3231921375211917 265.937255859375 0.2722885708471159 -0.3151561699863404 -0.9091399907085687 -329.7062072753906 -0.21229136160766504 -0.9412337957425121 0.26270005622174325 11.829627990722656
-0.9692777742504612 -0.12510263269563265 -0.21177801499847215 264.95050048828125 0.17347187560410499 -0.9580854573773647 -0.22799071195204307 -329.4263000488281 -0.17437919806692942 -0.25772385930415365 0.9503527280051902 11.824575424194336
-0.975011293484532 -0.1532350190285113 -0.1608477743736348 263.71875 0.15521342930599216 -0.9878809237677174 0.0002679905134649538 -328.7883605957031 -0.15893951346563795 -0.024704440879593288 0.9869791900846405 11.804431915283203
-0.9668278952345819 0.2522706317654237 0.040041844924309684 262.8311767578125 -0.24716622401523838 -0.8844371449528983 -0.3958279857887958 -328.24920654296875 -0.06444128104187152 -0.3925945299876708 0.9174512828054917 11.867515563964844
-0.8784263566099166 0.3577929394347258 0.3167828096719999 261.82745361328125 -0.47740112525895084 -0.6274336203675588 -0.6151546290437437 -327.512451171875 -0.02133779778972919 -0.6916005093427253 0.7219649810498899 11.86474609375
-0.998767619984471 0.038939068042770995 -0.03077320669862322 261.0791320800781 -0.017652046689560816 -0.8581978364409594 -0.5130154761561547 -326.86090087890625 -0.046385843942147946 -0.511840036054251 0.8578275648250981 11.8819580078125
-0.9088115774907439 0.3927863892950103 -0.1406426997869915 260.0752868652344 -0.4171037946226821 -0.8479141810791238 0.3272093611684696 -326.5520324707031 0.009270443902246142 0.3560342594603883 0.9344269179343818 11.920825958251953
-0.9875527127524778 0.10571226274025745 -0.11646697833101352 259.1581726074219 -0.15718293875343872 -0.6361706573047453 0.7553677372970605 -325.9337158203125 0.0057587585515222126 0.7642720800152148 0.6448682225146175 11.808097839355469
-0.8257713811996925 -0.35296312288665566 0.43990755832748774 258.3866882324219 0.5624148767361676 -0.573851067144459 0.5953019898866517 -325.71435546875 0.042321772380109285 0.7389939016116881 0.6723814995695084 11.845645904541016
-0.7501721686478484 -0.6046629210691854 0.26762748227763217 257.631103515625 0.6612140119322178 -0.6821930227451134 0.31210368492279333 -325.1653747558594 -0.00614392469723074 0.41109053942162826 0.9115738152159425 11.831077575683594
-0.7329288048226296 -0.6476572062182021 0.20821986047182287 256.5855407714844 0.673861455725565 -0.7331726959058525 0.0914797052114121 -324.7026062011719 0.09341362614037899 0.2073594492946433 0.9737946155322117 11.880382537841797
-0.8200245965028156 -0.555672387644433 0.13706881023752027 255.6119842529297 0.5721649426377265 -0.8016543827185939 0.17314020065957292 -324.1983947753906 0.01367258376319029 0.220405191131255 0.9753125715254742 11.807130813598633
-0.65649207966376 -0.6732066217726114 0.340310143457787 254.8588104248047 0.7504096269700715 -0.6287931407313113 0.20372672362724403 -323.6888427734375 0.07683450454964555 0.38911698828342295 0.9179784465551732 11.943405151367188
-0.8119396106319478 -0.35422693471520456 0.46397989978997045 253.83656311035156 0.5705151988162745 -0.6497783414465786 0.5022952467489216 -323.14703369140625 0.12355758417218898 0.6725409918430277 0.7296726236363323 11.93185806274414
-0.6374412093745272 -0.6623313959178807 0.39368239301829555 252.8931121826172 0.760650396212591 -0.6223816427947904 0.1845320174216018 -322.68511962890625 0.12279934581571891 0.4170829805848347 0.9005343458045906 11.806060791015625
-0.7022847927817588 -0.699271155502674 0.13347629343609085 251.91331481933594 0.7033602655927012 -0.7105065622840119 -0.02155833334747509 -322.1529541015625 0.10991090306628964 0.07874183153388653 0.9908174995193827 12.141573905944824
-0.5783922783268151 -0.7568110670327945 -0.3044657307294192 251.0999755859375 0.8070211218406369 -0.4763688157929885 -0.3489837535517458 -321.58856201171875 0.11907678730548621 -0.44755978389112316 0.8862905610285687 12.110729217529297
-0.8610818870841974 -0.4980522562259437 -0.10238131569658793 250.11322021484375 0.505098946069493 -0.8609948885789802 -0.05968966845574405 -321.2362365722656 -0.05842121545299126 -0.10311038700885677 0.9929527731346939 12.081841468811035
-0.2716533768957448 -0.9405331739500735 0.2039651723224811 249.70108032226562 0.9543361811238591 -0.2906290036085633 -0.06911754957623256 -320.7137756347656 0.12428554308151715 0.1758753278913638 0.976535187701927 12.109903335571289
-0.08902313727255223 -0.7649619782881589 -0.637893449412689 249.95201110839844 0.9836206565387811 0.03325874574842452 -0.1771560325291211 -320.4710998535156 0.15673316515776 -0.6432161593155976 0.7494716054227287 12.14556884765625
-0.6371175883863677 -0.3438143156529897 -0.6898354114720449 248.2793731689453 0.7494512548082516 -0.06731298671326194 -0.6586287106451384 -320.3319396972656 0.18001109753311384 -0.9366219505071439 0.30055835804901043 12.029220581054688
-0.807356428482852 -0.2686323626823386 -0.5253686811250913 247.1116485595703 0.557101417494131 -0.05360391699321074 -0.8287126345778824 -320.5428771972656 0.19445721383750006 -0.9617501098532244 0.19293293701145822 12.054183959960938
-0.8742463310486976 -0.46690458364638915 -0.13301677494918746 245.7855224609375 0.4491644543073075 -0.6739144672725177 -0.5865923488996572 -319.4320068359375 0.18424072740496178 -0.5725726159805327 0.7988841929807474 12.126518249511719
-0.8119179560928861 0.5831214622374152 0.027542564369515632 244.20974731445312 -0.5514675221502141 -0.7816120385238307 0.2914896108751134 -318.9089050292969 0.19150144800354224 0.22147681935751318 0.9561773966685397 12.115999221801758
-0.9215600588955107 0.37761341579753327 -0.09019515540328192 243.0539093017578 -0.3556913945962811 -0.7280982078575552 0.5859664081880199 -318.01995849609375 0.15559784593192666 0.5720848782517641 0.8053000697982142 12.09420394897461
-0.9019106583270506 0.27995384260073397 -0.32891185811574114 241.88009643554688 -0.41075885645728516 -0.32048768929697546 0.8535600757128865 -317.714599609375 0.1335452216965075 0.9049383885227593 0.4040447830870507 12.12603759765625
-0.9824234169402156 -0.010555704722631953 0.18636739775325642 240.4976043701172 0.11315231675221255 -0.8277344968532024 0.5495927182312219 -317.1516418457031 0.14846138575777487 0.56102065899304 0.8143801551621311 12.145938873291016
-0.6072691664937894 -0.7928961701151142 0.05039665507473918 239.4849090576172 0.7769046675087391 -0.6059016630198298 -0.1711791820080361 -316.68817138671875 0.16626273493803112 -0.06479844262471592 0.9839501332914883 12.105890274047852
-0.8545953012860886 -0.5143706851050518 0.07134191842317793 238.6228790283203 0.5015237221754592 -0.8531566100736584 -0.14351917914654078 -315.8701171875 0.1346878877813908 -0.08687115166833999 0.9870727308019426 12.13131332397461
-0.3840648369041796 -0.7620045399059305 0.5213859244518563 237.90835571289062 0.9132986911526744 -0.3964489429199064 0.09334739630273778 -315.55877685546875 0.13557175883117237 0.5120325349237483 0.8481998475518505 12.0692138671875
-0.1400775071068775 -0.8918718201810971 0.43004993706496425 237.11672973632812 0.9795257227736069 -0.18825006956161017 -0.07135313402291393 -315.4283142089844 0.1445947800840876 0.41125000629411057 0.8999809897411881 12.042925834655762
-0.8502705261011405 -0.4913776154555985 0.18864800945904373 235.84857177734375 0.5047214100165794 -0.8628479098081492 0.027382162270056874 -315.3159484863281 0.14931955904892505 0.11849693485013763 0.9816629491411788 11.990285873413086
-0.905020217663314 -0.4178625758351545 0.07955673030647195 235.1096649169922 0.42342075781105004 -0.9028573150889294 0.07458907725079439 -314.7409362792969 0.04066039197257107 0.10119059396415539 0.994035812341697 12.0679349899292
-0.9502288578961797 -0.23543657418672911 0.2040459192352024 234.47488403320312 0.25743993853136793 -0.9622209583908594 0.08863128839378065 -313.97088623046875 0.17547021305705265 0.1367495768497761 0.9749408995221811 12.002845764160156
-0.9683158821440054 -0.11599877462913263 0.22115297120368232 233.52516174316406 0.15358725503514795 -0.9749106414864763 0.16112168136906957 -313.72674560546875 0.19691446741782453 0.18998296081745664 0.9618373912052846 12.032106399536133
-0.8921795648042028 -0.4453000318440192 -0.07565385506039089 232.43397521972656 0.4133810775688355 -0.7374953187021756 -0.5340568692568282 -313.3061218261719 0.1820211769377716 -0.5077484973213529 0.8420568594899613 12.021308898925781
-0.9061599898927477 -0.37669249707149083 -0.19229361759460448 230.83267211914062 0.38687167590798704 -0.554549825450402 -0.7367528740853841 -312.4454650878906 0.17089288779150677 -0.7420089310398987 0.6482425218691734 12.018447875976562
-0.9198517894805938 -0.38170025726466544 0.09043007792453858 230.03196716308594 0.3598042207042779 -0.9128298990785968 -0.193086763170204 -311.6138000488281 0.15624854608199457 -0.145074080911262 0.9770055797665721 12.055377960205078
-0.9858341343304269 0.06507325135833483 0.1545850301505068 229.03916931152344 -0.010527761570190274 -0.9438583297454783 0.3301827064011643 -311.076416015625 0.16739243060932998 0.32387794819612403 0.9311728351100937 12.051931381225586
-0.9761123995967634 -0.15822998807374344 0.14888873102969183 228.02210998535156 0.11746949398602408 -0.9608355634781426 -0.2509899160092055 -310.70941162109375 0.182771719191226 -0.22750448529605652 0.9564707041169951 12.079032897949219
-0.905459359049131 -0.4152971845661163 -0.08758765667486576 226.9837646484375 0.4074629141656636 -0.7927761961472938 -0.45329888197728097 -310.4764709472656 0.11881634016397782 -0.44613243696651894 0.8870448275010419 12.096458435058594
-0.9843200150725545 -0.06622281292747467 0.16348898120527558 226.06309509277344 0.05979780767520204 -0.9972439152597617 -0.04391805636205967 -309.81707763671875 0.16594676894958157 -0.033453139245132074 0.9855671247306499 12.132865905761719
-0.9670371664192294 -0.1489889298985345 0.20649798432807295 225.11708068847656 0.2259522312151441 -0.8760033340509135 0.426102978094007 -309.15753173828125 0.1174082960133804 0.45871609683918146 0.8807921630713236 12.134193420410156
-0.8272940002933566 -0.4715988437611551 0.3052526292135038 224.20321655273438 0.55256329846842 -0.7810907996113075 0.29081087316032006 -308.73291015625 0.10128394870025077 0.4092574902499765 0.9067799448653323 12.157190322875977
-0.8915925038666823 -0.37454913293170533 0.25451081326507075 222.9363555908203 0.4236571911874548 -0.8884206367548164 0.1767013201516127 -308.50762939453125 0.15992933253126618 0.26537090874523933 0.9507896136306019 12.23046588897705
-0.907544904693353 -0.41122865275721754 0.08516596219509705 222.08685302734375 0.416284965878165 -0.907672734804639 0.0532638120686348 -308.1180419921875 0.0553992161401939 0.0837926109138009 0.994942071282193 12.23393440246582
-0.8722643422173197 -0.4343028810328821 -0.22480196801345942 221.1799774169922 0.48613907999877176 -0.720106055090048 -0.49509197561725465 -307.8222961425781 0.0531386130241837 -0.5411360983608345 0.8392544374959712 12.179130554199219
-0.8674902169046329 -0.4949380301392498 -0.04997069037577973 220.12945556640625 0.49619838747379924 -0.8537899459384061 -0.15757502493382294 -307.33782958984375 0.03532539940544769 -0.1614901685440094 0.9862418778476572 12.060946464538574
-0.748924407349938 -0.6385199054247903 0.17721332470178555 219.44842529296875 0.6564133284877407 -0.7514691119545059 0.06645085373380244 -306.9197998046875 0.0907401468986522 0.16609185457036327 0.9819265357378768 12.016430854797363
-0.6689689996152979 -0.6734207256651433 0.31461882301976035 218.8182830810547 0.7340857202797194 -0.6649873839201348 0.13751339755987693 -306.7821350097656 0.11661317607849063 0.32294938530935 0.9392044834290346 11.96237564086914
-0.5194691510361197 -0.8031295486413527 0.29177856196257856 217.72854614257812 0.8522480327663519 -0.5116805519160114 0.10888665408032992 -306.2579040527344 0.061847326277669826 0.30523096319027526 0.9502678397916245 11.889625549316406
-0.21164407949153125 -0.9763805674673616 0.04344848775613798 216.69097900390625 0.9750583125609638 -0.21398020342804508 -0.05893860913406454 -305.7706298828125 0.06684362888075429 0.029890801478135363 0.9973156317159813 11.833298683166504
-0.71512315404715 -0.600513743360667 -0.35774588548383796 215.5037384033203 0.6941472762127218 -0.5499098160915404 -0.46449838868679355 -305.3463134765625 0.08220969208138179 -0.5805018847524333 0.810098221406983 11.801597595214844
-0.6377812440152233 -0.4979868655846731 -0.5875748177785931 214.56787109375 0.7656125341782873 -0.32659832516854004 -0.5542300799363071 -305.1272277832031 0.08409834892252577 -0.8033321951112486 0.5895632722670636 11.739570617675781
-0.7975544636595386 -0.546431505442742 -0.2555767738984204 213.24122619628906 0.6032399710700465 -0.7244675502696432 -0.33353906204478034 -304.830078125 -0.0029008274949176294 -0.4201896934312893 0.9074316540290865 11.694862365722656
-0.9969441845056692 -0.05923834846219432 -0.05092259863556097 212.36033630371094 0.073926581639656 -0.5048140398258172 -0.8600567688948295 -304.4718933105469 0.025241899837414643 -0.8611931277397715 0.5076507098649504 11.556343078613281
-0.8329024029141334 -0.5531206509707085 -0.01819705167334876 211.27415466308594 0.5534160958727827 -0.8323243661849316 -0.031092994126959116 -304.1534729003906 0.002052327651677583 -0.035967970815599236 0.9993508358062341 11.495744705200195
-0.44574223144180686 -0.7029469759142007 0.5542376856208524 210.48397827148438 0.8884443464590476 -0.27169716667061644 0.3699287672892112 -303.7180480957031 -0.10945549942435359 0.6573022125904032 0.7456361679596328 11.45721435546875
-0.9367140508735929 -0.3462401684204012 -0.05181247598982261 209.65927124023438 0.33387614883595096 -0.9280049049493819 0.165328804593641 -303.3625793457031 -0.10532570500337332 0.13756686433186102 0.9848765677502139 11.56325912475586
-0.9314059906806199 -0.3189244929141133 -0.1754139342918023 208.63771057128906 0.28226511599545145 -0.9371545713621415 0.20510415321761566 -303.1471252441406 -0.2298027084616875 0.14152200251026892 0.96289264094662 11.47580337524414
-0.9178887277713973 -0.3254033879824467 -0.2271407460579249 207.85919189453125 0.30543450652372517 -0.944729396042488 0.11914751561742286 -303.0166015625 -0.25335754509154446 0.039987539843565886 0.9665458866512469 11.448623657226562
-0.9682190524787642 -0.12089321309223004 -0.2189445076848481 207.10858154296875 0.07584235138503491 -0.9761153989068445 0.20358454202940016 -302.49951171875 -0.23832709487910256 0.18050916609737125 0.9542623521869229 11.396488189697266
-0.9595753496754217 0.11864401898184161 -0.25522293207141244 205.77777099609375 -0.20760490985794106 -0.9106597039273329 0.3572101692923355 -302.4796142578125 -0.19004038964959147 0.3957556069126744 0.8984776846972955 11.422187805175781
-0.9718890791915887 0.18616158918015469 -0.1441370197487269 205.11956787109375 -0.21331851612394181 -0.9553438048691391 0.20448331270995165 -302.04498291015625 -0.09963347041433986 0.22948219367104636 0.9681999247888419 11.401782989501953
-0.9730019248971581 0.22754538628100984 -0.03860506869118353 203.92897033691406 -0.2301487151141165 -0.9691273919912954 0.08845149531506723 -301.82012939453125 -0.0172864998697316 0.09494838215776048 0.9953320961608129 11.346433639526367
-0.9354584983633446 0.35143367159490085 -0.037573558643332575 203.5926971435547 -0.3356064784575769 -0.8498935226915064 0.4062625895948655 -301.19024658203125 0.1108408293775381 0.39265172170302465 0.9129835354411109 11.29825210571289
-0.8758332228345339 -0.08749828634646967 0.474615861161113 202.89935302734375 0.4315038820904446 -0.5824231383565083 0.6889032498456015 -300.9061279296875 0.21614940555122822 0.8081629401261771 0.5478613845549474 11.415691375732422
-0.733215187383742 -0.16347123371059652 0.6600550315988505 202.4945068359375 0.6384745287172289 -0.49949825056643826 0.5855354590973805 -300.53350830078125 0.2339781296812516 0.850751816589423 0.4706119222891194 11.340618133544922
-0.808390444318027 -0.546234944306523 0.21939069067249084 201.56361389160156 0.5661313627697221 -0.8235469796058623 0.03557600976161685 -300.3088684082031 0.16124568094618874 0.15296325702766372 0.9749882421730474 11.304145812988281
-0.8183249883122005 -0.525848250046895 0.23200825723765894 200.70802307128906 0.5416241084715411 -0.8406050479993951 0.00514571669873292 -300.0716247558594 0.19232144609025242 0.12987213404173145 0.9727002057022509 11.32951545715332
-0.3216962591370671 -0.9163160953311008 -0.2384875893927855 200.1959228515625 0.9381533223287611 -0.27442148543880607 -0.21109522053582075 -299.5202941894531 0.12798382968455266 -0.29164646709110686 0.947925354430691 11.384994506835938
-0.47465833164694154 -0.8766723133651977 0.07839083605278484 199.3074951171875 0.8702798860091259 -0.4807736657120821 -0.1070962294654201 -299.19830322265625 0.13157654884547212 0.01738785026044333 0.9911535070095023 11.425442695617676
-0.8539713172943076 -0.5117440017303873 0.09408010380306063 198.43551635742188 0.5167332277231086 -0.8553000772657938 0.03805981077179962 -298.7186584472656 0.060989840182469626 0.08111630244344642 0.994836863446676 11.366251945495605
-0.5702688533812911 -0.808924225937475 -0.14295115093850935 197.78146362304688 0.820568192089297 -0.5528611640170983 -0.14495646054233635 -298.2899169921875 0.03822665293339737 -0.19996532202638534 0.9790569916978243 11.387491226196289
-0.42916092293843794 -0.8894987263581984 -0.15688504718350835 197.19900512695312 0.8972043329657782 -0.4398455485463835 0.03950035862323929 -297.9518737792969 -0.1041407083232189 -0.12380593374743558 0.9868266330206459 11.363481521606445
-0.6923812585006054 -0.7194145982091023 0.05523430782361269 196.0940399169922 0.6999019131658757 -0.6510511624014931 0.2937170336946961 -297.4034118652344 -0.17534396146963427 0.24202276715073784 0.9542952768178383 11.225406646728516
-0.842115306875805 -0.5320195413523379 0.08830072222081103 195.34854125976562 0.5185902886630611 -0.7539173062346537 0.4033271722364446 -296.8501281738281 -0.14800649455288037 0.3854398824448914 0.9107854712230739 11.484672546386719
-0.9968676675358038 -0.07386124230097713 -0.02827313755992449 193.9447784423828 0.051054844929817454 -0.874022457362935 0.48319576450383833 -296.4146423339844 -0.06040079660830938 0.4802387540703195 0.8750557027173007 11.485153198242188
-0.8817379777696518 0.46253691010842385 -0.09272402787862863 192.9413299560547 -0.4716777982613441 -0.867602729579639 0.1574342982113184 -296.3095397949219 -0.007628445845365366 0.18255166505214723 0.9831666676615277 11.487850189208984
-0.8189761959636501 -0.5127369953570268 -0.25764076548007186 192.1335906982422 0.5722379637003091 -0.7631554465732473 -0.3002290413429573 -296.0804748535156 -0.04268141685830905 -0.3933122652013738 0.9184137187004184 11.513189315795898
-0.8675572226785678 -0.48622487192940567 -0.10454587172855295 191.38607788085938 0.4927621059026841 -0.86881778778473 -0.04838552071849458 -295.6670227050781 -0.06730506938263989 -0.09349345188878708 0.9933423388184545 11.6038236618042
-0.9991609454243691 -0.03719747230216522 -0.01713922965045032 190.211181640625 0.0372249869395668 -0.9993060786123982 -0.0012890289603387727 -295.10906982421875 -0.01707938775337996 -0.0019259549945837284 0.9998522816953155 11.589308738708496
-0.9421804334912554 -0.33219807513317506 0.04405076190083258 189.5027618408203 0.3345595101521249 -0.9249771003911988 0.18024233109528007 -294.6064147949219 -0.01913020943431323 0.18455839896819573 0.9826353507060978 11.522258758544922
-0.8617084523424905 -0.4908694881661054 0.1284744673040346 189.44772338867188 0.5069427044747795 -0.8436624843921665 0.17675606583377518 -294.5949401855469 0.021624928700602356 0.21744138984283373 0.9758337996000706 11.633567810058594
-0.7928782638819933 -0.5915489814359581 0.14633475740765262 188.5811004638672 0.6031789017646486 -0.7960165570143949 0.05032746193621115 -294.3099060058594 0.0867137309165537 0.12816958890871438 0.987954090709433 11.632415771484375
-0.8881514283144244 -0.4514993103170781 0.08564702660484241 187.54933166503906 0.45153723142748875 -0.8920272330801452 -0.02003856477342109 -293.6922912597656 0.08544687833880288 0.02087554134826197 0.996124009727489 11.618311882019043
-0.8553124986204624 -0.5115965282970968 -0.08191167156137885 186.4367218017578 0.5170468653918457 -0.8326844072874978 -0.19824030076837235 -293.2810974121094 0.03321247795765662 -0.21190957999728588 0.9767247622607332 11.715997695922852
-0.8538320281639371 -0.5040042982608679 -0.1301942203633792 186.02883911132812 0.5184568439186024 -0.8009737628283078 -0.2994052976395444 -292.7546081542969 0.046619402349451146 -0.32314191711263995 0.9452015302195337 11.729307174682617
-0.7016739262460603 -0.5797057583589648 -0.414240189928375 184.92059326171875 0.7113525883795374 -0.537024663135131 -0.45341151969301785 -292.4601135253906 0.04038807041901338 -0.6128178725445733 0.7891913955801674 11.75240707397461
-0.9427382255813199 -0.2914402546600904 -0.16219499373114526 184.23715209960938 0.331690615807668 -0.8702594388993148 -0.364183805779142 -291.7309265136719 -0.03501390313739032 -0.3971285521972847 0.917094836762684 11.703439712524414
-0.904966159608024 -0.4036458111292826 -0.13455968609538424 183.19357299804688 0.4156801586244642 -0.9062343908519738 -0.07713128135259038 -291.29034423828125 -0.09080889653687609 -0.12573499113188713 0.9878990111923482 11.791144371032715
-0.8280444480583775 -0.5588406510711955 0.045161031321481436 181.67286682128906 0.5560329395265257 -0.8082087768910278 0.19397407846874903 -290.8525695800781 -0.07190105841493895 0.18573017974102046 0.9799666005187014 11.86966323852539
-0.6586164294912386 -0.7164196569183818 -0.23014620132680919 180.62100219726562 0.7335235556587028 -0.6794759872829629 0.015986744498389063 -290.3243408203125 -0.16783203537473496 -0.15828852733786702 0.9730247427558988 11.770240783691406
-0.875690543832151 -0.4090346759645405 -0.25662561310503584 179.9215087890625 0.4438552837912712 -0.891132840132761 -0.09420588244631821 -289.659423828125 -0.19015403885671825 -0.19639983476444867 0.9619088035832583 11.81171989440918
-0.9586903075110144 -0.24928343543591608 -0.13700606957980016 178.9145050048828 0.2587823490715095 -0.9642952975743392 -0.05626966220841437 -289.3492126464844 -0.11808721392881188 -0.089399932289041 0.9889707083696901 11.855756759643555
-0.9965499676414765 0.06977939565255656 -0.044933260911443916 177.08163452148438 -0.06436502226039129 -0.9915802239094488 -0.11236460056933682 -289.05194091796875 -0.052395666836020476 -0.10908480872262301 0.9926505924053828 11.872868537902832
-0.9980354422140757 -0.01270440678828923 -0.0613502578047739 176.63742065429688 0.022915101663827413 -0.9853971058510625 -0.16872297382421475 -288.5667724609375 -0.058310841190048056 -0.1697973551870225 0.9837523590676678 11.859907150268555
-0.9963340318043655 -0.05755120633857479 -0.06329577961785943 175.92230224609375 0.05056378484400223 -0.9929791321638978 0.10693805098879514 -288.54705810546875 -0.06900580215248056 0.10334554531283624 0.9922489090612726 11.745464324951172
-0.9596885736057166 -0.2801496652199524 -0.022671717353870233 175.39706420898438 0.2798404031669464 -0.9599150365599918 0.015889346789296772 -287.9038391113281 -0.026214317576203357 0.00890436203095269 0.9996166874811744 11.773385047912598
-0.9942170472991251 -0.10737053452011219 0.0020077790402752947 174.2400360107422 0.10599348487315371 -0.9841275444378567 -0.14233185674036258 -286.9698486328125 0.017258158194132688 -0.14129594684767133 0.9898169585232244 11.80816650390625
-0.9981358388554774 -0.051048515697677 0.033449906387557925 173.7548065185547 0.04989586762030755 -0.9981607061328966 -0.034432646234263266 -286.0484924316406 0.03514611766168645 -0.03269944613202499 0.998847083709999 11.804081916809082
-0.9975485055725243 0.013865266976213035 0.06859105919652667 172.55848693847656 -0.021792448690331527 -0.9929854779670456 -0.11621071261564907 -285.50146484375 0.06649863314461701 -0.11742058983941465 0.9908533377204021 11.804139137268066
-0.9650678299180463 -0.2580490613680841 0.045329522215924636 172.07012939453125 0.2471713940437417 -0.9540968879866628 -0.1691313995112648 -285.4420471191406 0.0868929549718883 -0.15201911149989153 0.9845505594508782 11.851436614990234
-0.9472922207298543 -0.311960470123869 0.07292539766634845 170.6119384765625 0.3094607805812683 -0.949909135451768 -0.04366531423574395 -285.3988952636719 0.08289435340680662 -0.018796262005217213 0.9963810650087134 11.931312561035156
-0.8021707258674505 -0.5622518123255166 0.20098513899778664 169.92550659179688 0.5916360987226622 -0.7938663061301025 0.14050983837288655 -285.5318298339844 0.0805534186084972 0.23162294257697902 0.969464779774111 11.938054084777832
-0.8690319159841617 -0.40275512225552496 0.28735316336841354 169.1888427734375 0.48604292140192445 -0.8034952164753677 0.34374076810335574 -284.8636779785156 0.09244353712391004 0.43838766930439477 0.894019263688362 11.950428009033203
-0.9658217598910512 -0.1399497824596037 0.218179711500547 168.4826202392578 0.24532802064806136 -0.76527595839321 0.5951192063698313 -283.89703369140625 0.0836808843515453 0.6283046760090706 0.7734537760585826 11.857070922851562
-0.9200059401973006 -0.3123810511081074 0.23665829567178648 167.5989990234375 0.3786040805327406 -0.8644199497951486 0.3308127878424757 -283.52691650390625 0.10123250567697518 0.3939495263415692 0.9135402292672251 11.856185913085938
-0.9909068265047303 -0.005940473544886783 0.13441864439275844 166.6494903564453 0.042106224731430615 -0.9625372330208628 0.267860301066447 -282.8148193359375 0.12779173300801036 0.2710844625252503 0.9540348458794394 11.876465797424316
-0.8269663775838273 -0.5130990090408056 0.22990436548101073 165.82662963867188 0.5455574314622078 -0.8311656944794589 0.10738099131986654 -282.294189453125 0.13599154136284075 0.21422650452691933 0.9672710609937303 11.897844314575195
-0.9646445240835472 -0.11811187405296394 0.2356067218126932 164.85594177246094 0.2182370756288415 -0.8591692271701635 0.4628183422302917 -281.8209228515625 0.14776170334900157 0.49787330144477615 0.8545692802411522 11.857173919677734
-0.9034007700429979 -0.33753067855119767 0.26446188708864415 163.89508056640625 0.41185497474216026 -0.8546746282063827 0.3160803057458913 -281.20111083984375 0.11934206494716462 0.39446713543342193 0.9111274063472666 11.721612930297852
-0.6073105194429594 -0.6937954491587275 0.3870682209902569 163.0734405517578 0.7944033084242317 -0.5242657301813888 0.30670641943397653 -280.5125427246094 -0.009864914523592672 0.4937543102434802 0.8695454931039706 12.108108520507812
-0.6632414217594487 -0.5553249840785706 0.5017220131912098 162.23345947265625 0.7368064587223706 -0.6020745877352083 0.3076075961163489 -280.07415771484375 0.13125189083401753 0.5736901191946873 0.8084878405337217 11.933841705322266
-0.4848194394122289 -0.7320932807999547 0.4785285146943391 161.8470458984375 0.8606524903666044 -0.4967091470023856 0.11205942222733503 -279.741943359375 0.15565154028718664 0.46617534414823014 0.8708921555017619 11.90054702758789
-0.5975501177311717 -0.7493977978600278 0.2851960682793571 160.65318298339844 0.7910542291692925 -0.6090883743433204 0.05696102837193037 -279.2480773925781 0.13102314037161306 0.25964262516457537 0.9567751271248686 11.969322204589844
-0.8622240271898423 -0.487880318701744 -0.13617092773428283 159.5987091064453 0.4830373276524629 -0.7110527822352095 -0.5109587859797845 -278.8128356933594 0.15246201832226194 -0.506336583212247 0.8487511988033065 12.034233093261719
-0.8130608590816035 -0.1806589123950521 -0.5534387019370091 158.3429412841797 0.5757273259365534 -0.10837914426296288 -0.810427052398162 -278.73284912109375 0.08642965694384189 -0.977556299381813 0.19212911268078306 12.071479797363281
-0.8500587649950527 -0.4205452455403985 -0.31708325800718573 157.0102996826172 0.5219113629423022 -0.5916963933287173 -0.6144134661231769 -278.2216491699219 0.07077164182632786 -0.6877769075617134 0.7224640476439309 12.199119567871094
-0.9081556868468333 -0.4173614984560687 -0.03259797622953378 155.75784301757812 0.4108869245749451 -0.8737366483746366 -0.2603002199392076 -278.2842712402344 0.08015724334768301 -0.2497872072255932 0.964977288564523 12.081056594848633
-0.764909343525785 -0.587363903291547 0.2644188746989729 154.9534912109375 0.6383325632948968 -0.7461930808148574 0.18901699601199454 -276.96270751953125 0.08628577417117646 0.3133680444048982 0.9457035655645645 12.073604583740234
-0.6280230736108094 -0.7476485859949357 -0.21589027507556952 154.19183349609375 0.7760826793447427 -0.5813085444234913 -0.24449141293985538 -276.57928466796875 0.057294797613020296 -0.3210949517510591 0.9453122966123249 12.133487701416016
-0.795641320820271 -0.5622884904578196 -0.22535869653075596 153.36614990234375 0.6052188796986795 -0.7220270461979471 -0.33524178172617913 -276.0694580078125 0.025787521394081844 -0.4031235518514569 0.9147821629672366 11.884315490722656
-0.9509661686438221 -0.26047935410297385 -0.16677485476230153 152.55397033691406 0.306704268635308 -0.7245251397621085 -0.6172485831928476 -275.3044738769531 0.03994793731558678 -0.6381330801163614 0.7688890260404523 12.179367065429688
-0.9336087504113187 -0.35784985915706324 0.01783758550606171 151.2456817626953 0.3582018783691666 -0.9333407190456288 0.023801607176609226 -274.45458984375 0.008131143106404165 0.02861084536777714 0.9995575541403928 12.233114242553711
-0.9210058529795792 -0.3861628995642508 0.051248744155226574 150.25357055664062 0.3895445752191266 -0.9123828457266726 0.12574802877599578 -273.8681335449219 -0.0018007483743635797 0.1357783407757981 0.9907376037485723 12.069965362548828
-0.850112682746665 -0.4762693138026492 0.22466857226417192 149.44854736328125 0.517468710427962 -0.8346369084179439 0.1886991384043881 -273.4400939941406 0.09764507341023283 0.2766744871441711 0.9559898889644283 11.933334350585938
-0.6527843087419246 -0.21171950457818445 0.7273565134385583 148.72317504882812 0.7575331036761778 -0.18754675328869747 0.6252757888848772 -272.7833557128906 0.004030272331348783 0.9591668607244708 0.2828121111142495 12.044189453125
-0.6174506602745566 -0.614367203721438 0.49123072086140407 147.72616577148438 0.7859150723596255 -0.45558585068355656 0.4180658222037577 -272.60394287109375 -0.033048164313287054 0.6442006454889971 0.7641422296844227 12.136573791503906
-0.7873319805065803 -0.6161884740139185 0.020496754962306876 146.60675048828125 0.6165064517761156 -0.787153708925174 0.017573657666149087 -272.3177490234375 0.005305411389362912 0.026472684369770107 0.9996354583508174 12.081013679504395
-0.9458650704872048 -0.27919861688659187 -0.16549139180286548 145.15228271484375 0.3241486714557984 -0.8383030561766173 -0.43837840366330133 -271.767578125 -0.016337295543518357 -0.46829063447132663 0.8834234400562204 12.139091491699219
-0.9538210516337611 -0.2926570885954793 0.06765522858644346 144.4943389892578 0.2981220618762535 -0.9498776525615646 0.09410462999652554 -271.2915954589844 0.03672380267506901 0.10992849338979173 0.9932608361644656 12.060442924499512
-0.920923175155281 -0.3030155718182481 0.24511643906024655 143.4811553955078 0.389128759866455 -0.7501907420319788 0.5345957901202585 -271.1167297363281 0.02189323426792439 0.58770350841659 0.8087801138060459 12.075809478759766
-0.847541976844649 -0.3813434363820086 0.3691202798744942 142.47756958007812 0.5282486217733366 -0.673291355850216 0.517331754034051 -270.7958068847656 0.0512444248756323 0.6334476566108194 0.7720868314208105 11.973934173583984
-0.7968907445894723 -0.6034975362864213 -0.027492996996612305 141.12075805664062 0.6030388329987849 -0.7919101093680426 -0.0960340802848554 -270.1619873046875 0.036184348593000105 -0.09310801456863978 0.9949982867020354 12.003875732421875
-0.8363304073491111 -0.5223975972730583 -0.1662895069046917 140.12136840820312 0.5444697956947915 -0.7560242447422205 -0.3632904938723654 -269.608642578125 0.06406318224489062 -0.3943705005769202 0.9167157776297774 12.111888885498047
-0.8791513213177783 -0.4355518621917746 -0.1933585518317776 139.32861328125 0.4700373677131346 -0.7257452293416741 -0.5023531975026223 -269.18670654296875 0.07847182410593198 -0.5325302220804735 0.8427655281229824 12.106693267822266
-0.9524839271689031 -0.28572879246103233 -0.1055150493705248 138.1132354736328 0.2928077902474032 -0.9543603684784264 -0.05882078755129806 -268.4698181152344 -0.0838925887986341 -0.08692148317005711 0.9926765280332666 11.937220573425293
-0.9306074441797478 -0.3544310703012925 0.09136958598088225 137.04685974121094 0.3523804674627985 -0.935076068781 -0.038219782099984126 -268.07696533203125 0.09898379154153049 -0.0033707563173474495 0.9950833367180419 12.109033584594727
-0.8712076890726814 -0.39057278469159257 0.2974055519974247 135.89773559570312 0.4792525367688279 -0.8079336810636526 0.3428704901323227 -267.4908447265625 0.10636808027449443 0.4412437726032978 0.8910610330597606 12.139259338378906
-0.8391744789781358 -0.3387154925744905 0.4255091173192354 134.9734649658203 0.5381432287969711 -0.6303029986775787 0.5595712601251279 -267.192138671875 0.07866421760715264 0.6985627709433655 0.7112116393312065 12.056877136230469
-0.9000508153712273 -0.40717795797341644 0.15528889300329043 133.51568603515625 0.43490802198337936 -0.8618699077480402 0.2608357232682845 -266.99285888671875 0.027632266720141963 0.302301790697613 0.9528116735099982 12.067459106445312
-0.8883577918449294 -0.44692144849753057 -0.10526942833163933 132.45240783691406 0.45639440415855836 -0.8344126120400465 -0.3089655979575414 -266.61895751953125 0.05024521391292444 -0.3225163743771403 0.9452293937121659 12.079450607299805
-0.9578630184159229 -0.2796013982713754 -0.0657380866456356 131.4530029296875 0.28278248368198533 -0.8779142700168605 -0.3863943599787795 -265.8914794921875 0.05032399898443162 -0.3887024473623168 0.9199879904328971 12.053810119628906
-0.9793039331229851 -0.20096469745778364 0.024020760719709863 130.51052856445312 0.20061976099775033 -0.979538155058733 -0.01602230574354189 -265.484619140625 0.02674916946481888 -0.010871667757777224 0.9995830574660153 12.03483772277832
-0.9085513415318944 -0.41663994935219717 0.030750811442854086 129.5860137939453 0.41754444349450226 -0.9080261835201402 0.03383914521254336 -265.0209655761719 0.013823802207126538 0.04358443123005973 0.99895410297315 12.000832557678223
-0.9014100935907139 -0.40057190207908977 0.16432283601959044 128.77096557617188 0.4096744996392325 -0.9119068581454437 0.024345151727818676 -264.63433837890625 0.14009513738215726 0.08926384112307852 0.9861061399006847 12.035985946655273
-0.8841409707704706 -0.4666179787743301 -0.02371509413029972 127.61988067626953 0.45884073181629126 -0.8575948914382707 -0.2323707920657652 -264.1434631347656 0.08809044574379472 -0.2163299888215677 0.9723381147034812 11.946937561035156
-0.6108543871268397 -0.6132622034341785 -0.5007658011156008 126.3000717163086 0.7910128351367761 -0.49987099543164043 -0.35274308295849044 -263.8080749511719 -0.03399429918048913 -0.611586835833831 0.7904466647775739 11.918540954589844
-0.9154977042859574 -0.349979098669085 -0.1984403788091437 125.2918701171875 0.4022604829590057 -0.804971579213306 -0.43612757366213806 -263.28314208984375 -0.007103329974673028 -0.4790985150818263 0.8777323940414069 11.934394836425781
-0.9103111173621965 -0.2432777754160803 -0.3348874342154284 124.1301498413086 0.40018410807197413 -0.7239890910422562 -0.5618651757303049 -262.85675048828125 -0.10576553906366769 -0.6454887450919738 0.7564112179933353 11.969879150390625
-0.8963477105829962 -0.34967973254961143 -0.27255250205539 122.95182037353516 0.43822722782682716 -0.7919934117678566 -0.4250921459019493 -262.7241516113281 -0.06721367810078005 -0.5004702991790245 0.8631406612573771 11.984725952148438
-0.7337563312582347 -0.6746359755596051 -0.08042354642264413 122.37245178222656 0.6788376880419017 -0.7328499911861752 -0.045937824418970916 -261.8974914550781 -0.02794708629501743 -0.08830170382932735 0.9957016468141731 11.884501457214355
-0.9785714506263772 -0.20282445855780157 -0.035498662365259004 121.18419647216797 0.20243946453360617 -0.9791923905588882 0.014160701639276286 -261.51470947265625 -0.03763215670586559 0.0066709281441516 0.9992693928562812 11.871366500854492
-0.9420274358495103 -0.3256074534135523 -0.08101911125369347 120.49983215332031 0.334468238857154 -0.930491146173947 -0.14938950461022504 -260.9583435058594 -0.02674522952959626 -0.16782733142559353 0.9854535400129086 11.84249496459961
-0.9802441904851481 -0.1329754213320893 -0.1464201637127557 119.4264144897461 0.18244036735259841 -0.8938140572243977 -0.40964856092547236 -260.57489013671875 -0.07639921060040994 -0.42826857044337824 0.9004161216848684 11.938936233520508
-0.9885423296216578 0.07351049112708635 0.13183425291038892 118.66942596435547 -0.14814003673465223 -0.6400434825493766 -0.7539223235601411 -260.6622619628906 0.02895845407548054 -0.7648140611549454 0.6435999221544685 11.840972900390625
-0.988148878817292 -0.1143195505926141 0.10243453345640653 118.61994171142578 0.13738448313970078 -0.9563220777105667 0.2580185797104201 -260.9519348144531 0.06846383778730343 0.2690336856894464 0.9606943212488486 11.807821273803711
-0.883590981689077 -0.23911755712345248 0.402603739367937 117.58201599121094 0.4629457677050086 -0.5752470229861268 0.6743679104981336 -260.0945129394531 0.0703433951537275 0.7822491012592542 0.6189815428082936 11.768791198730469
-0.7587438354673457 -0.45000068148703865 0.4709640950237099 116.71652221679688 0.6505344045021838 -0.5605034137720692 0.5124850355950361 -259.749755859375 0.033358367755187024 0.695223208625156 0.7180194353147081 11.746963500976562
-0.8021582539888348 -0.567386183264203 0.18605121498787447 115.17449188232422 0.5917919544245883 -0.7969332915010894 0.1211594469101176 -259.3220520019531 0.07952621099933017 0.20729266252841633 0.9750411959635192 11.711408615112305
-0.6554731019057793 -0.7217057034571395 -0.22247671850207365 114.43753814697266 0.7420071536193213 -0.5605687097440719 -0.36767935165524196 -258.70404052734375 0.1406427980942089 -0.40608324177845806 0.9029485057803295 11.707527160644531
-0.8183808349216873 -0.5525366801252249 0.1579747642792247 113.58863830566406 0.5651725228982774 -0.8236263983556597 0.04711236878443165 -258.1750793457031 0.104080874293397 0.12783885578289172 0.986318609050059 11.610641479492188
-0.9844229427205989 -0.059401818979852486 0.16547777417889567 112.50045776367188 0.14176616430636801 -0.8248701474310388 0.5472582521396606 -257.3641357421875 0.10398954035467521 0.5621927283227536 0.8204422659260323 11.596324920654297
-0.9909794597227379 -0.1279949386694784 0.03971153588854302 111.42739868164062 0.12076546280285537 -0.9813692337171005 -0.14943269423898872 -256.8436584472656 0.05809830807900289 -0.14328894859167404 0.9879741210223323 11.694236755371094
-0.9639150525907908 -0.24692464839571057 -0.09947858766361874 110.50858306884766 0.23921641765235394 -0.6394642747570322 -0.7306578863155025 -256.7643737792969 0.1168044387618387 -0.72808904628769 0.6754576698516452 11.517913818359375
-0.9409872165095026 -0.3057098405006242 -0.14520520578402668 109.46450805664062 0.33193888847357633 -0.7499451097870737 -0.5721878246042823 -256.5849609375 0.06602751460281775 -0.5866206830035378 0.8071657460446633 11.495647430419922
-0.8981804663508927 -0.439625129786372 -0.0012629829804887832 108.72883605957031 0.43213985955231515 -0.8823523832648966 -0.18630462563463865 -255.6574249267578 0.08078979918157217 -0.16788096082365359 0.9824912169282374 11.550628662109375
-0.8922363515794952 -0.4514926474915514 0.008287471338176599 107.92573547363281 0.44917919307439436 -0.8854800217282984 0.11900917455846904 -255.21881103515625 -0.046393376996586105 0.10990687140084504 0.9928585670626661 11.487176895141602
-0.9529311208186182 -0.30283687216012656 -0.01456392239896838 106.56682586669922 0.29623348497340474 -0.9402301778352427 0.16796706542777787 -255.07644653320312 -0.0645600600672243 0.15574672243157792 0.9856850192104663 11.317138671875
-0.7427404584443796 -0.5440936925408163 0.3902546157665943 105.6864013671875 0.6589865555873916 -0.6972578739426164 0.28207831674924605 -254.8895721435547 0.11863107073991291 0.46668352334566293 0.8764320613103903 11.396347045898438
-0.7236373391799741 -0.6851080892196477 -0.08352189790905121 104.9246826171875 0.6882758270773268 -0.7073528549121669 -0.16102274531453026 -254.2578887939453 0.05123853242968989 -0.17400817432928162 0.9834102745350191 11.361937522888184
-0.7357266232186408 -0.6445434480524045 -0.2080146135732146 104.15666198730469 0.676272433790987 -0.6823908388699771 -0.2774857443558934 -253.66294860839844 0.03690435179909553 -0.344828198671522 0.937940073895578 11.311050415039062
-0.8438924781648204 -0.5227021290690937 -0.12094614323521917 103.2693862915039 0.5336697505130058 -0.8409889292756391 -0.0890742287263834 -253.18849182128906 -0.05515507849893701 -0.13971436970637743 0.9886545464485185 11.43936538696289
-0.974545083810325 -0.21665671917104248 0.05763458735140685 102.2543716430664 0.20072866654691582 -0.9577232965784418 -0.20609242979114828 -252.8568572998047 0.09984929667966612 -0.18927745039745847 0.976833744668771 11.226484298706055
-0.9143729852524397 -0.3847046830260403 0.12619172198831222 101.345947265625 0.39659682605111385 -0.9137622641155395 0.08803114360625688 -251.56944274902344 0.081443240399214 0.1305405359889285 0.9880921855054816 11.33121395111084
-0.9963051920712476 -0.02957002120111416 0.08063236383760317 99.78215026855469 0.02584033522761379 -0.9985646862969606 -0.04691315759972508 -250.43621826171875 0.08190385416571369 -0.04465625518130422 0.9956392808371831 11.211071014404297
-0.9745830754971812 0.2236424839892722 -0.013109855436410377 98.36329650878906 -0.20791590994290596 -0.8811569933858798 0.4246567171254561 -249.14901733398438 0.0834194422605958 0.41658899692894474 0.9052595231703815 11.119083404541016
-0.990027289646698 -0.032496327953730954 0.13707645466795862 97.74666595458984 0.10142644408414564 -0.8397097130153408 0.5334794038274953 -249.9840850830078 0.09776830874705272 0.542062345618304 0.8346315182567235 11.202438354492188
-0.9352002159754464 -0.26544992687091507 0.2343862034414663 96.26258850097656 0.31750512218218274 -0.9216516458763813 0.22304425803287306 -249.8543243408203 0.15681534818874007 0.28300985844592674 0.9462105297421186 11.163013458251953
-0.9771427365479665 0.051296826934583685 0.2063024671641011 96.23503875732422 -0.023326603881266346 -0.9904627543155023 0.13579175919442021 -249.53948974609375 0.21130059621997788 0.1278755952486333 0.9690200669629551 11.09565544128418
-0.9186442170712016 0.2655063349795116 0.2925733899851225 95.19393920898438 -0.15035728217250416 -0.9197519480511184 0.3625590183044286 -249.12086486816406 0.3653566615505144 0.289072205758216 0.8848456191442338 11.078068733215332
-0.8606874836075069 0.4073719484832736 0.305393436652326 95.01774597167969 -0.1894571589694131 -0.8130153259232609 0.5505561413054368 -248.80027770996094 0.472570672467744 0.41599780696878036 0.7769316470067037 11.13650131225586
-0.5406328745524465 0.821580054816456 0.18089308577429755 94.16032409667969 -0.5125996570085498 -0.4922143604417799 0.7035386378939017 -248.5474090576172 0.6670514872091026 0.2876303824401698 0.6872489188856145 11.097396850585938
-0.528732219871221 0.837606532117068 0.13732274765991903 93.63721466064453 -0.26810320476269583 -0.31831202940547 0.9092844018962072 -248.25656127929688 0.8053340370715886 0.44395129157441376 0.3928668215100214 11.038921356201172
-0.5268500534849605 0.49628931593953884 0.6900187939666274 92.66615295410156 0.10098871805965515 -0.7695249095252628 0.6305812338190881 -248.11924743652344 0.8439373791742855 0.40190587020395796 0.3553046179379568 11.109439849853516
-0.39374136435310353 0.5975689234570667 0.6984834426926089 92.38822937011719 0.016260857425922204 -0.7552174605120925 0.6552725935467161 -247.80543518066406 0.919077430096687 0.2693658646822724 0.2876433702188202 11.058700561523438
-0.1676370700013892 0.4628969273832585 0.8704161346048727 91.77764129638672 -0.024159852526789594 -0.8845742099343185 0.4657733017734702 -247.59291076660156 0.9855526948302831 0.05705174614518546 0.15947095025286637 11.072807312011719
0.03091811012902619 -0.5633875145596364 0.8256140617167109 90.90496063232422 0.04543312869258853 -0.8243630398916942 -0.5642352428533046 -247.1356964111328 0.9984888087921928 0.05495531729360231 0.00010871019911536106 11.106979370117188
-0.011644232652328057 -0.9839865629122092 0.17786190107540073 90.39529418945312 0.06376032681200161 -0.17824263050735722 -0.9819186246296812 -247.05332946777344 0.9978973056235623 -9.315597087056204e-05 0.06481480348809121 11.029510498046875
-0.012507162849833449 -0.4464640720252922 0.8947141461204482 89.50187683105469 0.05592210536130365 -0.8936960159190545 -0.44517429088208654 -246.89309692382812 0.9983567944424514 0.04446643139497514 0.03614481248518197 11.050483703613281
-0.6221892542655018 -0.48083921703388105 0.6177978465799172 88.13715362548828 0.3766265283444688 -0.8756723496073823 -0.302242277453501 -246.591796875 0.6863184319422957 0.04462716095978231 0.7259307311864803 11.07095718383789
-0.6392781362763217 -0.48060932217374996 0.6002817204602866 87.58346557617188 0.3415376422686891 -0.8768624578488423 -0.3383256847016384 -246.13197326660156 0.6889669828029628 -0.011265409667475246 0.7247051725718578 10.884136199951172
0.1874422559064672 -0.5040835596884883 0.8430688972749953 87.56271362304688 -0.050424951161619935 -0.8620877283959757 -0.5042440607973631 -246.0785369873047 0.980980491651614 0.052004936312323086 -0.1870100574784909 10.783851623535156
-0.4755437680592581 -0.5569102959602463 0.6809618542278808 86.35635375976562 0.3207521088099911 -0.8305704300674617 -0.4552700796137335 -245.57896423339844 0.8191313749051163 0.00191910161860126 0.5736027438001245 10.901519775390625
0.1060271054445051 -0.7577638893125718 0.6438572364778887 85.86187744140625 -0.006710633942128452 -0.6480376189942408 -0.7615787626768289 -245.7857666015625 0.994340595723193 0.07642730154963834 -0.07379462903684865 10.869712829589844
-0.030123077490661482 -0.7204779144119107 0.6928233361017474 84.93521118164062 0.06473007293917638 -0.6930890338701398 -0.7179398364669878 -245.5622100830078 0.9974480527124109 0.023219947752301795 0.06751456262614661 10.729164123535156
0.07313986028434505 -0.9753049965133924 0.2084003949458793 84.26337432861328 -0.0012531074235194173 -0.20904975852223331 -0.9779042019459685 -245.3222198486328 0.9973209065087185 0.07126262861983101 -0.01651203206211868 10.895759582519531
0.03732154786559427 -0.9846333781496911 -0.1705995682832847 83.39448547363281 0.02363915785501358 0.17154063808699824 -0.9848933950944188 -245.40289306640625 0.9990236695298172 0.03272491586287818 0.029678065990654368 10.924392700195312
-0.04569016690144112 -0.998106432997389 -0.04118199919560778 82.0426025390625 0.08228587297970069 0.037324569240730465 -0.9959095900928772 -245.3935546875 0.9955608689359416 -0.04889197214494928 0.08042469336771196 10.9521484375
-0.12351383126564924 -0.9734341510685691 0.19279597251886493 81.53306579589844 0.1953147197279856 -0.21433029751222027 -0.9570343169531079 -245.15965270996094 0.9729319060158627 -0.08055108380237552 0.2165987745916479 10.868911743164062
-0.1508733093080032 -0.9885430400154019 0.004461230274157735 80.40033721923828 0.35335091533538276 -0.05814273244511464 -0.9336822549965609 -245.2025604248047 0.9232444828809425 -0.13929135185259445 0.3580747744940685 10.787261962890625
-0.5257105660205059 -0.7805983925485845 0.3380747703171072 79.28945922851562 0.3543848209866888 -0.562266427198086 -0.7471732486512961 -245.20556640625 0.7733303300845191 -0.27298830450490924 0.5722216233024606 10.753067016601562
-0.6826037282946851 -0.42483051365853575 0.5946185203832963 78.46257019042969 0.30267691449807377 -0.9049499284124674 -0.29908579454095774 -245.1494598388672 0.6651607591763977 -0.024179779380609806 0.7463085841131559 10.70974349975586
-0.9552892318679224 -0.29539606396195495 0.012792531922170282 77.10298156738281 0.29534935140732754 -0.9513266012837321 0.08801396658038985 -245.15028381347656 -0.013829103386194296 0.08785706053430012 0.9960370940952985 11.00997543334961
-0.8814283604116183 -0.4710768382550781 -0.03421487865951495 76.06803131103516 0.4694580775568609 -0.8817493596164073 0.04612136416751078 -245.15643310546875 -0.051895653755422405 0.024590227238779034 0.9983497192094776 11.024629592895508
-0.6841301477900564 -0.6569228818093091 0.31688841607119067 75.74717712402344 0.6887173878758086 -0.7248579566558878 -0.015789309996773207 -245.3226776123047 0.24007144878614484 0.20744461918305734 0.9483313922093467 10.61268424987793
-0.8734199712777931 -0.4638444974374384 0.1482762151193139 76.42035675048828 0.4094746877928668 -0.8643580718154235 -0.29191711793667985 -247.67137145996094 0.26356789225934385 -0.19425088387066208 0.9448801830313901 10.54305648803711
-0.8324750372527037 -0.5271610300521605 -0.1705478253905774 74.95111083984375 0.5538331425330978 -0.7828707854260095 -0.28351751896201466 -247.03550720214844 0.015942477317629336 -0.3304762952479468 0.9436796361563435 10.47445297241211
-0.5826588812787238 -0.802288624548123 -0.1297751555102398 74.17755889892578 0.7850169920287035 -0.596912329123969 0.1656622877000221 -247.3667755126953 -0.2103733592763887 -0.0053510989973367395 0.9776064726904625 10.412018775939941
-0.33340059551043233 -0.9159737928042554 -0.22323990191960816 72.9714584350586 0.7608607552951606 -0.40123805737335505 0.5099989532998419 -246.95294189453125 -0.5567180201546983 0.00017947435329385142 0.8307015190933441 10.283069610595703
-0.23416764504025028 -0.9462945861335579 -0.22291718253786924 71.87647247314453 0.5223073260409463 -0.31584482155693333 0.7921092764635606 -247.1492462158203 -0.8199759576842847 0.06905508634407242 0.5682172329925879 10.27132797241211
-0.0747592892623245 -0.9893673528757086 -0.1247529147262913 70.77107238769531 0.3125426194246589 -0.14204660429964683 0.9392230157157099 -245.8621826171875 -0.9469573167319449 0.031225042364307343 0.31983876722058296 10.129158020019531
-0.04608789397135933 -0.6613945742785687 -0.7486208139934096 69.13491821289062 0.045594633370003634 -0.75002890448641 0.6598316238577615 -244.6517791748047 -0.9978963049521425 -0.0037228416278768384 0.06472329575256545 10.201187133789062
0.15591927304376696 -0.6869606768478507 -0.7097705324668291 68.57272338867188 -0.10862576221751052 -0.726125317493349 0.6789274387427923 -244.9388885498047 -0.9817788060842259 -0.028758507609505157 -0.18783855877829214 10.152595520019531
0.16149703558248457 0.12548954768403087 -0.9788621358087803 67.86442565917969 0.035125557361589024 -0.9919848247168559 -0.12137669772862816 -245.0811309814453 -0.9862478911095869 -0.014781101228474113 -0.16461049884003814 10.13686752319336
0.5760999794402122 0.4596228687897007 -0.6759109646798999 66.76982879638672 0.3008542556550753 -0.8881085661036532 -0.34749085119977485 -245.5500946044922 -0.7599970595622182 -0.003161217936023003 -0.6499188227447665 9.842472076416016
0.41012723150828045 -0.6554622079984533 -0.6341647639700159 66.52689361572266 -0.3586376832784186 -0.7552240989901011 0.548648860781902 -245.2843780517578 -0.8385551061844667 0.0024195434243581837 -0.544811416640268 10.2039794921875
0.5360440435297389 0.20600485095494359 -0.8186689103534583 64.96250915527344 -0.2715285805909116 -0.8761617854628334 -0.398262169452315 -245.6464080810547 -0.7993303530572151 0.4357780709003278 -0.4137251014910948 10.264434814453125
0.648884960228386 0.6295586468139599 -0.4273221485146562 64.85830688476562 -0.027059126136268152 -0.542162464581757 -0.8398378806004031 -245.48184204101562 -0.7604052288629713 0.5565211336691637 -0.3347657624331398 10.1717529296875
-0.4066779665002891 0.8572315711177079 -0.31585924878378374 64.67991638183594 -0.3490349621856599 -0.4653046081944554 -0.8134286795811049 -245.72732543945312 -0.8442675089894465 -0.22055760034982008 0.4884329208731578 9.581140518188477
0.7585130510488525 0.18843818121004757 -0.6238180850623126 62.74629211425781 0.3139332351994421 -0.9445386145537737 0.09639880421483406 -244.94573974609375 -0.5710550544612779 -0.26895698072198726 -0.7756018742210078 10.057716369628906
0.8037373086530386 -0.5888414642526067 -0.08527642497206545 61.93931579589844 -0.3776924662530299 -0.615684976456714 0.6915782028817848 -244.47705078125 -0.4597333353313354 -0.52363894024637 -0.7172499708210411 10.228988647460938
0.8644995326142341 -0.47654432085838266 -0.15983137479041484 61.716064453125 -0.36074413052963455 -0.8096821554707635 0.46290223525128577 -244.74049377441406 -0.3500060433738097 -0.34252053569069635 -0.8718804116574529 10.077590942382812
0.5267231944415509 0.6855337276625414 -0.5025994276502799 61.19446563720703 0.7851815323978298 -0.6188993977584207 -0.02129546044724595 -244.13531494140625 -0.32565723946917585 -0.38341497583084183 -0.8642570906217382 10.021127700805664
0.03141499015316143 0.9824949869437528 0.18362107456409288 59.95111083984375 0.9201896726923958 0.04329183721056177 -0.38907169403748204 -243.47509765625 -0.3902102826219968 0.1811888999396199 -0.9027217278180093 10.222816467285156
0.9128579497391289 0.32290924442792324 -0.24983991566813626 60.02954864501953 0.1504080502659885 -0.8348755831919665 -0.5294904900043603 -243.69680786132812 -0.37956261935714586 0.44577166851748384 -0.8106909630271457 9.99737548828125
0.7488254901330595 0.14287345083559463 -0.6471843341531931 59.719337463378906 -0.057745395605686194 -0.9587101078613562 -0.278460766304356 -243.3907470703125 -0.6602468134064152 0.2458904352161655 -0.7096562824747477 10.095924377441406
0.7775850139234045 -0.5300057387935138 -0.3383126704214323 58.92683410644531 -0.5354705084999658 -0.8402099358655514 0.08554880595072274 -242.685791015625 -0.3295950252181108 0.11463498819622232 -0.9371370971382603 10.022636413574219
0.8573375072695181 -0.32264620209628586 -0.40108830312255617 58.409027099609375 -0.323538002349331 -0.9437943256886389 0.06764193842381777 -242.27737426757812 -0.4003692791220289 0.0717753374828006 -0.9135385822528442 10.004524230957031
0.9069312172433359 -0.07428939943005365 -0.4146768046585714 57.67573547363281 -0.08669700490218106 -0.9961723405986416 -0.01114886394282203 -241.48892211914062 -0.412261320682055 0.04606248971284886 -0.9099004618698363 10.132461547851562
0.9352353930015381 -0.0907637024338538 -0.34219396546075626 57.15856170654297 -0.11829681931006762 -0.9911382659130054 -0.060421853530670526 -241.0634765625 -0.33367742239830916 0.09698911363374463 -0.9376846429467428 9.98974609375
0.855303637631003 -0.2798816127756101 -0.4360297814201428 56.80913543701172 -0.41136258511513357 -0.878472246295326 -0.24303772558234388 -240.33641052246094 -0.3150182709345103 0.38723738884432074 -0.8664933315718384 10.201339721679688
0.6654748082803094 -0.7368396537224228 0.11920823900429642 56.58036804199219 -0.6923125676010079 -0.5496143613072398 0.4675760500566028 -239.62013244628906 -0.2790100146696983 -0.3936894442921412 -0.8758778642978481 10.060325622558594
0.7023800320308682 -0.7003095102985745 -0.12739262297985537 56.080108642578125 -0.6509338203572256 -0.7043614590072551 0.2831255844679499 -239.3459930419922 -0.2880059932005997 -0.11593759032575193 -0.9505845691099737 10.04888916015625
0.9151401318555935 0.2708436192083047 -0.29860052411453336 55.84058380126953 0.2249009145474238 -0.9577193441156439 -0.17942473782183224 -238.69952392578125 -0.3345715434747247 0.09704324727072819 -0.9373603845139248 10.168296813964844
0.6254655034551706 0.5507302435558745 -0.5527106863635411 55.89503479003906 0.10677552554358702 -0.762125396160759 -0.6385639104049778 -238.57839965820312 -0.772911308710424 0.34038372369972814 -0.5354876557940866 9.904464721679688
0.7975597706487383 0.5996781411852459 -0.06545639179897009 55.511260986328125 0.31065294237370344 -0.5013112731363727 -0.8075777094626558 -237.91087341308594 -0.5171007267808588 0.6237572720305532 -0.5861174830626623 10.020637512207031
0.8057682643153211 0.5035444353221934 -0.3117378800824956 55.240447998046875 0.11390942105525992 -0.6483232724012394 -0.752795841020528 -237.25747680664062 -0.5811730792260861 0.5710691167617121 -0.5797567730211245 9.853897094726562
0.8043971719276155 0.20420100664204272 -0.5578952757294422 55.05425262451172 -0.070366025047764 -0.8997141216809614 -0.4307703817195811 -236.57106018066406 -0.5899100035715883 0.38576734975141763 -0.7093586818753514 9.820236206054688
0.8005461253222612 0.012707322126656028 -0.5991363994917049 55.223907470703125 -0.03217092247352959 -0.9974221952937949 -0.06414044030491871 -236.6446075439453 -0.5984069960977367 0.07062215162168377 -0.7980736674778883 9.84356689453125
0.6700213941270392 -0.37111243665592136 -0.6429205944526615 54.68949890136719 -0.30234460716182693 -0.9274068338283414 0.22023692489828206 -235.7627716064453 -0.6779816147449866 0.04682012310743926 -0.7335862635982116 9.6500244140625
0.5131219642211325 -0.5111864901451706 -0.6894883770789091 54.66031265258789 -0.4907930502554318 -0.8337644565925292 0.25290119166175024 -235.99893188476562 -0.7041505745611629 0.2086269474828828 -0.6787096324122405 9.691299438476562
-0.3016402584621389 -0.9441878088452366 -0.13237271661080718 54.41632080078125 -0.7260876198314222 0.13751099542857692 0.6737117294984422 -234.9720001220703 -0.6179076976397319 0.2993327709494451 -0.7270419310007457 9.516067504882812
-0.1847552801264961 -0.9600515810824855 -0.21015815027354914 54.426700592041016 -0.7418869564239228 -0.004006285769072485 0.670513007750323 -234.52999877929688 -0.644569026833766 0.2797944090494952 -0.7115095630497285 9.461593627929688
0.3112833584710997 -0.6574169761686381 -0.6862256117227317 54.606258392333984 -0.6421862205830511 -0.6777962233908786 0.35803510672882227 -234.97723388671875 -0.7004994852476409 0.32923426158640673 -0.6331708080490158 9.502517700195312
0.42868297480936934 -0.851072397342435 -0.3031611478906728 54.401607513427734 -0.6289171125354436 -0.5220182740783662 0.5761598624412534 -233.45938110351562 -0.6486094145698704 -0.05632669003274099 -0.7590343413319888 9.308303833007812
0.4069634319111068 -0.913099258889865 -0.02510992835341494 54.107574462890625 -0.7589769910372761 -0.3533121594464604 0.5469227048343135 -232.92274475097656 -0.5082663594643428 -0.20351968308264098 -0.836806456974852 9.341445922851562
-0.7536840908172524 -0.509036490263283 0.41574288067194887 54.12132263183594 -0.5275916189618707 0.8458025838064953 0.07915221302938158 -233.86822509765625 -0.39192776738853796 -0.1596866957723624 -0.9060313373957554 9.49151611328125
-0.7985382965037621 -0.578637305992859 0.1658778379717919 54.23687744140625 -0.4667001895500972 0.7691930454234731 0.4365008498801189 -232.1171112060547 -0.3801677551960094 0.27114742666211894 -0.8842802445626262 9.300804138183594
-0.7917363828984947 -0.44647993108177353 -0.41690427094960647 54.23417663574219 -0.5875836177753284 0.3700140486264152 0.7196075985849133 -233.20327758789062 -0.16702991383840482 0.8147056370004466 -0.5552978776502135 9.477542877197266
-0.1027358976814886 -0.6178944288378715 -0.7795202435720957 54.525482177734375 -0.9946579476581693 0.05590053828746512 0.08677958849643375 -230.6087188720703 -0.010045023047133395 0.7842713845540282 -0.620336596439135 9.242385864257812
0.06106673053617917 -0.7763435839593255 -0.6273447967958379 54.250579833984375 -0.9471318517054187 -0.24341084012133063 0.20902731495307586 -232.01712036132812 -0.314979538869886 0.5814136243300612 -0.7501640404182917 9.430587768554688
0.4448826223377269 -0.8072221166336063 -0.38790708521431744 54.5118408203125 -0.8648311658491817 -0.2746781798182839 -0.4202605764375945 -231.76930236816406 0.23269401994432987 0.5224407640577778 -0.8203103931639977 9.358001708984375
0.566601469773984 -0.8094061320073874 -0.15435183160170404 55.066009521484375 -0.7852188930932434 -0.4735967274937619 -0.3989203299364686 -228.69485473632812 0.24978803890375254 0.3472288196219305 -0.9039015889158389 9.17633056640625
0.4640060643582229 -0.8764196211118219 -0.12879060512709448 54.890987396240234 -0.8734472827700098 -0.4284308842680359 -0.23138025332122716 -231.35195922851562 0.14760832110853075 0.2198536448083572 -0.9643008650851669 9.283843994140625
-0.46352193117868573 -0.8849804448606986 -0.044238349093769364 55.82508850097656 -0.8627879806136312 0.46214506761936175 -0.20498496770189886 -228.39071655273438 0.2018522227398913 -0.05684671221149054 -0.9777648651315457 9.127418518066406
-0.934492372804573 -0.3331950772553737 -0.12531977363075936 56.120574951171875 -0.2591111228890338 0.8780474946205378 -0.40236056365625694 -227.8087921142578 0.2441012723548634 -0.3435311305884553 -0.9068632372917952 9.246253967285156
-0.9611023434968926 -0.17385740977798936 -0.21460635216616913 56.44361114501953 -0.0903339448436209 0.9321564519066325 -0.3506053730019379 -227.5872039794922 0.2610020377962042 -0.31758140725509515 -0.9116029760987525 9.062398910522461
-0.7944714729984155 -0.6031037840542295 -0.07128046191767595 57.11888122558594 -0.5173010397790088 0.7335424024712158 -0.44081195312776306 -227.28106689453125 0.3181425982720396 -0.3133390646507806 -0.8947647275840109 9.158123016357422
-0.11879066386429235 -0.9599877524271002 0.25359868566032656 55.554107666015625 -0.9697897571416648 0.05736907617935196 -0.2371004345028458 -229.6951446533203 0.21306479090124503 -0.27410272579507877 -0.9378011999298765 9.263984680175781
0.663426884907122 -0.7280297045028109 0.17273539806299698 57.66200256347656 -0.7093372084653574 -0.6854142481687239 -0.16446286235462715 -226.23846435546875 0.23812915207719998 -0.0134185606103195 -0.9711407978054164 9.207992553710938
0.698260861126013 -0.686799437165567 -0.2018373179781645 56.1447639465332 -0.6779279308456041 -0.5439006282707244 -0.49455619210167506 -228.49354553222656 0.22988147032537487 0.4821603879164809 -0.8453850424068741 9.300201416015625
-0.4518680123148589 -0.5965419828900713 -0.663289500969373 58.670066833496094 -0.8816490474122962 0.4120276362951087 0.23006126168057026 -226.5367431640625 0.13605240403465402 0.688745881714473 -0.7121227799879342 9.285232543945312
-0.5010964405082394 -0.50508982164124 -0.7026995299446219 58.55149459838867 -0.8277030342339367 0.5167523343149685 0.2188029069732977 -226.68492126464844 0.2526065011631867 0.6912678909470995 -0.6770071332826868 9.199752807617188
-0.5370568275993527 -0.5102362883220539 -0.6717357322699555 57.36265563964844 -0.822885203167879 0.1417278493825817 0.5502482704350345 -228.1333465576172 -0.18555297447434718 0.8482759850359566 -0.495981800951406 9.397720336914062
0.18046646939397926 -0.1265798592143596 -0.9754021697052684 59.34645080566406 -0.8618883862939677 -0.49815456311842454 -0.0948179350960141 -226.3766632080078 -0.47389900083884157 0.8577992600169136 -0.1989979058140644 9.494552612304688
-0.7696268638196685 -0.6018831573793764 0.2130989332449456 59.51240539550781 0.1491168454639383 0.1550869618448268 0.9765818965476601 -226.65716552734375 -0.6208370614629775 0.7833803030002565 -0.029608174297666975 9.453712463378906
-0.374645178024917 0.1286377170755273 0.9182011371852438 58.38777542114258 0.5811856430544727 0.8041955362656137 0.12447002754808567 -228.17605590820312 -0.7224017157302697 0.5802774139978729 -0.37605037417067405 9.456218719482422
0.4297412210278061 0.8970047112943359 -0.10346511907544292 59.74388122558594 0.14508537642950003 -0.18169210504477007 -0.9725935494905931 -226.8517303466797 -0.8912197913510678 0.4029522637734717 -0.2082228532702255 9.585952758789062
-0.49436803177788696 -0.7397971924025462 0.4563993462630816 59.37611389160156 0.11638766365458242 0.4639852939825683 0.8781637425428912 -227.3997039794922 -0.8614256560522713 0.487255334584671 -0.14327622975809456 9.468221664428711
0.27740335689135787 -0.9436479574873713 0.18048797720435145 60.1640625 0.4554925727770709 0.2945812672034217 0.8400883246169721 -227.42300415039062 -0.8459160086736335 -0.15083238824184542 0.5115424683512899 10.720909118652344
0.22023566983867338 0.5023880739146579 -0.836123479468811 61.72401428222656 -0.00372663811066698 -0.8567302301842693 -0.5157513207513883 -226.1671142578125 -0.9754395736790173 0.11670276721967446 -0.1868103375730784 9.539154052734375
-0.14928097807678925 0.6067809509263493 0.7807253468264959 61.02830505371094 -0.011961035790159447 0.7884067475784671 -0.6150379939447397 -226.7900848388672 -0.9887224702651718 -0.1011517571061335 -0.11043640173003688 9.577842712402344
-0.06670709766310343 0.594403297537978 -0.8013955845881257 61.556549072265625 -0.04662586554839826 -0.8041641873720841 -0.5925757237771884 -226.75845336914062 -0.9966825932980009 -0.0021632439007031046 0.08135802721673016 9.482513427734375
-0.1000373166121051 -0.13769935973550276 -0.9854092660481135 61.75602722167969 -0.38143398063147804 -0.9094053215719246 0.16580132543586462 -226.4898681640625 -0.9189671668262553 0.39245489858720944 0.03845125316850521 9.596839904785156
0.4844091721688709 0.7978378187484891 -0.3588907478513792 61.86335754394531 -0.31499958089850066 -0.22365328497758397 -0.9223635249469184 -225.93539428710938 -0.8161635975418398 0.5598517867198323 0.14297887590190794 9.66015625
-0.5960642434891017 -0.5629110774883996 -0.5725718614065958 63.239227294921875 0.19508114463355 -0.7932580765670108 0.5767884976052057 -225.6405029296875 -0.7788778881456508 0.23210502537010136 0.5826461126238771 9.502504348754883
0.5690795590604304 -0.8204224058987696 -0.05527686097148038 63.358184814453125 0.5284166996278253 0.31337004634483356 0.7890342233441292 -225.61680603027344 -0.6300192433680281 -0.4782324643446021 0.6118573878224125 9.557975769042969
0.21840042785401587 0.5365252186240167 0.8151330829340897 63.75663375854492 -0.8030580444561463 0.5733890881825339 -0.16224281428609538 -225.93234252929688 -0.5544357765760186 -0.619165279496237 0.5560893150554986 9.628143310546875
0.4513131730904113 0.6297152237945325 0.6322777528242366 64.25328826904297 -0.7810815123665618 0.6214068995813807 -0.06136070560073997 -225.88137817382812 -0.4315415285163518 -0.4661675686639493 0.7723080389920288 9.685550689697266
0.27048774561941497 0.9479679636671005 0.16790806809256556 64.67113494873047 -0.9050198755380295 0.3098522381155499 -0.29142857686904 -225.8550567626953 -0.3282916452650845 -0.07313228012058368 0.9417410818550438 9.713768005371094
0.683449805601019 0.688485264189211 -0.24266108921341606 65.35347747802734 -0.7201314735002915 0.5814060675003058 -0.37865240729213456 -225.73573303222656 -0.11961197305549294 0.4335378018906103 0.8931617715921509 9.923900604248047
0.8091711806787113 -0.3278507771758591 -0.4876021618740074 66.20574951171875 -0.4957764275710683 -0.8263485141400374 -0.26712144624388 -225.25010681152344 -0.3153533482046603 0.4578886339315904 -0.8311980899234385 9.681396484375
0.9562744615596217 0.20620370330745683 0.20741067212452324 66.91264343261719 0.17618144195464439 0.1599200794879337 -0.9712804269042776 -224.7546844482422 -0.23345075215050914 0.9653525785529677 0.11659822211980025 9.710250854492188
0.95551446645377 -0.1172239522752221 0.2706485717873709 67.43596649169922 0.28143562751867013 0.6368979055434058 -0.7177430218940449 -224.8011016845703 -0.08823883476530944 0.7619839912540155 0.6415561589696267 9.842391967773438
-0.8718261564506136 0.4876397016385808 0.04611587919997143 67.66653442382812 -0.4881876087477161 -0.8573997167851324 -0.16290667365691872 -224.96002197265625 -0.03990001997164061 -0.16453949994639847 0.9855631595000149 9.782344818115234
-0.5367330542602965 0.7276933905498723 0.4270596654033775 68.29371643066406 -0.8434420367832568 -0.4764555937949314 -0.24818460413255017 -224.74887084960938 0.02287267040213764 -0.4934089546122471 0.8694966615560549 9.744300842285156
0.2954061635929992 0.9552096929112183 -0.017596621258694448 69.2731704711914 -0.954417277007917 0.2958840868573195 0.03924625451432111 -224.85018920898438 0.04269496293544309 0.005200933864792756 0.9990746170466323 9.84219741821289
0.9984985846387122 -0.04966969302149561 0.0230975771378385 70.16873168945312 0.026992761838184973 0.8130633885832496 0.581549066677843 -224.64744567871094 -0.04766515795457972 -0.5800524525770697 0.8131833649162352 9.840644836425781
0.9408895362326674 0.10981460903085605 0.32041790251369584 70.89299774169922 -0.330561779485117 0.5039961280959092 0.7979453695635841 -224.55020141601562 -0.07386332345290829 -0.856696360741501 0.5105051958019222 9.816604614257812
0.5861284910219332 0.6747301919203266 0.4485449365710318 71.45613098144531 -0.8098731622349558 0.5040588337725017 0.3000502511038084 -224.28269958496094 -0.023640074109540193 -0.5391325070954865 0.8418891178112654 9.939537048339844
0.27524641532832794 0.5747267851342266 0.7706675893653385 72.23455047607422 -0.9611491130483794 0.18183578733585648 0.20767313001508564 -224.48550415039062 -0.02077963751414036 -0.797887754570294 0.6024477884195071 9.949569702148438
0.9869756006899758 -0.019282995318737912 0.1597101428657512 73.19493865966797 -0.051373983577013116 0.9030230089855127 0.42650927194397464 -224.417236328125 -0.15244631007043075 -0.4291591911334162 0.8902710324455254 9.915679931640625
0.9900923867883518 -0.0596982524255188 0.1270951780402529 74.00126647949219 0.12718244229789544 0.7648728576302571 -0.6315014948768265 -224.605224609375 -0.05951211637042528 0.6414090974704545 0.7648873627451623 9.976150512695312
0.9995540172719386 0.017102563151918052 -0.02447996914139791 74.7745132446289 -0.023082660967483504 0.9625817779774409 -0.2700065026410452 -224.28994750976562 0.018946168958112686 0.27045114723258834 0.962547255797027 10.083322525024414
0.7305127566238768 0.6532218172826723 -0.19912902810918215 75.30181884765625 -0.6794649808541733 0.7244585193426215 -0.11613437710141802 -223.724853515625 0.06839921200293392 0.2201388452268693 0.9730675395981299 9.903900146484375
0.8763921462698603 0.42537902911430936 0.22580851964944865 76.19107055664062 -0.4784908055763496 0.7159154132921404 0.50844042914548 -223.635498046875 0.054620096442645635 -0.5536404994222437 0.8309625999189643 10.079986572265625
0.9664352331253085 -0.19278119915734995 0.16981857797509925 77.17971801757812 -0.2515732374096538 -0.5760973233819737 0.7777035297665503 -223.68515014648438 -0.05209459082531172 -0.7943219015258108 -0.6052593414092537 9.946395874023438
0.9790830212561186 0.17001893753481923 0.11175866126400394 77.8394546508789 -0.20251969128511282 0.8671488910167847 0.4550149178325292 -223.42935180664062 -0.019550246284221813 -0.46813071004570067 0.8834429388377806 10.01766586303711
0.9984204454318006 0.042703581176245994 0.03651052311989289 78.62147521972656 -0.032458844360824926 0.9688391722765047 -0.24555464093626184 -223.49684143066406 -0.045858887541284823 0.24398168459394753 0.9686949468311347 10.157096862792969
0.9042824405783559 -0.2991771924440313 0.30457556563677146 79.65587615966797 0.42589690356578347 0.6818538487706122 -0.5947160300931706 -223.52297973632812 -0.029750549486184025 0.6675090534502213 0.7440071023634518 10.118331909179688
0.9925751449137439 -0.046840243894849 -0.11225227503855476 80.44097137451172 0.0529171323832373 0.9972554839894698 0.05178104627431986 -223.5258331298828 0.10951876003587341 -0.05733664800805308 0.9923296579239207 10.234889030456543
0.5194406205025529 0.8203063347943824 -0.23933022974152163 81.29130554199219 -0.8454282280780272 0.5340711018324785 -0.004378282344683973 -223.39736938476562 0.124227826757012 0.2046107897537398 0.9709283556347403 10.128881454467773
0.956352343083014 -0.2919413995610632 0.012665508357607401 82.16514587402344 0.29012404067861347 0.9537905684057866 0.07817667580858514 -223.0110626220703 -0.03490325056414047 -0.07108987862202379 0.9968590633873791 10.131524085998535
-0.020065463474231382 -0.8855125797489144 0.46418191291990973 83.11492919921875 0.9997912773623768 -0.01598647900715261 0.01272140711795297 -222.89285278320312 -0.0038443316286606577 0.4643402885765743 0.8856485293382204 10.17852783203125
0.9217012046387985 -0.0856276796078827 -0.3783315871723609 83.06581115722656 -0.3210652583063153 0.3789220860216831 -0.8679488191326004 -221.70664978027344 0.21767863761997158 0.9214586009202725 0.3217608700789564 10.116340637207031
0.6860987129063401 -0.64318248745558 0.3399777110028187 83.90869903564453 0.710800263807432 0.4930634266474454 -0.5016487239831914 -221.28216552734375 0.15502109894962207 0.5858367905254259 0.7954644641637485 10.223121643066406
-0.9272463734494082 -0.06039653997997555 -0.3695489424736154 85.36228942871094 0.12541576220640027 0.8798133119196802 -0.45847510593173 -221.11424255371094 0.35282438905935626 -0.4714666415849277 -0.8082290246938185 10.116264343261719
-0.8613377674665599 0.08604480051161922 0.500693062305279 86.91067504882812 0.42453260439560436 -0.4194353744992651 0.8024001710018178 -221.6177520751953 0.2790507447415392 0.9036981016487624 0.3247467058117996 10.215484619140625
0.34610699439485754 -0.8999523576966181 -0.2651333670198004 87.34870147705078 -0.8240774330785096 -0.15653621811020413 -0.5444196880261486 -220.73046875 0.4484488072474855 0.4069178864292558 -0.7958087087876425 10.037399291992188
-0.8932772699853836 -0.44053001790264856 0.08938133056825878 88.20490264892578 -0.18461432928418386 0.1782481703756148 -0.9665118412004567 -221.38211059570312 0.4098454200676288 -0.8798641333094777 -0.24055319279766574 9.866226196289062
0.26022464131222367 -0.9189179805299106 -0.2964336032111682 89.36614227294922 0.9126667130410877 0.3343018975289749 -0.23512063332533012 -221.99703979492188 0.3151548936010705 -0.20936089980547595 0.9256594442190607 9.874595642089844
0.2864621145868895 0.9488862988077039 0.13249244824300305 90.52015686035156 0.9373371395281135 -0.30619169681379155 0.16627005642491816 -223.14599609375 0.19833946598612723 0.0765600204892096 -0.9771386900000583 10.102462768554688
0.8427647748280267 -0.41819020048901795 0.33891664244179653 91.05780792236328 -0.49722284870361716 -0.8459869166308225 0.19255018986366612 -222.4379425048828 0.20619644283092134 -0.3307916158315216 -0.9209016960889178 10.056549072265625
-0.848117750415433 -0.08613610079787648 -0.5227588866481406 91.58782196044922 -0.4979612161348119 0.46653176512496747 0.7310148694485781 -222.1606903076172 0.18091685564315055 0.8803003375375478 -0.43856630864154994 9.889480590820312
-0.5119476993174907 0.6200148898498432 -0.5945511664508065 92.9307632446289 -0.8527412474858105 -0.28330278363972883 0.43883014666078335 -221.9239044189453 0.10364322457291492 0.7316563873475497 0.6737484789249327 9.990066528320312
0.9986909525441513 0.04282311954208073 0.027974304980476823 94.06259155273438 -0.05010313802150238 0.7088697905532099 0.7035575993488004 -221.459228515625 0.010298391469270793 -0.7040382095268221 0.7100874190262862 9.931190490722656
0.11908993871149248 0.16157172218564475 -0.9796490009629256 95.59395599365234 0.9883516829425449 -0.11345325783763804 0.10143623174519995 -220.7725067138672 -0.09475514404153718 -0.9803177734163506 -0.1732008250606108 9.891693115234375
0.6393219322553817 -0.17877873693690133 -0.7478673880819323 96.52757263183594 0.7652221713166316 0.052408800592421145 0.6416294461337664 -220.02272033691406 -0.07551486914975747 -0.982492483859144 0.17031154892603417 9.819015502929688
-0.011249554136937845 -0.9688640118404274 0.24733777328219103 97.7192611694336 0.9919687777100307 0.020350857850086113 0.12483503768266899 -220.31710815429688 -0.1259817112925043 0.24675568715885357 0.9608539115154677 9.81103515625
0.09353983559294116 -0.4999634088473506 0.8609801908121828 98.63524627685547 0.9914445994022771 0.12584939149856028 -0.03463433232358576 -220.03695678710938 -0.09103793425437556 0.8568538501245002 0.5074579529907054 9.798965454101562
0.6077783788177472 -0.40554398585985185 -0.6827441085608684 99.58955383300781 0.7940746951953129 0.3026568065200552 0.5271093206513733 -220.2366485595703 -0.007128863313422329 -0.8625154682670833 0.50598048016487 9.7489013671875
0.6036027254029455 -0.5861498695172728 -0.5404554378956883 100.57365417480469 0.7684398348419675 0.608390655857145 0.19839614435205727 -220.18251037597656 0.2125181641982299 -0.5350599408763439 0.8176471669095523 9.558326721191406
0.3321536231662245 -0.9400817294552658 -0.07694356738510413 101.51846313476562 0.9292281072569638 0.3401352575293915 -0.144371504352677 -219.687255859375 0.16189223360368554 -0.023544607234158958 0.9865275242835341 9.596758842468262
-0.3373762626746876 -0.13471982574503422 -0.931680109230034 102.54191589355469 0.9261409486795047 0.12980058280807183 -0.35413945259136603 -219.43704223632812 0.168642226511297 -0.9823453452090628 0.08097791170065993 9.641555786132812
-0.1398121453374035 -0.41485002955183226 -0.8990839877325126 103.82691955566406 0.9846891786572227 0.037222058575328565 -0.17029897178426895 -219.89056396484375 0.10411429033287012 -0.9091281380181009 0.40329423900202704 9.6009521484375
0.9580531581534956 -0.2779372544621223 -0.06989298057866877 104.48570251464844 0.2849716343565771 0.9497625817845701 0.12939167613895683 -219.63150024414062 0.030418970466701507 -0.14388162086925768 0.989127274627376 9.635387420654297
0.9826575335811316 -0.18530240066996875 -0.006869643527420952 105.26093292236328 0.18389744033453995 0.9691158045791818 0.16430547389922734 -219.41262817382812 -0.023788718642494988 -0.16271932159639718 0.9863855834533252 9.642694473266602
0.9648422132097676 -0.2485150797109939 0.08555558874039466 106.56535339355469 0.2350063147582685 0.9614800065353479 0.14257709863973533 -219.3628387451172 -0.11769254705466627 -0.11745829978773542 0.9860791105072451 9.860105514526367
0.9488032600326298 -0.30659055338852403 -0.07599083052824787 107.44718933105469 0.30673652083189806 0.8368867805934934 0.45335772107222455 -218.8660888671875 -0.07539947307108233 -0.4534564466856514 0.8880834253716408 9.54898452758789
0.9835374028109878 -0.11266880153757608 0.14127957542370875 108.56248474121094 -0.15176835520686505 -0.09066948396598568 0.9842486530522382 -218.89291381835938 -0.09808436995576794 -0.9894871327295917 -0.10627638746660467 9.507522583007812
0.6940137429451564 -0.6525729694325774 -0.3041273486044991 109.52754211425781 0.7110453462315439 0.5549877447372792 0.43174427476677923 -219.39767456054688 -0.11295769210513247 -0.5158847960130021 0.8491780950053439 9.565322875976562
0.7543554210332055 0.28935150687685807 -0.5892568236566351 110.14659118652344 -0.6564284457761191 0.32284980392221585 -0.6818135373277179 -220.1959686279297 -0.007042324457443738 0.9011346789328876 0.43348205971038495 9.547195434570312
0.3104463525664737 0.7280751094602407 -0.6111707594139555 110.909912109375 -0.9455813578224297 0.3024429235951931 -0.12001738918124458 -219.8489532470703 0.09746259752778419 0.6151706372638819 0.7823465530897968 9.507041931152344
0.9597101438593371 -0.2128056060819159 -0.18349445166979572 112.2912826538086 0.27962409818666234 0.787640494217275 0.5490289751756847 -219.1557159423828 0.02769121678053102 -0.5782181473192236 0.8154121477044222 9.494720458984375
0.9540715976210357 0.0002156779161703315 0.29957860420243876 113.64128875732422 -0.2994675037543209 -0.02655473959908311 0.9537368924394091 -218.5390625 0.008160931809588629 -0.9996473374584968 -0.025270534306537196 9.379714965820312
0.9564210161171994 -0.2599928020402926 0.13290065017365638 114.9181137084961 0.29037375160725676 0.79905216794974 -0.5264966450722619 -218.00799560546875 0.030690785373960694 0.5421433166442775 0.8397253717204642 9.258148193359375
0.6704942087504628 -0.396568133080094 0.6270336768128641 115.50575256347656 0.741290678577848 0.39274910143959946 -0.5442759163990086 -218.43460083007812 -0.030424429093808436 0.8297480696836576 0.5573082584804928 9.349105834960938
-0.6988298089534883 0.7068862438082409 -0.10931027597031781 117.17929077148438 -0.7152801451174658 -0.6913292099794548 0.10216769269157461 -218.05038452148438 -0.0033484502038941544 0.14958529922375097 0.9887431547866072 9.306303024291992
0.9901149508132281 0.07086900558435144 -0.1210370531019494 117.73241424560547 -0.13941259009827622 0.402642460867516 -0.9046784945098678 -218.25909423828125 -0.015379008362341351 0.9126097921642284 0.4085423519633614 9.274330139160156
-0.9996981926369508 -0.011350592478796776 0.02178732862914196 118.03968048095703 -0.0054236946340472 0.9669539885444145 0.2548932474087242 -218.1590118408203 -0.023960533694610275 0.2546981509324886 -0.9667237168584624 9.18548583984375
-0.1103783091654589 -0.892400374416957 -0.43753651345487715 119.21708679199219 -0.9881624567485151 0.1457279004213121 -0.04794098571718894 -217.70248413085938 0.1065438310673778 0.42706551110956226 -0.8979217456338915 9.222591400146484
-0.9734076063054976 0.02262694472512737 0.22795976258762796 119.86837768554688 0.1961438219083797 -0.4317551658503568 0.880406200505599 -217.23411560058594 0.11834370753772884 0.9017069912859372 0.41583562708393274 9.22332763671875
-0.27002010300695967 -0.9574741749586743 0.1016481591536091 120.65345001220703 0.9608999342985883 -0.261242539537197 0.09178045435235811 -217.18186950683594 -0.06132259157178631 0.1224562771905247 0.9905776092460186 9.136281967163086
-0.6452913009238307 -0.4328801650015027 0.6294552404264357 121.59666442871094 0.7620853610275843 -0.4220918546509159 0.49098306360281563 -217.1013641357422 0.05315110026600228 0.796525723994914 0.6022638388238926 9.117538452148438
0.9830145667295334 -0.004181172566874541 -0.1834799155044318 123.01368713378906 -0.05426138171795014 0.948424571850222 -0.3123244050098895 -216.6946258544922 0.17532274253959843 0.31697531340261914 0.9320882933723096 9.218631744384766
-0.4480282869903287 -0.2984845409168723 -0.8427203764536344 124.46277618408203 0.8814321133147249 0.01014312123943742 -0.47220180718529614 -216.10789489746094 0.14949275458713418 -0.9543605691378735 0.25854945445849387 9.193328857421875
-0.4600000296310987 0.8529151776127445 -0.24685151921187154 125.46974182128906 0.879902639986703 0.4751495816648809 0.0020540662402103033 -215.9015350341797 0.11904334035895837 -0.2162604329078931 -0.9690511381112308 9.179794311523438
-0.9531552302489945 -0.06934598980914024 -0.2944252719220562 126.79528045654297 0.2638747188902517 0.2852055442771262 -0.9214271160781947 -215.98590087890625 0.14786899532889491 -0.9559544608457972 -0.25354650265670087 9.230056762695312
-0.7159899519906485 0.4013901281072763 0.5711780402873112 127.79707336425781 0.6954542093981957 0.3387968514814057 0.6336877275572071 -216.1610565185547 0.060842676459535616 0.8509422180643705 -0.5217235956298407 9.292160034179688
0.7416582407907145 0.32073624490129615 -0.589127588111301 128.54119873046875 0.6707698059370693 -0.3589507747179247 0.6490163393725528 -215.93418884277344 -0.003304740590316102 -0.8765173144530676 -0.48135898885718686 9.1806640625
0.9939829993384661 -0.1088991515422697 -0.011780145138355451 129.259033203125 -0.06863095223642832 -0.5353684649368269 -0.8418256346455046 -215.30807495117188 0.0853673791399738 0.8375688518232751 -0.5396210049972225 9.30291748046875
0.6356841673756906 0.4183557648107637 -0.6487558041339405 130.06944274902344 -0.7716368263872633 0.3682756062712515 -0.5186035923405606 -214.85826110839844 0.02196013458217544 0.8302719625972822 0.5569256867967123 9.0831298828125
0.9447511846635334 0.16051934985448513 -0.2857949219267967 131.38192749023438 0.32777965306755025 -0.4689858188119497 0.8201297463134729 -214.66049194335938 -0.002387071797573498 -0.8684963097650895 -0.4956898847189185 9.128387451171875
0.9978725776838953 -0.006439532428289676 0.06487565898396384 132.32066345214844 -0.057660542367381926 -0.5515474026189859 0.8321482587364764 -214.67803955078125 0.030423355508522012 -0.8341186936439893 -0.5507453352986722 9.1689453125
0.3490142645048371 -0.887470777532806 0.3009728595695376 133.6331329345703 0.9341463578164134 0.3550304645441056 -0.036386143295578405 -214.3654327392578 -0.07456289526619368 0.29385198360894826 0.9529382909604427 9.088027954101562
0.04791972935227756 -0.7927401458556783 0.6076732351251966 134.54531860351562 0.9986411681110502 0.0255485101572554 -0.04542126134908564 -214.42864990234375 0.020482111526934743 0.6090240839059344 0.7928872229579285 9.192390441894531
0.6386682166412545 -0.6856284732697372 -0.3493086109647018 135.48716735839844 0.7621805849969906 0.6260583357235614 0.16471707903156257 -214.09434509277344 0.10575284821660925 -0.3714358045650072 0.9224162716372803 9.09793472290039
0.5600083602044942 -0.4822891338167431 -0.6736377571836137 136.5035858154297 0.8128242393606068 0.47719223607413264 0.33407233608669323 -213.9156951904297 0.1603352500510251 -0.7346323987089496 0.659247939972671 9.173934936523438
0.6558178374698381 -0.14805495684572406 -0.7402585317372546 137.50035095214844 0.7412036663927501 0.3123505847719857 0.5941836728811586 -213.88589477539062 0.14324834722372926 -0.9383585892109741 0.314583961879274 9.216964721679688
0.6418701052180261 -0.763358763476409 -0.07270602623695095 138.8866424560547 0.7640630146329579 0.6447098837257773 -0.02359820959927366 -213.8651123046875 0.06488819382134663 -0.04040500031014486 0.9970741989704381 9.254042625427246
-0.3349378550226681 -0.5715646439564677 0.7490864376370261 140.15396118164062 0.9417177185825647 -0.2295333403182543 0.24593125907454982 -213.86785888671875 0.031374699687217344 0.7877996594701347 0.615131957191525 9.2310791015625
-0.8472155588945471 -0.5224209693447969 -0.09644753784230303 141.82586669921875 0.526238382592836 -0.8004016003623575 -0.2871070232917553 -213.9670867919922 0.07279396577378963 -0.2939959335198692 0.9530306551316724 9.262565612792969
-0.7076189499773398 -0.6709557677804143 -0.22157116083814238 143.33811950683594 0.7058875484405085 -0.6572357453810065 -0.264128650377277 -214.39291381835938 0.031594154358299154 -0.3433067617680546 0.9386917900646177 9.302886962890625
0.7013509298623137 -0.6588077108289915 0.27217507845784084 143.44058227539062 0.7096194260276804 0.6091829413001749 -0.35402883248827777 -213.63583374023438 0.06743250985550939 0.4414391738180148 0.8947537719582159 8.705116271972656
0.9847680581906987 -0.1738649274248925 0.0016907332308332716 144.13343811035156 0.1735419935713976 0.9822461646223576 -0.07124358604066579 -212.99234008789062 0.010726044685063892 0.07045182109928462 0.9974575143178825 8.618767738342285
0.8101879359625986 -0.45466434231675507 0.3699673556495714 145.1640167236328 0.5498303863795102 0.8082393082166902 -0.21079792899163952 -212.88705444335938 -0.20317985784624992 0.37420523309953646 0.9048140078969263 8.860115051269531
0.9538168323611852 -0.2944721712224246 0.059326138253097634 146.05836486816406 0.2982537935901424 0.9518892786155827 -0.07036672413715249 -212.95677185058594 -0.03575087290631274 0.08481121171317178 0.995755458661503 9.01369857788086
0.991708185471365 -0.08390778695911193 0.09733631468633039 147.07254028320312 0.09114670860502129 0.9931970418725603 -0.07247008711231394 -212.9475555419922 -0.09059333518291171 0.08074106330250626 0.9926095548186188 8.992348670959473
0.985639128086814 -0.10408868222335221 0.13297012979338912 148.44541931152344 0.1228511745213417 0.9822529948911378 -0.14172735426203628 -212.66575622558594 -0.11585809468048226 0.15602756250225755 0.9809344023106805 9.009883880615234
0.8511452167309602 0.2314607939331036 0.47114511661256175 149.49029541015625 -0.49376206481051443 0.6576864776852311 0.5689002728282451 -212.31166076660156 -0.17818766340592837 -0.716850331618708 0.674073259125508 8.94036865234375
-0.19638298818228975 -0.1324909788688936 0.9715347973546584 150.04776000976562 -0.9804980818017545 0.018890139255340666 -0.19561869599297954 -212.2206573486328 0.007565284903727709 -0.991004189273323 -0.1336168526311303 9.296318054199219
0.07348839771890459 0.6824616993920821 0.7272176319806741 151.13430786132812 -0.9948144986864812 -0.0012448211111775187 0.10169839538343811 -212.1671600341797 0.07031051559953905 -0.7309202961221368 0.6788313134445512 9.275947570800781
0.6900133262876087 0.7233279283844363 -0.0260445304160047 152.29710388183594 -0.7178769340146685 0.6885193965516689 0.10292593541875303 -212.3045654296875 0.09238136800897605 -0.052323499416664136 0.9943479945439548 9.275907516479492
0.22800563155966708 -0.6303903900110802 0.7420386702583334 153.71376037597656 0.9681436056691061 0.06577526603068234 -0.24160209680508904 -211.90650939941406 0.10349584909115916 0.7734866324379958 0.6253055562368119 9.205123901367188
0.9862081260277665 -0.1599628484449114 0.04249022563121563 154.29833984375 0.16512803728924888 0.9683854431406538 -0.1869822580200603 -211.35147094726562 -0.01123670137548088 0.19141974984486393 0.9814439443552181 8.936788558959961
0.4747613902137748 0.6041917947578195 -0.6399639814158362 155.3727264404297 -0.877142898902129 0.3845222282551624 -0.28768557642546866 -211.28367614746094 0.07226311139062092 0.6979218660602415 0.7125188500012734 9.109230041503906
0.30650386797086115 0.950789734422614 0.04532394329133298 156.43289184570312 -0.951859980467232 0.30636515021486754 0.010147527715769378 -210.9076690673828 -0.004237511512856885 -0.04625230427121098 0.9989208015882849 8.905078887939453
-0.46617624474065333 0.2445144600718881 0.8502307849373932 157.20526123046875 -0.8835106070937746 -0.07902456914152425 -0.46169700521531065 -210.9239959716797 -0.04570247249649195 -0.966420093069132 0.2528704959459642 9.066459655761719
0.9100826619875249 -0.023189472488840845 0.41377747246000474 158.57192993164062 -0.35122540906071903 0.4868106249378986 0.7997850507965896 -210.78265380859375 -0.21997786338591274 -0.8731996700716635 0.4348931774664979 9.083305358886719
0.692393625835499 -0.574703019221874 -0.43624248600936777 159.71688842773438 0.7200663967635589 0.5120330870020188 0.46832307445515464 -210.79327392578125 -0.04577609806783625 -0.6383874666003756 0.7683527779173043 9.159278869628906
0.9911889788559003 -0.06412724627058361 0.1158969563032156 160.7040252685547 0.12591527224254104 0.7277295233176675 -0.6742070046416954 -210.64944458007812 -0.04110659814049712 0.6828597492732985 0.7293920827728549 9.075332641601562
0.45008884566846286 0.24357631817176878 -0.8591219984558163 161.53427124023438 -0.8908001772175862 0.18970876107648954 -0.41289905575084607 -210.65357971191406 0.0624105381642196 0.9511472878564646 0.30236362467953026 9.056411743164062
0.9960334578698031 -0.04962374525455076 -0.07385685283597597 162.5349884033203 -0.045331823352063684 0.4312457020693076 -0.9010949840268381 -210.39512634277344 0.07656615829138129 0.9008688186154861 0.42728561296963624 9.015274047851562
0.8141833032668649 -0.5678717943944426 -0.12094285349987467 163.62942504882812 0.5768936696302026 0.8147532546068909 0.05805883264480614 -210.21435546875 0.0655686100360146 -0.11704169871765704 0.9909601395309654 9.039201736450195
0.9860385512490277 0.01966693194662203 0.1653517076976384 164.45399475097656 -0.1588741467894312 -0.1862770866087431 0.9695668375550439 -209.53485107421875 0.049869639387593166 -0.9823003913225148 -0.18055182157758942 9.037811279296875
-0.11845032380850318 0.27653123253803613 0.9536770932661932 165.67550659179688 0.992075270508013 -0.00757619858184963 0.12541634208308422 -209.27114868164062 0.041906782698193035 0.9609750666099734 -0.27344239414882887 8.986602783203125
0.5926452409767693 0.7825080247434674 -0.19092618877373527 166.718505859375 0.7880926391109958 -0.5143748283415386 0.33812501851782345 -209.76654052734375 0.16637791478033612 -0.3508557070658673 -0.9215306084404671 8.977783203125
-0.7445781633856843 0.5508805228362378 0.37700664207527534 167.8863067626953 0.6246922321799372 0.37595116194556893 0.6844124040999141 -210.13882446289062 0.23529337785677015 0.745111651627761 -0.6240558091591659 8.970443725585938
-0.25969474658069863 -0.8808043186185242 -0.3959070483097568 168.8743438720703 0.9489030503595617 -0.15663760831263612 -0.2739482810320522 -209.7237548828125 0.17928089584979706 -0.4468203352188154 0.8764758687027496 8.859237670898438
0.16626308697517078 0.3332183607124053 0.9280744097288882 169.33644104003906 -0.9858510680779549 0.07651347304805611 0.14914207994955714 -209.30886840820312 -0.021313316941351967 -0.939739970697353 0.34122504303567125 8.813369750976562
-0.7244063825820064 -0.35893199340343285 -0.5885602917169062 169.97695922851562 -0.6880643331520949 0.3238711701075669 0.6493650272513282 -208.7368621826172 -0.042460173320588435 0.8753715150063962 -0.4815826454483095 8.823013305664062
-0.020661963054206756 -0.8518088857274795 0.523445035775922 171.04629516601562 -0.9997630030667843 0.014012495462153107 -0.016660962451431227 -208.3023223876953 0.0068571846724042596 -0.5236652290983552 -0.8518965352974124 8.745918273925781
0.8846680068257304 -0.26410073018659475 -0.38420479176332106 172.2361602783203 -0.4635686579968731 -0.41049999107450147 -0.785234905395075 -208.7114715576172 0.04966504829321694 0.8727774983595428 -0.48558502997445346 8.9278564453125
0.9858040979781614 -0.0020564865503415464 0.167887019368777 173.55545043945312 -0.15138680077516556 0.4215457295725996 0.8940812236201839 -208.796875 -0.07261072207686808 -0.9068048129240235 0.41525018277816905 8.972946166992188
0.954951144292478 0.2931947162842938 -0.04588213549367032 174.3787841796875 -0.29574417070425546 0.927428673639384 -0.22893545117771794 -208.79153442382812 -0.024570256590830633 0.23219154518299226 0.9723597013639527 8.908487319946289
0.9903303301547068 -0.1341628591813549 0.03530105369466372 175.4644317626953 0.137665833414148 0.9818376550489705 -0.13054860182448186 -208.84756469726562 -0.017145130097425687 0.13414598892334795 0.9908132509053962 8.93111515045166
-0.40906519135004205 -0.8792891658604542 0.24395948849384855 176.80615234375 0.9118882688754291 -0.38407933996798826 0.1447164320218267 -208.73208618164062 -0.03354779147912776 0.2816622505948946 0.9589269639950125 8.907096862792969
0.4065638134852903 -0.45243944021221194 0.7937281767108677 177.60475158691406 0.9135651044155969 0.21105221768479676 -0.3476431523911391 -208.5340576171875 -0.010230618672283143 0.8664614904026545 0.4991390789056622 8.878219604492188
0.9911899814597347 0.06606716419025194 -0.11479351231541252 178.3384246826172 -0.13217606212476876 0.5488983280831692 -0.8253727121904931 -208.30426025390625 0.008479932490281762 0.8332741177087882 0.5527950212344539 8.833236694335938
-0.6626959524202252 -0.6815450202617035 0.31037148709622975 179.30081176757812 0.7488026688799501 -0.5967573791608969 0.28840109829069965 -207.3941650390625 -0.011341857172216252 0.4235292383926899 0.9058114298806311 8.834663391113281
0.05187036328817746 -0.7225173154103885 -0.6894042314524311 180.3560791015625 0.9976907378542985 0.06780218963821877 0.0040068291712987425 -207.34085083007812 0.04384811298217345 -0.6880200520424007 0.724365757732566 8.812698364257812
0.571631659666819 0.014737726370016524 -0.8203779891537807 181.22103881835938 0.8204275590243384 0.003937279327650145 0.5717369309611386 -207.22421264648438 0.011656159741692651 -0.9998836418568606 -0.009840563354684695 8.76727294921875
0.7970553459224372 -0.5577484122575147 -0.23155881361046327 182.004638671875 0.6012934690347065 0.7685788797281277 0.21847807609017594 -207.13232421875 0.05611541350353205 -0.31337392083592025 0.9479703825053026 8.81479263305664
0.7151788107765193 -0.6111167477915772 0.33919845103556984 183.09136962890625 0.695092345368722 0.6727320392364211 -0.25353152623414743 -206.9250946044922 -0.07325230389614712 0.41709462230224514 0.9059062733089194 8.750232696533203
0.7725764805526552 0.22165063716625394 -0.5949761144286938 183.8695526123047 -0.6300651486431639 0.15196054307587464 -0.7615286611896841 -206.93099975585938 -0.07838041950729974 0.9632128468785488 0.2570554832054372 8.731735229492188
0.9971936524374404 0.059043230829089105 -0.04602951696183768 184.69873046875 0.03293609466795913 -0.8981226486354817 -0.43850988777450617 -206.69595336914062 -0.06723119221388563 0.4357632440916164 -0.8975468577696931 8.6431884765625
0.6539711786773366 0.11102291447128909 0.7483285441045773 185.7943878173828 0.7518842605858861 -0.20471690660717717 -0.6267065077310144 -206.5480499267578 0.08361672166852102 0.9725044476049914 -0.2173553386644091 8.539520263671875
0.3347149001061077 -0.8832411028719945 -0.3284068967674419 186.6631622314453 0.9202146254706992 0.38141387640747393 -0.08791187606714637 -205.9527587890625 0.20290632990811158 -0.27277941469489064 0.9404362882204906 8.601409912109375
0.4442202162251302 -0.8703266544952114 0.21260271393392813 187.24423217773438 -0.8391628881878205 -0.48731248883936396 -0.2415205691229226 -205.93231201171875 0.31380574657767846 -0.07111998802276295 -0.9468198882144735 8.624992370605469
0.691218760414529 0.7226455409386214 -0.0002177441826540505 188.14364624023438 0.6634183960716511 -0.6344477914189877 0.396676230340673 -206.0574493408203 0.28651816173624967 -0.2743345077183985 -0.9179585616301993 8.6512451171875
0.8083427710410598 -0.28175704160608517 -0.5169090190846424 188.927734375 0.5746042009144233 0.5686693159270133 0.5885959746843326 -206.1702423095703 0.12810923775105926 -0.7728053950565363 0.6215785103865423 8.600090026855469
0.8475838911180806 0.5257691018086679 0.07189157878667402 190.1586456298828 -0.5288278641004549 0.8256159273822226 0.19672170852181997 -205.92568969726562 0.04407536350485186 -0.2047564212328874 0.9778201114191791 8.613471984863281
0.4358083583295541 0.8998575363291887 0.01809666051133656 190.970458984375 -0.8983782255442982 0.43369495391599455 0.0694640253345714 -205.96209716796875 0.05465929635457824 -0.04653064860247421 0.9974203026120214 8.550859451293945
0.7621942267991989 -0.37066681770660836 0.5307222163102154 192.208984375 0.6465094532216129 0.39413537611738014 -0.653209638774492 -205.77801513671875 0.03294673776054774 0.8409895454427879 0.5400473098968928 8.603118896484375
0.8536134026873397 -0.44156468762051726 0.2763417909023842 192.88650512695312 0.5117031764978722 0.810093558261246 -0.2861962369172959 -205.67881774902344 -0.09748855273584432 0.3857059158351457 0.917456772047186 8.40285873413086
0.993750309975161 -0.09100621966406117 -0.06463891557512502 193.63392639160156 0.08333072201858027 0.9901086923402201 -0.11287501105294036 -205.42002868652344 0.07427188022484416 0.10678316971693598 0.9915044339149828 8.498170852661133
0.9237339078873947 0.2989598125426993 -0.23945500183440832 194.7168731689453 -0.38141637463987554 0.7753384405914563 -0.5033605583453904 -205.40191650390625 0.035174089549788054 0.5563032743258332 0.8302345755259176 8.489051818847656
0.5741640790366601 -0.020019970326953296 -0.8184954557797445 195.51222229003906 -0.8109815474016002 0.12339505995391842 -0.5719113471099124 -205.26901245117188 0.11244794403673974 0.9921556631734139 0.054613184441428375 8.466476440429688
0.6346787761729478 -0.04434611091426166 -0.7715026075927347 196.14508056640625 -0.7629025149178911 0.12312451757475745 -0.6346811056774418 -204.43946838378906 0.12313652507508094 0.9913999070096603 0.04431275858791378 8.422836303710938
0.9945124838596888 -0.04460536623048442 0.09463234516103215 197.36888122558594 -0.09393738626607606 -0.7789024375241511 0.6200699640205403 -204.3365478515625 0.04605091648089525 -0.6255568352455119 -0.7788183093436423 8.350875854492188
0.9684818421604775 -0.05232289545985805 0.24352666387101293 198.21731567382812 -0.2467309197103215 -0.3355933367103472 0.9091209851359251 -204.4484100341797 0.03415808344078222 -0.9405527241820698 -0.3379257290727362 8.300750732421875
0.6308085413925487 0.7733225536633088 -0.0636617004317672 199.14503479003906 -0.7750122305825384 0.6319390668665754 -0.0030096869073352912 -204.8095245361328 0.03790285680108287 0.05123713266236568 0.9979669982934585 8.37442398071289
0.9959328220958095 0.03172521266410204 0.08432867100633401 200.09909057617188 0.07603603851940446 -0.7980632881782259 -0.597757065126322 -204.64918518066406 0.04833564645841267 0.6017378988758941 -0.7972296822985656 8.335601806640625
0.6800386769841873 0.6103325899269523 0.4062530338085548 200.87745666503906 0.7331654867396034 -0.5630890154547521 -0.38131237814694435 -203.9805908203125 -0.003970750492864744 0.5571578684244318 -0.830397099461015 8.337631225585938
0.986138869844557 0.062274058009267066 -0.1537922985092514 201.75637817382812 -0.16559489868473898 0.42756701161137245 -0.888687110355108 -203.7662811279297 0.010414360820102858 0.9018361227411438 0.4319527159399855 8.302070617675781
0.9347333374740009 -0.3234349380290767 -0.14718501512328963 202.47869873046875 0.35293881714595116 0.7968405338888866 0.49038694405876154 -203.90420532226562 -0.04132528483062787 -0.5103283300129451 0.8589861561281801 8.349872589111328
0.8003150543163087 -0.40529664576602353 -0.4418488913254105 203.6807403564453 0.5988321355517315 0.503524763416844 0.6227863887855644 -203.59730529785156 -0.029931375932901766 -0.7630186377519371 0.6456831042995795 8.324897766113281
0.959178805872337 -0.14900134437552598 -0.24036351166432024 204.4912109375 0.2816733467608164 0.42755354328403966 0.8589866665727846 -203.38980102539062 -0.025221897031721827 -0.8916257998732142 0.452070004435787 8.3551025390625
0.9658340870454593 -0.2581819529972624 0.022507675303854953 205.29342651367188 0.25038818134732505 0.9520190012975616 0.17597039469743936 -203.47064208984375 -0.06686011473698977 -0.1643225496239421 0.9841381126358453 8.59419059753418
0.5976556856780784 -0.6605325224498929 0.4544276269799708 206.0536651611328 0.794889481970194 0.5621741753344701 -0.22827813745552755 -203.45437622070312 -0.10468234249300229 0.4976514677693516 0.861036946824692 8.706771850585938
0.3124095152336372 -0.07077028174825656 0.9473076913087722 207.2009735107422 0.9496078865912889 -0.0033980217036782556 -0.31342194430531994 -203.11300659179688 0.025399931399702425 0.9974868523794054 0.06614244337123248 8.381362915039062
0.8263985958463249 -0.5358040142117397 0.1731456587322019 207.93858337402344 0.5630382122290369 0.790281383699971 -0.24175050392334022 -202.86216735839844 -0.007302900324690859 0.29726989913518775 0.9547655600800663 8.334297180175781
0.9141110233710577 0.08743555337412945 -0.3959243121578638 208.88478088378906 0.4038271367968293 -0.10867378673945899 0.9083576672556805 -202.85211181640625 0.03639616103372312 -0.9902247381690009 -0.13464875558333583 8.445541381835938
0.3759298637260494 -0.28637827619653916 -0.8812855499108179 209.7082977294922 0.9266478672880307 0.11688197407203366 0.35729866244861375 -202.7256622314453 0.0006838197553709624 -0.9509606127804259 0.3093112434600769 8.428176879882812
0.5031235348562442 -0.8064895155636118 -0.31055010861329313 210.9070281982422 0.8642129726292986 0.46884024718705686 0.18255070680994467 -202.68954467773438 -0.0016268414147235233 -0.3602269894157708 0.9328632640872194 8.419242858886719
0.7809308939327321 0.6157133546328176 -0.105090455457314 211.40829467773438 -0.6245549757603078 0.7721008075266977 -0.11743689909760996 -202.78280639648438 0.008832958420875461 0.15734486945376708 0.9875042131060059 8.318153381347656
0.6469501981668717 0.646406354726129 -0.4044926027278164 212.42498779296875 -0.7565501765621534 0.4778089883239049 -0.4464643334250351 -202.7532196044922 -0.09532718099062684 0.5948591389955813 0.7981574614810136 8.211509704589844
0.7729134144689019 0.4371535717491264 -0.45989304021805444 213.1433868408203 -0.633156995973696 0.4840364233467938 -0.6040041053860551 -202.3773193359375 -0.04143756971141954 0.7580273712608437 0.6509050869641337 8.231285095214844
0.9983577909720192 -0.05687837096536543 -0.006824377026238662 213.95896911621094 0.05158534893013685 0.9444099131063766 -0.3246981179529108 -202.0788116455078 0.024913309319036847 0.3238128579021109 0.9457930852337848 8.253421783447266
0.6735648685149092 -0.738556148481296 0.029072038851233335 215.2420196533203 0.7388386726570709 0.6738807240622591 0.0014783516711377783 -201.88697814941406 -0.02068293230737165 0.020483780847291314 0.9995762257243663 8.2494535446167
0.9649980206041124 -0.18930144682028643 0.18150422160900612 216.0948028564453 0.26162342396199806 0.7429522748898556 -0.6160966655244848 -201.9586944580078 -0.01822098418158452 0.6420178186528274 0.7664731673501166 8.253593444824219
0.910844491320566 0.40161962782816935 -0.09520497452413859 217.1808319091797 -0.41274948772731873 0.8865149621802725 -0.20911499757632374 -202.017333984375 0.00041594688974887217 0.22976704805883863 0.9732455654224745 8.187829971313477
0.8818367115322132 0.23523243685560308 -0.4086926899823719 217.5528564453125 -0.4713878849713761 0.4628076316908339 -0.7507346787986646 -201.32064819335938 0.012548948014279415 0.8546781831190593 0.5190064808882822 8.121772766113281
0.2310926970635197 0.10387913880073435 0.967370296156506 218.40219116210938 -0.972604546420103 0.050449161992707436 0.22692571105359483 -201.05174255371094 -0.025230173341741213 -0.9933096227140114 0.1126917555852883 8.154899597167969
0.43377631570298447 -0.8954315382156322 0.10020213722237326 219.191650390625 -0.9006117541431984 -0.4275402038557454 0.0781526863652077 -200.83470153808594 -0.027139937992846946 -0.12414400692652974 -0.9918929827909714 8.123977661132812
0.3042822585539568 0.4543012718061429 0.8372709606600626 220.36074829101562 -0.9505338234063964 0.08719883774633369 0.29813053056690814 -201.51947021484375 0.062432024552472876 -0.886570198648144 0.45836178416101586 8.241561889648438
0.9513513291027379 -0.30287891623479823 0.056524425825374786 221.2158203125 0.3056168007532293 0.9043598813857613 -0.2978784584982486 -200.86541748046875 0.039102681644807666 0.30066188158854784 0.9529288605388226 8.194887161254883
0.9603959352522444 0.10738534568698704 -0.25711482859347645 222.0177459716797 -0.2607282853811737 0.6718305765454731 -0.6932996737492167 -200.69691467285156 0.09828737840211078 0.7328792969857065 0.673221751948477 8.168998718261719
0.9975792467977977 -0.06347892125813755 -0.028391423251431253 222.8442840576172 0.06350912122715387 0.997981244900736 0.000162318612260184 -200.6788787841797 0.02832380411056067 -0.00196504002004636 0.9995968691119568 8.183303833007812
0.9659972241117889 -0.24498666932604093 -0.08264922782973436 223.7493896484375 0.25065792949807414 0.9657539915164077 0.06700619560805411 -200.48959350585938 0.06340319698608854 -0.08544448327808764 0.9943235262676248 8.1646728515625
-0.7013416356278812 0.015792276538299732 0.7126503449354011 225.19834899902344 0.7119214371416807 -0.03481227692414901 0.7013957318899797 -200.28128051757812 0.0358856165187712 0.9992690875720585 0.013172439029028205 8.087860107421875
0.2668653929171457 -0.9612902561758134 0.06858502347172073 226.23135375976562 0.9627736455068421 0.26909950126417237 0.02554145526079656 -200.21009826660156 -0.0430089476811858 0.05921572258119273 0.9973182684672653 8.086960792541504
0.986038491426249 0.03252609502805119 -0.16330997081646095 226.66151428222656 0.16649175434041086 -0.20983546882404164 0.9634570938864101 -199.94046020507812 -0.0029307272987132427 -0.9771955429521876 -0.212321175750041 8.094161987304688
0.9200842292177934 0.013729768287328359 -0.39147989042539005 227.66629028320312 0.3800061662339437 0.21129202627616284 0.9005281746043784 -199.86618041992188 0.09508062246787974 -0.9773265437380126 0.18918906452602102 7.950775146484375
0.754165400670417 -0.1275781899971149 -0.644172611858568 228.78738403320312 0.6565979020204631 0.1305657568449637 0.742853806749234 -200.08416748046875 -0.010665059491422935 -0.9831970242919584 0.182235748220492 8.133102416992188
0.9317022227677454 -0.34316452861726143 -0.11903392116760277 229.45664978027344 0.35153289125436415 0.7694466864538142 0.5332695594833751 -200.01243591308594 -0.09140894078803057 -0.5386927723704286 0.8375288069910621 8.085052490234375
0.981332133412798 0.19067121372531393 0.02513428312090661 230.39231872558594 -0.18137914932635707 0.9610168934349554 -0.2086818984058615 -199.8574981689453 -0.06394410153511658 0.200227417675859 0.9776605408267859 8.085493087768555
0.9198220627264216 0.39022587394749625 -0.04063422478186996 231.05990600585938 -0.392222322870545 0.9121200943587509 -0.11915780674809948 -199.76304626464844 -0.00943516633371007 0.12554162962498208 0.99204348537116 8.108612060546875
0.30134948422187197 0.44504674806217553 0.8432804280893125 232.328125 0.9505522193645055 -0.0705667055222769 -0.30244142959083015 -199.64678955078125 -0.07509305307699632 0.8927226512814685 -0.4443054144038318 8.040908813476562
0.9747538824054627 -0.053426558572796295 -0.21679592148964677 232.895263671875 -0.22208057452024868 -0.3325726988357384 -0.9165563912874481 -199.30389404296875 -0.023131950982003005 0.941563063649048 -0.336041530194685 7.908203125
0.9424580423684865 -0.24038715549231868 0.23235071303801075 233.92478942871094 0.3280550512553426 0.7989016436731594 -0.5041190802599906 -199.10256958007812 -0.06444161482159429 0.5513349065773328 0.8317914997573305 7.914436340332031
0.8747107279606124 0.3596911638018378 0.32481288317044255 234.4411163330078 -0.4846310241557729 0.644010135625342 0.5919321883776518 -198.82757568359375 0.0037299887858712466 -0.675183835629015 0.737640071639922 7.886993408203125
0.20906169062675134 0.3618545067566598 0.9084902451056802 235.24728393554688 -0.977890478731201 0.07276080036968086 0.19605121151481242 -199.08648681640625 0.004839537079801226 -0.9293907584377293 0.3690655727799537 7.9095916748046875
0.9668765647532562 0.2153283893262729 0.13705252015594382 236.1923828125 -0.2548781043048158 0.7857460983872031 0.5635957955975818 -199.13845825195312 0.013669691910420258 -0.5798592532843126 0.8146019800513827 7.924774169921875
0.32832430807796986 -0.0024826743379690597 -0.9445617952538912 237.1734161376953 -0.939526163811359 0.10229543681486208 -0.3268428232664258 -199.0332794189453 0.09743580573400007 0.9947509637768581 0.03125354101502831 7.936988830566406
0.9552704652588241 -0.25450003560378753 0.15062559570624368 238.11778259277344 0.29398484138023706 0.7619110212182585 -0.577117413343929 -198.57310485839844 0.03211310079744301 0.5955848618155279 0.8026502483232357 7.920112609863281
0.020343852497819115 -0.16919556238550698 -0.9853725129790252 238.75111389160156 0.9997713818590419 -0.0030448527752848786 0.02116395254291037 -198.3206787109375 -0.006581161083631493 -0.9855777952757605 0.1690949371748381 7.9359893798828125
0.606547964766717 0.7582080235887184 -0.23920735649858826 239.81344604492188 0.7938366518167989 -0.5609679746443338 0.2348154629825908 -198.4145050048828 0.04385130180106188 -0.3323184081406315 -0.9421473021461287 8.008392333984375
0.5588746279322981 -0.5585519440788363 -0.6129264850039422 240.7052764892578 0.8274648976087161 0.42412620557880937 0.3679929414631733 -198.52255249023438 0.054415011521934176 -0.7128370693974002 0.6992155025555381 7.953834533691406
0.542402853536675 -0.6485215482205968 0.5340589349208875 241.81874084472656 0.8384007334591164 0.458477585058062 -0.294758399599644 -198.64669799804688 -0.05369687710182272 0.6076331997948169 0.7924004921102864 7.875244140625
0.9158261650414887 -0.179594157714353 0.35917735722101346 242.13816833496094 0.3285073212016341 0.8494831988367088 -0.41286951305597597 -198.0587615966797 -0.2309661779185987 0.496109094261559 0.8369769359120055 7.9427490234375
0.9852118903903077 -0.14981103259517142 -0.08315158174277242 242.2785186767578 0.12222365347288995 0.9545902853986995 -0.27169609042856785 -197.73748779296875 0.12007876400636121 0.257515128750134 0.958784151360204 8.034967422485352
0.713491199537465 -0.6544010977160497 -0.2503787360991717 238.7415008544922 -0.6994301143493127 -0.6440078971716009 -0.309921511873442 -196.92991638183594 0.041567094244087374 0.39624869928952694 -0.9172018016704183 7.6212158203125
0.9935782953520789 0.010324811616682063 -0.11267461679694109 241.5817413330078 -0.11301210923320124 0.04200394438954813 -0.9927053600250092 -196.92129516601562 -0.005516717495076401 0.9990640955017852 0.04290103620286745 7.6310272216796875
0.9906941427715384 -0.12625421292781885 -0.05084278902797986 242.918212890625 0.11772149586104998 0.9823303755259033 -0.14549461409748002 -196.9989471435547 0.06831372402675381 0.1381553728130572 0.9880517841047005 7.96635627746582
0.4714497029464544 -0.777258241190748 0.41665909817591273 243.5112762451172 -0.8717672750752732 -0.4821318085972648 0.08700998360282297 -196.85623168945312 0.13325537775089205 -0.4042505975750629 -0.9048891968968751 7.676361083984375
0.32129330535811906 0.932206165753391 0.16662015623391968 244.1483154296875 -0.9395059684618677 0.29172285935903197 0.17951687539593228 -197.1064910888672 0.1187398296974636 -0.21421820151133705 0.969541858294249 7.711967468261719
0.9545237179909747 -0.10211180291766496 -0.28010293018387045 245.0784454345703 -0.2968003451408169 -0.23666339897824723 -0.9251486316848525 -195.4041748046875 0.02817848322706959 0.9662109579636151 -0.2562076458540122 7.664886474609375
0.999258532175373 -0.036275651557142574 -0.01290205327936341 245.56967163085938 0.025608488279414872 0.8764359500991892 -0.4808370105366 -194.85487365722656 0.028750499174133026 0.4801500832842124 0.8767150656395736 7.586280822753906
-0.16063740848840452 -0.4251211652545173 -0.890767993277021 247.6046600341797 0.9855218977002267 -0.01948732380931789 -0.1684245628288673 -195.31549072265625 0.05424216208332511 -0.9049266484436141 0.4220966107292668 7.555755615234375
0.9268724156810428 -0.3367439457556775 -0.16586452317022296 248.7364044189453 0.35961161569849615 0.9232697269767841 0.13510180273753414 -195.54647827148438 0.1076429788899638 -0.18486894343050653 0.9768502765780347 7.835933685302734
0.9258827589896723 -0.33045349968499615 -0.18314366260291567 249.06443786621094 0.3468469687495995 0.9356489029561958 0.06525573282158109 -195.10858154296875 0.1497941817123972 -0.12394198216425911 0.9809179823931804 7.585033416748047
0.8544335816088692 -0.4562990589845872 -0.24846412897804848 250.3845672607422 0.5178272262898028 0.7869256506978158 0.33556368097103206 -195.1756134033203 0.04240540451463069 -0.4153783685311495 0.9086597782582605 7.7588043212890625
0.8577454282113679 -0.21441071433883205 -0.4672267393452655 251.2067413330078 0.5040958786946474 0.5290118789058372 0.682666666140648 -195.01010131835938 0.10079744771356147 -0.8210812855943237 0.5618410780471683 7.646476745605469
0.8497401352763675 0.5218026374753837 0.07525762435949217 252.22702026367188 -0.5215908257626876 0.8113157020334005 0.2640262148239236 -195.260498046875 0.07671188291717825 -0.2636073579355937 0.9615749829636362 7.663745880126953
0.9819887240316115 0.07033550816252304 -0.17535980772767412 253.46429443359375 -0.14283785138249233 0.8838900882168842 -0.445348919572487 -195.3095245361328 0.12367495335434826 0.4623756354345113 0.8780166727741173 7.614124298095703
0.43929647285636475 0.5475155717984274 0.7122115609664015 254.33230590820312 0.8819348173396301 -0.4136796401528333 -0.22596489392632552 -194.8175048828125 0.17090812414882567 0.7273897538192735 -0.6646010526162791 7.5782012939453125
0.02445884713375962 -0.8461106632466191 0.5324457815940079 255.62484741210938 0.9902891981474296 -0.05240485825342284 -0.1287673672323853 -194.7809295654297 0.13685418820558137 0.530424807462665 0.8366124878333973 7.361747741699219
-0.5589936938644847 -0.7027764047043321 0.4400356522039906 256.5111999511719 0.7772960664559287 -0.6289055199303829 -0.016990352357594107 -194.6002197265625 0.28868126938178557 0.33254048173410033 0.8978195546523663 7.504619598388672
0.10518385693041599 0.4054871274993008 -0.9080289343812826 256.53759765625 0.9397979002274242 0.25800834162693165 0.22407945550417008 -195.018310546875 0.3251403742529779 -0.876933227266071 -0.35393763850055165 7.71722412109375
0.45397645034480016 0.6086718442637072 -0.6507103568662117 257.6589660644531 0.8425757268063189 -0.05575094190886842 0.5356845873021525 -194.49366760253906 0.28977841039169683 -0.7914609393247978 -0.538161736278203 7.7591552734375
0.9944548064210872 0.03633807904030044 -0.09868729400312423 258.67205810546875 -0.0065648598986819025 0.9580260477349343 0.2866059916957292 -194.8360137939453 0.10495970941513166 -0.2843688377319895 0.95295216224449 7.832454681396484
0.9279819248383406 0.3478592976822753 0.13357940031802185 259.66998291015625 -0.3144059693462431 0.5385479212576866 0.7817384619861516 -194.751953125 0.19999608399360574 -0.7674373235157506 0.6091317762702942 7.8292694091796875
0.9887495261991838 -0.13549638884837759 0.06336484080260153 260.649658203125 -0.05090874544403406 -0.7031556354628153 -0.7092111476522341 -194.85458374023438 0.14065089433844463 0.6980063616658044 -0.7021427525766125 7.804656982421875
0.23447254143250612 -0.2981149570721576 0.9252837941323989 261.4013977050781 -0.9673229624304546 -0.16601670609044206 0.19163699969903902 -194.49661254882812 0.0964827117620114 -0.939981875180977 -0.3272998024171466 7.653511047363281
0.8567319109377727 0.37376665356999983 0.3553996644061389 262.67987060546875 0.51384627573283 -0.6778936815909289 -0.5257586531618826 -193.68618774414062 0.044412134562670985 0.6330550095672415 -0.7728317521721058 7.6435699462890625
0.9811826963175271 0.08726916933524104 0.17223416772116987 263.6895751953125 -0.19212641428838528 0.35266076341892605 0.9158153890809367 -193.22654724121094 0.019182215194152807 -0.9316729458497316 0.36279135131908524 7.774894714355469
0.9405241281119925 -0.07508498742336686 -0.33132553343020404 264.9181823730469 -0.30645317163267394 -0.6084535065221657 -0.7320319555846968 -193.03872680664062 -0.14663157243735508 0.7900294773389873 -0.5952752362563347 7.819366455078125
0.788466848250565 -0.5459455838667181 0.2833080455374476 265.66259765625 -0.6095947130777809 -0.6322467619539203 0.4781823060156041 -193.22042846679688 -0.08194092382587762 -0.5497339824453378 -0.8313111532677464 7.8067779541015625
0.8732110675620905 -0.094820076090458 -0.47802885337317624 266.787841796875 0.4847891459223966 0.06873490052053466 0.87192602750822 -193.27975463867188 -0.04981882659102968 -0.9931186568686704 0.10598781956649994 7.7417144775390625
0.6033695866683487 -0.7036391929838992 0.3752825974923876 267.9208068847656 0.7973206179277204 0.5411393844735242 -0.26729758472342 -193.11953735351562 -0.01499913700932326 0.4604997857421682 0.8875330828878398 7.726905822753906
0.3214190861502655 0.43695096316731674 -0.840097391285964 268.6480407714844 -0.9460258190483504 0.18708262104415518 -0.26464172497387206 -193.71998596191406 0.04153216527254183 0.8798147240700186 0.4734988179049352 7.712959289550781
0.9804108318715243 -0.1969168607236554 0.00428377307130938 269.5484313964844 0.19502161558855838 0.9735619455009757 0.11892732119065007 -193.40650939941406 -0.027589313188525318 -0.11576220555559567 0.9928937211820255 7.662405014038086
0.8897877148238401 -0.4253956462511433 -0.16527663688235086 270.23748779296875 0.45322118222334334 0.8661572312191115 0.21062338614436296 -193.4773712158203 0.05355728272273814 -0.26231697420756933 0.9634943811512042 7.736904144287109
0.4770412480408384 0.033088893107423634 0.8782578054424363 271.02276611328125 -0.8786082822626979 0.042842530047072946 0.475617497531952 -193.4334259033203 -0.021889129882888825 -0.9985337464362887 0.04950982953797034 7.6937713623046875
-0.9382470518083122 0.04827386143101317 0.342581529092784 271.84686279296875 -0.3452683716682283 -0.19350512351886687 -0.9183384554169115 -193.12049865722656 0.021959537758814818 -0.9799109150705935 0.19822304918180375 7.689453125
0.9867514282526557 -0.1622203572407121 -0.0024848617747296096 273.0699462890625 0.1619220525706893 0.9856633372646851 -0.04742398616247116 -192.93801879882812 0.010142373126576096 0.04639333216033395 0.9988717590353738 7.780324935913086
0.5972296402053153 0.2871108448242777 0.7489219716662874 274.2242431640625 0.8020702245925051 -0.21339656695813458 -0.557803962008707 -192.68023681640625 -0.00033418910554611214 0.9338250735522002 -0.3577298146966084 7.7458038330078125
0.8638225461465954 0.12000716289053942 0.4892942771214239 275.55078125 0.36685081064360325 0.515829724556495 -0.7741706388091076 -191.6852264404297 -0.345298554151251 0.8482440545732897 0.40156062105505513 7.5695037841796875
0.9967047632634913 0.02806689741448766 0.07610429789041341 275.85223388671875 0.08066484683160668 -0.44164953772914145 -0.8935540656889595 -192.0133514404297 0.008532137686511579 0.8967485350382015 -0.44245820992873247 7.6212615966796875
0.9753725431122247 -0.19911598122627217 -0.09487480257207798 276.8322448730469 0.21990041650759734 0.9112150955682491 0.34832579064481056 -191.4077606201172 0.017094120702076276 -0.3606104208544812 0.932559872291628 7.635196685791016
-0.3502240024299327 0.8617456655226806 -0.3670661467294841 278.0022888183594 0.9327320778365896 0.3567364230411637 -0.052440399030084794 -191.1558837890625 0.08575557764132372 -0.3607402561798012 -0.9287154830596585 7.67279052734375
-0.11573062008847335 -0.2208765642593793 -0.9684110526707703 279.0208740234375 0.9925584489426422 0.01145534999965292 -0.12122912351807857 -190.52557373046875 0.037870159842725126 -0.9752344940153407 0.21790716527027904 7.60955810546875
0.2736922568213781 -0.9568267635800778 -0.09785240443083176 279.68853759765625 0.9616094718037638 0.27432823535767803 0.007158423208288897 -190.30987548828125 0.01999430652229233 -0.09605500394261952 0.9951751925788124 7.58721923828125
0.020517826761241864 -0.9958615906421024 0.08853649568837406 280.6385192871094 0.9995082721802531 0.018331257020837988 -0.02543971028297056 -190.4705810546875 0.02371144508968541 0.08901492739882333 0.9957480153492355 7.658495903015137
-0.4606793580826404 -0.8684384538787258 -0.1832735138018978 281.8528747558594 0.8835643298864975 -0.4291311051223644 -0.18751151849601863 -190.13955688476562 0.08419384768966717 -0.24831662538216462 0.9650130825900872 7.544750213623047
-0.42363973543460204 -0.734914641673545 -0.5295562708671715 282.58245849609375 0.9032443564935397 -0.29857779995413397 -0.30822220853974824 -189.9337158203125 0.0684032676373823 -0.6088938879873846 0.7902969227753165 7.5700836181640625
0.8057556947803711 -0.5443413033497665 -0.23334589303538023 283.2757263183594 0.5915887583768135 0.7211682242379387 0.3604707107542564 -190.00994873046875 -0.027937453197847517 -0.42849613512489937 0.9031115993562713 7.548835754394531
0.858688040832204 0.5026170222781982 0.10015476747488453 284.15924072265625 -0.5109710636552719 0.8546987047756842 0.09164440060237003 -189.89236450195312 -0.03954011429866009 -0.12987013887327895 0.9907423107903912 7.460140228271484
-0.37698151612542835 -0.03902336879067514 -0.9253983537850067 284.869384765625 -0.9250469428570423 -0.03442222077693621 0.3782899208644394 -189.38758850097656 -0.04661641353228918 0.9986452259962046 -0.023121907022903232 7.372764587402344
0.3257968706310812 -0.37215968440315117 -0.869110791782004 285.65777587890625 -0.9454332474357334 -0.13166492657158724 -0.29802738423511077 -189.30116271972656 -0.003517631322116077 0.9187826274020673 -0.39474816003882296 7.44757080078125
0.549605123858213 0.5993957846373188 -0.5819440704980259 286.5301513671875 -0.835029566842673 0.3727229954749935 -0.40472606926498556 -188.9005889892578 -0.025687162695328947 0.7083800265416585 0.7053636705058624 7.288810729980469
0.6115326244099496 0.36161319496915384 0.703749775493023 287.37066650390625 -0.7907318574125086 0.3105321045728774 0.5275537334741397 -188.60487365722656 -0.027766507797049367 -0.8790936862779418 0.4758395861958272 7.279815673828125
0.555032268263836 0.025011008785427113 0.8314527230248492 288.27410888671875 -0.83109616621532 -0.02526879118773878 0.5555543634011957 -188.73814392089844 0.03490478030440142 -0.9993677689576774 0.006761559025530273 7.297004699707031
0.998106238591321 -0.04565098871107916 -0.0412301311517001 289.1827697753906 0.061511890521890156 0.7355449646915737 0.6746776209726354 -188.93057250976562 -0.0004730850964333143 -0.6759360858443445 0.7369600966429044 7.156822204589844
0.32255577930968915 -0.9274104931345258 0.18938729222916467 290.43365478515625 0.9445074551105274 0.32848997501875066 -5.9605504503054685e-05 -189.0472412109375 -0.06215654812290243 0.17889693551359814 0.9819024646008834 7.3163299560546875
-0.030437541186750572 -0.40533605020938007 0.9136609012577717 291.28887939453125 0.9976005530089336 0.04454737604222203 0.05299686711516588 -188.6839599609375 -0.06218273653333822 0.9130817146829804 0.4030075552502876 7.2708740234375
0.00217437265895265 0.7734256309928947 -0.6338833216190363 291.4249267578125 -0.9983199894844618 0.03838124829356887 0.04340597165335053 -188.6155548095703 0.05790052417106473 0.6327240102150937 0.772209722936746 7.304378509521484
0.2063294568389037 0.3204391130851882 0.924525245759001 292.40081787109375 -0.9734472011088082 -0.028510540815420593 0.2271292489219292 -188.39881896972656 0.09913980983434661 -0.9468399674008223 0.30604799335793625 7.281982421875
0.9647916910268789 -0.14384075886078004 0.2201972502458885 293.4710693359375 -0.2385883462944083 -0.8309753245437789 0.5025491130345977 -188.34420776367188 0.11069143570301643 -0.5373917063834502 -0.8360368173545282 7.2469329833984375
0.9859054017355051 -0.04912294412179698 -0.15992959447694216 294.4823913574219 0.14522499107370657 0.7258992671802035 0.67229454547459 -188.48358154296875 0.08306768804050227 -0.6860445978710498 0.7228018877504094 7.108543395996094
0.5872491574952046 0.3158325402827603 -0.7452437410134425 295.08514404296875 -0.8086145264234835 0.2696353383805089 -0.522914268263311 -188.62240600585938 0.0357907065884136 0.9096958781895008 0.4137299052847583 7.084068298339844
-0.8719155492006316 -0.2377890907051989 -0.4280416141028299 295.5902404785156 -0.48890169730700817 0.47128321916987703 0.7340757847110913 -188.43887329101562 0.027173616477896123 0.8493223626341606 -0.5271746569184066 7.033196926116943
-0.45294666151290364 0.6193616361427859 -0.6412725516493327 296.8975830078125 -0.8884622002774124 -0.3732751442192157 0.2670216945986653 -188.5605010986328 -0.07398811054848048 0.6906930073358604 0.719353132414679 6.975341796875
0.6004608158935065 0.7882849826728504 -0.13436366573210362 297.9532470703125 -0.7976490042426387 0.5785476030476289 -0.17040756156512032 -188.80120849609375 -0.05659394496968218 0.20949810762941828 0.9761698972476365 6.968175888061523
0.9463725092157523 0.1703738129490748 0.27450289190075017 298.714599609375 -0.2639251314519397 0.8977411730424398 0.3527099533787797 -188.09335327148438 -0.18634000855628838 -0.40624321543328973 0.8945634975370192 6.851236343383789
0.6138538795186678 0.7727668698388203 0.16129097767511105 299.119384765625 -0.7757909149200256 0.6283319258639498 -0.05785712806258067 -187.66854858398438 -0.14605434237786605 -0.08961225261989628 0.985209507289164 6.774469375610352
0.8425717180434166 -0.11751568451424582 0.5256072334419624 300.06036376953125 -0.49496187535739816 0.21579174091603182 0.8416927387682013 -187.8220977783203 -0.21233379828951562 -0.9693420389344395 0.1236542342921213 6.689788818359375
0.6994669548889927 -0.44286560919944695 0.5609064371236285 300.785400390625 -0.694472873160582 -0.23595348367483499 0.6797303744763771 -187.9593505859375 -0.168681378528889 -0.8649832401440577 -0.4725998167662378 6.719261169433594
0.4737480184355138 -0.6081497888015666 0.6369589071588796 301.623779296875 0.8053907964919242 0.5917671115894184 -0.03401985548500444 -187.75006103515625 -0.3562421647622974 0.5291176806927991 0.7701467392800838 6.692466735839844
-0.38576455010770516 0.24771920781115353 0.8887186877531126 302.61566162109375 0.7840459837776078 0.5957346866031615 0.174275868955045 -187.49176025390625 -0.48626906872882936 0.7640257700230061 -0.42403657334992895 6.42864990234375
-0.6616337548305901 0.07853323423156416 0.7457032288986717 303.423095703125 0.6087380519198129 0.6369290727096614 0.4730320713039252 -187.20652770996094 -0.4378113276442782 0.7669119163621992 -0.4692199419547439 6.342010498046875
-0.030847179639011124 -0.4397641702246663 0.8975833811378915 303.52734375 0.9767751074225542 0.1772373142608565 0.12040483359589871 -187.10205078125 -0.21203499953539806 0.8804512530630013 0.4240834233400483 6.5646820068359375
0.8318569733755448 -0.4360121239229324 0.3433764750804745 304.5261535644531 0.22035673062613614 0.8273283493926242 0.5166920877650795 -187.11602783203125 -0.509369106949213 -0.35414859887269007 0.7842970628545487 6.151693344116211
-0.3874129124717051 0.030171881343863727 -0.921412444471184 305.0606689453125 0.8016213993208272 -0.4825979533767532 -0.35284890186521456 -186.9296112060547 -0.45531787511705457 -0.8753221538226601 0.16277825292756215 6.1075439453125
-0.41219457803617066 -0.6573813450814368 -0.6308291345336741 305.6105651855469 0.7762007066234862 -0.615934024588628 0.1346764284916117 -186.7631072998047 -0.4770828993736666 -0.4341371263702016 0.7641445299367389 6.136707305908203
-0.6435586241518297 -0.44639992011681284 -0.6217390196855166 306.1237487792969 0.5784890400340575 -0.8155831245846351 -0.013213532958225055 -186.78118896484375 -0.5011813322942891 -0.3681728917403707 0.7831130147987931 6.092114448547363
0.8666545098848489 0.47338260056322584 0.15754007103035722 306.43438720703125 -0.33704014017660805 0.7883372035928519 -0.5147119557005988 -186.9113006591797 -0.36785038318042435 0.39298011007607014 0.8427649308547521 6.102508544921875
0.851917826339915 -0.21862522290460223 0.4758561012261874 306.7898864746094 0.28751585654855943 0.9547486529275251 -0.07608969684671146 -186.45005798339844 -0.43768784469919053 0.20163834368241879 0.8762256153295155 6.046714782714844
-0.6767629723057689 -0.7029366543997718 0.21879657039614916 307.41265869140625 0.6475030517266368 -0.4269066596160303 0.6312610410758576 -186.00274658203125 -0.3503308112635165 0.56888554549816 0.7440682487532362 5.9307708740234375
-0.8054674474361467 -0.37171533134829804 -0.461573291646433 308.0741271972656 -0.5832818395970886 0.35936561372301146 0.7284494843636856 -185.53506469726562 -0.10490227222007328 0.85596966541701 -0.5062721058570749 5.926471710205078
-0.9976074109339952 0.06363382915941361 0.02702201761677546 308.27044677734375 0.06564296385661793 0.7492513688412523 0.6590245728238273 -185.07965087890625 0.02168997339070551 0.6592216031624114 -0.7516358313560434 5.918670654296875
0.7953969805331151 0.0327523147049249 -0.6052032131774197 308.17724609375 -0.6008390048169006 0.17375171470984907 -0.7802581828638673 -185.3772430419922 0.07959983448123675 0.9842446990036864 0.15788045741542223 5.836570739746094
-0.8428976811333595 -0.521837238823985 0.13118458490449494 308.1151428222656 0.486209215555698 -0.8431027018027268 -0.22973557173771522 -185.41842651367188 0.23048665438310775 -0.12986042657215238 0.9643713868431499 5.872962951660156
0.8651208759156147 -0.2562172041563947 -0.4311828085038644 308.55609130859375 0.24085445767265326 0.9662912859672302 -0.09094108468128644 -185.22914123535156 0.4399488609761502 -0.025177270663779144 0.8976698194590877 5.116203308105469
-0.7597061741610261 0.08795719244719796 0.6442903547612856 309.87451171875 -0.3966535859898859 -0.8478119361714341 -0.35196712006465636 -185.52586364746094 0.5152790134121327 -0.5229516738495543 0.6789764982346359 5.6975860595703125
-0.7954978370796479 -0.44152401014788917 0.4150177582520158 310.4698181152344 -0.44309409214111956 -0.043344348925788506 -0.8954266541296594 -185.80751037597656 0.4133410416487081 -0.8962018834387295 -0.16115634461489511 5.756927490234375
0.36874754390126996 -0.24227684247916065 -0.8974002342684725 310.09527587890625 0.7569210367256141 0.6386382210516759 0.13860651779109395 -186.0693817138672 0.5395329397071166 -0.7303719286844745 0.4188807142382163 5.6595458984375
0.6185763007866926 0.19282600659431345 -0.7616964561332427 310.19464111328125 0.059107149781501805 0.9552523125505854 0.28982643808228703 -186.0267791748047 0.7834983758437271 -0.22430147245983123 0.5794990461619356 5.5616455078125
0.16594943323099776 0.9509300994738252 -0.26113738055860847 310.1641845703125 -0.5098591327278472 0.3094057885376249 0.8026903031639401 -185.9049835205078 0.8440997869827466 -6.272249563965548e-05 0.5361861110487387 5.5003814697265625
-0.0026908949294017215 0.8736162540090815 -0.4866080556419291 310.6376647949219 -0.5774447755514214 0.3959245378725779 0.714003705521725 -185.8957061767578 0.8164253121215973 0.2829105884224298 0.5033997503829606 5.5427093505859375
0.37540720334039535 -0.19219937656918273 -0.9067132023559381 311.0005798339844 -0.31933425309650243 0.8915474887421972 -0.3211988638161417 -185.83290100097656 0.8701120999500247 0.4101249504284017 0.2733175050315275 5.577079772949219
-0.24366466865029177 0.7627760347093608 0.5989993740602801 311.84814453125 0.39427002514082804 -0.4863726959064703 0.7797388972932688 -186.0734100341797 0.8861030845939959 0.42616231831279516 -0.18222788459308162 5.614013671875
-0.16412579742365813 -0.3079831523181413 0.9371281131778241 312.3502502441406 0.3562438986297954 -0.9044015854029395 -0.23483623444795157 -185.6358184814453 0.9198657550474917 0.29530348831131303 0.2581527502895869 5.5667724609375
0.2645043555789472 -0.9280452959022916 -0.2622391554161856 312.48931884765625 0.36640080974308625 0.34824047882709236 -0.8628319740980213 -185.22317504882812 0.8920694437651011 0.13213817639087455 0.43214767133552573 5.773551940917969
0.031837678592892826 0.7054167572834473 -0.708077369194583 311.8359375 -0.006287997231242237 0.7085638538444494 0.7056186832248148 -184.84327697753906 0.9994732729356177 -0.018012872308651062 0.026994686857911232 5.4304351806640625
-0.13614442443347263 -0.27347617868000207 -0.952195082632893 311.80743408203125 -0.12190013578942187 0.95846488328835 -0.25784767673487013 -185.1831512451172 0.9831607460584454 0.08096818633039245 -0.16382643319125223 5.2364959716796875
-0.11931220954702743 -0.31285683286687926 -0.9422766041781532 312.12164306640625 -0.11917230145900129 0.9467071861402319 -0.2992381430824107 -185.0931396484375 0.9856787302250014 0.07659050749897096 -0.15023759497236006 5.2610626220703125
-0.03911529090955674 0.9188894185348649 0.39257130628933967 313.0540771484375 0.42643398926756293 -0.33994887274638236 0.8382057126480444 -185.32711791992188 0.9036725329533994 0.20019240850522202 -0.3785484813897231 5.287384033203125
0.20997458963604526 0.5974189462304498 0.7739517261380539 313.34063720703125 0.2118401353168902 -0.8005938647747397 0.5605115705799188 -185.57220458984375 0.9544812354237749 0.046260851375052425 -0.29466167863154386 5.40106201171875
-0.2090240016018281 0.9236232935265778 -0.32129266784269506 313.0257568359375 0.09148441181413342 0.3455781681997103 0.9339198745389002 -185.7338409423828 0.9736218820206237 0.16581839861381542 -0.1567312653294447 5.2764892578125
0.14214279176699976 -0.9382835809764756 0.31530833864432584 314.9634094238281 -0.318934505121921 -0.3449682614315486 -0.88276705876892 -184.68426513671875 0.9370572064667764 0.024916265267014348 -0.34828576131364475 5.295673370361328
0.09166260564061518 -0.20073787282915692 -0.9753472577186029 314.39361572265625 -0.10218088304704379 0.9724043689376245 -0.20973509580122007 -184.76388549804688 0.9905337116256567 0.11888670944662327 0.06862154508647228 5.006904602050781
-0.4008424077709316 0.6787652904538052 -0.615307276576154 314.10919189453125 0.05506676710329372 0.6882612895059667 0.7233699250925322 -185.07000732421875 0.914490576929688 0.256074359986988 -0.313261722628317 5.157501220703125
-0.29936073219273585 0.8483807520896478 -0.4366156794079125 314.0426025390625 0.19604611673541533 0.5025292053152529 0.8420393802656647 -185.28135681152344 0.9337821331199228 0.16647671695773064 -0.31675926281165434 5.2963104248046875
-0.2616449243610997 0.8791921010046092 -0.39819992853738084 314.02056884765625 0.20510378544836072 0.453797497732252 0.8671794902133579 -185.29461669921875 0.9431194891162132 0.14522079941608756 -0.2990594400217544 5.2605133056640625
-0.26869085112481417 0.2683828284454698 -0.9250815552790104 316.0198669433594 -0.11137491902364507 0.9453007246274113 0.3065977290055614 -184.68190002441406 0.9567658302501714 0.18541088806890688 -0.2241025404835918 5.4286956787109375
-0.36763662842293704 -0.0678658654700014 -0.9274899103202271 316.10137939453125 -0.3250957930856498 0.9437883236799227 0.059802386268891006 -184.59414672851562 0.8712956069898595 0.32350861563403366 -0.36903406462103655 5.379066467285156
-0.2614790051922652 -0.5949099710437922 -0.7600729282090883 315.16058349609375 -0.583877020601435 0.7245410527757193 -0.36623474392286154 -185.24496459960938 0.7685807404933167 0.348026420254737 -0.5368065351198869 5.391744613647461
0.15069828097523816 -0.9159527036817652 -0.37191487296043035 316.61529541015625 -0.5735803917009146 0.22540006179086278 -0.7875279972171789 -184.129150390625 0.8051680336223824 0.33200219391254043 -0.4914051087137031 5.415063858032227
-0.5524788346042684 0.12578391208039397 -0.8239815196811521 316.8196105957031 -0.23354175347552775 0.9255932489251226 0.2978848551501261 -184.2245330810547 0.800140854286222 0.35700916655736936 -0.48199488409746355 5.432220458984375
-0.5989073818920578 0.3329881505723431 -0.728305457547595 315.87640380859375 0.03539854479741092 0.9195705792264608 0.3913270918903229 -185.0542755126953 0.8000355560482465 0.20858773070226855 -0.5625249040345248 5.3973846435546875
-0.5371164863017468 -0.7041691959942138 -0.4643830569214684 317.9192810058594 -0.18564022338846398 0.6357217087688938 -0.7492633825700005 -183.95556640625 0.8228265841616607 -0.3162335409358411 -0.4721787373273316 5.501655578613281
-0.25942552228981824 -0.9653715731634314 0.027497711043225903 317.8678283691406 -0.7176481488911814 0.1736445552817685 -0.6744098922866252 -183.7020721435547 0.646281310868352 -0.19469281997279345 -0.7378449519196604 5.472255706787109
0.503697002041653 -0.3248910693286462 0.8004593201435908 318.3140563964844 -0.6036677012249655 -0.795187694265662 0.05711249763603113 -183.23764038085938 0.6179600607094415 -0.5119788315535602 -0.5966599026321734 5.496447563171387
0.5654794303584845 -0.5976237909469774 0.5684002272480262 318.5259094238281 -0.5220487876894325 -0.792895689972503 -0.3142952244228703 -182.8478240966797 0.638512393860478 -0.1190051650861933 -0.760354978657581 5.523353576660156
0.4355195283991138 -0.862987328962487 -0.2560773524410268 317.44476318359375 -0.7084027967927384 -0.1530524764942225 -0.689014090520079 -184.27340698242188 0.5554171566302571 0.4814850044281523 -0.677999979816801 5.5243988037109375
-0.18627321086549445 -0.4612561493600662 -0.8674935478672929 319.2493896484375 -0.8499614745017658 0.5185352417273555 -0.0932024406844415 -182.66697692871094 0.4928161754413536 0.7199749771792608 -0.4886391812565586 5.6517791748046875
-0.08067174577670705 -0.726079147592408 -0.6828624611624365 319.4554748535156 -0.8917393353763492 0.3586462216371508 -0.27599609679838283 -182.1923828125 0.44530105229595507 0.5866702303141669 -0.676405953320369 5.6730804443359375
0.058083972253409305 -0.9319389598920229 -0.3579329926154332 319.17901611328125 -0.4590763706981727 0.29344604217588866 -0.8385334258083577 -182.64273071289062 0.886495988729706 0.21302393144123788 -0.41078664364784256 6.3952484130859375
0.0013002353119124233 -0.8296004782250508 -0.5583559401644265 320.0316467285156 0.6326588190806612 0.43309050549148365 -0.6420089039044505 -182.12008666992188 0.7744295500738569 -0.3524140470836796 0.5254171784311066 6.954486846923828
0.3205696479946446 -0.8022786762330297 -0.5035712724593882 319.1388854980469 -0.9112511232102373 -0.11608405144179247 -0.395152987397211 -183.93499755859375 0.258566222141777 0.5855539417189819 -0.7682903683534582 5.913665771484375
0.8551805691587582 -0.4942832197985194 0.15604580340051016 320.5509033203125 -0.4634403399629399 -0.8639771216460432 -0.196892317186965 -180.36288452148438 0.23214057255968162 0.09606056369721297 -0.9679272300508115 5.832244873046875
0.7583998893299907 -0.575331388952431 0.30630605731902305 320.5920715332031 -0.6167286074501741 -0.7854807199666204 0.051631998927884074 -180.0094451904297 0.2108919927755131 -0.22806541045670775 -0.9505318174245335 5.89715576171875
0.1047127163265992 -0.9769251790472999 0.18615166285291562 319.6952819824219 -0.9813005750587729 -0.13189454371268003 -0.1401891961890964 -182.76019287109375 0.16150674422087202 -0.16799114227311016 -0.9724682759293225 6.0600738525390625
-0.4698449151818433 -0.8114160058555715 -0.3476346086326237 320.9025573730469 -0.8391268673969234 0.532801218590854 -0.1094941180188542 -179.36016845703125 0.2740654230113538 0.2402642855471697 -0.9312149145069122 6.0155792236328125
-0.4428857345031962 -0.6777370800849496 -0.5869622444855305 321.1018371582031 -0.7801507908703944 0.6139309926546012 -0.12022262583405305 -179.05189514160156 0.44183364480069076 0.40467417330003075 -0.8006383976465744 6.0670318603515625
-0.2225262327952725 -0.8356362076256121 -0.502189410703799 320.8961486816406 -0.908393397045713 0.36474420935372553 -0.20440914350066416 -181.11753845214844 0.35398236103186503 0.41069914809749763 -0.8402515681808015 6.0952301025390625
-0.1389164015149001 -0.948061732155447 -0.28614888679246064 321.1980285644531 -0.8452850314768185 0.26405690174609003 -0.4645074468740942 -178.18275451660156 0.5159413231670679 0.17734966778279895 -0.8380642256927245 6.10882568359375
0.05711685020822077 -0.9978802761824492 -0.03118685345350447 321.1831970214844 -0.47518069727581125 0.00030075662975026507 -0.8798881829425392 -177.501708984375 0.8780324426573117 0.06507583231498737 -0.47415626716278475 6.4204254150390625
0.03545080631454306 -0.9890333353086305 -0.143374690862559 321.4117736816406 0.21076307366728758 0.14763722134381949 -0.9663240541620565 -176.83633422851562 0.9768941432468339 0.004038876348892995 0.21368556424773316 6.931037902832031
-0.008631919144248212 -0.9648223745724172 -0.26276087131901776 321.5638427734375 -0.14248381862673737 0.2612761776601447 -0.9546900651084871 -176.4260711669922 0.9897594916955483 0.029198364881388883 -0.13972689106547487 6.55792236328125
0.15902694963487318 -0.7877809366817528 -0.5950727897414299 321.4368896484375 0.0930894695856424 0.6120225129955401 -0.7853424693971974 -175.92262268066406 0.9828757703505013 0.06949560696507684 0.17066218289493518 6.500030517578125
0.3347674140660815 -0.6798529147479415 -0.6524804922664251 321.469970703125 0.30690073598138506 0.7333430001522058 -0.6066465052910515 -174.82057189941406 0.8909223965832223 0.0028387385384485153 0.45414669967964916 6.698600769042969
0.661707364491549 -0.37937839196734274 -0.6466957549620389 321.2412414550781 0.3227504991937003 0.9226589681434358 -0.21102735314339582 -173.71463012695312 0.6767388558726812 -0.06908302405630112 0.7329747995254482 6.565605163574219
0.6987811686563277 -0.5828222997575243 -0.4147566096358775 321.0577392578125 0.5461217980836313 0.8091369148666805 -0.2169065113313386 -172.52218627929688 0.46201283530785026 -0.07493743994413639 0.8837016012803306 6.537101745605469
0.6647551601183379 -0.70898880638724 -0.23544733915175103 321.1722412109375 0.6946838673147535 0.7025761098046143 -0.15427616285231086 -171.8778533935547 0.2747997481597482 -0.06100559277157605 0.9595641802724442 6.573090553283691
0.535473139773595 -0.8440733852322418 0.028436542047010682 320.9053955078125 0.8440230634363589 0.533642415204598 -0.05339326813473325 -170.6936798095703 0.0298928916050632 0.05259175826293384 0.9981685839547852 6.644994735717773
0.5145446178004602 -0.85736085172926 0.013274268893473298 320.7327575683594 0.8543337664209726 0.5139265334122476 0.0774166248800951 -169.77694702148438 -0.0731959824412077 -0.02849365152008434 0.996910457351872 6.667108535766602
-0.1284638404907703 -0.988890502369924 0.07478379509573732 320.87017822265625 0.9909692897499706 -0.12507964085707912 0.048321322576093104 -168.8488006591797 -0.03843056672494764 0.08031598698654845 0.996028329805722 6.835875511169434
-0.5484408582921734 -0.6247740254003433 0.5557607777999414 320.83099365234375 0.8359921266678658 -0.3952465428245197 0.38065382506235856 -168.03823852539062 -0.01816009650535494 0.6733777450809588 0.7390755193649698 6.858589172363281
-0.41146472137722745 0.09066914085270278 0.9069045649675567 320.57647705078125 0.9110916749097833 0.0678539236972088 0.40658062539793866 -167.05807495117188 -0.024672717159773205 0.9935667828263612 -0.11052739521054375 6.94451904296875
-0.28384509466394503 -0.2122572271062091 0.9350822593635276 320.1781921386719 0.9586444882563137 -0.041661977158429314 0.28154044966050873 -166.29071044921875 -0.020801619432319063 0.976325329590723 0.21530476870835738 7.0389862060546875
0.3390623381830359 -0.9370465829802755 0.08354898054938721 319.76678466796875 0.9407624885946876 0.33787634009539014 -0.028381664096283336 -165.2604522705078 -0.001634282406011614 0.08822290025120202 0.9960994172231421 7.102875709533691
-0.17836416562078283 -0.4668144563841998 -0.8661815558721659 319.8564453125 0.9838498268610756 -0.0980518045008325 -0.14975099939420172 -164.23468017578125 -0.015024733203409635 -0.8789027858329126 0.4767642503872453 7.1874847412109375
-0.3051012104583661 -0.672520752950557 -0.6742618840092147 319.6712951660156 0.9523197213317267 -0.2159300560374861 -0.21554897184238792 -163.21531677246094 -0.0006322495568895081 -0.7078771417064293 0.7063352975110573 7.251808166503906
-0.354356111759612 -0.9269228216807595 -0.12347400012143653 319.6282043457031 0.9350999336616868 -0.35187869263003424 -0.04206542212895229 -162.28834533691406 -0.0044564699615710565 -0.1303666687476407 0.9914558343946163 7.358377456665039
-0.43177557319168447 -0.8839864887195459 0.17927002581658907 319.4661560058594 0.8982987591299219 -0.4393749327927855 -0.003001296216304253 -161.1787109375 0.08141986084878282 0.1597421553461182 0.9837953293570475 7.4611053466796875
-0.3391464199945826 -0.8742595463038766 0.34734701884628033 319.25518798828125 0.9296696997846657 -0.36793629827083185 -0.01836109247967921 -160.248046875 0.14385393671063706 0.31669089995024735 0.9375568882908144 7.528568267822266
-0.5362331523319395 -0.8176225920944589 -0.209636121021376 319.0225524902344 0.8255659373336346 -0.45632487909528296 -0.331976637480881 -159.0125732421875 0.17576942127283693 -0.3510853195669299 0.9196978900323727 7.63043212890625
0.03815042348620562 -0.8842017116428322 -0.4655447114034365 319.2190246582031 0.9874100102776935 0.10492751809811768 -0.11837097426808069 -158.29893493652344 0.15351226918793365 -0.455167605474791 0.8770726504316029 7.6296844482421875
-0.5192297545579159 -0.8051866742448041 -0.2864871403751283 319.11627197265625 0.8361901960902859 -0.4093632199842121 -0.36497631441868517 -157.22021484375 0.1765967665168755 -0.4290643002426904 0.8858427672634884 7.644222259521484
-0.2772475589252398 -0.9585965690261401 -0.06501083695283667 318.9707336425781 0.9458348325333187 -0.26040888670513873 -0.1938651110738067 -155.88992309570312 0.1689090306545652 -0.11523814288812054 0.978871753493292 7.64926815032959
-0.2732065240462828 -0.9618625047527143 0.013368514105232154 318.7670593261719 0.9489527638281998 -0.2717648368935068 -0.16010160977037632 -154.84600830078125 0.15762882744399284 -0.031054715891142587 0.9870100087534837 7.799696445465088
0.42483933003714325 -0.9047268382516579 -0.031319192211002635 318.470458984375 0.9000261113974154 0.42584408187405354 -0.09278909815108342 -153.53053283691406 0.0972858800465839 0.011232367515480096 0.9951930925521735 7.78794527053833
0.07533279182700442 -0.9944390475737404 0.07359314598643994 318.459716796875 0.9963615602099067 0.0721173371948916 -0.045417298598646766 -152.37770080566406 0.03985739343747349 0.0767467936564815 0.9962536413242462 7.673464775085449
-0.16909614936288098 -0.8836141262824369 0.436614896796676 318.3751525878906 0.9842386873984819 -0.17466086286340088 0.02770900958038791 -151.26412963867188 0.051775462322995985 0.43441875974448674 0.8992216871735813 7.8900604248046875
0.3203657686893245 -0.935458738738961 -0.14927398423372615 318.170654296875 0.9452284512350559 0.3260736979170115 -0.014802651874009524 -150.1571807861328 0.06252159009394961 -0.13635575398067357 0.9886850656950809 7.905250549316406
-0.48019505224878545 -0.8128026476385269 -0.32979473583971375 317.8613586425781 0.8723904461799129 -0.4033797588359145 -0.27607911832569254 -148.72889709472656 0.09136531732445519 -0.420281603396199 0.9027822287999036 7.989158630371094
-0.5292079080579508 -0.7741186295751433 -0.34738931675229967 317.9249572753906 0.8374336656785805 -0.4106428577664234 -0.36066230597826626 -147.48904418945312 0.13654246825461688 -0.48178085340757065 0.865588449352699 7.988739013671875
-0.47426564477711275 -0.7031560481152189 -0.529758124225705 317.9629211425781 0.8685726449072263 -0.2754846198883296 -0.41193419950745513 -146.34738159179688 0.1437138083240954 -0.6554996538549586 0.741394999371465 7.98291015625
-0.602985385697891 -0.6165395080925199 -0.5062486144137078 317.66778564453125 0.7742427128481976 -0.2993575849944355 -0.5576138968029426 -145.05592346191406 0.1922416350227726 -0.7281923312335367 0.6578594701731048 7.987152099609375
0.0034896874127178235 -0.6076238048543863 -0.7942173089627549 317.7469177246094 0.9814282224342885 0.15441219558709118 -0.11382230916409353 -143.82174682617188 0.19179798302180895 -0.7790700774822843 0.5968780010023098 7.936973571777344
0.3574797245470814 -0.3956017437112759 -0.8459949804285727 317.5135803222656 0.9291251361011731 0.24233097491690891 0.2792887037830161 -142.56504821777344 0.09452369016664408 -0.8858752502290708 0.4541919341301228 7.95098876953125
0.04242148900549342 -0.9824973624153629 -0.18138178000397953 317.3074645996094 0.9978138524559911 0.05087091244818548 -0.04218608910082533 -141.14993286132812 0.050674777922458863 -0.17919565595612041 0.9825074980726434 7.915500640869141
-0.034268059775081294 -0.9841502185019985 0.17399438928229882 317.278076171875 0.9987419402789665 -0.04009938245170419 -0.03010940475660756 -139.88885498046875 0.03660924483046202 0.1727437030674654 0.9842862267874537 7.873786926269531
0.2077921409907607 -0.9169213936841393 0.340701605436212 316.9911804199219 0.9780288847129667 0.200730593990621 -0.056273699925307424 -138.81033325195312 -0.01679067626949307 0.34490924377364673 0.9384858479220157 7.842662811279297
-0.13625397738795142 -0.948477962580919 0.2860496602765192 316.9572448730469 0.9884370804524625 -0.11076341500834808 0.10355483514689297 -136.7017059326172 -0.06653564182132292 0.29685184923465924 0.9526027440509435 7.800710678100586
-0.49255236426672333 -0.8690582895655533 -0.046150382367384016 317.1280822753906 0.8697727928449087 -0.4933862935878497 0.008078002625113507 -134.34432983398438 -0.029790221248392854 -0.03616150767098758 0.9989018410639419 7.651073455810547
-0.6433908962857102 -0.7522163339801903 -0.14219262101133684 316.89788818359375 0.7618436542584818 -0.6109188932767555 -0.21534240711849495 -133.6683349609375 0.07511591737277687 -0.24687789032415897 0.9661308949755923 7.731616973876953
-0.1798366852716542 -0.9493838929914703 0.25754415225134647 316.99310302734375 0.9810053738021179 -0.19244170887670564 -0.024385349207680165 -132.39808654785156 0.07271329453319542 0.24826681697918074 0.9659587798582064 7.7324676513671875
0.27396962942289743 -0.9570243167573207 0.09510572689940255 316.4661865234375 0.9613636730530086 0.2697604766950527 -0.054855932653505676 -131.7749786376953 0.02684269524299454 0.10646005048111433 0.9939545901919515 7.805233955383301
-0.06102164097496571 -0.9967243660565374 0.05307445187579418 316.0764465332031 0.9971316520136203 -0.0632592780134626 -0.041553968496450155 -130.6799774169922 0.04477530441338061 0.05038652453195262 0.9977255986794566 7.82109260559082
0.20673788326143533 -0.9782774702350396 -0.015252503240851919 316.17999267578125 0.9765821940506882 0.20727837006595745 -0.05764456232762986 -128.85830688476562 0.05955389061786932 -0.0029780082825703255 0.9982206497458084 7.834348678588867
-0.5864642507238375 -0.8029603006006342 0.1063693484151658 316.322998046875 0.8098303286651426 -0.5837641673772606 0.05826006917641633 -127.10238647460938 0.015314091453131992 0.12030857220361674 0.9926184191608033 7.8146514892578125
-0.20007826420426061 -0.9578720924556211 0.20603335333799694 315.708984375 0.9791528486090414 -0.18795708000649597 0.0770184077752268 -126.60371398925781 -0.03504835593590022 0.2171478541688162 0.9755093142436257 7.666788101196289
-0.18327914345723512 -0.9713159356976949 0.15150613397910004 315.3324890136719 0.9830496592849963 -0.1803499908307093 0.032973446696019856 -125.53410339355469 -0.004703504356795701 0.15498139845502062 0.9879061914876792 7.706022262573242
-0.38358342210764246 -0.6822039974531487 -0.6224640263847658 314.9459533691406 0.9234633360228176 -0.2768477359439228 -0.26565164807381253 -124.51577758789062 0.008900859834811314 -0.6767222746161592 0.7361845812923093 7.7442779541015625
0.762051838875261 -0.5905612724337767 0.26554543560044863 315.097412109375 0.6453214332845848 0.7264024734110566 -0.23643116200244965 -123.55508422851562 -0.05326577334801928 0.35153496287524244 0.9346581873957663 7.731376647949219
-0.5383185028027164 -0.13999397979099 0.8310324152297076 314.9486389160156 0.8416568564158979 -0.1393227311106398 0.5217306897662628 -122.49115753173828 0.04274255009179673 0.9803014139631503 0.19282689696590044 7.756683349609375
0.6948342291807519 -0.5411497826249337 0.4736689843379841 314.58148193359375 0.7172114965892952 0.5699879936131238 -0.4009006813376962 -121.4843521118164 -0.05303831745949161 0.6182803570402934 0.7841660136598587 7.763069152832031
0.19580856322788576 -0.5350483360775351 -0.8218164543420217 314.3201599121094 0.9787962025452961 0.05523819685745346 0.1972479036411922 -120.20770263671875 -0.06014150355236292 -0.8430136533109047 0.5345193914928278 7.73309326171875
-0.27815117219920443 -0.9306331082427021 -0.2378107298814238 314.2431335449219 0.9557411707028102 -0.2928562410574042 0.028178656769779944 -118.99903106689453 -0.09586834737195607 -0.21944757897104844 0.970902683102645 7.872257232666016
-0.4949113342035385 -0.5054816270946337 0.7067892868080523 314.1625671386719 0.8688408468216088 -0.30036682647302837 0.3935674687379934 -117.72037506103516 0.013354930594472514 0.8088684035269788 0.5878380317779155 7.72442626953125
-0.5454648955468887 0.38186286719385043 0.7460890016509515 314.00213623046875 0.8372940290998578 0.20843500667458326 0.5054637047566253 -116.8868637084961 0.03750675352184163 0.9004085731772316 -0.4334254777804296 7.7840423583984375
-0.09696426330807079 -0.878630753653965 0.46755313107131324 313.80035400390625 0.9950278063728839 -0.09631491309055856 0.025359457035290994 -115.64686584472656 0.022750740337179 0.46768732744198194 0.8836011360134655 7.704658508300781
-0.10757349171948571 -0.9390764526691988 -0.3264404385512187 313.5670471191406 0.9936967169912267 -0.09114170674020294 -0.06526885883283948 -114.56037139892578 0.031540109703931174 -0.3314039911267169 0.9429616196564669 7.717342376708984
-0.09170256315834174 -0.9671393985432426 -0.23713292410714576 313.3826904296875 0.9948017174393995 -0.07838851584021805 -0.06499833508628747 -113.4023208618164 0.044273952724054 -0.24186075409165267 0.9693003624988519 7.750240325927734
-0.2359862938210413 -0.971738153329717 0.00595235180084157 313.1609191894531 0.9716650518995592 -0.23604366613493388 -0.012264362788466997 -112.19922637939453 0.013322764189026134 0.0028894707009621398 0.9999070731390154 7.704527854919434
0.2440040286012523 -0.9686486281074547 0.04671048374728517 313.1376953125 0.9697740869133151 0.2436957366646872 -0.012272256634431801 -111.2425308227539 0.000504358805966415 0.04829309678413253 0.9988330803618757 7.692416667938232
0.1684866187183418 -0.9430314815073828 -0.28688653540877634 312.81353759765625 0.9856104856616095 0.15716960345219289 0.062206802719372165 -110.00870513916016 -0.013573130322316163 -0.2932393913454865 0.9559426915336413 7.7574310302734375
-0.2741694312273846 -0.9376388211530038 -0.2136926859938314 312.69757080078125 0.961652167319849 -0.2655742288619094 -0.06852326651174509 -108.78166198730469 0.0074988045373838574 -0.2242850196317355 0.9744947398007351 7.794090270996094
-0.12768361011032858 -0.9748575370209549 0.18261894267197776 312.5379943847656 0.9914402794850723 -0.13051371087312924 -0.0035133301420386953 -107.6458511352539 0.02725927225285639 0.1806071808859291 0.9831774907353615 7.747821807861328
-0.2072678755679333 -0.9684739763472611 0.1381961826378732 312.4095458984375 0.9775461771603894 -0.21052082118924303 -0.009189960006177132 -106.50692749023438 0.037993410963798345 0.13318836654877733 0.9903622366282976 7.775163650512695
-0.27613998382639604 -0.9603694475118215 0.037910864118304854 312.33746337890625 0.9601285230457387 -0.27743005090755 -0.03443524484365702 -105.40306854248047 0.04358817002772772 0.02689035401911029 0.9986876289883444 7.772467613220215
-0.14027939000477213 -0.988137836347601 0.06249247249206122 311.9902038574219 0.9900308462362875 -0.14079611924520546 -0.003921263336035638 -104.30097961425781 0.012673446277539403 0.06131940299588612 0.998037732040066 7.731342315673828
-0.29376360802005164 -0.9558636606193682 0.005254037531521968 313.1325988769531 0.9512093006991649 -0.2928669565166995 -0.09710721931994303 -102.4060287475586 0.09435999611300994 -0.023528877746014754 0.9952600579976902 7.6888885498046875
-0.25509801354166206 -0.9550748060397971 0.15085462656193935 312.3856506347656 0.9608009253698999 -0.2678984973551761 -0.07135808940255395 -101.54095458984375 0.10856604117053449 0.12673795794032217 0.9859771319466163 7.731958389282227
-0.6124349279219379 -0.7401967876492522 0.2775467070872548 312.5825500488281 0.7780791922313856 -0.6264673035385135 0.04616804320889725 -100.49999237060547 0.1397004999196685 0.24422823987187006 0.9596021765144569 7.7066497802734375
-0.31955876312688347 -0.7283587574536108 -0.6061152673786137 311.8122253417969 0.9331596729606051 -0.13078078645336588 -0.3348274341428662 -100.08863067626953 0.16460626254451155 -0.6725993653990993 0.721467166263203 7.75286865234375
-0.37657814883514024 -0.001325847219953935 -0.9263839052731047 311.4259033203125 0.9035048681546243 0.22035030768318942 -0.36759311082339263 -99.14466094970703 0.2046163508637427 -0.9754199013927659 -0.0817812015449314 7.8208465576171875
-0.3429573401931906 -0.42620568359257044 -0.8370955609015032 311.2755432128906 0.9147418816033588 0.05111235733051517 -0.40079273567377005 -97.73239135742188 0.21360606931536125 -0.9031811790562886 0.3723388308384363 7.791168212890625
-0.31048373868580065 -0.9491707019153113 -0.05171872617614687 310.85400390625 0.9108177436764671 -0.2814850223841206 -0.30195565895926063 -96.7406997680664 0.2720494179662908 -0.1408586553925849 0.9519180392161901 7.800010681152344
-0.22796559341430261 -0.9736343263380056 0.008239344367303333 310.276611328125 0.9720736743668839 -0.2280681285836244 -0.05529647662581178 -95.68645477294922 0.05571767961904442 -0.004596444354224655 0.9984359833645662 7.704634189605713
0.05539087122131142 -0.9290330667570901 0.3658270250504462 310.1593017578125 0.9760926588198484 -0.02674131605331853 -0.2157035544763576 -94.57449340820312 0.2101784308232949 0.36902908135762447 0.9053411314686883 7.728935241699219
0.5169978944903344 -0.7353157293267929 0.43820538026953515 310.4088134765625 0.7643481826702552 0.1661155873675641 -0.6230388970860549 -93.67382049560547 0.3853375568786924 0.6570512840244177 0.6479186503108432 7.7436370849609375
0.4448665732229825 -0.8942437095338913 0.049213006288034655 310.1990661621094 0.826503825290229 0.3887617853251504 -0.40713106127071685 -92.3233871459961 0.34494225431144165 0.2217937380312327 0.912042969909134 7.692848205566406
0.09795024701555766 -0.9271491949260519 -0.36166299155092574 310.32647705078125 0.8850222402778628 0.24734888207588845 -0.3944035557007075 -91.24747467041016 0.45512787579222624 -0.28144786530329546 0.8447755416636268 7.711055755615234
-0.20172291017505378 -0.9481727958359778 -0.24551215193365122 310.26678466796875 0.8393866003912573 -0.03818804332901121 -0.5421916713029711 -90.12013244628906 0.5047157641624787 -0.3154520923742409 0.8035869429144544 7.74407958984375
-0.21650512398839933 -0.9738598021375591 0.06872129995396029 310.4674377441406 0.8452290519609098 -0.22220464390141453 -0.48601743379215046 -88.98065185546875 0.4885830338929399 -0.04714002555408603 0.8712430412822421 7.724065780639648
0.16373040101069475 -0.8695192927504699 0.46597055198756887 309.84368896484375 0.8838871287471922 -0.08046492376344477 -0.4607265345937734 -87.8411636352539 0.43810489545304276 0.48730031354234277 0.7553823568244183 7.715721130371094
0.6338865835737799 -0.773217730492246 0.01794827060143067 309.51898193359375 0.6916790202579676 0.556351721967025 -0.46049201339361434 -86.9666519165039 0.3460750382505793 0.3043141513580119 0.8874823745760327 7.669715881347656
0.9274577096330787 -0.041461823457592736 -0.3716222733337382 309.0218505859375 0.23725599189629865 0.8334101470844951 0.49913637519810555 -85.72787475585938 0.2890186692092186 -0.5510974904063454 0.7827897322502133 7.6593017578125
0.8817429846089657 -0.469268412263744 -0.0481296825705113 309.03350830078125 0.41507399904910053 0.8202744879205082 -0.3935267967751824 -84.55990600585938 0.2241492458302296 0.3270121124946493 0.918052391683354 7.670623779296875
-0.1610092590480324 0.8829068749847275 0.4410798891419852 308.4771423339844 0.961261354802367 0.03897939252561371 0.27286849345765785 -83.51656341552734 0.22372444270647168 0.46792740576187297 -0.8549803019208349 7.7600250244140625
-0.11241808561440159 0.6157969388493343 0.7798437690528678 307.75836181640625 0.9449754208952106 -0.17639467043493007 0.27551111437848064 -82.39622497558594 0.3072191854860514 0.7679056259371603 -0.5620830203122538 7.828125
0.16029761010592838 -0.11257422005977974 0.980628227807185 307.52838134765625 0.9558971867792352 -0.22999289092757896 -0.18265770837914014 -81.42166900634766 0.24610007009725132 0.9666593583577967 0.07074206950196565 7.69769287109375
-0.11207928267583467 -0.925057013984633 -0.3629156310669254 307.2804870605469 0.9782741026821327 -0.03861704186057674 -0.20368727034207773 -80.19829559326172 0.17440760997255406 -0.37786008648145525 0.9092874906364261 7.7184906005859375
-0.2644724463830824 0.5695108801838873 -0.7782748116548046 307.3241271972656 0.9576530672813668 0.2503344755922663 -0.14224363977533433 -79.32015228271484 0.11381971635326493 -0.7829367839628683 -0.6116004124321233 7.696197509765625
0.7736353293815093 0.0028855846849578093 -0.6336245343527898 306.9991455078125 0.6334324106239655 0.021518890821804637 0.7734987514591806 -78.06119537353516 0.01586689332779906 -0.9997642775868846 0.014819951325799108 7.6865081787109375
0.538907383771304 -0.7878481607876329 0.298117606424567 306.4271545410156 0.842264210326001 0.5094447723057414 -0.17623003141992993 -77.07564544677734 -0.013031949995557623 0.3460654555339146 0.9381198584218424 7.561408996582031
0.7870932465948769 -0.36497515832974986 0.49726990152925055 306.0394287109375 0.6160854688435069 0.5048550562103188 -0.6046156360025371 -76.06501770019531 -0.030379536609581037 0.782249644308676 0.6222238967882359 7.6024627685546875
0.2808828006104255 -0.9321820443115436 -0.22834510851865344 305.7498779296875 0.95881651974034 0.2621073296069357 0.10941037080342889 -74.75811004638672 -0.042139456501794154 -0.24967255361667776 0.9674129842917454 7.6425933837890625
-0.6314827078845449 0.774328317299469 -0.04056164038812804 305.26629638671875 0.723100707560872 0.5692070659975934 -0.3913166016710484 -73.60160827636719 -0.2799195533859136 -0.2764398181278964 -0.9193617735068425 7.7581787109375
0.9189394953427702 0.20325488402874006 -0.33799061528042207 305.47442626953125 0.10757871298390356 -0.953657549576865 -0.28100551355405207 -72.75053405761719 -0.3794430450171695 0.22186646942139107 -0.8982194861694915 7.7763671875
-0.10897020599103109 -0.014922034347933988 -0.9939330093608882 305.08673095703125 0.8838876467514836 -0.4589552581324352 -0.09001499293292359 -71.36803436279297 -0.4548275740612005 -0.8883340609947976 0.06320185084389844 7.793914794921875
0.2765856934309553 -0.3330463283961433 0.9014324696454893 304.84136962890625 0.8450151878451393 0.5310078443382782 -0.0630872535640829 -70.55792236328125 -0.4576567343548673 0.7791731594408673 0.4282983785943804 7.753807067871094
0.862608575413978 0.33531269412600995 0.3787767717009907 304.53753662109375 -0.2185706331230549 0.9223069762870805 -0.3187110287209556 -69.64947509765625 -0.4562163126834183 0.19213338765071453 0.8688794147586912 7.700685501098633
0.9095149562776628 0.18574006797077133 0.371864453070544 304.35552978515625 -0.2148816905452102 0.9758958922523849 0.03811911008082702 -68.68778991699219 -0.35582074612882547 -0.11457676306797526 0.9275040495810201 7.790561676025391
0.7665710145684818 -0.629346355473088 0.12764029330971524 304.0417175292969 0.5042737153197285 0.7130254381291784 0.48713729544998985 -67.61048889160156 -0.3975888575665645 -0.30905968587545496 0.8639474584171651 7.71319580078125
0.8633564082771368 -0.2569566750094768 0.43426832656190384 303.7065734863281 0.32889457903242064 0.9392567755008019 -0.0981074184703861 -66.48738098144531 -0.38268011206474917 0.22753016688762567 0.8954250136031495 7.6519622802734375
0.9129378847243689 -0.2542972621453489 0.3191822694016305 303.40576171875 0.121415942552784 0.9159535790729062 0.382475110141239 -65.64141845703125 -0.38961851538269376 -0.31042220192652714 0.8670844647565037 7.725311279296875
0.9168858918784598 0.1896041754262 0.3512413955318937 303.49755859375 -0.10486314503337506 0.9634873472143332 -0.2463652828050179 -64.41729736328125 -0.38512852671277253 0.1890565746511818 0.9032904458108761 7.743679046630859
0.8411136985944534 -0.10877029984303452 0.5298082369205062 303.25408935546875 0.3852665015383737 0.8080035411582065 -0.44575778206126765 -63.308807373046875 -0.3796017239543849 0.5790503426713904 0.7215283998728006 7.7468414306640625
0.4739853784468488 -0.10878260166247089 0.8737872776563766 302.86419677734375 0.8107605506940214 0.4410545701208886 -0.3848872505212471 -62.28843688964844 -0.34351883566541824 0.8908631835197942 0.29725005936425486 7.701507568359375
-0.2161468912926583 -0.3260086746067797 0.9203254128109526 302.8192443847656 0.9026285847186639 0.2926234445047788 0.3156472046049834 -61.03324890136719 -0.37221251917862913 0.8989381868667552 0.23101510071726733 7.818603515625
-0.5688430958408361 -0.8047939953463696 0.1694820266831878 302.74212646484375 0.7448332136223059 -0.416718056639043 0.5211233492715978 -60.02537536621094 -0.3487707215339064 0.42267326190026117 0.8364844872891017 7.991779327392578
-0.9708523209075238 0.12776698964663533 -0.20278404114996632 302.4877624511719 0.11889943016378596 -0.4778808731695556 -0.8703406210015884 -59.02116775512695 -0.20810741576215305 -0.8690831188185283 0.44876033257124964 7.790191650390625
-0.9028020551238141 0.014849111424195538 -0.4297998989694269 302.66546630859375 0.41874203747381455 -0.19738386355682358 -0.8863942218108484 -58.14189147949219 -0.09799773118035032 -0.9802138105012054 0.17198061049493552 7.7977447509765625
-0.026963891050383826 -0.9751518161769042 0.21989061823167583 302.299560546875 0.9996363571290774 -0.026373757554244037 0.00561946778419925 -57.348350524902344 0.0003195076379855638 0.2199621792930674 0.975508348296166 7.92829704284668
0.22998121913395247 -0.8425132706856441 0.4871139780012883 302.08953857421875 0.9731152980399757 0.19267427639162077 -0.1261873208271522 -56.29582595825195 0.012460159157500567 0.5030387777652374 0.8641740174861923 7.849754333496094
0.18208549420417075 -0.8798277555146014 0.4390307431451258 302.1537780761719 0.983158201199884 0.15580193075901072 -0.09552858098586292 -55.310646057128906 0.015646859551712716 0.44903104458144427 0.8933791450376853 7.832466125488281
-0.22662041552589252 -0.9326631515125516 0.2806824416979928 301.8245544433594 0.9735449979823276 -0.2255518049067865 0.03655844918593951 -54.083168029785156 0.029211712898456366 0.281541878082047 0.9591041897080693 7.673892974853516
-0.6569676071478032 -0.7293490818997729 0.1909017545504701 301.6040344238281 0.7538526657953776 -0.6388556442531652 0.1535240179225249 -52.88258743286133 0.009986061871042382 0.24477210326716436 0.9695292136034253 7.875782012939453
-0.4753983858033001 -0.8792192650416327 -0.03114255537472417 301.23175048828125 0.8779223389295939 -0.47180894680678737 -0.08153946603615489 -51.910213470458984 0.0569977331479746 -0.0661044755876733 0.9961834453168106 7.936410903930664
-0.4113194428185059 -0.9098393514836683 0.05485134867304187 301.02520751953125 0.9073977787561419 -0.41442693759160704 -0.06985402283950289 -50.69017028808594 0.08628781529215687 0.02103967419472133 0.996048063620369 7.958173751831055
-0.14149667610118555 -0.9554825736227436 -0.2589048901731574 301.06048583984375 0.9861550777085618 -0.11320512758917434 -0.12117244652617645 -49.693538665771484 0.0864687999334819 -0.2724658705063393 0.9582721409115922 7.935962677001953
-0.3604709840987334 -0.9226853312889035 -0.13679345396318196 300.8464050292969 0.9236493542772118 -0.33262818937066946 -0.19034273818372893 -48.594451904296875 0.13012509352995769 -0.19496221957157883 0.9721405212074761 7.972600936889648
-0.19693393640231643 -0.9796087104778509 -0.039796972862397126 301.0513916015625 0.9719813301343426 -0.18976529211848475 -0.13871347366950426 -47.426109313964844 0.12833284288662222 -0.06599930501988763 0.9895326033908785 7.9799346923828125
0.00037815732109452993 -0.9946792413441302 -0.10301972547093204 301.0262145996094 0.9920877439423993 0.013306871979437529 -0.12483923853261683 -46.26051712036133 0.1255458693718007 -0.1021573981520113 0.9868141165824953 7.969210624694824
-0.42223183476357795 -0.9056730092289618 -0.0384275690922486 300.7403564453125 0.8997383140921646 -0.4135477460227607 -0.13946048872022274 -44.933475494384766 0.11041396590455249 -0.09345941425908486 0.9894817300079759 8.040138244628906
-0.17620234545996027 -0.9807630533508936 0.08400337276705366 300.46710205078125 0.9840775827178735 -0.1775324085269544 -0.008576427855754118 -43.80343246459961 0.023324764662375673 0.08115464930889861 0.9964285615381536 8.030862808227539
-0.07219999265196747 -0.9972035810392349 0.019291941933908287 300.4018249511719 0.9962899914685036 -0.07301511053446635 -0.045552678662491165 -42.72004699707031 0.046833897560894566 0.015931465600035062 0.9987756376900119 7.94316291809082
0.20724686016625338 -0.9662760729624374 -0.15283746193757441 300.4111633300781 0.9700772020467715 0.22318337120978848 -0.09560023475149507 -41.53847885131836 0.12648699941233738 -0.12845128896092803 0.9836164421886915 7.948419570922852
0.46099964550420836 -0.8872323524618395 -0.017264981610890337 300.3244323730469 0.8821913952814942 0.46031182130731907 -0.09925406417889951 -40.46537780761719 0.09600869198298971 0.030525070184503927 0.9949123334012633 7.975647449493408
0.379459120119454 -0.8722952300873422 0.30840202289388596 300.0901794433594 0.9212097239713967 0.32525380264416387 -0.21350083916943963 -39.23930358886719 0.08592683293775809 0.36511778295829755 0.9269873698971872 7.9958343505859375
0.3370358310050007 -0.3713360887955399 0.8651683985079435 299.942626953125 0.9412017677947373 0.11008170787138943 -0.3194076547175721 -38.09005355834961 0.023368374330070163 0.9219498504529133 0.3866036631112292 7.9724273681640625
-0.06336436520571292 -0.997950207723602 -0.00896326539254133 299.5364990234375 0.9969524133243006 -0.06288637337618791 -0.046164809221355435 -36.9532356262207 0.045506513697826885 -0.011861152895514288 0.9988936230966035 7.960572242736816
-0.45341929910686884 -0.7439883327149754 -0.49080780350502445 299.25079345703125 0.8905802372561009 -0.3560911566923466 -0.2829592358174119 -35.661685943603516 0.03574605161836569 -0.5654029084727966 0.8240399085506718 7.950782775878906
-0.44649851038097316 -0.748292465526253 -0.49060928065438514 299.2148742675781 0.8947270776842778 -0.3671699999341554 -0.25426294973295677 -34.591209411621094 0.010126040002085251 -0.5524894362655213 0.8334583889606499 7.95013427734375
-0.25022076195400333 -0.8822895146287398 0.3986913375825221 298.9246826171875 0.9679769410983191 -0.23658518415064367 0.08395291622300768 -33.58723068237305 0.02025368581516268 0.4069307840611086 0.9132344305786506 7.937213897705078
-0.14880021261859783 -0.9806251047685326 -0.1274084009096929 298.750732421875 0.9878571183265625 -0.14158698546085752 -0.06396435976109788 -32.51362991333008 0.04468568558498691 -0.13537920610570844 0.9897856636959277 7.925270080566406
-0.25440055718292354 -0.7302193140968075 -0.6340821002244158 298.4387512207031 0.9662746503467866 -0.16485981518618215 -0.19782452182167237 -31.41354751586914 0.039920628780287126 -0.6630241282613822 0.7475328412458015 7.941795349121094
-0.0460683463036235 -0.9870937332231567 0.1533742784837847 298.4551086425781 0.9987836189495355 -0.048216822794121705 -0.010316032071980036 -30.229835510253906 0.01757811101680949 0.15271247437983704 0.9881143204011715 7.876697540283203
-0.10645261406669831 -0.8439872153273613 0.5256932768471866 298.1837463378906 0.9929805046445321 -0.11764746410415644 0.01219801564810774 -29.115686416625977 0.05155151165830971 0.5233016859841246 0.8505867310815022 7.948524475097656
-0.18991678944871426 -0.9763140611238394 0.10364587371125097 298.0031433105469 0.9793249094098402 -0.19587096369184842 -0.05056962914472463 -28.096139907836914 0.06967305716631894 0.09189896427219635 0.9933278640362387 7.94340705871582
-0.33768701769145104 -0.9255552840496324 -0.1712159287287775 297.8551330566406 0.933971743184584 -0.3068925849984925 -0.1830675400110366 -26.974563598632812 0.11689423003469024 -0.22173037103822113 0.968076123837299 8.062517166137695
-0.40817223642054873 -0.8423115175507453 -0.35200388182065323 297.61614990234375 0.911863477268236 -0.3577664375284793 -0.20126642790704566 -25.703659057617188 0.04359385552723033 -0.403130851684092 0.9141034362591192 7.963893890380859
-0.2546060544471017 -0.9668507383184642 0.019375418754694215 297.51422119140625 0.9662310379560776 -0.25516252985588517 -0.03591190120092576 -24.502216339111328 0.03966532905699975 0.009577743501720009 0.9991671174033976 7.890372276306152
-0.2624842401754365 -0.9635611197646451 0.05149749641902032 297.29400634765625 0.9648804573914748 -0.2626690535205852 0.0032666904687073464 -23.502166748046875 0.010379142717111652 0.050546382664867155 0.9986677808941042 7.80281400680542
-0.03511306378276674 -0.991461591618513 0.12558258277751744 297.1256103515625 0.9985117180410397 -0.0400514271568308 -0.03701664649089946 -22.48583984375 0.041730344912527445 0.12409591261595095 0.9913923455350537 7.903095245361328
0.15514073200759004 -0.9846155808384134 0.08039596533646806 297.0389709472656 0.987694240290589 0.15296527175297192 -0.03258394289117407 -21.357444763183594 0.019784867170263707 0.08446172865726162 0.9962302823259701 7.874372482299805
0.07018308950342722 -0.8990465155741226 0.4321917361331453 296.86773681640625 0.9968881570364424 0.078802497953946 0.002041733749312241 -20.347797393798828 -0.03589340201539379 0.43070352813768165 0.901779426767718 7.86572265625
-0.2643666932779546 -0.9457562886701871 0.18882609439924686 296.57318115234375 0.9642843716313336 -0.2625233984521579 0.03517265831143929 -19.131179809570312 0.01630650523084684 0.19138053115696724 0.9813804512936016 7.826425552368164
-0.47857830267541285 -0.8767277645360365 0.04807530655092034 296.2865295410156 0.8765070235872188 -0.4737843221697304 0.08522824454629876 -18.118724822998047 -0.051944641789077366 0.08292673246796298 0.995200940127968 7.855494499206543
-0.5134494408390267 -0.6786426806897067 -0.5251797631748387 296.1136474609375 0.857825047147614 -0.421962002388516 -0.29340118784092856 -17.127315521240234 -0.0224913358492696 -0.6011590309448598 0.7988128437407304 7.871543884277344
0.3446961272785539 -0.27905991844572003 -0.8962757063293832 296.09429931640625 0.9380950253512448 0.1370797033758429 0.3180988499407662 -16.135330200195312 0.03409256884445844 -0.9504392231171117 0.309035564151 7.8554229736328125
-0.04269493389577361 -0.5005144743768334 -0.8646747385918696 295.9461975097656 0.9979277712401663 0.02033598205204934 -0.06104597629339159 -15.047121047973633 0.04813840470217223 -0.865489288653107 0.4986090504788987 7.887298583984375
0.029245786136242347 -0.9646184010681425 -0.26202294615932764 295.8030090332031 0.9978108903340464 0.04372820971776442 -0.049611196373980204 -13.991985321044922 0.05931366726186797 -0.259998430756072 0.9637856114719336 7.847751617431641
0.12792589207193578 -0.8167209291427159 0.5626738753824087 295.6795654296875 0.9904763166358522 0.07608521336882651 -0.11475062740610645 -12.895442962646484 0.0509080771692898 0.5719947239327292 0.8186760064103789 7.898368835449219
0.0913502989160413 -0.9216516735753796 0.37711180766936014 295.3260192871094 0.9957681180396233 0.08072095314322902 -0.043931569736082615 -11.973251342773438 0.010048780213417263 0.37952907704068106 0.9251252356826463 7.9023590087890625
0.04540767156475206 -0.9959807389529886 -0.07720434571788021 295.25714111328125 0.9981413306068193 0.04837883940553539 -0.037059034421056264 -10.664985656738281 0.04064514113046262 -0.0753780838999757 0.9963263104877099 7.917964935302734
-0.2021773665831872 -0.9308991085429588 -0.30422222495309614 295.22088623046875 0.9788490710922069 -0.18215377326753335 -0.0931369900003423 -9.530501365661621 0.031285914776642304 -0.3166178336706964 0.9480370978702595 7.881343841552734
-0.28357741667475983 -0.8160141004690454 0.503691211545094 295.2404479980469 0.9583593663125464 -0.2595826425206516 0.11901334674317143 -8.60837459564209 0.03363292662086445 0.516466687732801 0.8556465314072308 7.869163513183594
0.15119125805501676 -0.9650850544126512 0.21389726795139635 295.0162658691406 0.9879459006881264 0.14025219602225492 -0.06551502747051023 -7.681953430175781 0.03322801229787968 0.22122422846574719 0.9746567292839396 7.824846267700195
-0.3617010458706645 -0.8173660876223634 -0.4484250575302169 295.22149658203125 0.9322914159411071 -0.3159500337954922 -0.17609171447615912 -6.632246017456055 0.002251483642674912 -0.48175538912350346 0.8763028448383976 7.829429626464844
-0.3864698056359147 -0.9038932680951179 -0.18335225448318251 294.9866943359375 0.9201148688870415 -0.3641749484298903 -0.14410147462489456 -5.487030029296875 0.06348005501510451 -0.22439600448406863 0.9724282573983879 7.828605651855469
-0.09916228893129125 -0.833250364143954 0.5439307594794351 294.7588806152344 0.9946373689495395 -0.0991409539024945 0.029454635432153542 -4.579138278961182 0.029382728652130097 0.5439346485684392 0.8386129937841911 7.8392181396484375
-0.05305402839966983 -0.9966021353724703 0.06300360181449378 294.38140869140625 0.9985212075028398 -0.052195238516703435 0.01520050141460173 -3.5641775131225586 -0.01186036414440543 0.06371688039457593 0.9978975352786204 7.796795845031738
-0.5028427142013168 -0.7825264520775363 -0.36715331480676594 294.2946472167969 0.863844387703927 -0.469867391248784 -0.18165216341538398 -2.4391136169433594 -0.030365747266949433 -0.4085057973150507 0.9122504781872764 7.7659912109375
0.04715018448112096 -0.9418882859746914 -0.33260083711117494 294.301513671875 0.9984116881971791 0.03415897946456081 0.04480251101443741 -1.5701045989990234 -0.030837655141974313 -0.33418500993551126 0.9420028758765798 7.773471832275391
-0.11268768853524291 -0.9762763419219986 -0.1848945349543478 294.4281311035156 0.9932697970675493 -0.11569252500818716 0.005509073481008014 -0.5588879585266113 -0.026769293714501013 -0.18302935245645835 0.9827429272466915 7.784809112548828
-0.19730822469683945 -0.9581601693604556 0.20736092765543918 294.09173583984375 0.9801382817279822 -0.188497282927864 0.06162566851670684 0.49841976165771484 -0.01996028953446745 0.21540163458050995 0.9763215262718241 7.748395919799805
-0.16630091194662117 -0.9061956550969615 0.38878456935571787 293.7421875 0.985635445834465 -0.14098938993894067 0.09297720064263446 1.558395504951477 -0.029441035994297315 0.39866204560759755 0.9166252226463922 7.730113983154297
-0.07721952886243988 -0.9969860266927574 0.007483778567805263 293.40863037109375 0.9966852694021239 -0.07699911292939332 0.026260433448492864 2.6404976844787598 -0.025605040891961466 0.0094867901566149 0.9996271218276572 7.694186687469482
-0.1753328747465599 -0.8781365061051025 -0.4451231960689426 293.4032287597656 0.9842892303780428 -0.16591106393125177 -0.060400578035316066 3.6543054580688477 -0.020810910477616434 -0.4487201750654001 0.8934299695523815 7.6893310546875
-0.08948140310096281 -0.9959519613668945 -0.00853048348687362 293.4085693359375 0.9951821742795751 -0.08906111634334307 -0.040994603935831125 4.758402347564697 0.040068921813060585 -0.012157639783869318 0.9991229520432534 7.701766490936279
0.10103785684397176 -0.9866938967587592 0.12738330182324553 293.34918212890625 0.9944582136649766 0.09642415214964589 -0.04189563409814478 5.59398078918457 0.029055339589148722 0.13091041586228708 0.9909683396860478 7.687067031860352
-0.3939236051816296 -0.7695142886914287 0.502664851347727 293.2229919433594 0.9178034160998595 -0.3588325941085989 0.16992957011868776 6.567291259765625 0.04960930029879587 0.5282867866083898 0.8476154720265823 7.6255340576171875
-0.3068430543738904 -0.791596131089775 0.528415466490338 292.931640625 0.9483741327590294 -0.3010892913584539 0.09965813033979162 7.696161270141602 0.08021124793980311 0.5317149648758851 0.8431164521173666 7.561370849609375
-0.4905111824657996 -0.8459879682019105 0.20905295389830378 292.8139343261719 0.8681914803072228 -0.4950936860360132 0.03355287721234308 8.526363372802734 0.07511546710202968 0.19795605498412217 0.9773285358041928 7.510778427124023
-0.49715813440753254 -0.69857991660316 -0.5146065385429377 292.4333801269531 0.8611491009834017 -0.3247519798264814 -0.39109893565983994 9.363033294677734 0.10609436963336408 -0.6375909752478486 0.7630345555835569 7.4466705322265625
-0.11299872041268871 -0.6944851576323954 -0.7105783946992772 292.49957275390625 0.9904953963675316 -0.02228899996029582 -0.13572792732336308 10.323742866516113 0.07842294919104492 -0.7191617108196715 0.6904029799552591 7.4310455322265625
-0.5585669543979529 -0.746887071371428 0.36078062596653776 292.4510803222656 0.8270086786288904 -0.5348871573897923 0.17306754268771596 11.32314682006836 0.06371501335707352 0.39503851897970554 0.916452380429681 7.449974060058594
-0.1800974187500724 -0.510835069987525 0.8406024333954796 292.1480407714844 0.9826413874606754 -0.1320999810216606 0.1302516743210459 12.179303169250488 0.04450644233052076 0.8494687317876494 0.5257585475350475 7.3045196533203125
0.17397336607416042 -0.9416108307398051 0.2882747150381395 291.9338684082031 0.9835415266906175 0.15164734521889472 -0.09823007667283441 12.993902206420898 0.0487784088702751 0.3006195704234103 0.9524959531181898 7.2582550048828125
-0.09793698328582312 -0.9944656598698334 -0.038031548016466514 291.9661560058594 0.9941311840114584 -0.09599653399131325 -0.04987839650219359 13.871553421020508 0.04595145569889816 -0.042693287543957494 0.9980309348501382 7.482745170593262
-0.11141082399644064 -0.9903064635819937 -0.08295020484700322 291.8511962890625 0.9936531437934099 -0.10970440815663407 -0.0248670999611176 14.839942932128906 0.015526046692822253 -0.08519419592160205 0.9962433893659542 7.281459808349609
0.03536139922088932 -0.9624415066062549 0.2691763693317514 291.67388916015625 0.999318255400966 0.031192817974139975 -0.01974924123104739 15.642656326293945 0.010611119993234414 0.26969122059925255 0.9628883889964479 7.201770782470703
0.09967013534073937 -0.9553974486219131 0.2779956461671613 291.5855712890625 0.9949743932645151 0.09300612370144806 -0.03709201668743542 16.477020263671875 0.009582320651530224 0.28029551569864575 0.9598659297058947 7.140148162841797
0.06295963666166055 -0.9960895447478875 -0.0619814730010331 291.53045654296875 0.9979576612632666 0.06350634533683114 -0.006888427099875208 17.262771606445312 0.010797707042832793 -0.061421192970384814 0.9980535289135106 7.130755424499512
0.11715737391678821 -0.9728337000436483 -0.19967158484948833 291.58319091796875 0.9931129634204591 0.11458481381374735 0.024432812558168218 18.086822509765625 -0.0008897320695612221 -0.20115892349745113 0.9795582146428006 7.1013031005859375
0.2142559197859102 -0.9542127690211896 -0.20874001119480512 291.3262634277344 0.976240056975851 0.20210260615482423 0.0781657709052698 18.933408737182617 -0.03239987642693615 -0.22052783956303965 0.9748424077691622 6.999500274658203
0.37994292823344017 -0.9172058296300017 0.11990345023450727 291.410400390625 0.9208592048265433 0.387312885032767 0.04480015595755192 19.63608169555664 -0.08753111544830969 0.09339269339908031 0.9917742226172447 6.969473838806152
0.24661059986434564 -0.968454251937238 0.03577113276418366 290.91607666015625 0.9661691765127972 0.24856914954292786 0.06877863223479702 20.408634185791016 -0.07550055887959703 0.017599426132428746 0.9969904341610696 7.033308029174805
0.4288166652173848 -0.9021692916688161 0.04697698161469793 290.8161926269531 0.8488062587671971 0.4201630668013092 0.32092200356745937 21.215377807617188 -0.3092639693036923 -0.09774234735213246 0.9459398663893068 6.879205703735352
0.059730447953428356 -0.7742566100001155 -0.6300468041807785 290.5400695800781 0.9160971410027116 -0.20817873613517357 0.3426771688744673 22.0438175201416 -0.39648241049754174 -0.5976523368081909 0.6968596576598245 6.8117828369140625
-0.14672584089308144 -0.9542616479067569 -0.26049229345318337 290.23150634765625 0.9709222714076602 -0.18929342546928513 0.14655354638729992 22.621496200561523 -0.18915990721822742 -0.23141457691421566 0.9542881237303578 7.181159973144531
-0.06542899287491116 -0.9962581010552867 -0.056469841270266566 290.12969970703125 0.974885479491004 -0.07589321791482145 0.2093765062086208 23.12481117248535 -0.21287871845013073 -0.041352334350647044 0.9762031733582832 7.408234596252441
-0.12746461142546045 -0.9901350601529713 -0.05818363592994669 290.11334228515625 0.9698301629413022 -0.13671146672696394 0.20184010977654956 23.871606826782227 -0.2078033394423769 -0.03070077395171744 0.9776887207058094 7.074577331542969
-0.04581547861805857 -0.7753711065871796 0.6298417174090416 290.3695373535156 0.8558155013999735 0.29474154014848475 0.42509675613254366 24.880191802978516 -0.5152482600480184 0.558504316528236 0.6500708876244328 6.740478515625
0.1731676378644677 -0.6279178029083825 0.7587701904971953 290.1091613769531 0.8090782302286696 0.5300009638779424 0.2539515616382298 25.3790283203125 -0.5616096389543934 0.5699282508168564 0.5998136396868232 6.623191833496094
-0.39621984854913966 -0.8440988868864125 -0.3612573885373369 290.1427001953125 0.7078566207096815 -0.5314197035718176 0.4653301012970384 26.4173583984375 -0.5847639148692121 -0.07134541199517536 0.8080600200814738 6.5963945388793945
-0.6263322886059363 -0.5536661122548276 -0.5487820153670075 290.07080078125 0.4890405889407225 -0.8272791484669263 0.27649324201569303 26.854019165039062 -0.6070808567383437 -0.09520003493939397 0.7889168439888813 6.568902969360352
-0.6881107663144619 -0.5269803031383568 -0.4987938786576365 290.0590515136719 0.36987582329361246 -0.8461475413153574 0.3837006823929915 27.847198486328125 -0.624255915971163 0.0795367740745159 0.7771605065524259 6.49540901184082
-0.7833876397431692 -0.4526816768957178 -0.4258909547061406 290.0830078125 0.3428179062122868 -0.8862730286447515 0.3114418113822924 28.333786010742188 -0.5184396677317918 0.09797662016900027 0.849482720732099 6.590070724487305
-0.7582900546619192 -0.5929665478167174 -0.270900103675041 289.94073486328125 0.5212328306614866 -0.8010396150294349 0.2943668992840546 28.76752471923828 -0.391551438819266 0.08201346428373359 0.9164940056731103 6.520904541015625
-0.8192050544323288 -0.3586598621233246 -0.44751109717436377 289.91522216796875 0.36531750238779487 -0.9278649253978823 0.07489861591194881 29.434921264648438 -0.442092978050623 -0.10212631158550621 0.8911363617540647 6.522741317749023
-0.9180147263225008 0.07046668115456478 -0.39023506903158417 290.0420837402344 -0.04520741327866902 -0.996266238409173 -0.0735518320009015 30.023086547851562 -0.39396097781338185 -0.049880146883285376 0.9177726945748746 6.496387481689453
-0.8076516406913476 -0.43957175688310357 -0.39303371081788385 289.90765380859375 0.3620357614378875 -0.8957796951396675 0.25789308873169386 30.485580444335938 -0.4654341357578571 0.06599551747040082 0.8826186361873121 6.574763298034668
-0.6997856541688179 -0.5556937884269404 -0.44889247233968455 289.849853515625 0.46492755736172864 -0.8313758752510307 0.3043953357990874 31.1981201171875 -0.5423489694146899 0.004309008505144513 0.8401422664171387 6.6256561279296875
-0.8100762131444941 -0.4301133321351884 -0.39847089030071103 289.9067077636719 0.4548532776296023 -0.8898461692077666 0.03580909068757173 31.565216064453125 -0.36997976259125853 -0.15223769791292824 0.9164816739068424 6.434698104858398
-0.9147788172470368 -0.24222066617409418 -0.32327830795506585 290.08721923828125 0.31395392903747854 -0.929892287595395 -0.19165923904819449 32.142242431640625 -0.2541901767536311 -0.2768203069660553 0.9266918968530893 6.481182098388672
-0.9381165654579252 -0.10864332924051648 -0.3288372494486638 289.97625732421875 0.23555330043970732 -0.8962249508164072 -0.3758929105291684 32.59046936035156 -0.25387389047593495 -0.4300900656207548 0.8663547675109473 6.5163421630859375
-0.9116173880491466 -0.31524650935116805 -0.26376765561447457 290.0220642089844 0.31030793914375254 -0.9486553667927918 0.061334965228581825 33.2623291015625 -0.2695602357745098 -0.02593517682874166 0.9626342222734724 6.4687347412109375
-0.8773301879917579 -0.45252837388550204 -0.1597179140450134 289.7883605957031 0.40456172051158057 -0.8764657956480593 0.2610316520189155 33.8231201171875 -0.25811151763347706 0.1643951942349829 0.9520255587836839 6.492193222045898
-0.5629738673624007 -0.8033740605114168 -0.19403747979300437 289.7664794921875 0.759854488906468 -0.5954743974439449 0.2608282915587593 34.248016357421875 -0.32508703504709713 -0.0006007380204498813 0.9456839105949294 6.538609504699707
-0.6164972176244059 -0.7289992339106609 -0.29747486888649133 289.93096923828125 0.7522318996395466 -0.6569271387861237 0.05093037886130061 34.73860168457031 -0.23254752165104797 -0.1923716488569618 0.9533702318039978 6.532234191894531
-0.8033720516444213 -0.5092462883372637 -0.30864472205329196 289.92840576171875 0.4626757854116592 -0.8601053667936375 0.21482522106700275 35.44232177734375 -0.3748659283401703 0.02978213940439421 0.9266005395757978 6.524616241455078
-0.4776837340022516 -0.8506135486424946 -0.2197153639040491 289.9377136230469 0.7885946322535458 -0.5253861004796018 0.31951205204770117 35.9765625 -0.3872166786833455 -0.02064064651749989 0.9217576728515898 6.472418785095215
-0.501456217883713 -0.784435894956922 -0.3649684756919351 290.02557373046875 0.749278942511801 -0.604660358744332 0.2701238917081802 36.38453674316406 -0.43257684618361053 -0.13800788842058342 0.8909719944417628 6.433115005493164
-0.3981103983932093 -0.7303926332107716 -0.555008749518992 290.272216796875 0.6366357778152277 -0.6555827521521103 0.4060863719533868 37.06007385253906 -0.660456658000205 -0.19167121962386469 0.7259883927936452 6.670257568359375
-0.5722966095198341 -0.6507533576462617 -0.49899564952434156 290.14013671875 0.6385964407418886 -0.7354053992377727 0.22665719632017878 37.4278564453125 -0.5144620263964043 -0.18894170075462158 0.8364387946000931 6.440855026245117
-0.7352930039011766 -0.6275757214960686 -0.25591583030886045 290.32366943359375 0.43519711809409095 -0.7266609139951065 0.5315706768383621 37.779075622558594 -0.5195648822010417 0.2794863679331883 0.8074278316499452 6.288272857666016
-0.5625850710313407 -0.8261242179936257 -0.03188752572844111 290.5159912109375 0.5490517215196782 -0.4021805201766424 0.7326616110365843 38.4605712890625 -0.6180940421561586 0.39467658359074964 0.6798456805894959 6.2088623046875
0.2300716138476765 -0.67195609859809 0.7039474796164554 290.4778137207031 0.6275899881969792 0.6552873972218626 0.4203917622374548 38.79191970825195 -0.743772720134613 0.34507017923754446 0.5724759490009408 6.240699768066406
0.4555060801853048 -0.5102545754440284 0.7294891905660102 290.2127380371094 0.5333784109871054 0.8125003374728014 0.23526723592428775 38.80029296875 -0.7127563971000815 0.28192812886446467 0.6422576185207091 6.159523010253906
0.1986739526713187 -0.2841447287215788 0.9379714460844182 290.34625244140625 0.5617340854577542 0.8172625131891961 0.12859549669649925 39.735198974609375 -0.8031086338502997 0.5013419568272929 0.3219825531914511 6.194915771484375
0.1227633823293664 -0.016058077622282618 0.9923060465915395 290.0802001953125 0.48947429188600433 0.8707789711582712 -0.046463974983178974 39.885955810546875 -0.8633331162081926 0.4914123742149963 0.11475978793389247 6.117645263671875
0.017005218279159073 -0.7374462770601083 0.6751916846358998 290.54742431640625 0.39823039332556853 0.6244116031319976 0.671954391090565 40.999568939208984 -0.9171277862888254 0.2574551190485731 0.30429177657742235 6.036918640136719
-0.024746230393537905 -0.9980677516648928 0.05699462402626698 290.6294860839844 0.26204501990104845 0.048542527743778485 0.9638340264512886 41.53496170043945 -0.9647383228763998 0.03878641626691087 0.2603374392721892 5.997783660888672
0.002365193833915147 -0.7438296448380459 -0.6683650688944135 290.805419921875 0.13973758699001543 -0.6615634250635625 0.7367545326636111 41.15354919433594 -0.9901857465346265 -0.09513828923348583 0.10237623396760459 6.0465850830078125
-0.4784464306315439 -0.5351620322763952 -0.6961972509466939 290.8330078125 0.4863221774911599 -0.8216241749090578 0.29736249744254367 41.53334045410156 -0.7311496103371676 -0.19630413753868903 0.6533643186530769 6.153017044067383
-0.3011134669285991 -0.2815162281284359 -0.9110868747460794 290.69989013671875 0.07133387279737456 -0.9594027776203684 0.27286954554521137 42.182525634765625 -0.9509164835178574 0.0171733396478555 0.3089707393579074 5.8282012939453125
-0.2033978234609738 -0.8698515191855427 -0.4494303727853095 290.7921447753906 0.2694966851235913 -0.49103343774587616 0.828406723610367 42.85536193847656 -0.9412761880121767 0.04737612886328435 0.33429723345429446 5.70703125
0.45733152220694806 -0.31580000877408126 0.8313352111237475 290.5372009277344 0.3184067801059411 0.930997144152131 0.1784977309747751 42.19258117675781 -0.8303402923973053 0.18307012874542497 0.5263272050565987 5.487724304199219
0.23468131904189782 -0.5291824978221108 0.815408218312464 290.744384765625 0.642177180416993 0.7141252556635481 0.27862804628241056 42.58038330078125 -0.7297486878675672 0.45824775310111887 0.5074207813376785 5.482177734375
-0.3060461547171687 -0.9518885208170597 -0.015620343131465764 290.7512512207031 0.6937576420169177 -0.23422930171202694 0.6810557747810545 42.79436492919922 -0.65194791611444 0.197597768601283 0.7320649127760684 5.367027282714844
-0.6835876862215952 -0.5038615297958725 -0.5280449166860421 290.6947326660156 0.5367338499345514 -0.8373027081788712 0.10411987903739918 42.864654541015625 -0.4945954403152546 -0.21224451387042076 0.8428093596723213 5.2842559814453125
-0.1342640853683072 -0.972636827193753 0.18960685052677184 290.5915222167969 0.9644755545598164 -0.08433418280874244 0.25034905685166176 42.61299133300781 -0.2275083735530341 0.21648405945115512 0.9494074952130946 5.191532135009766
0.3251670264916181 -0.9102335651439113 0.25640058847047276 290.41131591796875 0.9453607813490805 0.3196700890884263 -0.06406268203294235 42.40288543701172 -0.023651595499155034 0.26322213248054 0.9644452866818013 5.0669097900390625
0.9979504077457887 -0.04554639014743699 -0.04495008369905079 290.3208923339844 0.00898495122941538 0.7952039463931562 -0.6062754772313949 42.09117126464844 0.06335814337099252 0.6046289853995489 0.7939833346382611 4.996696472167969
0.9966548641016124 0.030542323684015583 0.07580401260208218 290.496826171875 0.0787812341453889 -0.11231837593253408 -0.9905443450822417 42.11048126220703 -0.021739342426237842 0.9932027733005272 -0.11434881765464827 5.0040283203125
0.37074374525143905 -0.10959850335988247 0.9222457608567309 290.56304931640625 0.9281407353994429 0.00819916619684774 -0.37213915269138 42.35060501098633 0.033224247908987425 0.993942121924084 0.10476262509087797 5.0567474365234375
-0.1505223316173946 -0.9860993831765924 0.07036358563352985 290.38323974609375 0.986201543093265 -0.1547369880942241 -0.058847097770330196 42.62310791015625 0.06891693612549765 0.06053487436405534 0.9957841055674679 5.039417266845703
0.09156367035673385 -0.9110043453880503 -0.4021034406155872 290.2964172363281 0.9957948952009164 0.08495704002959659 0.0342757646334145 42.562286376953125 0.002936147577878301 -0.40355096832184556 0.914952455051027 5.033473968505859
0.461624343865609 -0.8441875615147028 -0.27248913030523986 290.3101806640625 0.8866781089316751 0.4299154135412572 0.17021947109833985 42.408172607421875 -0.0265498830881552 -0.32018759842240896 0.9469820513211935 5.0332489013671875
0.5792796191632986 -0.798158990492001 -0.1654610187289233 290.3359375 0.8150916047253705 0.5691355658642782 0.10821452570966549 42.35206604003906 0.007797353925768413 -0.19755235651628472 0.9802613262322545 5.025970458984375
0.5826640608736194 -0.8122537222209637 -0.027321839331430033 290.3683166503906 0.8122216965729933 0.5831514952736574 -0.015173963759864897 42.313106536865234 0.028257880004546324 -0.013350067351396823 0.9995115146507125 5.015523910522461
0.42969252339080205 -0.9026809188124836 0.023054156976466615 290.37261962890625 0.9029533045998013 0.4293639305296086 -0.017942822310438 42.30891418457031 0.006298019874812998 0.028526723821987975 0.9995731894031775 5.019733428955078
0.45564827865949664 -0.886472846649251 -0.08093539589210033 290.3583068847656 0.890151194355267 0.4541586381333985 0.037024081308090054 42.32523727416992 0.003936666423387837 -0.08891469823594998 0.9960314649121687 5.030620574951172
0.45346384164279685 -0.8898929065662364 -0.04961007121192238 290.3792419433594 0.8902148284557185 0.45493611699243197 -0.023466756346024305 42.30327224731445 0.04345231317331525 -0.033522295550033804 0.9984929404762681 5.022184371948242
0.4112387672593894 -0.9112499289050887 0.022499852742818488 290.3921813964844 0.9111705414382488 0.4102615188967765 -0.038127818291092755 42.295841217041016 0.025513147945841898 0.036180839998273776 0.9990195323910904 5.020244598388672
0.4019449069432553 -0.9156152657025706 -0.00943276177950278 290.376953125 0.9156566541699428 0.40196126787252545 0.0001755124431568767 42.307533264160156 0.003630903012153245 -0.008707717423233705 0.9999554951099541 4.999955177307129
0.4349562252523082 -0.8948595813606038 -0.1001968650277464 290.33367919921875 0.9004087789775052 0.4333196561820252 0.03870537826361879 42.30752182006836 0.008781392514954134 -0.10705328212351338 0.9942145049897844 4.981300354003906
0.48520548445505124 -0.8735603812091978 -0.03831316009388951 290.3285217285156 0.8662919473412621 0.4861977654731871 -0.11467342682837864 42.24566650390625 0.11880193528062905 0.022449793551851234 0.9926641460952725 4.973989486694336
0.41449167975364665 -0.9089522697208344 0.0447483942096725 290.37451171875 0.8721400980522168 0.38269857636097404 -0.3048170746870221 42.17500305175781 0.2599390251279525 0.1653710102183196 0.9513590973943027 5.147433280944824
0.2722404738454132 -0.9320570639543126 0.239070604494344 290.1995849609375 0.9612988454295808 0.2525256778172678 -0.11016039133320309 42.40790939331055 0.04230430446396524 0.2598084132121122 0.9647330896408729 4.980344772338867
0.42094647001384156 -0.8950342118252052 0.1473697019245137 290.33599853515625 0.9069640000195044 0.41263944728841273 -0.08452803801185668 42.334877014160156 0.014844933529883655 0.16924079355742586 0.9854629276358122 5.0253753662109375
0.6066378178669367 -0.7925956126608366 0.06150408705472089 290.47100830078125 0.7826602530830925 0.6090145193424292 0.12862442798325582 42.3377799987793 -0.13940403931576406 -0.029891637976252855 0.9897843218608515 5.063925743103027
0.4035401732166466 -0.9074917581520219 0.11667920760114675 290.5584411621094 0.8967713807516018 0.4175902734779716 0.14635386623338326 42.49358367919922 -0.18153902959183466 0.04557490957473774 0.9823270882715746 5.121548652648926
0.20549255445638853 -0.9742514820649966 0.09277316291442184 290.5843811035156 0.9570377463709061 0.21986376317467987 0.18904676052227293 42.54907989501953 -0.2045765433383933 0.04993971702789218 0.9775758091211588 5.10968017578125
0.46035509214306897 -0.855150330448942 0.23830883632591493 290.5462341308594 0.8567871488983364 0.4982609772014642 0.1328600018098059 42.50486373901367 -0.23235526811459672 0.1430171700576795 0.962058791575695 5.073884963989258
0.6936171657344667 -0.46837864953633496 0.5472811599689912 290.512451171875 0.6114219180384906 0.784506060790999 -0.10350593569608868 42.502899169921875 -0.38086541657207307 0.40641319028878553 0.8305238426551479 5.1483917236328125
0.5100757925858002 -0.29634832098336505 0.8074653914987988 290.6956787109375 0.6011055243911799 0.7942869409460855 -0.08820659832979902 42.95368194580078 -0.6152193384187241 0.5303639581389843 0.5832831538307766 5.249671936035156
0.4200612032829592 -0.4247492994736901 0.801957990229589 290.7327880859375 0.6539309305344365 0.75440124947109 0.05703589121618027 42.97838592529297 -0.6292240646914564 0.5004665697057772 0.5946514012596742 5.1854248046875
0.3502572288858678 -0.7090397521661642 0.6120314562678434 290.66229248046875 0.6074140141088871 0.6693420236320169 0.42781943722127114 42.88279342651367 -0.7129993612040065 0.22190963306792466 0.6651225644002297 5.22735595703125
0.15650219413184296 -0.9629456056640555 0.2196424907985799 290.93310546875 0.549606531341003 0.269678667852988 0.790699738720299 43.38296890258789 -0.8206337331229019 -0.0030292965062960753 0.571446497428628 5.3389434814453125
0.18797537773292128 -0.9183704801361945 0.3482253847446807 290.83892822265625 0.36793539574753487 0.3945716314367655 0.8419838313301711 43.22294616699219 -0.9106529536120059 -0.030147783993929478 0.4120707575137854 5.382354736328125
0.27897671952574243 -0.7717404930235585 0.571479309678321 291.0857238769531 0.3867226661352095 0.6350042907113387 0.6687414524877795 43.45978927612305 -0.8789866719466971 0.03444070565398849 0.4756009549339918 5.343544006347656
0.07066041361117392 -0.8854005983229021 0.4594266932142108 291.4984130859375 0.1633473217753731 0.4646312332383479 0.8703076867224744 44.05124282836914 -0.9840349375998345 0.01354981877586331 0.17745885155165042 5.580482482910156
0.262892110871177 -0.7582963257031229 0.5965521104370012 291.7847595214844 0.4276291187734228 0.64582993628212 0.632484806283043 43.566184997558594 -0.8648821161399757 0.08882778747090375 0.4940531847425551 6.327125549316406
0.03366865052864848 -0.9992665499522999 0.018242371501746568 291.74224853515625 0.21902074875822386 0.025186125304188234 0.97539508441736 44.38716506958008 -0.9751391355006561 -0.02884477835917143 0.21970809083063725 5.645294189453125
-0.024082352009310748 -0.9804613848320862 -0.19523194711636543 291.4666748046875 0.1641392614572576 -0.19651624793935296 0.9666641956460915 44.04684066772461 -0.9861431656559638 -0.008765680178196178 0.16566478105212323 5.689491271972656
0.057211134986857204 -0.9655092077298066 0.25400562163557916 291.8292236328125 0.29272217993210226 0.25946302620508926 0.9203220433132607 44.47511291503906 -0.9544844741583353 0.021700410628800237 0.2974701342475037 5.735198974609375
0.40306382771019045 -0.10591491247625814 0.9090223221168755 291.54522705078125 0.19834815950838333 0.9797810912204431 0.026211083657769765 44.074371337890625 -0.8934190273389341 0.16973816483638632 0.4159223448995364 5.769622802734375
0.2372839211892423 0.9239787431761948 -0.2999326972899028 291.7151184082031 -0.4238161635287197 -0.17935411834199871 -0.8878130207231483 44.50743103027344 -0.8741145235476038 0.33778007992228215 0.3490392776333943 5.8559112548828125
0.2592777834985487 0.9439011323261446 0.20451328411010783 292.20672607421875 -0.17534309516647423 0.2542404839577308 -0.9511133346212636 44.90357971191406 -0.9497525098474446 0.21074256501798783 0.23142545522936472 5.87310791015625
0.2303879239799992 -0.03851356354864432 0.9723364180709119 292.2899475097656 -0.04685123234806995 0.997618654452702 0.05061602824647499 44.58850860595703 -0.9719703526917135 -0.05721648111134872 0.22803488280870843 5.983673095703125
0.1181115526328751 -0.03632268867609699 0.9923357916663045 292.86279296875 -0.08697524822342287 0.9951116886693021 0.04677641788555731 45.39866638183594 -0.9891839906362849 -0.09183348714423104 0.11437501172810782 6.1797027587890625
0.04731669891535045 0.26058661152879914 0.9642902819668424 292.6980285644531 -0.0013106403306838155 0.965386923801838 -0.26081865265802484 45.11653137207031 -0.9988790778796388 0.01107723992529494 0.04602045773305391 6.120513916015625
-0.04871232597174413 -0.33427799131315905 0.9412148181058679 293.8056335449219 -0.02971265390197758 0.9424014375225307 0.33316165558714705 46.156005859375 -0.9983708066127153 -0.011736910969545405 -0.05583885228377383 6.229034423828125
0.07879310319874616 -0.2939162372773754 0.9525780242862113 294.3902893066406 0.12319059827720201 0.9510955433525152 0.283269030977778 46.14442443847656 -0.9892500813163562 0.09502901072669254 0.11114748641282618 6.6565399169921875
-0.4409902065618614 0.10316292294287178 0.8915632613821693 295.01397705078125 -0.2386104839302759 0.9441468400825881 -0.22727028252858691 46.774993896484375 -0.8652125026114028 -0.3129603100905085 -0.3917437550656888 6.7738800048828125
-0.4202401056944842 0.23075321084367156 0.8775825939768999 295.3525390625 -0.2734211727985513 0.8899762062670786 -0.364942755160207 47.23783874511719 -0.8652393402009372 -0.3933132440737206 -0.31091088145134527 6.59869384765625
-0.5339575485114633 0.19992137578135538 0.8215356230214965 295.0356750488281 0.039364599427008054 0.9764680135626854 -0.21203925768803844 46.79505920410156 -0.8445944379994339 -0.08088054150803671 -0.5292622915963191 6.5997467041015625
-0.48276579877701686 0.5245480856490562 0.7012749028541513 296.12506103515625 0.18766578597932013 0.8441340770961272 -0.5022143094913103 47.576175689697266 -0.8554055975406948 -0.11084658644712458 -0.5059587907814895 6.765106201171875
-0.3906039760984182 -0.27917035673858387 0.8772071852045891 296.531494140625 -0.04172423974202537 0.9572969364924304 0.2860798196310917 47.89031219482422 -0.9196127563676226 0.0751431121305192 -0.38557216059420557 6.81512451171875
-0.08457779678663152 -0.9889932106492023 -0.1214043886377339 296.4512023925781 -0.22076104551185566 -0.10021393968217102 0.9701658245258338 47.866981506347656 -0.9716538257400276 0.10885584772147455 -0.20985530096141847 6.7926025390625
-0.0030098527118119986 -0.6992466251999117 -0.7148741832890511 297.7249755859375 -0.11834170207129441 -0.7096048150435758 0.6945907053926375 48.1491813659668 -0.992968369253282 0.0866900433354782 -0.08061422981689229 6.943878173828125
-0.006657528170231325 -0.8761755308886765 -0.4819461758232019 297.64691162109375 0.0016148971258708178 -0.48196564865363933 0.8761886244554593 48.012489318847656 -0.9999765344376514 0.005054956955587109 0.0046236332295858384 6.9188995361328125
0.156802512492476 -0.9848433786745427 0.07413832717938779 298.35845947265625 0.10098133990336539 0.09066070473475069 0.9907489114848016 48.35019302368164 -0.9824539383947564 -0.14786533095323384 0.11366663026026022 7.0437469482421875
0.38020199322110826 0.11282450394927065 0.9179962285648547 298.69891357421875 0.09656745511930145 0.9822649286371854 -0.160718189951127 48.32080841064453 -0.9198484499973231 0.1497539357679318 0.36256390851756903 7.219757080078125
0.3032169729661138 0.9496562091855818 -0.07881974156604155 299.0311279296875 -0.06479443169691174 -0.06197558943066889 -0.9959722425528712 48.26586151123047 -0.950716124259151 0.3071027689064227 0.04274038375666517 7.130615234375
0.2495453132516648 0.6918407497247199 0.6775570187478438 299.678955078125 -0.06008574785566695 0.7094073287809224 -0.7022328280396335 48.52579116821289 -0.9664972009989236 0.13452739086243248 0.21859904292789706 7.72808837890625
0.24387012650332135 -0.3063925711230019 0.920136377804883 300.2584228515625 0.23036634788572086 0.9399276723191254 0.2519272049036102 49.653282165527344 -0.9420502678525435 0.15053093758223515 0.2998028179813595 7.18609619140625
0.3199542809811303 -0.6675739291362448 0.6722903444341914 301.1607666015625 0.19449711945824572 0.7407592929049378 0.6429980874757104 49.73075485229492 -0.9272540798531397 -0.07497145531849086 0.3668503131839126 7.301422119140625
0.3805307919384952 -0.8756078946048718 0.2975014811598182 301.8654479980469 -0.055852104077452946 0.2993558385811374 0.9525054458518889 49.326908111572266 -0.9230800934137748 -0.3790737353246833 0.06500957106618171 7.273956298828125
0.3739850880805609 0.42384229653968164 0.8249199122080539 302.422607421875 -0.08720067532641707 0.901593628135581 -0.42370387292062434 49.18620681762695 -0.9233261591203792 0.08652535679954348 0.3741419069213175 7.2978515625
0.8232510481747419 0.18081727980318624 0.5381104189697175 302.7017822265625 0.22242667366953173 0.7693788791590042 -0.5988175975573379 49.42731475830078 -0.5222873600993003 0.6126673254129115 0.5931733826225627 7.870399475097656
0.36794907216275785 0.009672944852445409 0.9297956304653444 303.7444763183594 0.587298677164426 0.7728278859264902 -0.2404523290286612 50.04771423339844 -0.7208978735545565 0.6345419551710302 0.2786803958520321 7.5667877197265625
0.7669504533901298 -0.5677591466901806 0.29905944792685 304.3669738769531 0.19843204568838171 0.653028219426256 0.730875412007339 50.13797378540039 -0.6102554590403909 -0.5012022505761636 0.6135018979015388 7.558998107910156
0.8763239372860053 -0.19681917994057663 0.4396800738571991 304.74700927734375 -0.1307801621799653 0.7812426229672245 0.6103740764805405 49.97905349731445 -0.4636301393565081 -0.5923868452850802 0.658881567061528 7.7274169921875
0.972651676417587 -0.1626161972125308 0.1658453760772158 305.3752136230469 0.015234120188984915 0.7571505165440111 0.6530627970411459 49.937950134277344 -0.23176850075910968 -0.6326761159560811 0.7389210339099856 7.813165664672852
0.8576404221549434 -0.5093545358146987 0.07078745037704925 306.4723815917969 0.4790432890614498 0.8413757062694608 0.2502088090071055 50.26228332519531 -0.18700383282456706 -0.18067893553084372 0.9656006880508954 7.818063735961914
0.9442169725286386 -0.3216557283589312 0.070653387765469 307.10809326171875 0.2956118616181973 0.9223819988736228 0.2486464868533715 50.41088104248047 -0.14514797986701708 -0.2138902535595897 0.966013987151707 7.890157699584961
