0.8870593816690376 0.4596671365100101 -0.04279926407816278 0.0 -0.46062688656772277 0.8874562477250224 -0.01562945119797403 0.0 0.030798129226803007 0.03357874307521514 0.9989614323133891 0.0
0.8785953406119547 -0.4602596594387997 0.12740201469460313 0.7872738838195801 0.37212726961506143 0.827005522851549 0.42140617031775385 0.14047867059707642 -0.29931843021070914 -0.32283573387454567 0.8978783694186427 -1.9706158638000488
0.9604415527914587 -0.2511603295844344 0.12029344335652628 0.9925247430801392 0.23121450676415692 0.9599503641345398 0.1582249988458588 0.11104357242584229 -0.1552155776117177 -0.12415227440930213 0.9800481300556918 -1.9618124961853027
0.9525515894136117 -0.2830669729576564 -0.11188636345056303 1.0189192295074463 0.26043271332197376 0.9482286620066717 -0.1817613995896593 0.15248623490333557 0.15754450589391145 0.14399824085601393 0.9769566189411978 -1.7242870330810547
0.9783119299726094 -0.09021372319710114 -0.186459786067091 1.269043207168579 -0.01888419049520213 0.8575823160291122 -0.5139999597115599 0.02664428949356079 0.20627446527044843 0.5063734347110451 0.8372793975706854 -1.8831043243408203
0.9383557128847608 -0.26792486838015606 -0.21841433332088867 1.5215065479278564 0.16470798522436983 0.9020681448707311 -0.3989289931965417 -0.030944272875785828 0.3039076104671632 0.33836271501593324 0.8905901624132087 -1.8673492670059204
0.6496735628998265 -0.6737076103156101 -0.35219641887997 1.5324444770812988 0.22436808538736255 0.6125738242354651 -0.7578999090388827 -0.05899935960769653 0.7263492437723429 0.4133658980423609 0.5491315055676355 -1.8131219148635864
0.3956710972133217 0.6646271418504214 -0.6338100229136061 1.497233510017395 -0.37408163928237925 0.7469182233809654 0.5497054618004357 -0.16284632682800293 0.8387534262116692 0.01959412915039005 0.5441587637087395 -1.8061329126358032
0.09549063824952636 0.9954045099908798 -0.007169344217901441 1.642612338066101 -0.5459667912296869 0.05839498859411235 0.8357692792759573 -0.34477412700653076 0.8323471636769466 -0.07589391804953904 0.5490339810267051 -1.727037787437439
0.25394285836322195 0.728971264876674 -0.6356995514159332 1.9753953218460083 -0.43316159608366006 0.6733635925495441 0.5991264506821807 -0.46582353115081787 0.8648029002984279 0.1232167489137474 0.48675823200286383 -1.6891286373138428
0.2608459139441362 0.5080326122518378 -0.8208911462960374 2.3405117988586426 -0.2617968718218163 0.8556906587355619 0.4463808849592593 -0.5951235294342041 0.9292049327693864 0.0984701043021372 0.35620476060233447 -1.5966697931289673
0.292456204366449 0.24384116521478988 -0.9246679699623339 2.6822667121887207 -0.052953399779853486 0.9695896312017598 0.2389390811855419 -0.7143495082855225 0.9548116599514929 -0.020914904081289362 0.29647472203873576 -1.4986821413040161
0.31824299911593246 0.1384870116910583 -0.9378394004874062 2.9691576957702637 0.02602861957613218 0.9876231286484338 0.1546708334549217 -0.9095908403396606 0.9476517844000811 -0.07363357489324973 0.31069952071379603 -1.501194953918457
0.29977858395952184 0.7791464691363387 -0.5505121072525112 2.9314918518066406 -0.32862799686508926 0.6260714356091065 0.7071337901633545 -1.0270311832427979 0.8956207011205484 -0.031069875228728172 0.44373215184118503 -1.498091697692871
0.34912441407599876 0.8447395151139531 -0.40561964338667555 3.336993932723999 -0.4602354833248036 0.5316258401538334 0.7110255030373489 -1.2562065124511719 0.8162692223677644 -0.06155580952090561 0.5743826589733981 -1.3266304731369019
0.498677899701075 0.5410241189143297 -0.6772099047582647 3.7667672634124756 -0.4032740810001279 0.8363931581992706 0.37123644825225927 -1.3874006271362305 0.7672616033291559 0.08797378967864988 0.6352717878092414 -1.3851412534713745
0.6917106769451349 -0.32970943883517406 -0.6425169455688291 4.454737663269043 0.10755898952306453 0.9268088557081714 -0.3598005124422241 -1.609242558479309 0.7141200201456899 0.17976938260978814 0.6765467950579731 -1.2776762247085571
0.5010304671693386 -0.8488221815714772 0.16872870247919444 5.039207935333252 0.582464745713343 0.18654187893793572 -0.7911617706913014 -1.760312795639038 0.6400806909829143 0.4946746723600702 0.5878721608957956 -1.2076606750488281
0.7051817113603187 0.15723156354698462 -0.6913732634311965 5.445803165435791 -0.47919249443581147 0.8243803535830234 -0.3012832320304502 -1.8014659881591797 0.5225833017226219 0.5437603038572234 0.6566821336916235 -1.1287167072296143
0.6190044665282537 0.4298308879265237 -0.6573270709489825 5.783205032348633 -0.6203498503643913 0.780867317987504 -0.07356830059121872 -1.937323808670044 0.4816632989661447 0.4533118567645223 0.7500058846074155 -1.074913501739502
0.7901528866815216 -0.24552755415111474 -0.56158226095687 6.372110843658447 -0.21600282235665028 0.7459180438039423 -0.6300389294810769 -2.113248109817505 0.573586258903419 0.6191304322033213 0.5363546508765527 -0.9938304424285889
0.5685254604859558 -0.822277458611099 -0.025270176875214045 7.0507612228393555 0.6159836977621602 0.44585197698662155 -0.6494459936810582 -2.341425657272339 0.5452915595078361 0.3536605656235845 0.7599877100666291 -0.925305962562561
-0.26982813794663385 -0.7897977036571723 0.5508287966964959 7.715816974639893 0.8314704341891487 -0.47962069147364694 -0.2803942035414592 -2.5539631843566895 0.48564358643099653 0.3823396129205004 0.7861085976824328 -0.8677741289138794
0.8048375180033391 -0.007037012937741727 -0.5934534944400776 7.903388500213623 -0.1822865955697155 0.948666179090843 -0.2584648481414518 -2.5581302642822266 0.5648080795189001 0.3162008239997088 0.7622393798617842 -0.846981406211853
-0.49647089768381497 0.3464418015802306 -0.795923819137781 8.147773742675781 -0.7268286544447686 0.33539421401517866 0.5993586808273887 -2.755218029022217 0.47459114491426624 0.8760643808094155 0.08529036197590723 -0.775047779083252
-0.17793996843880772 0.49141056696745355 -0.852556756060687 8.722825050354004 -0.8359815044499943 0.3815496789959922 0.3944043187841374 -3.128753185272217 0.5191072065089448 0.7829019715971989 0.3429172072376924 -0.7101099491119385
0.7499475178319215 -0.5760118498588469 -0.32525231639440916 9.68891716003418 0.3072573563865709 0.7387566793989518 -0.5998595548874502 -3.610985279083252 0.5858085330925757 0.34992701734164994 0.7310126162319642 -0.5836999416351318
0.5905117908448002 -0.8003688023254492 0.10346789423484479 10.348987579345703 0.5525959155562814 0.3075654128186371 -0.7746233090659075 -3.583785057067871 0.5881611845266415 0.5146001332120188 0.6239015338291696 -0.4699423313140869
0.6815943504855823 0.03451807613286206 -0.7309156201684454 10.769680976867676 -0.48903273310029083 0.7645309699723483 -0.41992782940595874 -3.47676682472229 0.5443125272695796 0.6436620995314437 0.5379804590170324 -0.4309568405151367
0.5382890846605003 -0.029722638891570063 -0.8422359681660967 11.268006324768066 -0.6527832269534579 0.617380444396888 -0.43899367362700287 -3.60288667678833 0.5330280667503271 0.7861030159041642 0.31292671417248236 -0.3198513984680176
0.7521871968894642 -0.5198870735990552 -0.40488498557019975 11.90020751953125 -0.3526811061069155 0.20140273699429517 -0.9138123302551839 -3.675252914428711 0.5566241624568349 0.8301532197346568 -0.03186178798199735 -0.2951931953430176
0.7808978532103501 -0.5682975999782697 -0.25929978926024055 12.416245460510254 -0.2256098835147157 0.13049449518395573 -0.9654384326238318 -3.7448623180389404 0.5824935392877272 0.8124093946931087 -0.026310684187870415 -0.04049491882324219
0.6329468029600522 -0.49740587534434477 -0.5932670054836822 13.02052116394043 -0.45895614055441736 0.37605826370719075 -0.8049468574663343 -3.6812782287597656 0.6234882562406794 0.7817720751411241 0.00973739490304254 0.012880325317382812
0.4931222685842731 -0.5899710445838848 -0.6393470065456628 13.69453239440918 -0.7920817820739967 -0.000553135424576634 -0.6104147315945805 -3.8137736320495605 0.35977337135032894 0.8074242135295435 -0.46757807976146243 0.11184501647949219
0.10852870295205091 -0.9705424685401163 -0.2151019232726736 14.471966743469238 -0.9385625274957223 -0.028731375943419513 -0.34391116588043424 -3.6632332801818848 0.32760021766840625 0.2392108375397226 -0.9140329712801161 0.0878286361694336
0.3153342748586142 -0.7264524913201444 -0.6105989460801153 15.042139053344727 -0.8799292229215327 0.017121834197182162 -0.4747961725229384 -3.951749801635742 0.3553714363143156 0.687003362909149 -0.6338276750059284 0.1590580940246582
-0.26748655990917525 -0.38376001830855944 -0.8838434186074868 15.312970161437988 -0.8862326920788157 0.45802149589156105 0.0693392009760126 -4.136687755584717 0.3782096716884568 0.8018382365845813 -0.46261526843829837 0.2764139175415039
0.244068217707387 -0.5071674548714507 -0.826566317862248 15.897499084472656 -0.8791598001170298 0.24400547683696164 -0.409315737703489 -4.4026947021484375 0.4092783294572582 0.8265848413761179 -0.386327256408209 0.24900579452514648
-0.07972286790368216 -0.1645065414025611 -0.9831489521781426 16.497392654418945 -0.9163497725486607 0.40031170355393925 0.007323547484731019 -4.4818243980407715 0.392361260426192 0.9014921729186065 -0.18265952885973247 0.4326353073120117
0.23390955827213133 0.4240995396295162 -0.8748862206224126 17.24890899658203 -0.8192525772210693 0.5705394053960333 0.057532613420361256 -4.526734828948975 0.5235566189683523 0.7032953628287144 0.48089926113278075 0.6653356552124023
0.5281728233581413 0.5783106995169522 -0.6217637843185327 18.045597076416016 -0.703743090499245 0.7078666879334601 0.06058394745049864 -4.589462757110596 0.47516221571213013 0.40556317256171925 0.7808581060738322 0.6876749992370605
0.7648272043020904 0.4410869937276462 -0.4695546949224933 18.942272186279297 -0.3753452770110805 0.897463851496114 0.23167770346590577 -4.822080135345459 0.5235983867287252 -0.0009482732034207658 0.8519646883486474 0.7980999946594238
0.8256471682705797 0.3580265540949134 -0.43603181086899545 19.7276554107666 -0.08448786536079134 0.84259693203641 0.5318761234814049 -4.91565465927124 0.5578248418039037 -0.4023026182934333 0.7259366702272989 1.0046091079711914
0.8149099180442121 0.24410302560022606 -0.5256762676457739 20.464481353759766 0.09612610990138182 0.837499266888666 0.5379170465380091 -4.993719577789307 0.5715606673559713 -0.4888851509851394 0.6590217846762233 1.171706199645996
0.7677088492891578 0.4562723572269458 -0.4499318378973458 21.275999069213867 0.003498170971557746 0.6991475212800247 0.7149688848389497 -5.224472999572754 0.6407892676402835 -0.5504618783517745 0.5351456203300792 1.3118648529052734
0.7134182240249591 0.6916280977016162 0.11262775900601557 21.839231491088867 -0.12167474745282325 -0.0360198221268877 0.9919162405396129 -5.599523067474365 0.6900939743696977 -0.721355076840519 0.05845647658766151 1.562230110168457
0.5865662640741007 0.42656495232966674 0.6884637675972076 22.350284576416016 -0.5240424032389965 -0.44823288168695036 0.7242008308350039 -5.742954254150391 0.6175107913693896 -0.7855759830968625 -0.03938016408991635 1.5435476303100586
0.43916850176506605 0.6734432946816374 0.5946470851738602 22.922115325927734 -0.6743232689849353 -0.19027533138754255 0.7135008249265248 -6.0473432540893555 0.5936490174866776 -0.7143314546579212 0.3705555517373884 1.687145709991455
0.6749388908328082 0.6403387946458092 -0.3666384073074328 23.901330947875977 -0.2949245489351383 0.6895794505994886 0.6614375947482218 -5.9707231521606445 0.6763704636342306 -0.3382992896570432 0.6542756197053015 1.9146900177001953
0.7462351975782663 0.04537991341913072 -0.6641337917569007 24.81696319580078 0.06377092526184341 0.9882118410478135 0.13917839740469687 -5.911771774291992 0.6626207806781904 -0.14621224528391438 0.7345445393864569 2.020998001098633
0.7747898420880468 0.11171423498849647 -0.6222705442957385 25.778623580932617 0.0395171054256015 0.9737824039042616 0.2240228296964832 -5.826609134674072 0.6309826455426183 -0.19816094354683675 0.7500620917475206 2.1656150817871094
0.7552978264124962 0.5203227343179695 -0.3984839338899757 26.55525016784668 -0.1945700563841734 0.7586293025074659 0.6217910215946315 -5.9586944580078125 0.6258335933578656 -0.3921043656080708 0.6742302869909316 2.3026514053344727
0.6035390075013791 -0.2601304123031171 -0.7537060667257898 27.626386642456055 0.534515042352409 0.8334194572574697 0.14037691321462806 -5.933225631713867 0.5916369967499098 -0.48759017305486685 0.6420447704148615 2.44024658203125
0.7341843536487026 0.3362726899560538 -0.589825408783952 28.426803588867188 0.3234938060406248 0.5905291192441013 0.7393423542433749 -5.946427822113037 0.5969297214168406 -0.7336184548622705 0.32477510738156545 2.5989151000976562
0.8383066688800257 0.5440095325340373 0.03599385257753851 29.308879852294922 0.0198106623093377 -0.09637079798344544 0.9951483341466737 -5.883712291717529 0.5448389363565537 -0.8335264229813789 -0.0915654717769046 2.7589359283447266
0.6941224727836485 0.26085589272443477 -0.6709308429396068 30.24582290649414 0.48104357756731075 0.5252900848402633 0.701902702124555 -6.1266069412231445 0.5355287753780893 -0.8099534122401406 0.23913260075237935 2.925485610961914
0.7290757318628996 -0.2175557679128651 -0.6489361024449334 31.257308959960938 0.44574653154639643 0.8704226299040962 0.20898438928588486 -6.144192218780518 0.5193829096369411 -0.4416264634265937 0.7315787448924311 3.0559539794921875
0.7748490670399564 -0.3814420495315084 -0.5040941243027052 32.171783447265625 0.43855875645318076 0.8986830927537381 -0.005908970876163808 -5.948459148406982 0.4552747966289684 -0.21649633171898774 0.8636285068863077 3.1666994094848633
0.8920499002137593 0.18066450425955216 -0.41425512963543676 32.98563003540039 0.04126330625790679 0.8802340278743161 0.4727424200649059 -5.914454460144043 0.45004923629008464 -0.4388033649287663 0.7777578619608443 3.2984800338745117
0.7392078139761109 -0.3703079111936723 -0.5625334289302627 34.12340545654297 0.5320253609961888 0.8332246057512188 0.15061796581949052 -5.980554580688477 0.4129416702314439 -0.4106200278580011 0.8129393395010234 3.4379005432128906
0.8109633081890376 -0.457404741739029 -0.3648553343528694 35.014766693115234 0.4458327946862958 0.8869095885862337 -0.12093180250043763 -6.079662322998047 0.378908474375144 -0.06459321874972439 0.9231771683367451 3.5497312545776367
0.9116238823301286 -0.2558517278083897 -0.3216858569207006 35.975894927978516 0.1922793921721308 0.957184586519514 -0.21639386006858674 -6.136020183563232 0.3632774869314912 0.13541624978904426 0.9217873435786649 3.7402963638305664
0.954027243127871 0.06305242617358964 -0.2930126463541426 37.294837951660156 -0.10698669707239894 0.9848581272427018 -0.13641230096122817 -6.026973724365234 0.27997475961124163 0.16148950664864256 0.9463272548241466 3.9301443099975586
0.9713756806181181 -0.0909749337957418 -0.21943757318323617 38.51143264770508 0.15321265909893717 0.9458786707012672 0.28607590147413037 -5.978863716125488 0.1815355838273053 -0.3115077875964964 0.9327420490527997 4.081651210784912
0.9806731277301943 -0.05394802444954149 -0.1880686768334112 39.72093963623047 0.1280935087333056 0.9036216352130583 0.40872973147945757 -6.1223578453063965 0.14789276374545493 -0.4249206408647038 0.8930678470300344 4.2008867263793945
0.8908642373197785 -0.33779885414266075 -0.30373153409640324 40.37950134277344 0.387151219635544 0.9143525928769255 0.1186308098006324 -6.051178455352783 0.2376443641228631 -0.22327397976286545 0.9453432636674847 4.289361000061035
0.8150803301426237 -0.5741860442325742 -0.07716503109012343 41.266605377197266 0.5493825487520209 0.8083167379574848 -0.2116668756903263 -6.012914180755615 0.18390995226285298 0.13013238546310793 0.9742908660725277 4.504760265350342
0.7019398219979665 -0.7122277270296842 0.0034858490490720373 42.25658416748047 0.6785848753905055 0.6672802994704834 -0.30701721259537584 -5.962820053100586 0.21634013308842015 0.2178730520021046 0.9516975780291621 4.628841400146484
0.8674387397917596 -0.1353729022411712 -0.47877365220664164 43.10612106323242 0.36817905399619194 0.8218887756370493 0.4346757696033921 -5.920878887176514 0.33465537035426934 -0.5533290321505229 0.7627796308714677 4.688044548034668
0.8806925226285466 0.1744417262526931 -0.4403984159010424 44.25865936279297 0.34663052714609516 0.3963224695414078 0.8501622067505824 -5.940388202667236 0.32284355071239573 -0.901387033564706 0.28857140794755193 4.8441925048828125
0.6150796166405414 -0.05128820978145848 -0.7867951351722617 45.36570739746094 0.6955616466784964 0.5052257508304969 0.5108237821085262 -6.056764602661133 0.37130992561904813 -0.8614618158892324 0.3464281727885352 4.97979736328125
0.8361806439959152 -0.03979601823671888 -0.5470084163329476 46.24615478515625 0.3286110213643336 0.8348729803253654 0.441590198442551 -6.204622745513916 0.43910901521657014 -0.5490021709020328 0.7111820365422549 5.0327606201171875
0.6176078180188537 -0.7638479418759428 0.18734167932917817 47.30086898803711 0.5616982347144369 0.2616613169645412 -0.7848747978646449 -6.1592254638671875 0.5505049284435841 0.5899743018948096 0.590656115572383 5.094106674194336
0.6888091818581878 -0.7183956558556434 0.09720901519711925 48.22739791870117 0.5262357043635754 0.4032622332545726 -0.7486357957535201 -5.868185043334961 0.4986159789264937 0.5668220645654811 0.6558161729333151 5.176491737365723
0.7648775103900719 -0.24339197147508115 -0.5964249678886344 48.77189636230469 0.19062316072671495 0.969925799527374 -0.15134977372213365 -5.489595413208008 0.6153252836460097 0.0020716256074253397 0.7882705777036842 5.284479141235352
0.8191175190604187 0.5207373148780079 0.2405808364395371 49.75852966308594 -0.3391288534854593 0.10135591909484531 0.9352639191148547 -5.4643707275390625 0.46264253014821577 -0.8476789643243968 0.2596194575527335 5.254030227661133
0.6729400659156801 0.2959348800620226 0.677919032368967 50.892051696777344 -0.630603045614871 -0.24952701247632314 0.734898679346949 -5.559726715087891 0.3866412633781464 -0.922040572213239 0.018700712447223378 5.303373336791992
0.8808066977593303 0.017510304032018642 -0.4731521430100576 51.61370086669922 -0.17347279746627636 0.9417629069098951 -0.2880795301784709 -5.544166564941406 0.44055277745297217 0.3358214055436767 0.8325486375324516 5.513907432556152
0.9319898443472376 -0.3429924680290639 -0.11726507113775603 53.1534538269043 0.11007885131395087 0.5760325965482733 -0.8099809221254874 -5.312971115112305 0.34536585894817756 0.7419855892058722 0.5746127468859368 5.607809066772461
0.8261559690470867 -0.36506211390029053 -0.4291805771496665 54.09135818481445 -0.19438161659103015 0.5302827309714192 -0.8252369431653865 -5.083449840545654 0.5288497914713849 0.765199240870079 0.36713487961855107 5.6854753494262695
0.8890342943713618 -0.2919356589136239 -0.35269192574580316 55.381492614746094 0.22549352460098343 0.9496251164905208 -0.21763457559264468 -4.850093841552734 0.3984604042996501 0.11395485590808815 0.910078896041616 5.798562049865723
0.8783349466113151 -0.01863783252796733 -0.47768227176645117 56.34983444213867 0.3039027697358372 0.7931032855618462 0.5278544164614818 -4.878747940063477 0.36901331697946216 -0.608801946144774 0.7022744209083447 5.936185836791992
0.9457299820266039 0.3201252604601895 -0.05580876912506724 57.55398941040039 0.11843739182490216 -0.17964305611591053 0.9765761396875567 -4.687872886657715 0.30260103323299115 -0.9301871800904544 -0.2078086251378765 6.089849472045898
0.95099182126636 0.12882501987943956 -0.2811025971732631 58.65203094482422 0.14226999322595857 0.624852630067471 0.7676707886361509 -4.400678634643555 0.27454290176942747 -0.7700411060137156 0.5759018059853576 6.161766052246094
0.9443929313978474 0.005958899369363849 -0.32876508732541304 59.63515853881836 -0.04405241450114758 0.9931152785294736 -0.1085422882011673 -3.9722299575805664 0.32585483869723303 0.11698946563529546 0.9381535530114291 6.260100364685059
0.9065058867043424 -0.38327422655446397 -0.1770535078145911 60.75322341918945 0.19139564257200448 0.7468671311322209 -0.6368337274664208 -3.8587937355041504 0.3763173997768686 0.5434062529023781 0.7503964678300219 6.341494560241699
0.8033288048772913 -0.5920044396720678 0.06475781545870721 61.561527252197266 0.42007335693089454 0.486206204614509 -0.7662518524552901 -3.6485252380371094 0.4221388468871732 0.6427552177951692 0.639268741567936 6.363710403442383
0.8011428029997779 -0.5385529389422805 -0.26101904366978984 62.57854080200195 0.42365509488559383 0.8183973002682053 -0.3882553534610844 -3.492732524871826 0.4227133423244857 0.20046593443861085 0.8838138035528281 6.501093864440918
0.8687811182771159 -0.19790136117407056 -0.45393217529782387 63.5229377746582 0.296182740605757 0.9422973128524017 0.15604985856579975 -3.5735366344451904 0.39685658957919173 -0.27002004636062366 0.8772650807315767 6.566188812255859
0.9043511787842442 -0.06900211608386592 -0.42117413667923237 64.74745178222656 0.14158331680111985 0.9794641496671053 0.1435414362492174 -3.6792004108428955 0.40262030479738814 -0.18944309829825712 0.8955491067898036 6.670055389404297
0.8423804105823667 -0.45904323166817385 -0.28226681584402147 65.74503326416016 0.27599415631752755 0.8173989713204952 -0.5056541776380103 -3.5021448135375977 0.4628417327182799 0.3480491820760905 0.8152541305080919 6.775514602661133
0.7878692625200551 -0.5959574137468432 -0.15523139558825896 66.93075561523438 0.4134311404897878 0.698658695827103 -0.5839098550448388 -3.125674247741699 0.45643917146693047 0.3958671339544941 0.796839064683225 6.935976028442383
0.7755843251512684 -0.5395502429338999 -0.32764995029699173 67.80963134765625 0.33456102142292404 0.7915074729378875 -0.5114536569699437 -2.853048801422119 0.5352923290353611 0.2870565373466503 0.7943932696356697 6.943643569946289
0.8137391772254776 -0.5043135027667497 -0.2889575096368573 69.05438232421875 0.3303504259869298 0.8103376475392299 -0.48396435099172425 -2.708142042160034 0.4782229056607984 0.29836351638180975 0.8260036710533584 7.11821174621582
0.7987138903746959 -0.554847020282429 -0.2328108790547126 70.11519622802734 0.3923684701464356 0.7736038224669811 -0.4975782446002047 -2.400723934173584 0.45618319232240895 0.30607500706229707 0.8355925951648631 7.278378486633301
0.7758754776916906 -0.5263273715183976 -0.34784585825797204 71.43081665039062 0.4649622178444874 0.8497113970321813 -0.2485974210058376 -2.044827938079834 0.42641221733649465 0.03114546105218069 0.9039925780458713 7.4024200439453125
0.774785003763998 -0.3966560209069268 -0.492313110754432 72.31979370117188 0.4359724135715775 0.8991437919960584 -0.03832095927195084 -1.9140944480895996 0.4578605164752639 -0.18494443055478263 0.8695742090585323 7.449176788330078
0.8052791707276233 -0.3419172574116136 -0.48437387034846524 72.94983673095703 0.3745023930242858 0.9266897145209761 -0.03152983698205886 -2.08474063873291 0.45964487902218043 -0.15600885258584588 0.8742927559482196 7.571798324584961
0.6761126545592318 -0.7238426373258978 -0.13756276652480337 74.18379211425781 0.5381575510634288 0.6126714656036378 -0.5788092306351924 -1.7518482208251953 0.5032475817907939 0.31730980385764823 0.8037763120405694 7.673496246337891
0.7903450822184699 -0.5874801287997343 -0.1738440372245402 75.0103759765625 0.3257260212734703 0.6432481405676935 -0.6929173029457117 -1.7891712188720703 0.5189000000755777 0.4910182561999625 0.699745569475015 7.809490203857422
0.8970512836682851 -0.08787352469150982 -0.4331018796165315 76.1653823852539 0.034053349976952446 0.9908623558828805 -0.13050732182362448 -1.1551084518432617 0.4406124871408312 0.10232319068773467 0.8918467361733475 7.955078125
0.895375414798629 -0.15920446067657112 -0.4158807596834277 77.22753143310547 0.21979319591932384 0.9702211437120685 0.10179333633207746 -1.0506222248077393 0.38729035309668197 -0.1825510120342471 0.9037042162143095 8.072074890136719
0.917645244635252 -0.1457312648613517 -0.3697155710004913 78.78291320800781 0.11754445106889713 0.9882413228316034 -0.0977874729756038 -0.6802210807800293 0.3796188970812971 0.046276195716084434 0.9239848519801752 8.221576690673828
0.8877711452379825 -0.380200543422466 -0.25944159355065394 80.06730651855469 0.2872863784449323 0.8980797511603147 -0.3330454883583061 -0.10170340538024902 0.3596233174348353 0.22113413878704707 0.9065157264052703 8.31837272644043
0.8758149044965898 -0.4546818896939809 -0.1619031569980634 80.9929428100586 0.267530068308481 0.7365334964090174 -0.621245580441718 0.31623291969299316 0.40171621278271613 0.5007821760524412 0.766708090824463 8.481637954711914
0.8338612448167466 -0.5516451268555285 0.01905461648037221 82.0120620727539 0.33057358305712936 0.4714509438158666 -0.8175910431015619 0.6012730598449707 0.442036797763984 0.6880564377953867 0.5754839770409652 8.583420753479004
0.8708716998806758 -0.42775016676459465 -0.24209972569130178 82.95622253417969 0.2663853074504604 0.8247087594109799 -0.49889310490858263 1.137488603591919 0.41306337325096465 0.36998007646853615 0.8321618789002956 8.770159721374512
0.8667610473449423 -0.2745025738968465 -0.41638158428238026 83.75493621826172 0.37027358010186584 0.9135040685780443 0.1685461140753669 1.594041109085083 0.3340999291889265 -0.3002643062626089 0.8934307940185341 8.864814758300781
0.8208356590236969 -0.4073142401346098 -0.40040470858707256 85.1064453125 0.4480973895908348 0.8939369613093873 0.009243302808990661 1.7683734893798828 0.3541716396283202 -0.18700753725051958 0.9162917825095251 8.983488082885742
0.7603114616735115 -0.6114218581942864 -0.21929384982286868 86.47181701660156 0.5508295299275848 0.7858200281239927 -0.28120048427939104 2.5044403076171875 0.34425762185846365 0.09300642301182195 0.9342571889318817 9.075958251953125
0.7826970109087688 -0.5736834991689006 -0.24139724914713714 87.4947280883789 0.5056628148998779 0.812250555471122 -0.2907819677428188 2.8696985244750977 0.3628918664588816 0.10552856446564574 0.9258364949275921 9.257574081420898
0.7658232368198125 -0.5899285913384814 -0.25592777705481784 88.65980529785156 0.5309585827080451 0.8046106983735901 -0.26586576972492676 3.3718481063842773 0.3627640464482246 0.06771913454968768 0.9294172181643462 9.376981735229492
0.8045485631309246 -0.5388300068564138 -0.24972751805734586 89.79139709472656 0.5112074319244384 0.8423601066156503 -0.17057670511441841 3.92391300201416 0.3022723459219941 0.009574679816453172 0.9531735174653286 9.561769485473633
0.6145409203110961 -0.7838493717141312 -0.08899224531695447 90.95035552978516 0.7134134192393257 0.600351016046468 -0.3614138220672083 4.353906631469727 0.3367205822524741 0.15861532080897955 0.9281489263540735 9.691937446594238
0.5210495666969407 -0.7352336273615248 0.433519160178353 92.0901870727539 0.8001581627235306 0.2439877930191966 -0.5479204974122843 4.504398345947266 0.2970761916947129 0.6323776324748019 0.71543292227415 9.6990966796875
0.3984413064709737 -0.8239698629290875 0.4028873171028404 93.29829406738281 0.8809549833669592 0.2215474950669673 -0.41813278358731115 4.924320220947266 0.25527013648020935 0.5215269623079647 0.8141540302714239 9.874776840209961
0.3083834452672657 -0.9412332924973073 0.13776625051067368 94.41312408447266 0.863289391989972 0.21608595787074925 -0.4561121402557328 5.385082244873047 0.3995385793170365 0.25958957588038684 0.8791940489627788 10.048184394836426
0.487777008894752 -0.863126040853911 -0.13071735612971133 95.39949798583984 0.7297689587507825 0.4853407812929606 -0.4815408527401774 5.832355499267578 0.47907291348758974 0.13949108793679738 0.8666206666983662 10.054645538330078
0.6046573940837003 -0.6751753883278185 -0.42252530193621296 96.36418914794922 0.625646720983836 0.7309155380479956 -0.2726328240733 6.267119407653809 0.4929052812681991 -0.09950211674325542 0.8643747523276746 10.316871643066406
0.8113800794894148 -0.2255590061076564 -0.5392453072317617 97.45906066894531 0.4433693188743338 0.8386707096534758 0.31631485556363703 6.66973876953125 0.3809015800553473 -0.49573639722443363 0.7804866499680044 10.471698760986328
0.8103236102471558 -0.41854317971599464 -0.4101185845450561 98.4291763305664 0.37262024482229217 0.9081954109764356 -0.19061807005086984 7.1118950843811035 0.45224970959038857 0.0016438353226153612 0.8918898463267992 10.58786392211914
0.7735214658143942 -0.6232881519687464 -0.11478859498981642 99.3547592163086 0.24168884374157884 0.45753746984982774 -0.8557137176031928 7.670257568359375 0.585876304978457 0.6341698063600971 0.5045568471103997 10.705326080322266
0.6857590731406951 -0.7174480071752746 -0.12248612413429516 100.5886459350586 0.46409124828699844 0.5606693214465432 -0.6857617846250171 8.415425300598145 0.5606726378811707 0.4134226275724394 0.7174454154445965 10.85494613647461
0.6466554007431108 -0.7438818195635095 -0.16875020359291085 101.74299621582031 0.5067476760288501 0.5843087617761864 -0.6338691219415402 8.952086448669434 0.5701259383058502 0.32438111756768767 0.7548067998080116 10.944494247436523
0.5123671503901905 -0.8109505256210202 -0.2825582208962028 103.03572845458984 0.6360778214563477 0.5794306193257992 -0.5095735103388594 9.438810348510742 0.5769617909813292 0.08135970982440949 0.8127088589186815 11.151599884033203
0.6437730622306969 -0.6547528866989141 -0.3960491152692432 104.25353240966797 0.5811797396526628 0.755043246594817 -0.30354539362148325 9.874408721923828 0.49778143252171864 -0.03476137412412164 0.8666056152054569 11.336015701293945
0.7236856989073127 -0.6094864733929906 -0.32373638650607345 105.10786437988281 0.4721915991289322 0.7793966048564567 -0.41179609766277553 10.523780822753906 0.5033031918328118 0.1451453447038648 0.8518325692304212 11.47502326965332
0.7488718106218395 -0.6200001267707729 -0.23407446263997578 106.18334197998047 0.45326737503803893 0.7368535252920215 -0.501593031242307 11.049756050109863 0.48346633593466826 0.269530564257462 0.832834663633161 11.544279098510742
0.7951273629768172 -0.5514797125400528 -0.2522748566589107 107.19440460205078 0.35608912752239325 0.7612942834566427 -0.5418777973275689 11.711751937866211 0.4908900181363173 0.34102953044124773 0.8017018457388935 11.743793487548828
0.8018198526151524 -0.5257777509566345 -0.28397654929799776 108.25849914550781 0.305197747922682 0.7688870663363945 -0.5618425169774317 12.326498985290527 0.5137501908662788 0.3638274808471672 0.7769750997073626 11.880104064941406
0.7955507849674786 -0.4993440413158333 -0.34315372202556726 109.33480072021484 0.4042465583241489 0.8593274591886754 -0.31327470049050565 13.099039077758789 0.4513132710443041 0.11050722278071626 0.8854967448232567 12.105636596679688
0.864598649505078 -0.3015140149772077 -0.4019433716909875 110.43490600585938 0.41571204119381416 0.8785670145286363 0.2351669615160932 13.762185096740723 0.28222805331941714 -0.3704177368250112 0.8849508608758845 12.18038558959961
0.7934223529017405 -0.404431604121089 -0.45488025622564476 111.58614349365234 0.5507859887653286 0.7951380447291534 0.2537524076813811 14.400301933288574 0.25906710423298607 -0.45187450405211094 0.8536355592944763 12.35464859008789
0.7295490472997008 -0.6480762978465419 -0.21852986009609598 112.73322296142578 0.5500705025761908 0.7458790923484144 -0.3756152576681122 15.089109420776367 0.4064241993037271 0.15382292341203874 0.9006430360877157 12.533660888671875
0.5761329800328505 -0.7754247766046041 0.2584322060931398 113.8172378540039 0.6629669079085978 0.25840335779918655 -0.7026397253900597 15.858709335327148 0.47806450227618863 0.5761459194560051 0.6629556630406099 12.602962493896484
0.49440765452066804 -0.8238933922195897 0.2770573034739735 114.84580993652344 0.7589252537000015 0.2537549211832635 -0.5997006747300393 16.717615127563477 0.4237847690134231 0.5067623883361643 0.7507318771173012 12.705384254455566
0.6614620010865696 -0.7294867589028677 0.17411803382745947 115.99702453613281 0.5888197921603071 0.3613436687871179 -0.7229951627692668 17.31517219543457 0.46449894884579 0.5807579716309152 0.6685513479967722 12.909564971923828
0.6076704664396887 -0.7499043851290305 0.26149573109559987 117.06002044677734 0.6775520145142503 0.3177465161038292 -0.6632951221979252 18.09423828125 0.4143185632392695 0.5802418156838839 0.7011844004876446 12.976926803588867
0.6018761520194659 -0.761542941199388 -0.24041099463133214 118.15940856933594 0.761009542780993 0.6382083845896556 -0.11642393927249929 18.94014549255371 0.24209414166085286 -0.11288226853163395 0.96366385219362 13.158287048339844
0.6931802278577256 -0.5118344114363663 -0.5074708927383913 119.23138427734375 0.7047476673126868 0.6289107912943963 0.32833206058924946 19.607206344604492 0.15110227372358756 -0.5852322204587205 0.7966626331217734 13.360591888427734
0.48330752058471727 -0.6879928842606957 -0.5413682958512648 120.32720947265625 0.8226386810456814 0.5684374652316393 0.012018675819360308 20.30888557434082 0.2994652584085091 -0.4511592172699991 0.8406996608055977 13.64828109741211
0.6243335430409008 -0.7240164094276124 -0.29327097693693394 121.3680419921875 0.7573401632550442 0.6530205683325324 0.00012023094158651604 21.14560890197754 0.19142493086016404 -0.22218095376112773 0.9560293508208715 13.478462219238281
0.6141318491294461 -0.7774911861431879 -0.13546042726385515 122.34606170654297 0.7568737662705238 0.6288572515506761 -0.17799061521215753 21.804584503173828 0.22357140652668428 0.006783261884121608 0.9746639490316094 13.722936630249023
0.6168718492619919 -0.7203160650198737 -0.31719692316032233 123.3014907836914 0.7693425683747792 0.6368847773955515 0.04989782368317269 22.579227447509766 0.1660756877889973 -0.2748136583143274 0.94704610190281 13.84427261352539
0.663900651524296 -0.6858588000713308 -0.29804971274995323 124.37935638427734 0.7338572350799206 0.6741825277569425 0.0832554970444215 23.241558074951172 0.1438383934367649 -0.2739993168458158 0.9509126620997097 13.999078750610352
0.6066532785507768 -0.7707363532764405 -0.19477493001340723 125.29686737060547 0.7740441370913481 0.6285242841121643 -0.07624236431146222 24.127180099487305 0.1811835352842639 -0.10451171235524423 0.9778802731022191 14.042221069335938
0.5744910232884906 -0.7990385850271645 -0.17747507937378104 126.41605377197266 0.7897983122928512 0.5980765911296182 -0.13609929111549138 24.669755935668945 0.21489227547845174 -0.06198169714167529 0.974668958754269 14.067951202392578
0.5511435516669714 -0.7901866181599502 -0.26804084378478094 127.40686798095703 0.8100876748869896 0.5837141242207344 -0.05509791449240127 25.370227813720703 0.19999686110563675 -0.18676972363357486 0.9618307158131989 14.114500045776367
0.6235737700001509 -0.7378610205685423 -0.2582960853233136 128.1796417236328 0.7692784835507769 0.6379692956440489 0.0347245239168764 26.003149032592773 0.13916309896526632 -0.22035492311492771 0.965441525803297 14.30546760559082
0.5774816498941449 -0.8131208709951127 -0.07313954599042799 128.9239501953125 0.7939212949540294 0.5802001580612083 -0.1818151643957851 26.844799041748047 0.19027328097779167 0.04692787804598278 0.9806089194006181 14.368677139282227
0.6749665706490819 -0.735401560034067 0.060038937412968715 129.95245361328125 0.7015543784601398 0.614431409976739 -0.3609646748608559 27.600292205810547 0.22856417604170765 0.28575966813645526 0.9306448460593967 14.473164558410645
0.7749007654639786 -0.6305831577580573 0.043516489233589986 130.79074096679688 0.5838073558507529 0.6876306432332644 -0.4316631438299536 28.2141170501709 0.2422762368411157 0.3599013470917884 0.9009845977726942 14.51541805267334
0.8634422142075621 -0.504398822098314 -0.007026449329229897 131.3752899169922 0.4682230858729533 0.8065432880710943 -0.3609086675643537 28.771747589111328 0.18770904234999392 0.30833383326080444 0.9325746954999085 14.598821640014648
0.921680898267028 -0.3876711544104114 -0.014676437162456972 132.19232177734375 0.3636491026403044 0.8765100573385342 -0.3154194818544047 29.516265869140625 0.13514307943282142 0.28537903816240395 0.9488388444087413 14.677242279052734
0.9361298070119837 -0.35041297253726744 0.029525126609424995 133.38099670410156 0.32915299202042037 0.8435834944735916 -0.4242937610850871 30.409204483032227 0.12377112857088857 0.4069123204442452 0.905043132233469 14.834190368652344
0.9132646032793358 -0.4027702685424655 0.06102356245965507 134.23037719726562 0.3955282452973447 0.8408670093702741 -0.3694591719320209 31.25545883178711 0.09749446942796669 0.3615505266638693 0.9272410932977668 14.8866548538208
0.8646100566214894 -0.49766953645364936 0.06909763002444107 135.04965209960938 0.502069635463437 0.8504537029772592 -0.15701777045251664 32.57188034057617 0.019378625714850935 0.170450965319289 0.9851755870336648 15.022628784179688
0.8834767183848362 -0.4669868171760896 0.03731220518417578 136.09547424316406 0.4572096723027713 0.8768539864151018 0.1486149456169754 33.292266845703125 -0.10211857629615179 -0.11423834335147559 0.9881909720714701 15.094931602478027
0.9091083142770395 -0.4085141820222372 0.08147537050583292 136.89112854003906 0.3922321976998 0.905344528644252 0.16280413858837547 33.98347473144531 -0.14027108041198422 -0.11604933235749518 0.9832886536818346 15.18173599243164
0.8612984913440422 -0.49613476446005267 0.10961388736216249 137.94705200195312 0.4930679207183949 0.8682226833349187 0.055438233207347 34.5971565246582 -0.12267409819075681 0.006298224899254641 0.9924270240154703 15.311715126037598
0.8769913175159112 -0.4645834527555623 0.12267210125952195 138.86148071289062 0.463800628841011 0.8851825166626188 0.03661814961894193 35.38458251953125 -0.12559938570068307 0.024781598426103817 0.991771479067158 15.411772727966309
0.9225424772223185 -0.35398185827779055 0.1536626881539902 139.8346405029297 0.3858750408826613 0.8503085178507961 -0.3578769024318098 35.78402328491211 -0.003978761655676899 0.3894512401836524 0.9210384904959742 15.522798538208008
0.9461291277244988 -0.3103974154026865 0.09215811512075889 140.78541564941406 0.31614769207813564 0.824118498154424 -0.4699780184150795 36.66954040527344 0.0699307547860546 0.47379546801444666 0.8778539423070468 15.560125350952148
0.9588963466187584 -0.24616355020335706 0.14114284605490007 141.84963989257812 0.28168571229498324 0.7658033300060327 -0.5780989701085267 37.750205993652344 0.03421923333544799 0.5940949135474488 0.8036667703513587 15.757354736328125
0.9415659319143791 -0.29997665377199045 0.15319139352446093 142.56248474121094 0.3132834500041386 0.9469892043717879 -0.0711682988190138 38.63920593261719 -0.12372176773596187 0.11500197387457052 0.9856304937415651 15.88216781616211
0.9093940233520842 -0.3946730666828257 0.13128473150630537 143.54833984375 0.3252174202214602 0.8714723769749715 0.36710969171909824 39.310516357421875 -0.25929932486608415 -0.2911512778690264 0.9208663277149545 15.954107284545898
0.8978489955638057 -0.4285393404114944 0.10110002415799269 144.50811767578125 0.3566806934938164 0.8425233845238045 0.40364988470123947 39.864044189453125 -0.2581589898760753 -0.32635621680953936 0.9093104836610703 16.042041778564453
0.8578982993562255 -0.5057744091237708 0.09056906225194221 145.08372497558594 0.4786449046874373 0.8507520383329858 0.2170714732271918 40.70920181274414 -0.1868410104298563 -0.14287482755114686 0.9719450707081033 16.128061294555664
0.8992208535976401 -0.4215070591197873 0.11719068037740737 146.1381378173828 0.4206466389854207 0.9066167535376196 0.03320342324484687 40.9820442199707 -0.12024251147327486 0.019438655228576185 0.9925542187293871 16.317691802978516
0.906036851170011 -0.3998898169211256 0.13851122208947694 147.07606506347656 0.418160390619557 0.8962952831579355 -0.14763689615315026 41.401397705078125 -0.06510846364975295 0.19168437524124202 0.9792946381194702 16.26996421813965
0.863735928744397 -0.48361420691296475 0.14169525139537437 148.20359802246094 0.5005614661050621 0.8558517930560005 -0.1302149260783107 41.63332748413086 -0.058296346770659334 0.18339849289122662 0.9813085797843724 16.30544090270996
0.8658558686466451 -0.488019765763288 0.11013774536692388 148.94287109375 0.4809019169895641 0.8725736412478524 0.08572389885689298 42.48181915283203 -0.13793825055410225 -0.02125908802865005 0.9902126489851885 16.378280639648438
0.9346340071636604 -0.3440214786215871 0.09004718152288702 149.82652282714844 0.29214831180024486 0.8871865864138239 0.35714048328305453 42.604042053222656 -0.2027526487261407 -0.30748850894692586 0.9297000485641219 16.36943817138672
0.9225432912445792 -0.38564708685672205 0.013791308079500686 150.79086303710938 0.32529751158309267 0.7964072345359555 0.5098206015223782 43.10037612915039 -0.20759432732487534 -0.4658452974730085 0.8601701890235542 16.40937042236328
0.9548322525822848 -0.27631445267112 0.10929635251782016 151.7564697265625 0.2700795509378636 0.9603957832894857 0.06853448478669298 43.25782012939453 -0.12390482473996789 -0.03592022668128507 0.9916437524238849 16.50067901611328
0.983310354410925 -0.1381769419322067 0.11835488847751349 152.66920471191406 0.17578641856869248 0.8892679046427754 -0.42225789373206524 43.838050842285156 -0.046902899217996306 0.43601574110404684 0.898715968231585 16.609546661376953
0.9853598387694442 -0.13222936579511185 0.10761683400693955 153.56234741210938 0.16894252708617413 0.842102502910872 -0.5121736005818555 44.11271667480469 -0.022900014890649967 0.5228563563854486 0.8521131497080306 16.659828186035156
0.9471375997161964 -0.2985911891407748 0.1173612754333387 154.4627685546875 0.3074866937723108 0.9492278569376289 -0.0664711122711911 44.63594436645508 -0.09155490351048999 0.0990443202869006 0.9908622115420945 16.67826271057129
0.9476768103846821 -0.3174503880214092 0.03367364257356318 155.156005859375 0.29596582550930944 0.9132399827095323 0.279994578717671 44.97344970703125 -0.11963650441946347 -0.2553781218619752 0.9594108200789389 16.66714859008789
0.9440056446752045 -0.32981194002701386 0.008799263433327514 155.97596740722656 0.2838863041106553 0.8255663849213544 0.48769735536116954 45.22811508178711 -0.16811278702033416 -0.45789106597912976 0.8729684201256951 16.735713958740234
0.9258732328494949 -0.37768482591573593 0.010626804120958351 156.82591247558594 0.3554904486500502 0.8803041436202198 0.31415148518454833 45.56519317626953 -0.1280050686942161 -0.2870867238276123 0.94931339155756 16.819612503051758
0.9783573582649708 -0.1866837272029026 0.08925281803069054 157.8129425048828 0.20359860210241199 0.945488080184718 -0.2541651027394592 45.875675201416016 -0.03693898686660268 0.2668360474640718 0.9630337662943187 16.926513671875
0.9676289482543304 -0.24093126166224554 0.07514216961238718 158.56419372558594 0.24083935010372376 0.9705090765655062 0.010418241002407255 46.3143424987793 -0.07543623759065785 0.008016199711011635 0.9971184055067678 16.972496032714844
0.9579403971876596 -0.2843855753429825 0.03840624913721868 159.49041748046875 0.25383197153912096 0.902137969742799 0.3488787952468646 46.902549743652344 -0.13386383253333273 -0.32445635775121073 0.9363805563200821 17.003427505493164
0.9692961094645703 -0.2448084709611762 0.023105512816173443 160.1829071044922 0.1907839649466091 0.8080029056514448 0.557434106579489 47.494300842285156 -0.15513391278536887 -0.5359105494431631 0.829899603626504 16.93716049194336
0.9818783942211516 -0.17012813805014154 0.08349392555919742 161.16934204101562 0.15404266706048525 0.9731044250357184 0.1712852436749775 47.410762786865234 -0.11038874800714658 -0.15531965303687717 0.9816772023908463 17.0353946685791
0.9691143782201026 -0.22667979853008494 0.09712667432494808 162.0662078857422 0.23378780324918433 0.9698158586887067 -0.0692853757138377 47.68913650512695 -0.0784893940541339 0.08985248563199055 0.9928574650204168 17.072330474853516
0.9922730838686576 -0.05022812197225589 0.11345158788189913 162.9159393310547 0.05495288639997438 0.9977306122947014 -0.038907654341425416 47.95663070678711 -0.11123986383529785 0.044841510380232666 0.9927814118126528 17.13134765625
0.9734389696177621 -0.222897760493731 0.052279640362084386 163.8883056640625 0.15959740323759863 0.8243715333054198 0.543084011876143 48.44099426269531 -0.16415005729309048 -0.5203154460926088 0.8380492797253182 17.142913818359375
0.976968823294887 -0.19119238922007825 0.09474908239197734 165.08212280273438 0.12015654933762553 0.8598710718759136 0.49616947044557463 48.70283126831055 -0.17633582154819927 -0.47335738090293394 0.8630402470242254 17.2424259185791
0.983855354140817 -0.08425132833628282 0.15789349512256504 165.91439819335938 0.10610887830520271 0.9850724233851124 -0.13554787578930808 48.79091262817383 -0.1441164392887199 0.15011340499686857 0.9781085919093988 17.346139907836914
0.9897743644105317 -0.021521519789310342 0.14100897752159702 166.75259399414062 0.0808529382555258 0.8990543301665181 -0.4303069994600151 49.028221130371094 -0.11751387122878755 0.437307827044968 0.8916010063217921 17.35441017150879
0.9829592791493522 -0.07850512522785794 0.16621672854181768 167.59320068359375 0.14598438155463828 0.8828863949671428 -0.44631846693144145 49.350772857666016 -0.11171220110755921 0.4629779248461861 0.8793018965229311 17.403669357299805
0.9752407569444584 -0.13995123613225213 0.17122826139237182 168.47586059570312 0.17695497025582135 0.958236369077284 -0.22465529034354936 49.663089752197266 -0.13263636189281272 0.2493926873078633 0.959276228737688 17.454120635986328
0.9808942902606962 -0.15852257321740595 0.11276961077567775 169.26425170898438 0.11411678600940185 0.938317739558848 0.32640033514084943 49.90796661376953 -0.15755554729951615 -0.30729531953758527 0.9384805997491071 17.497360229492188
0.9792871696036931 -0.1862504883782622 0.07941910997012079 170.0786590576172 0.13707231138723158 0.8985189125817702 0.4169831473618984 49.973628997802734 -0.14902288717022344 -0.39746008518055204 0.9054378276765992 17.55052947998047
0.9765906893576448 -0.20853162459661032 0.05277487094307513 170.98382568359375 0.16486038372992015 0.883192462743973 0.4390810034932722 50.107818603515625 -0.13817264322717188 -0.42010193441036886 0.8968961396774336 17.617338180541992
0.9759651651893613 -0.21780966977957011 -0.0071375126912248885 171.94253540039062 0.18284064913933296 0.8005752847088518 0.5706562104591942 50.046363830566406 -0.11858032450288758 -0.5582456101608463 0.8211580513987148 17.688934326171875
0.9844558366733006 -0.16791483917697045 0.05149089651622031 172.7374267578125 0.1371579991020386 0.9181365975149417 0.3717699175377312 49.9794921875 -0.10970136244458016 -0.3589286768814362 0.9268957956480031 17.752840042114258
0.9726809033524723 -0.23173699031279693 -0.013777792790756742 173.7851104736328 0.212489676942194 0.8648508527566781 0.4548418842620464 49.5332145690918 -0.09348795348289737 -0.44534365360563233 0.8904656269316442 17.768383026123047
0.9880074194778545 -0.1241479596812501 0.09180753326221903 174.5307159423828 0.11931841198913347 0.9912547811357811 0.05636555185435566 50.2041130065918 -0.09800232454948284 -0.044735254357579614 0.9941802157559063 17.842464447021484
0.9926831556375665 0.0018866824340089162 0.12073356179139437 175.2574920654297 0.010505811963009428 0.9947366718901705 -0.10192439115278296 50.354591369628906 -0.12029040040020288 0.102447030343787 0.9874385173494592 17.9781494140625
0.9929363319038637 0.04373708588335507 0.11029282888625301 176.01187133789062 -0.035251917501896705 0.9963499750359537 -0.07774335700427384 50.46227264404297 -0.11329052518961914 0.07330617002876721 0.9908539056480393 17.969751358032227
0.9932800117982498 0.04926843905774583 0.10472554165475537 176.85528564453125 -0.037485542826244625 0.9930410508789883 -0.11164365341646677 50.42542266845703 -0.10949727047324284 0.10696771560600683 0.9882146809155092 18.074155807495117
0.9929542972324628 -0.058262739404752434 0.10318535169606112 177.8078155517578 0.06860671090008072 0.9926481893662081 -0.09971304512179532 50.647239685058594 -0.096617197367025 0.10608970423675596 0.9896515001897884 18.169580459594727
0.9907560300624738 -0.07610806866752438 0.11229448240472882 178.7339324951172 0.09996373111326791 0.9691973386514093 -0.2250861417611928 50.95464324951172 -0.09170464195863169 0.23423082767800846 0.9678461541012158 18.229598999023438
0.9950561218324868 -0.059595670896225 0.07944602201570636 179.35267639160156 0.0749823699043754 0.9753584672560398 -0.20749338436555584 51.32831573486328 -0.06512264281503535 0.2124246133629004 0.9750050384641137 18.26410675048828
0.9988418840218851 0.04195149994651708 0.023557639437090425 180.0030517578125 -0.040978191779847774 0.998343708447032 -0.040381030233033674 51.39054870605469 -0.02521266590554433 0.03936891484997447 0.99890660725689 18.348108291625977
0.9981591923320139 0.009387395585562112 -0.059917472970928934 180.94203186035156 0.032383027454283723 0.7528337348024903 0.6574136500531678 51.575775146484375 0.051279296953029074 -0.6581437871373199 0.7511439204017758 18.4426212310791
0.9940016088144856 0.08715686692805649 0.06606422800199241 181.56719970703125 -0.10851232619861748 0.7106686412973475 0.6951080184687461 51.36460876464844 0.013633661913771414 -0.6981072717167949 0.7158633671581148 18.422649383544922
0.9921008711726859 0.110299586114663 0.05974832818859227 182.5546417236328 -0.12535252025033378 0.8897638070031367 0.43887026945804203 51.31819534301758 -0.004754690871902025 -0.44289318018029905 0.8965617791677792 18.518077850341797
0.9924214397085205 0.11411341158182574 0.045583059397364276 183.37542724609375 -0.12185307669298885 0.9617815883816554 0.24521012203926623 51.26996994018555 -0.015859183690195854 -0.2489062183779588 0.9683977389200492 18.635499954223633
0.9957397642286231 0.08528799333401692 0.03504682763079221 184.49093627929688 -0.09220360686960107 0.917241693097889 0.38751280149583917 51.33110809326172 0.0009037777170456188 -0.3890933495139364 0.9211978878340221 18.738733291625977
0.9995385883466135 0.026897364250079676 -0.014111775312045754 185.36080932617188 -0.01528394894973727 0.846867316639592 0.5315845642154772 51.221004486083984 0.026249024944956584 -0.5311236012493282 0.8468876601329031 18.8303279876709
0.9977764606790691 -0.041534088486667314 -0.05212536818413026 186.36666870117188 0.06143232771669595 0.8764444256605624 0.47756804524573765 51.1945686340332 0.02584963493084419 -0.4797083366193547 0.8770471527528229 18.933860778808594
0.9993952463430982 -0.020847364386027387 0.02783036084879673 187.33285522460938 0.016311897354116447 0.9878962520761264 0.1542560116775074 51.05641555786133 -0.03070934046062875 -0.15370875880085277 0.9876388782730126 18.983016967773438
0.9976667326465413 0.012336554738948128 0.06714834314819569 188.32237243652344 -0.009635495014969134 0.9991370642018378 -0.040401536777076905 50.9843864440918 -0.06758881420909386 0.039660261664617516 0.9969246791199939 19.03976058959961
0.9942868437740747 -0.038702148677012736 0.09947771602510326 189.45388793945312 0.0504864285871497 0.9916317234148186 -0.11881769921131785 50.901039123535156 -0.09404675872300607 0.12316114973943273 0.9879203097257175 19.153133392333984
0.992260494088651 0.036429991112204976 0.1187095936245716 190.36138916015625 0.0021215118263461334 0.9508830025295061 -0.30954323557144964 50.84749984741211 -0.12415559213550124 0.30739936767670156 0.9434463512534494 19.192726135253906
0.9805106848954108 0.14050078798824736 0.13732561807839813 191.3905029296875 -0.033426384334144 0.8080906006848505 -0.5881090527403431 50.68677520751953 -0.19360132653543102 0.5720569112068127 0.7970379016735919 19.302101135253906
0.9596814869753885 0.2700817325613328 0.07789288345783325 192.47157287597656 -0.17270556354645727 0.7851860679831004 -0.5946895214860763 50.53445053100586 -0.22177518318515144 0.5572599899345965 0.800173151099989 19.282264709472656
0.9357481677442525 0.3192926039381284 0.1497584709914051 193.9578399658203 -0.24271641713837022 0.8911357154045074 -0.38336128858037993 50.19361114501953 -0.25585954626471674 0.3223807838580118 0.9113761697478747 19.421667098999023
0.9600344842423374 0.221859146981412 0.1706232925664886 194.7806396484375 -0.21389384381812773 0.9747603860744547 -0.063965719855922 50.25466537475586 -0.1805082065786919 0.02491402497911869 0.983257890238916 19.405149459838867
0.947592621535323 0.2514867703240839 0.19703458570458018 196.13262939453125 -0.1938442380900488 0.9428219527729857 -0.271129446443248 49.97112274169922 -0.2539540016835776 0.21872624378728553 0.9421603872524053 19.58966636657715
0.9458046557694147 0.2479853004523986 0.20965887504332445 197.0856475830078 -0.1851634055443779 0.9422223078698528 -0.27916238249380315 49.83245086669922 -0.26677343640645146 0.22521192977269605 0.9370760483098216 19.629209518432617
0.9540142312114329 0.21384540759255946 0.2100642480233862 198.48785400390625 -0.18232473318998074 0.9701947535950681 -0.1596240325383596 49.20675277709961 -0.23793809764991591 0.11398369071133407 0.9645689088595807 19.755786895751953
0.978458324792405 0.12435922009459847 0.16478498421246787 199.46380615234375 -0.15540317348663218 0.9691382137367022 0.19136607940154252 49.074039459228516 -0.13590128886336497 -0.2128518429628858 0.9675871705601407 19.83413314819336
0.9698989279141812 0.160271904642791 0.1833275380653276 200.52796936035156 -0.19862285552730813 0.9562391768546765 0.2148385391648083 48.78862762451172 -0.1408723922317645 -0.24478470791792303 0.9592890158218415 19.846956253051758
0.975397076905354 0.14902365824185698 0.16245766109575993 201.5064697265625 -0.1945837053185508 0.9283538170873096 0.31669602448392875 48.68110275268555 -0.10362298967407747 -0.34051599020256895 0.9345111751217156 19.928592681884766
0.958405348052756 0.2048053682043266 0.1987811610252992 202.7152862548828 -0.23815972028500565 0.9576967986887399 0.16154500739765104 48.180442810058594 -0.15728679683191338 -0.20216726474884472 0.9666381228807019 20.0380916595459
0.9087764792019563 0.3661745806075367 0.20010369153564075 203.66786193847656 -0.2865752403316756 0.8962414494727261 -0.33856446339784296 47.831390380859375 -0.3033149229400668 0.25033465753650963 0.9194197174076374 20.15584945678711
0.8884600221324028 0.4116599428708003 0.2029159444403007 204.73463439941406 -0.20191010206778814 0.7476303429053929 -0.6326777861203439 47.547264099121094 -0.412154218412799 0.5211381408060378 0.7473579720868446 20.178665161132812
0.8861182707706033 0.4200118948491528 0.1959194181079041 205.9725341796875 -0.25044085790204595 0.7896440159769991 -0.5601265077864142 47.544342041015625 -0.38996639201321276 0.4472721053418611 0.8049061292369789 20.234783172607422
0.9624998368026895 0.23032771956143142 0.14332901226348593 207.02171325683594 -0.25867933857687225 0.938395859346794 0.2291248806965836 47.20063400268555 -0.08172554036669194 -0.2576089143690924 0.9627868836296793 20.281980514526367
0.9200132200362496 0.34020332275219173 0.19451831314017526 208.12416076660156 -0.34086020785642274 0.9395979219302251 -0.031145847307128934 46.65777587890625 -0.19336492354769913 -0.037648961377051815 0.9804042850011528 20.397974014282227
0.8948452535245396 0.4003714758679036 0.19736933286597252 209.1998748779297 -0.36254377628425655 0.9098325308716949 -0.20190784047470095 46.17788314819336 -0.26041117971806305 0.10912124943824197 0.9593115085304063 20.373544692993164
0.8509517985646393 0.4886619877321832 0.19258893598864085 210.30105590820312 -0.3581984943033841 0.8080760065474365 -0.46766120891210927 45.563785552978516 -0.3841547542311479 0.328972079952051 0.8626717193774393 20.502117156982422
0.8583585229529835 0.47411374037271964 0.1960530725690413 211.09158325195312 -0.3721384835088018 0.8384093192564399 -0.3982245126504923 44.80684280395508 -0.35317643631157164 0.26886051136926414 0.8960917532599639 20.603302001953125
0.7902827586019053 0.6045594007905748 0.09980527226707084 212.21566772460938 -0.34366295930722657 0.5721715694238116 -0.744657952044623 44.19422912597656 -0.5072957045518546 0.5541909653349049 0.659941999030524 20.555530548095703
0.794189403882181 0.5946000407695478 0.1253554238081386 213.16799926757812 -0.3495514397245288 0.6157590868180354 -0.7061547549847187 43.66445541381836 -0.497068387395311 0.5170024550404679 0.6968726424063106 20.59572982788086
0.8006001068707929 0.5863473661597208 0.12343514522223048 214.23648071289062 -0.30339015103182365 0.5743131758222045 -0.7603412341402382 42.98790740966797 -0.5167145102814146 0.5712802659593377 0.6376872059168712 20.799514770507812
0.7790992379087432 0.6231040764267588 0.06888894998743456 215.41111755371094 -0.35275418571106987 0.5265813359578064 -0.7734834071162817 42.50674057006836 -0.5182362993397273 0.5783194675620453 0.6300616886348646 20.853649139404297
0.7913568499512917 0.5943947983450765 0.14300055851459023 216.4666748046875 -0.3503864353575814 0.6326482253384766 -0.6906414184607549 41.74336242675781 -0.5009827162214044 0.4964383614069244 0.7089183813183516 20.735252380371094
0.7685041983268868 0.6332000490742459 0.09197279492503152 217.43846130371094 -0.2783625295297373 0.46029014901160265 -0.8429989803532878 40.65374755859375 -0.5761211672102974 0.6222464757435349 0.5299940793225857 20.79155921936035
0.758664367978462 0.6505798524772757 -0.034267073269930226 218.54232788085938 -0.2648380643222698 0.25992624253778807 -0.9286006397403677 40.17460632324219 -0.5952219556147722 0.7135714428078193 0.369495087333097 20.952163696289062
0.7527933246520815 0.6543177325770305 -0.07190629454032105 219.59210205078125 -0.30213457567415947 0.2464073154503748 -0.9208681409815062 39.469261169433594 -0.58482211700778 0.7149487672048908 0.38318579270472114 21.035736083984375
0.7363441899903446 0.6674744098223252 -0.11079325836801698 220.7860565185547 -0.3946930161965948 0.29074146627472697 -0.8716001507308593 38.90230178833008 -0.549558601818858 0.6855270323048979 0.47753327752748437 21.114925384521484
0.7165797831689912 0.6941663638846531 -0.0681650467955609 221.72364807128906 -0.42130942155975065 0.3528739977105825 -0.8354509638780364 38.04205322265625 -0.5558882852322667 0.6273858469800792 0.5453212019999029 21.201669692993164
0.7031067333578745 0.7093806591254846 -0.04919351548233808 222.6959228515625 -0.44207573682457435 0.38188204972178547 -0.8116250014700737 37.38824462890625 -0.5569649579801478 0.5924062630990494 0.5821038180798951 21.254451751708984
0.7621495865644765 0.6324992153820813 0.13810412825346446 223.6358642578125 -0.5524548138272188 0.7466194560087327 -0.37061174642522776 36.238609313964844 -0.3375228679345013 0.20616529885088786 0.9184629459978195 21.256072998046875
0.7580379290142572 0.6374435315327944 0.13800087783335152 224.6246337890625 -0.5378020417054754 0.7306179519517292 -0.4206737123035894 35.31804275512695 -0.36898165552395484 0.244669475809428 0.8966545519284121 21.363372802734375
0.7095846884612824 0.7032359226455069 0.04414529422517122 225.58677673339844 -0.14799540222451546 0.2099990211083962 -0.966435601607225 34.27835464477539 -0.6889027005475507 0.6792346047091812 0.2530877732010257 21.448627471923828
0.6978751221658074 0.7152707582324749 -0.03685181514661007 226.7796173095703 -0.2962711089128498 0.24145574920299734 -0.924079299194809 33.700687408447266 -0.6520688183662899 0.6558100819554087 0.3804200211871485 21.61627197265625
0.6223937367679344 0.7823876556166593 0.022261913006635436 227.63597106933594 -0.5789119963514773 0.47929720981563184 -0.659647697747288 32.89368438720703 -0.5267702885626662 0.3976729070500253 0.751245181073388 21.697444915771484
0.6064195861629731 0.792749655393526 -0.06167065259403498 228.73681640625 -0.6284627480031715 0.43034079488272137 -0.6479516761549505 32.17618942260742 -0.48712407032524146 0.43168829510788603 0.7591807136490073 21.840612411499023
0.5937828142316537 0.7899352071814346 -0.15305011590443673 229.84701538085938 -0.6503211615814676 0.35913991327539085 -0.6694033981777173 31.342330932617188 -0.47381890667476356 0.4970119627813488 0.7269626899159014 21.98480224609375
0.6403335817586955 0.7680688198507992 -0.006572065510956571 230.92906188964844 -0.38186322983250326 0.3109094147089896 -0.8703538415766325 30.207754135131836 -0.6664483309109331 0.5598264229368901 0.49238297940497233 21.946765899658203
0.6235718263524151 0.7817211884761659 0.008376208385912964 231.9188690185547 -0.43677261135560985 0.357255769277142 -0.8255894871470923 29.12544059753418 -0.6483732438565881 0.5111558459076921 0.5642090373658303 22.041030883789062
0.6291629525749975 0.7771723407360668 0.012535226441275638 232.69374084472656 -0.3030174400228097 0.2600963614479826 -0.9168044032417946 28.0252685546875 -0.7157753908518607 0.5730209730510247 0.3991397678690043 22.12608528137207
0.6016577131248307 0.7870576436889505 -0.13619200324613728 233.80088806152344 -0.3976239573626989 0.14724501944364632 -0.9056567190609623 26.87244415283203 -0.6927504491291403 0.5990485537582384 0.401544076623647 22.386375427246094
0.5469254198695472 0.8273407839572882 -0.1279836407571659 234.7667236328125 -0.48087843227001387 0.18532324497506908 -0.8569779625226336 25.849668502807617 -0.6852944757387536 0.5302476044951551 0.4992083327120016 22.526214599609375
0.519051398055499 0.8531626487515951 -0.05195325737424117 235.7613067626953 -0.3256388276619515 0.1411835205797468 -0.9348938803070956 24.471385955810547 -0.7902815954427774 0.5021759734314959 0.3511043884837497 22.5695743560791
0.49419233376111626 0.8534012121139873 -0.16577185652009419 236.53790283203125 -0.532025856795747 0.14607908184296114 -0.8340320075085061 23.563907623291016 -0.6875481255537628 0.5003671382198223 0.5262226734351272 22.849010467529297
0.4783008530911014 0.8649107492082186 -0.1521765088192094 237.39199829101562 -0.5010086247406322 0.12642420026277468 -0.8561584430018889 22.33146858215332 -0.7212618469514559 0.48574305707029525 0.4937965478212448 22.942161560058594
0.4615078712836634 0.8780042946129325 -0.12696040085187266 238.20046997070312 -0.4153586661658253 0.08739712799702887 -0.9054495681476784 20.9473876953125 -0.7838926349852816 0.4706062055042597 0.40502115519650866 23.073543548583984
0.4497531171184881 0.8929192375456017 0.02042960751422368 239.12408447265625 -0.20926811682141683 0.12758765455024434 -0.9694989663163059 19.826034545898438 -0.8682908435105265 0.4317599166520084 0.24424247265459254 22.986696243286133
0.42962645128756155 0.9027571067628841 0.021230132904975774 239.7820587158203 -0.22459798408532433 0.12959985168349825 -0.9657948146415074 18.329973220825195 -0.874629554668069 0.41016275383403805 0.2584369506638194 23.108417510986328
0.41420307732432404 0.9086705834388373 -0.05247457982664483 240.4690704345703 -0.2465863514194026 0.056532274395145854 -0.9674705542006841 16.95409393310547 -0.8761455255999011 0.4136687959523111 0.24748160583493528 23.367645263671875
0.39840386804215033 0.9138832363053024 -0.07804990921967903 241.2747802734375 -0.2872447073806204 0.043502136990390405 -0.9568688740674406 15.770797729492188 -0.8710710855096012 0.40363968397249617 0.27983954243764186 23.5086727142334
0.38236516554285627 0.9227727337759652 -0.04782637325802125 241.92295837402344 -0.30291428470639464 0.07628176018428923 -0.9499600145185056 14.307397842407227 -0.8729489196397446 0.37771890985601714 0.30868853045907707 23.60546875
0.36225790708061195 0.9313256027525236 -0.03744102583027309 242.60247802734375 -0.4027524427407106 0.12018013711858738 -0.9073848161108649 13.053617477416992 -0.8405710431747963 0.3437867890129083 0.41862986644078404 23.56852149963379
0.3611724114733224 0.9320876948908933 0.0276950938529964 243.07606506347656 -0.5146856435265345 0.22402457105492096 -0.8275939100255245 11.779669761657715 -0.7775944814221757 0.28464982100229724 0.5606436496252658 23.588003158569336
0.344295385518278 0.9387802630959483 0.012341196551485467 243.6365203857422 -0.4625957853259104 0.18106506213270623 -0.8678828162105661 10.318464279174805 -0.8169858180589945 0.2930990632813099 0.496615658426206 23.936443328857422
0.34432711549555584 0.9388403367328181 -0.004202339576814429 244.16592407226562 -0.4459739460180626 0.1596223840834845 -0.8806974134017782 9.017267227172852 -0.8261634686958679 0.30512213394461113 0.47366064473365155 24.05584716796875
0.3237212139514332 0.945279645620231 -0.04063209585906896 244.83108520507812 -0.4446967214936444 0.11410473772690327 -0.8883833264537772 7.510436058044434 -0.8351343613638551 0.3056574887097726 0.4573008835165539 24.223459243774414
0.3153927812602293 0.9462854127429464 -0.07121313894815345 245.2469024658203 -0.4165247368912789 0.07061600410991359 -0.9063776936361574 6.181264877319336 -0.8526632026108483 0.31552701563172136 0.4164230605045204 24.470062255859375
0.27294815512187953 0.9592382442212893 -0.07322086750934098 245.6980438232422 -0.4536291449352726 0.061212741868147735 -0.8890858221219574 4.668376922607422 -0.8483630729120969 0.27588945441288903 0.45184632947817843 24.594392776489258
0.24318003377455139 0.9685611577218781 -0.05246670302070311 245.91357421875 -0.511069595239464 0.08196720266932261 -0.85562214002931 3.218080520629883 -0.8244218216393705 0.2348843575869215 0.5149349459551185 24.76201629638672
0.19829565933229198 0.978146161781317 -0.06252133781717428 246.44061279296875 -0.5372202463564535 0.05511243448337144 -0.8416394872331189 1.783884048461914 -0.8198007309064093 0.20048118554566086 0.5364084785380665 24.94112777709961
0.17316773513751332 0.9818031809967149 -0.07794516849732086 246.8341522216797 -0.44138260596470746 0.006613795116558963 -0.8972946299103544 0.3278160095214844 -0.8804512085624892 0.1897861204063349 0.43449614249376745 25.068172454833984
0.1414428579557952 0.9859528201012351 -0.08883104450426527 247.08413696289062 -0.4576983957917898 -0.014434535696361606 -0.8889903389063646 -1.0772018432617188 -0.8777847665703246 0.1663991607961185 0.449227362104568 25.238544464111328
0.11059086316162275 0.9866815396920093 -0.11928621134134904 247.31785583496094 -0.5486942274182413 -0.039459859720594126 -0.8350913508525462 -2.464406967163086 -0.828676237008801 0.15780512888317916 0.5370225651824108 25.435565948486328
0.08117726276448667 0.9812606939047478 -0.17475040087976482 247.4785614013672 -0.7749360732254241 -0.048123168207717115 -0.6302049215101482 -4.018989562988281 -0.6268048615191381 0.18657869996123563 0.7565078018743425 25.582351684570312
0.0004281718953710323 0.9803349512345323 -0.19734031533575513 247.8582763671875 -0.9088380846767317 -0.08193881163894651 -0.40902245291466244 -5.424993515014648 -0.4171488373589911 0.17952552613816375 0.8909306555253655 25.606307983398438
0.08866389988113016 0.9948653434658641 -0.048802266631965296 248.04617309570312 -0.4769225033644058 -0.0006118474002137497 -0.8789451356184795 -6.9730329513549805 -0.8744619137746923 0.10120560267745726 0.4744194213395941 25.693058013916016
0.08362054322524426 0.9964972249228032 -0.000940995147319601 248.15731811523438 -0.36529197005269426 0.02977468940745487 -0.9304167047542252 -8.682851791381836 -0.9271296464711591 0.07814568824856438 0.36650221014670786 25.76264190673828
0.06945600243809702 0.9968797951868693 0.037503835450585 248.20709228515625 -0.3455784544630695 0.059310412239570454 -0.9365136447542495 -9.994126319885254 -0.9358158983134639 0.052085976501911824 0.3486196430432557 25.774423599243164
0.04964426202636202 0.9985788567832602 0.019383344223719734 248.21250915527344 -0.3817952180065268 0.03690709969673517 -0.9235097603703623 -11.44587230682373 -0.9229127037565399 0.03844649239413844 0.3830848580502509 25.893957138061523
0.037538362758184673 0.9988935126988252 0.02833057729092714 248.31512451171875 -0.3994964749881289 0.04098744811333099 -0.9158179925996304 -13.001564025878906 -0.9159658496873639 0.02306034226457332 0.40059303890750086 26.01293182373047
0.01710147333885509 0.9995584541686131 -0.02429889523606099 248.38784790039062 -0.4208748360693802 -0.014848006072243403 -0.9069971935343852 -14.388510704040527 -0.9069575028485143 0.025737781872788856 0.4204350777599985 26.17131996154785
0.018317418723381995 0.9994597410156785 0.0272891601223888 248.328369140625 -0.4323666021642722 0.03252797626141857 -0.9011110098613039 -15.784313201904297 -0.9015118376950103 0.0047071062458451385 0.432728840784337 26.20016860961914
-0.005546774753753647 0.9992664378166406 -0.03789220953010297 248.25770568847656 -0.467550832558811 -0.036087379551633214 -0.8832292567678333 -17.31914710998535 -0.8839487837331945 0.01281746037007614 0.4674080235150738 26.351442337036133
0.003658278128542136 0.9986504206764903 0.051806894172521434 248.1617889404297 -0.5061347049063254 0.046530389310750486 -0.8611983414753982 -18.665145874023438 -0.8624466809551306 -0.023070764037166125 0.5056218570792014 26.326923370361328
-0.03881918900557901 0.9971186327202197 0.06517286894950142 248.27499389648438 -0.5316502153286728 0.034614463971057385 -0.8462563957956079 -20.15127182006836 -0.8460739442306004 -0.0675001567861595 0.5287746303747173 26.422224044799805
-0.08628830159184636 0.9959093145043493 -0.026813546797683607 248.062255859375 -0.4939791667150967 -0.06614130865235585 -0.8669543875782695 -21.217082977294922 -0.8651814329144223 -0.0615626881579322 0.49766567449133553 26.5616512298584
-0.2522307803752064 0.9450469356570257 -0.20800462215196053 247.8180694580078 -0.917580458750253 -0.3018442942443278 -0.25872016495012345 -22.372175216674805 -0.30728770745181094 0.1256037875121972 0.9432910226497446 26.708911895751953
-0.0544526122793999 0.9798204779683979 0.19231938011997096 247.1460418701172 -0.8482793473027015 0.05621043693468808 -0.526557248282952 -24.00857925415039 -0.5267419310778783 -0.1918129759254884 0.8281006703963933 26.30980682373047
-0.06298081620152374 0.9794364507058333 0.19167069629797293 247.2909698486328 -0.8332996501192877 0.05408165758106864 -0.5501698532493005 -25.150455474853516 -0.549222277317356 -0.19436927057033454 0.8127579447512607 26.434019088745117
-0.4140696147024632 0.8992260549340685 -0.14120501516541528 247.4584197998047 -0.90516791749089 -0.3904132725373737 0.1680729537191025 -26.216794967651367 0.09600726704452558 0.1974081527049222 0.9756088488324975 26.87024688720703
-0.3722910777950688 0.9137616286439306 -0.1626008591987695 247.2698516845703 -0.8820937627295028 -0.4028416894634271 -0.24419084131875202 -27.401227951049805 -0.2886346256911915 0.05251913221144987 0.9559977999994886 27.035228729248047
-0.3831485655610603 0.9097200434185033 -0.1600206840103433 247.10324096679688 -0.8538473361279071 -0.4149059563047222 -0.31432113198151446 -28.671405792236328 -0.35233776876142375 0.01620154392335124 0.9357326576959475 27.07913589477539
-0.3436315090085677 0.9303258085678585 -0.12810650229030188 246.7109375 -0.795123657853422 -0.3608124337761817 -0.48743487396195107 -29.811798095703125 -0.4996956621167421 -0.06563747058707362 0.8637105809914811 27.27585792541504
-0.27436625081158417 0.9597492996513154 -0.06003700720725774 246.32952880859375 -0.6657876819011187 -0.2346374902712337 -0.7082880846011397 -31.22817611694336 -0.6938659258418225 -0.1543584464097319 0.7033658699266295 27.30484962463379
-0.2855318426975768 0.9562046220994315 -0.06437614062220348 246.0712432861328 -0.6793131805782727 -0.24931681953448304 -0.6901990482388692 -32.46411895751953 -0.6760215747284677 -0.15334224523233486 0.7207502940191903 27.225509643554688
-0.3107906992056964 0.9459986473298884 -0.09217212451308715 245.57801818847656 -0.7696284300819783 -0.30737488184059975 -0.5596362761857268 -33.67698287963867 -0.5577465561496404 -0.10299146209030632 0.8235967082496853 27.51502799987793
-0.5621557385995661 0.8245485796132624 -0.06403565738967427 245.162841796875 -0.7696109731879602 -0.4932075444277119 0.4055185175405277 -34.66967010498047 0.30278684830794245 0.2772471063461944 0.9118410862175519 27.53390884399414
-0.468969591288867 0.8730801172633624 -0.13341151106912214 245.15493774414062 -0.861292321165829 -0.4855274213363275 -0.14979539589478374 -35.852210998535156 -0.19555832875930335 0.04465682444923415 0.9796747971051305 27.646682739257812
-0.3569119662155039 0.9337069014027143 -0.028377291011040806 244.68421936035156 -0.5928431804692659 -0.2498831162574785 -0.7655686720213526 -36.98008728027344 -0.721907758472832 -0.2564173365480458 0.6427280434012023 27.739944458007812
-0.3081948999877443 0.9379468165168576 0.15897066712899086 243.88720703125 -0.7786852116952039 -0.15272323903489704 -0.6085433044129933 -38.16429138183594 -0.5465027398913381 -0.31133805042844 0.7774338387584363 27.826107025146484
-0.36220457184135846 0.9279474538873435 0.08787133185069246 243.5149688720703 -0.653875520130217 -0.18577378739139433 -0.7334404570874824 -39.1917839050293 -0.6642700146112694 -0.32311239954890825 0.6740502391855449 27.980283737182617
-0.3428258723482685 0.9307187727445302 0.12740874110344336 242.96261596679688 -0.8078269061082562 -0.22286184979936602 -0.545663161365661 -40.28202438354492 -0.4794644001552266 -0.2899916584402392 0.8282624747137035 27.933591842651367
-0.3997103286567612 0.9161610013861969 0.029676130208377033 242.64527893066406 -0.8660078334495314 -0.3668219614832467 -0.3398118317210749 -41.123558044433594 -0.3004364917401887 -0.16152606016560966 0.9400251306844001 28.086193084716797
-0.5025335014678728 0.8610453571221106 -0.07785225032647633 242.1632537841797 -0.8568404213531837 -0.4840194884450152 0.17762214710087318 -41.98334503173828 0.11525871870595308 0.1559680344938749 0.981014474907674 28.160743713378906
-0.5323086815857175 0.846046593524452 -0.02919981325532793 241.94163513183594 -0.839198754370602 -0.5228361502335023 0.14962556824233209 -43.05201721191406 0.11132348436563265 0.10415143587431497 0.9883114692413588 28.238628387451172
-0.5106197647688366 0.8558652845690288 -0.08223180952036281 241.1564483642578 -0.832485915047323 -0.4682104515238077 0.2962198074600904 -43.9189338684082 0.2150224571416644 0.2197125115996979 0.9515733052010831 28.326759338378906
-0.5228129733041763 0.8444403872708592 -0.1165634045946148 240.55337524414062 -0.7758447745088759 -0.41471048746103 0.47547880863094877 -44.865230560302734 0.35317344295985525 0.3390215980371695 0.8719706848582731 28.32276153564453
-0.5713685173947884 0.8206509416722347 -0.00836954374836979 240.77708435058594 -0.6610165996871527 -0.45413287813473424 0.5973444432947355 -46.07252883911133 0.48641039490137966 0.3468362162888085 0.8019411242743115 28.476703643798828
-0.4762979999049586 0.8599392621598867 0.1834248638610524 240.3810272216797 -0.7757433813132453 -0.31275597463766003 -0.5480929726580522 -47.06032180786133 -0.41395944443294086 -0.4033462107474879 0.8160572361301712 28.49578094482422
-0.48047174576519786 0.8638663955240943 -0.15126715507853178 239.82223510742188 -0.8508048808929084 -0.4172810194716194 0.31938629500579746 -48.1418342590332 0.21278617476271194 0.28215492459451325 0.9354734856514735 28.678043365478516
-0.4222809314929199 0.8934857304933069 0.15284653840474544 239.20204162597656 -0.9060661156674376 -0.41104951881727625 -0.10041158857127552 -48.8779182434082 -0.02688882550044254 -0.18089096850016362 0.9831355189282296 28.744525909423828
-0.512336900246366 0.8587609272835298 0.006369491116050424 238.72857666015625 -0.807775459972616 -0.4844105383070392 0.33592445079677247 -49.60121536254883 0.2915642414837146 0.16696137322212215 0.9418673966858656 28.76491928100586
-0.4651724353556363 0.8828926607189826 -0.06414947415109554 238.24835205078125 -0.840007121437093 -0.4173893678494602 0.34666143647829833 -50.58631896972656 0.27928952955718833 0.21514335977385818 0.9357941512025714 28.850902557373047
-0.5506583323389762 0.8326060774121811 0.05951907998246089 237.83705139160156 -0.6858884463873607 -0.4919562258600212 0.5362239373152751 -51.315093994140625 0.47574409101741877 0.254452729782694 0.8419746838047715 28.890609741210938
-0.5609379332741601 0.8236870440967854 0.08299571314962327 237.45108032226562 -0.7662999308344289 -0.5545477689055621 0.32443980644337256 -52.19576644897461 0.31326195271252427 0.11839098525210348 0.9422582043122643 28.996746063232422
-0.4884229055616791 0.8720002229816896 0.03253730847151948 237.039794921875 -0.7983582719432004 -0.46160425105175884 0.38671124244171085 -53.26133346557617 0.35223164954693387 0.16290219928174213 0.9216266806720699 29.08743667602539
-0.5571362588795161 0.8233795664115996 0.10791329231185046 236.6726531982422 -0.7351628061609029 -0.5494765128848136 0.3970027836496515 -53.98713684082031 0.3861797994190833 0.14185080684927903 0.9114513213095063 29.16317367553711
-0.4962840313586272 0.8664655425231704 0.05421829800406419 236.12635803222656 -0.7123697069185615 -0.4421272965437628 0.5450255538189624 -54.87631607055664 0.49621725169847963 0.23186400598396462 0.836664521684693 29.215923309326172
-0.49426714360917234 0.8582295249704527 0.13835488143690827 235.81163024902344 -0.8094162472586383 -0.5124002109336567 0.28686471115995965 -55.820743560791016 0.31708883522157116 0.029801112464727386 0.9479275100310636 29.314247131347656
-0.38679097346616387 0.9016358446682273 0.19350851778283434 235.2898406982422 -0.8536665679998781 -0.4294523195597477 0.29465928782928597 -56.743770599365234 0.3487780576877035 -0.05122019947407941 0.9358046578434136 29.431421279907227
-0.32079666427661513 0.9462805351781357 0.04052960562327659 234.59463500976562 -0.8862501265193546 -0.31499188970286873 0.33961864298922717 -57.66926574707031 0.3341410083085059 0.0730291596856863 0.939689591515293 29.513648986816406
-0.3582331739830155 0.9331937637949449 0.028607556209496343 234.30422973632812 -0.8646433460141861 -0.3431662007196736 0.366918032913371 -58.52067565917969 0.35222276651495343 0.1067068783998936 0.9298132956947343 29.579349517822266
-0.4058783664436271 0.9078945450201028 0.10483437783376981 233.856689453125 -0.8319837387313622 -0.41452134855783623 0.3687480306067784 -59.3421630859375 0.37824041314967594 0.062446350674267764 0.9235987457482979 29.70387077331543
-0.45315625313537494 0.8783945556434558 0.15189606598014282 233.38394165039062 -0.8402345586082449 -0.47779871534342727 0.25634795520264747 -60.17988204956055 0.29775039339137077 -0.01146264507460748 0.9545749373428876 29.81877899169922
-0.4340688852971058 0.8873025695688567 0.15581512395602676 233.00607299804688 -0.8501023563596176 -0.46067672645050345 0.25515277270426306 -61.07119369506836 0.29817811208865297 -0.021704924403278966 0.9542634383271185 29.90011215209961
-0.37426465708040124 0.9150388405708002 0.15043233265271055 232.5138397216797 -0.84732206120579 -0.40336158885981555 0.34546309965965505 -61.9968147277832 0.37679077888725115 0.0018299943527634865 0.9262965832098312 30.04192352294922
-0.36235863464137574 0.9316223093673394 0.02785843839671323 231.9368133544922 -0.8512593531224285 -0.34297699639678425 0.39714517958074835 -62.73038101196289 0.3795441128807331 0.12019422877869679 0.917332880554203 30.02908706665039
-0.3650048950671176 0.9308406834300911 0.01752280366959738 231.82142639160156 -0.840391644947698 -0.33752035846614653 0.4240541129655343 -63.711669921875 0.4006411233000735 0.14005580920577596 0.9054673161570055 30.112735748291016
-0.3467857152591441 0.9378809619222178 -0.01090728912512029 231.4169158935547 -0.8629277671146923 -0.3144712449135075 0.3955546799938029 -64.71759033203125 0.36755317497561485 0.14658491527576722 0.9183776598866835 30.229007720947266
-0.4450518298542912 0.8882138753745729 0.11403938063419161 231.0515594482422 -0.7612048459961699 -0.44230480012997236 0.4742717008360637 -65.44998931884766 0.4716948708384421 0.12426815913204864 0.8729612668673437 30.314666748046875
-0.42339625268012554 0.9013676009758499 0.09095087205446917 230.6822509765625 -0.7735868694559206 -0.4119601839451998 0.4815102929836762 -66.2837905883789 0.47148591561341024 0.13351125328929506 0.8717085388037138 30.400733947753906
-0.37773431229050325 0.9166576582024893 0.13059681074646895 230.35171508789062 -0.8502638953679654 -0.39924374564456655 0.343009824636832 -67.31949615478516 0.36656254248369974 0.01852482719015419 0.9302089728794605 30.512062072753906
-0.38641568513091834 0.9049782301247817 0.1780374154076067 229.9118194580078 -0.8804469363792147 -0.41943817517026044 0.2210990941417384 -68.0696792602539 0.2747655555291791 -0.07131633901189564 0.9588628000317263 30.585994720458984
-0.37403220781547053 0.9110386813947996 0.17351780461701746 229.64462280273438 -0.8815086750019917 -0.40737559969287207 0.23872070850913973 -68.97840118408203 0.28817071921504706 -0.06366821638225467 0.9554600958751678 30.695669174194336
-0.32895256129059264 0.9383162588017496 0.10654957010071299 229.25624084472656 -0.8880350742573523 -0.3457409486061536 0.30307903811655423 -70.02053833007812 0.3212225386069565 0.0050788704654540495 0.9469901191489263 30.738704681396484
-0.3016288220685861 0.9509694353540155 0.06838996066662376 228.91372680664062 -0.8810101612507206 -0.30542243568937466 0.36130074944642593 -70.89408111572266 0.364473798057551 0.04872646919319018 0.9299379450960525 30.886661529541016
-0.2145080883995471 0.9767148644620799 -0.0037886079228358766 228.6182861328125 -0.9488885736464369 -0.2074742819474839 0.23783375944891944 -71.87838745117188 0.2315097294162874 0.05461223186427076 0.9712984862113194 30.925453186035156
-0.23135128965068114 0.9725477354950745 -0.025049609984375762 228.2981414794922 -0.9417603467108724 -0.217419745495465 0.2565464940935746 -72.712890625 0.24405743205234282 0.08294309164776718 0.9662072310886138 30.991344451904297
-0.2647465278551049 0.9642911076438441 0.007206643301448795 228.1540069580078 -0.8901382729628391 -0.24724856217880964 0.38278192682942225 -73.59959411621094 0.3708950404028073 0.09492527703156553 0.9238106195455215 31.078529357910156
-0.27163063396878995 0.9616973219929006 0.036811133660844736 228.05970764160156 -0.8589124986886816 -0.259498872502705 0.4415083858390354 -74.53933715820312 0.4341498799793442 0.0883096599557951 0.8965016930672317 31.138317108154297
-0.3249959603433863 0.9399239309047187 0.10450181755884427 227.6884307861328 -0.8705019031484198 -0.34050199199337183 0.35536576940319564 -75.4371109008789 0.36959986793214583 0.024523408432915006 0.9288673425540231 31.348670959472656
-0.32324346561432854 0.9385030151232167 0.12134971175190239 227.2667694091797 -0.8901176946261357 -0.34506967586411313 0.2976867624072145 -76.28289794921875 0.32125402978187195 -0.01179022492013218 0.9469196581258839 31.428491592407227
-0.36111667072438747 0.9292424536121305 0.07812306016690378 226.9527587890625 -0.8790636741237464 -0.3671760786590329 0.30402102574762035 -77.17733764648438 0.3111941628003229 0.04111191634408504 0.9494566885190303 31.511295318603516
-0.3066611377724347 0.951365920435374 -0.029356975564076182 226.8231964111328 -0.9057049547689556 -0.2821812955794792 0.3163419847760504 -78.20284271240234 0.2926729941198541 0.12359855120202877 0.9481908650971489 31.572914123535156
-0.25633043923640714 0.9665887913691478 -0.0009023970304770923 226.6219940185547 -0.9432252680591102 -0.2499304056048927 0.21877130993115512 -79.25945281982422 0.21123635959675668 0.05692890964794467 0.9757757424893314 31.69586181640625
-0.23221229015682066 0.9718052696485985 0.04088973200375698 226.36029052734375 -0.9488636954680884 -0.23557271380118427 0.21015038409431422 -80.15931701660156 0.2138577558162598 0.010000719752091602 0.9768136188043618 31.82076644897461
-0.21618986658871525 0.974904995824374 0.05312429482855212 225.8885498046875 -0.9461805027910445 -0.22262070622016245 0.23490950874777766 -81.10079193115234 0.2408410216770383 0.0005198833653035501 0.9705644399002298 31.95831298828125
-0.22114243775362957 0.9751044299886833 -0.01635153940234438 225.52099609375 -0.9537726190828046 -0.21274511986585126 0.21226706070700496 -82.0382308959961 0.20350384102593447 0.06253690582135445 0.9770748804968745 32.06672668457031
-0.25373682861719304 0.9666221583118915 0.03548555852385281 225.2036590576172 -0.9336531470837424 -0.2543408327905323 0.2521954434878675 -82.9848861694336 0.25280313040766106 0.030860068630498533 0.9670254564489025 32.172096252441406
-0.2506206416668423 0.9601527159000566 0.12367722555202082 224.81277465820312 -0.932186556810697 -0.2738171261681085 0.2367538906089096 -83.74188232421875 0.26118483354114874 -0.055954835061711936 0.963665678106935 32.28071594238281
-0.1927557554352906 0.9636434052360228 0.18503136569698786 224.44439697265625 -0.9084384238301595 -0.24653296122906349 0.3375812926342401 -84.6814956665039 0.37092431688357363 -0.1030188651303786 0.9229313433683477 32.441978454589844
-0.22234483119257725 0.9670231504099692 0.12421353635221252 223.88778686523438 -0.9285024758537402 -0.24888483816324397 0.2755712061626366 -85.60625457763672 0.29739860183837263 -0.05406074272181159 0.9532216466913386 32.482933044433594
-0.19390809917790597 0.981010800743933 -0.0041782648263415795 223.88414001464844 -0.9506749744099353 -0.18685734682168664 0.2475912457447333 -86.79579162597656 0.24210894676546013 0.05198211964231124 0.9688555708327286 32.59420394897461
-0.1397899259831581 0.9869182915593037 -0.08031850583326568 223.8667755126953 -0.9763575226567928 -0.12387744951552748 0.1771450407237477 -87.79613494873047 0.1648780292977614 0.10318266950991867 0.9809019177102741 32.71123504638672
-0.20706891584981357 0.9768849402423494 0.05308745253337957 223.50621032714844 -0.9239034863584377 -0.21310809419031207 0.31778497145915663 -88.7010726928711 0.3217527186886022 0.016755707035934042 0.9466754640837687 32.83192443847656
-0.18675253919120022 0.9758543712703065 0.11327724916448995 223.33456420898438 -0.9120083337664417 -0.21507630712264164 0.34926062081924686 -89.55767059326172 0.36519075597035294 -0.03808448748666321 0.9301533656159506 32.94327163696289
-0.14962136569755596 0.9861290322900043 0.07185386977454804 223.00985717773438 -0.9375080317321483 -0.1645830946909272 0.30657967215663606 -90.56710052490234 0.31415304767662433 -0.02149271078148976 0.9491290354945168 33.00673294067383
-0.09046180641974261 0.9957847077654436 -0.01514851015007418 222.70574951171875 -0.9496108317696066 -0.08166371977601544 0.3026058576071855 -91.39630126953125 0.3000932017975629 0.04175946183602369 0.9529953922144916 33.10173797607422
-0.030380126411203523 0.9900480131616548 -0.13741171548998107 222.52891540527344 -0.996476227456221 -0.019246656426569364 0.08163757915945032 -92.24951934814453 0.0781804069691199 0.13940766783451264 0.9871440250110848 33.204132080078125
-0.13284796813114802 0.9866685444619432 0.09400319533279816 222.47201538085938 -0.8561996254633966 -0.16202070402310093 0.4905828093443536 -93.0736083984375 0.4992730903220853 -0.015312571214836562 0.8663093595494773 33.30488586425781
-0.1906163534930339 0.958505861842702 0.21197150420327215 222.2147216796875 -0.8547495685556368 -0.2682492219348181 0.44434843308525057 -93.94105529785156 0.4827717688877131 -0.09648247376878233 0.8704151603806569 33.4150390625
-0.1417385255557575 0.9808582602131467 0.13351877675038315 221.89125061035156 -0.8679718935784361 -0.18799613405744742 0.4596544849529026 -94.92274475097656 0.47595691226322556 -0.05073979652199098 0.8780036963007405 33.510372161865234
-0.22541388277423874 0.968499228955721 0.10581977586829178 221.66424560546875 -0.822575147014321 -0.24739497381738423 0.51202134178593 -95.79597473144531 0.5220715554088444 0.02837200102335949 0.8524296572685166 33.60530471801758
-0.171360964360861 0.9846323286513623 0.03368378345600989 221.5317840576172 -0.8773027577897727 -0.16806070318438537 0.4495502988761426 -96.84961700439453 0.44830267796185985 0.04748449662537804 0.8926197015036467 33.66160583496094
-0.1835277449770466 0.9787429908681129 0.09154083597051824 221.41062927246094 -0.8620407050084342 -0.2049981088431555 0.46353165833553533 -97.83684539794922 0.4724440598972558 0.00615899320270466 0.881339138510555 33.77705764770508
-0.2004403337189864 0.962714127943653 0.1816732794780587 221.18435668945312 -0.8830262126473188 -0.2578505433934535 0.39214513263514106 -98.81282043457031 0.4243682132256762 -0.08182056666506421 0.9017854592275562 33.877986907958984
-0.16633479110785077 0.9717690004486425 0.16732527314830137 220.9877166748047 -0.8971798014637152 -0.21955431485170362 0.3832287915534627 -99.84581756591797 0.4091468454144991 -0.08637657435349569 0.9083710399887915 33.986473083496094
-0.11294372334997321 0.9801728042927831 0.1628035290792746 220.85986328125 -0.9069308889160181 -0.16862725306880527 0.3860585606517103 -100.78543090820312 0.4058572139137678 -0.1040486580753957 0.9079943825084291 34.121849060058594
-0.09842577438502842 0.9846589483634008 0.1440802635498319 220.6605987548828 -0.9114517766975528 -0.14731548839010922 0.3841273299769985 -101.78536987304688 0.3994596671650115 -0.09351418228410655 0.9119687889506707 34.26693344116211
-0.133926968273403 0.9758418652880189 0.17261581943812412 220.5693359375 -0.9158123569671507 -0.1884239723922556 0.3546605890907455 -102.65460968017578 0.3786176091987363 -0.11058508298646189 0.9189230900491674 34.31111526489258
-0.12723552732896187 0.9860612982308912 0.10721117813236869 220.42100524902344 -0.9145362002580915 -0.1584711510065167 0.37216989764912745 -103.64641571044922 0.38397221123775765 -0.05069527029101731 0.9219519133703815 34.41106414794922
-0.09142943493449412 0.9956211319559034 0.019473572615335416 220.3345184326172 -0.9508997743478163 -0.0930958139629649 0.2951656968007044 -104.66459655761719 0.29568611325666183 0.008469417064866314 0.9552476073781866 34.453033447265625
-0.08202680662049883 0.9961133684282202 0.032089877441782766 220.31765747070312 -0.9437841190644507 -0.08798262893432002 0.3186386568003715 -105.70402526855469 0.32022357751636976 -0.004149005229099584 0.9473329119999088 34.65104293823242
-0.09150977534891391 0.986197513172901 0.13798705021550783 220.2403106689453 -0.9208419045463141 -0.13654991930339488 0.36524554257342207 -106.61622619628906 0.3790463663552369 -0.0936407205750901 0.9206276487283388 34.675968170166016
-0.0024997902553107187 0.9921940181414338 0.12467871275015355 220.2029266357422 -0.9075762099486114 -0.05460147348358246 0.4163221135475934 -107.5660629272461 0.41987995211011575 -0.1121147156165394 0.9006281787498263 34.775733947753906
-0.04776633971092398 0.9900802141403937 0.1321345766948713 220.13925170898438 -0.9171248286730149 -0.09588121223374879 0.3868964225371951 -108.58365631103516 0.3957277162672759 -0.10270327506121235 0.912607041321503 34.85824203491211
0.012641197607203614 0.9702129708481635 0.2419235237033307 220.1581268310547 -0.8746087593944303 -0.10654200545525416 0.47297813804034095 -109.64912414550781 0.48466454183650665 -0.2175674430413543 0.8472099442374693 35.000762939453125
-0.037424870785820186 0.9722597953105072 0.23089016754603361 220.07470703125 -0.9101559687011431 -0.12855640089018266 0.39381387028372483 -110.38644409179688 0.41257180185314224 -0.1954076308973973 0.8897192625220149 35.070037841796875
-0.09366243647627065 0.9851673980653487 0.14377950404170864 219.97784423828125 -0.9246077117288233 -0.13962855381106892 0.3544071759603903 -111.30323028564453 0.36922611961360235 -0.09974499862038483 0.9239713241466434 35.065391540527344
-0.01585123499622182 0.9997164535020043 0.01776938227597563 219.97503662109375 -0.9469957953082843 -0.02071338984969967 0.32057747760777733 -112.28582000732422 0.3208546431291359 -0.011745981368517566 0.9470556107769836 35.20509719848633
-0.044430266212827196 0.9747587745434156 0.2187950705451935 220.1545867919922 -0.9296338701925051 -0.12053365215207229 0.3482133054462283 -113.14824676513672 0.36579614382215997 -0.18792809835014598 0.9115241143356198 35.233642578125
-0.033790647430195275 0.9872591507072837 0.15549135503616104 219.86363220214844 -0.9298125706486027 -0.08810356068519665 0.3573322628289073 -114.10787200927734 0.3664788883552307 -0.13250332803112191 0.9209430451719538 35.372798919677734
0.028814692213855297 0.9987335295897907 0.0412437920872884 219.96597290039062 -0.9472626113407444 0.014108847992606088 0.32014759965402706 -115.03457641601562 0.3191602397989675 -0.0482936567412349 0.9464694733851828 35.43510055541992
0.058036510571388644 0.9979496532083516 0.026986165011504387 220.16049194335938 -0.9513316338889302 0.04708988411930687 0.30454993872245145 -116.07034301757812 0.3026547303494789 -0.04334780819097206 0.952114006683088 35.49835205078125
0.06715126941308175 0.9977044759765052 0.008745606477459145 220.16639709472656 -0.954445033401089 0.06168057416826639 0.2919420918371773 -116.94426727294922 0.29073249772291637 -0.027951482728468258 0.9563960107513385 35.567806243896484
0.06513671815916622 0.9952961700931909 0.07171291198437801 220.2493438720703 -0.9456943949055944 0.038635618108546654 0.3227528473267312 -117.94235229492188 0.3184640001500877 -0.08884156015737422 0.9437626066957774 35.67833709716797
0.08771694209584596 0.9857129053271564 0.1437908423400132 220.2744598388672 -0.9215373141187798 0.02548644483011203 0.3874524742683506 -118.82867431640625 0.3782521867168771 -0.1664947728951819 0.9106068162727987 35.746315002441406
0.05395527992930427 0.9754499412448041 0.21350934380784914 220.31651306152344 -0.9328604514277232 -0.027028172001855033 0.35922257178565825 -119.75501251220703 0.35617440381056953 -0.21855637726624694 0.9085003599484367 35.80080032348633
0.07388208596116874 0.9807667684384268 0.18065985525531633 220.3595428466797 -0.9445282654348502 0.010686531681442402 0.32825623198235643 -120.72472381591797 0.32001217659435954 -0.19489059486662486 0.9271514778416058 35.876407623291016
0.004868248674675946 0.9790136186139248 0.20373667986720115 220.4065399169922 -0.9751914522038198 -0.040441996028805716 0.21763748874174055 -121.73123168945312 0.2213095833972101 -0.19974178212300742 0.9545288307698613 35.969078063964844
0.046309316336129225 0.9692190861900901 0.24180531463416383 219.8328094482422 -0.9674212137602246 -0.0167999701170628 0.25261424380022474 -121.8148193359375 0.24890086859465538 -0.24562598390421245 0.9368651096310042 36.0093879699707
0.08323654177977058 0.9819743366856134 0.16969997113551225 219.49374389648438 -0.9683656407761526 0.03950329606835146 0.24638887021115072 -122.39631652832031 0.23524383918975564 -0.18484017877773587 0.9541983255239337 36.13883590698242
0.08301384284021607 0.9825240370744017 0.16659897499060386 219.94895935058594 -0.9721315293701402 0.0430605721004077 0.2304475574504053 -123.86943054199219 0.21924641730567038 -0.18108645366621307 0.9587172183690156 36.25898742675781
0.05024763880063415 0.9986720919686684 0.011367828195600053 219.88758850097656 -0.9907593816870913 0.04840731008300464 0.12669877635376112 -124.71417999267578 0.12598024604664632 -0.017629096784903903 0.9918760973793929 36.347984313964844
0.09198232181359317 0.9941233017912964 -0.05707988533057544 220.28482055664062 -0.9936764829627679 0.09534570651802315 0.05929792117201863 -125.98295593261719 0.06439176717969865 0.05126457923508259 0.9966070656157948 36.42162322998047
0.1597939340051191 0.9841275246338698 -0.07719400179534361 220.37648010253906 -0.9867301878525608 0.16151823333501925 0.01659508001740512 -126.95552825927734 0.028799913812674112 0.07351785877149943 0.9968779711710136 36.49603271484375
0.15639317109480977 0.9833017202980847 0.09305322613288045 220.6778106689453 -0.9717211577849616 0.13630416881829044 0.19281899563012153 -128.26889038085938 0.17691570746534466 -0.12057736280737938 0.9768121272949339 36.512237548828125
0.21608124075628932 0.9669613438155935 0.13525774269728133 220.7083282470703 -0.9367539658941535 0.166250759063721 0.30798164310931225 -129.29660034179688 0.27531964109884666 -0.19325228246279016 0.941728543980761 36.72023391723633
0.1582668798334108 0.9774567846385928 0.13974916426147416 220.9335174560547 -0.9609871227039791 0.1199684187583947 0.24922144469876178 -130.29330444335938 0.22683770573898032 -0.17374064770396774 0.9583104103527633 36.77782440185547
0.09872919796065555 0.9713271193739047 0.21627799850848942 221.1986541748047 -0.9704442705660109 0.04588566500125052 0.23692282176480214 -131.1247100830078 0.2202055021920408 -0.23327694467346202 0.9471490927452582 36.83289337158203
0.0906428575941936 0.980261659827679 0.17570131086318747 221.23776245117188 -0.9763294021372091 0.05267924255801487 0.20977558467541887 -132.1472625732422 0.19637915085252494 -0.19055701423825241 0.9618332773589422 36.89118194580078
0.1126183718081682 0.990847155532985 0.07442457056288339 221.3042449951172 -0.986175110406343 0.1022955914417803 0.1303620481068525 -133.10946655273438 0.12155555909259831 -0.08807682069516802 0.9886691659548794 37.00251388549805
0.08673772441367145 0.9958411531822949 -0.027874088184103658 221.55703735351562 -0.994530933947786 0.08818976860187122 0.05595342826755924 -134.23341369628906 0.05817893591741327 0.022868369913607866 0.9980442119831225 37.05582809448242
0.03496021545764755 0.996585689669967 0.07479803794345889 221.6981658935547 -0.994960485187204 0.027669896428469454 0.09637432099725085 -135.15585327148438 0.09397561519457177 -0.07779035914992313 0.9925307268654848 37.1239013671875
0.10819127140825852 0.9885327730919798 0.10534517223938106 221.7063446044922 -0.9845081612580308 0.09183322685298517 0.1493664582900047 -136.2509002685547 0.13797945212022 -0.11987332884694782 0.9831541363508346 37.22819900512695
0.12668241116161966 0.9800074741061227 0.1534174611914031 221.9060821533203 -0.9773747576433578 0.09690993956068644 0.18800810284647818 -137.37771606445312 0.16938166909044838 -0.17376367373672041 0.9701113523022254 37.32830047607422
0.09558837741764586 0.9764674169341201 0.19332419861121578 221.96939086914062 -0.982769739256641 0.06171110757176207 0.1742279506959199 -138.2745361328125 0.15819766655704873 -0.20664733936896823 0.9655414933743818 37.3784065246582
0.12704796029905452 0.9851886958596865 0.11516097140151343 222.04774475097656 -0.9823270110773012 0.1088827930861006 0.15224381983419014 -139.28306579589844 0.1374498420944375 -0.13246799960767783 0.9816108037242431 37.438926696777344
0.10326104475753872 0.9917668163860127 0.07573465885005964 222.07508850097656 -0.9886794149093321 0.09400957522080067 0.1169410719180641 -140.33636474609375 0.10885849149295981 -0.08695275546156056 0.9902469627055261 37.49138641357422
0.13510195143264198 0.9817012226795644 0.13420198250599977 222.2851104736328 -0.9771267170717425 0.10955602304736617 0.18226589532505566 -141.32034301757812 0.1642280168049631 -0.1557568207286396 0.9740477253670969 37.52910614013672
0.11124714631290616 0.97531481447493 0.1907487486275286 222.2671356201172 -0.9752671489086986 0.07025538333654852 0.20956662275212884 -142.36856079101562 0.1909923053338362 -0.20934467697547954 0.9590082093106915 37.59394836425781
0.13408781281280818 0.9841781044392777 0.11581846656465418 222.3253936767578 -0.9787318645882619 0.11321364117952887 0.17107486282460524 -143.2583465576172 0.15525590389631536 -0.13629427791797974 0.9784270407711322 37.615821838378906
0.10126788783127783 0.9927490664486135 0.06476191751020059 222.43943786621094 -0.9881557285535073 0.09282805986924803 0.12219331989842255 -144.1622772216797 0.1152955810995316 -0.07636911919301931 0.9903911785817783 37.645477294921875
0.11171107988018547 0.9861061703650691 0.12294411494634547 222.6505126953125 -0.977990031021452 0.08715590495497183 0.18957675873940721 -145.11962890625 0.17622750595370265 -0.14141594322924594 0.9741382844062338 37.7015495300293
0.14214337041562458 0.9707884272396433 0.19330052194566524 222.80799865722656 -0.960596147359947 0.08816487794239741 0.2635943777371387 -146.15550231933594 0.23885205446910798 -0.22315192993783906 0.9450676760110381 37.73017501831055
0.18677950106319002 0.9565189395017011 0.22401994633765904 222.83660888671875 -0.9260156495034078 0.0952772353559253 0.36526328216467924 -147.1820526123047 0.3280372461434346 -0.2756696697090078 0.9035473415074381 37.82466125488281
0.15950768121176684 0.9770513388748774 0.14116650040733833 222.76141357421875 -0.9562109783382202 0.11736763561342733 0.2681145333919396 -148.22018432617188 0.24539328544177633 -0.17775128498360684 0.9529882560382198 37.82973098754883
0.27692125080358815 0.9585116056334553 -0.06760268278220677 223.06512451171875 -0.9593836410203329 0.27974254574522756 0.03642989764668659 -149.31053161621094 0.053829826267089584 0.05476869512736896 0.9970470098436182 37.87004852294922
0.05201865495962499 0.9972269220417604 0.053221475846773114 223.05538940429688 -0.9787963537003226 0.04033936383085235 0.20082438524411184 -149.88870239257812 0.19812056309011644 -0.06253960090086357 0.9781804745546787 37.86492156982422
0.10431312990813946 0.9886161691472308 0.10842896766741633 223.3719024658203 -0.9754398704736089 0.08043290426758642 0.20505513161467173 -150.80325317382812 0.19399956190465145 -0.12715588075954362 0.9727258359728439 37.96354675292969
0.1448533479428224 0.974711709748515 0.17016048445183152 223.7118682861328 -0.9576970008581367 0.09489578598445586 0.2716822488675364 -151.78012084960938 0.24866435638644568 -0.2023162689491844 0.9472244534329736 37.90767288208008
0.17639825777971901 0.9506273794259625 0.2553257529862717 223.77098083496094 -0.9308166589866897 0.07674601240499107 0.35733793100199895 -152.8591766357422 0.3200999875119276 -0.3006952528153044 0.898397664138328 37.98678207397461
0.2203637373813852 0.9745421921627908 0.04131995815402571 223.7147674560547 -0.9555365926737391 0.20716932156756845 0.2098349166909415 -153.76707458496094 0.19593275200631682 -0.08572273849904666 0.9768633316874247 38.037017822265625
0.2798456680425444 0.9528923813860026 -0.11697226839868713 224.09690856933594 -0.9585308361476956 0.28416296451405043 0.02168053856770047 -154.7867431640625 0.05389840657961131 0.10605432143528598 0.9928985057260785 38.021453857421875
0.26409022164958657 0.9644901243334358 0.003892928505118451 224.42306518554688 -0.9435981386764942 0.25752981864319086 0.2080887916151683 -155.54661560058594 0.199697039325394 -0.05862757519187488 0.9781021929797484 38.134315490722656
0.24290727379800547 0.9700216246553934 0.007355544638704387 224.513427734375 -0.9514165307430167 0.2367555381833466 0.1968588330973149 -156.5568389892578 0.18921585917925424 -0.05481662923260687 0.9804042512120352 38.106231689453125
0.25066271829041253 0.9679444706795485 0.01586516120782537 224.51101684570312 -0.9517549116080432 0.24340752107275843 0.18685654100186266 -157.5186004638672 0.1770050561120428 -0.06193771360087201 0.9822590950175363 38.034446716308594
0.22410823439235683 0.958123099032767 0.1782571916568496 224.87945556640625 -0.9333605371997901 0.1583892934854899 0.3221039262525164 -158.4178466796875 0.2803811813864469 -0.23856437036786046 0.9297706353264372 38.13714599609375
0.17334068843301448 0.9617748959352169 0.2119954133522044 225.04905700683594 -0.9540679421813546 0.11057845009547224 0.27843629087516447 -159.2554473876953 0.24435091044521323 -0.2505223661138593 0.9367663404720035 38.200462341308594
0.2784408728725191 0.959697147448978 0.038105977120184306 225.1973114013672 -0.9389742018588566 0.26365587082296044 0.2209367104491906 -160.30084228515625 0.20198546620366709 -0.09729833995953258 0.9745434338620348 38.280338287353516
0.24058573714735043 0.9560986819146758 0.16731351864773542 225.56942749023438 -0.9359705236670796 0.18287136762127054 0.3008608344911305 -161.18699645996094 0.2570557953200809 -0.2289833473101182 0.9388764267713909 38.295841217041016
0.2534768261938523 0.9317000039205848 0.2601626438923804 225.7395477294922 -0.9240126287574096 0.15361189223731425 0.35014860910775175 -162.1582489013672 0.2862693844607086 -0.3291481266203011 0.8998396247458951 38.2834358215332
0.2904230799562206 0.9220676573167061 0.25582351330404374 225.97042846679688 -0.898047954245184 0.17033049462066668 0.40558278375483237 -163.18524169921875 0.330400221708132 -0.3475323840058082 0.8775288801871177 38.347415924072266
0.37064205691814 0.9274609399647985 0.049403142441581796 226.15426635742188 -0.8999219094942202 0.34546361489893096 0.266074139279337 -164.33578491210938 0.22970638314110292 -0.14307723655626034 0.9626857648909416 38.426029205322266
0.37258758596108665 0.9277015349124861 -0.023416936364681097 226.51661682128906 -0.9205376470728536 0.3726680058231818 0.11717080590892824 -165.2003173828125 0.11742627946615977 -0.022100216215924326 0.992835660788806 38.44447326660156
0.3696431715903173 0.9290917622681899 -0.01234597027541004 226.81295776367188 -0.9165873620006689 0.36678342861956975 0.1591776501608452 -166.09207153320312 0.15241894080889923 -0.04752277112567201 0.987172757275661 38.450557708740234
0.35050910265436735 0.9322724474665446 0.08950671846944776 227.22177124023438 -0.9048564894943899 0.31243890735961394 0.28916545884289063 -166.9981689453125 0.24161560871830923 -0.18234586055808716 0.95308545511985 38.44432830810547
0.33892687065775196 0.9262920170325221 0.16465623440357746 227.42587280273438 -0.9049072557355592 0.2730716163973056 0.326457885239892 -167.9739532470703 0.25743238891655257 -0.25964397065979633 0.930759675553648 38.465911865234375
0.3839136993266254 0.9213821294474005 0.06054125043570671 227.80892944335938 -0.8988961523304153 0.35793924666449756 0.25271565646557514 -168.90231323242188 0.2111776001258658 -0.1514412996253844 0.9656446313074257 38.48283386230469
0.33048376235175814 0.935512068852163 0.1248905595062024 228.2244873046875 -0.92037421383155 0.29013676797520926 0.2621678133998443 -169.7349853515625 0.20902581021439107 -0.20158825586041768 0.9569066755767628 38.49311447143555
0.4044782812100866 0.9140702064624747 0.02954619581237316 228.6781768798828 -0.9019541552836138 0.39335740029740124 0.17818152933986436 -170.96871948242188 0.15124821253805623 -0.09871987281656625 0.9835539461133407 38.47981643676758
0.34287244223312013 0.9322405236287347 0.11561182665072978 228.80967712402344 -0.9197332966843753 0.3081084357769061 0.24322798928823747 -171.77220153808594 0.19112600902856358 -0.1897282211678874 0.9630545419472786 38.48698806762695
0.3766013889970161 0.9258585668240708 0.03094039502003415 229.1270294189453 -0.9153229405860118 0.36675672305454576 0.166353300331756 -172.88613891601562 0.1426720303440529 -0.09096933732180756 0.985580677278495 38.490745544433594
0.3494418903469923 0.9331960276119178 0.0838781218200398 229.7112274169922 -0.9261045576519695 0.3304207721152012 0.18207817455984154 -173.69236755371094 0.14219955543872304 -0.14130565241394666 0.9796999535719588 38.488243103027344
0.3163418164198367 0.9349138053154442 0.1608229828562882 230.08151245117188 -0.9425890665234562 0.2906469850820773 0.16446939451806222 -174.66574096679688 0.10702199238772186 -0.20361853229334106 0.9731833262299904 38.415992736816406
0.3830863955180316 0.9237111076480331 0.0016134362848871583 230.5339813232422 -0.9173174218903672 0.3802284327877651 0.1181316485797497 -175.65223693847656 0.10850604160788327 -0.04673466066425619 0.9929966316293245 38.507728576660156
0.3780839332619142 0.9257395782631059 -0.007666332007395554 230.9785614013672 -0.9188403317183425 0.3762518754291813 0.11902508577501857 -176.73196411132812 0.11307070450354101 -0.03795733754191745 0.9928616501355072 38.50810241699219
0.37245362877587695 0.9166716737644858 0.14488387394564545 231.5654754638672 -0.9210698364753767 0.34600706594339214 0.17863221056816195 -177.58755493164062 0.11361624332332199 -0.1999803811254032 0.9731902159485751 38.53593826293945
0.34462895427919493 0.8985523109657835 0.27172528099254717 232.12745666503906 -0.9386441939184879 0.3339557688040604 0.08614303051089676 -178.41761779785156 -0.013340205978203123 -0.28474073986793513 0.9585117369985201 38.37671661376953
0.34518368290504836 0.9202939061866234 0.18413948868146982 232.41453552246094 -0.9366207933513145 0.3252593991603758 0.13018376519284272 -179.4362030029297 0.059914226341169725 -0.21740618549985516 0.9742406458305574 38.410423278808594
0.3640307926730572 0.9189793838453761 0.15152054003665094 233.01303100585938 -0.9280791815710392 0.3442073144543874 0.14209277747488974 -180.51419067382812 0.07842585492205821 -0.1923492052057173 0.9781876959645694 38.45083999633789
0.35804982610283337 0.9135443640224802 0.19296895343679726 233.56109619140625 -0.9332646781175248 0.343827303850532 0.10392220987386107 -181.45291137695312 0.02858955413999427 -0.21730043738942634 0.9756859931886079 38.42414093017578
0.38409167647557707 0.9127322846817799 0.13926004653797347 233.9049835205078 -0.9220736303947693 0.371439939101433 0.108685747782005 -182.59396362304688 0.047474247680089524 -0.1701533077548058 0.9842733602344967 38.46003723144531
0.47593496978005634 0.8591449273106151 -0.18803164206296535 234.53866577148438 -0.8794631660525467 0.46357983083274856 -0.10788086022048185 -183.76361083984375 -0.005517616993579097 0.21671117719563618 0.9762201706486063 38.505619049072266
0.4642451682862972 0.8590964678349589 -0.21547548045270734 235.18905639648438 -0.8852670289201745 0.4577386811858892 -0.08232610310861084 -184.6510009765625 0.027905397859093878 0.2289728339775275 0.9730327487143612 38.46780776977539
0.4653653758541343 0.8644386386182928 -0.1902127940489096 235.87710571289062 -0.8851171981887084 0.45409933006454484 -0.10179068673263911 -185.64620971679688 -0.0016163003158685962 0.21573047651800173 0.9764516112304822 38.451904296875
0.4687765177347031 0.8833062105745029 -0.004326058372008897 236.55972290039062 -0.883241575018511 0.46866705513219453 -0.015346386953833693 -186.6910400390625 -0.011528077868661439 0.011014980446142589 0.9998728787333044 38.47096252441406
0.5261884013603859 0.8474154677931933 0.07080106792022911 237.13462829589844 -0.8500828226172654 0.5220294185873076 0.06960230470652902 -187.73422241210938 0.02202182928060999 -0.09681069710647204 0.9950591580207153 38.49578094482422
0.5066969528698326 0.8585508235625824 0.07841352761123924 237.6903839111328 -0.8619101066545888 0.5024443807156759 0.06826867754627167 -188.72030639648438 0.019213693010519256 -0.10217694283571474 0.9945806686004133 38.46691131591797
0.5509474933102295 0.8343497730033345 -0.017813363086702477 238.1364288330078 -0.8341129196644133 0.5498574222486754 -0.04373159552256969 -189.81707763671875 -0.02669263688889572 0.038952169224908316 0.998884493647084 38.48478698730469
0.5435544350198256 0.838114981700892 -0.045954908538614114 238.76190185546875 -0.8386101714976429 0.5399103281985769 -0.07231747897430897 -190.69244384765625 -0.03579883281578887 0.07784674015666428 0.9963224019442746 38.48457717895508
0.5328761361594007 0.8433712267433642 -0.06905068727551451 239.25338745117188 -0.845415855019017 0.5271140468956181 -0.08615575226175458 -191.7941436767578 -0.03626369526527311 0.10428689019583016 0.9938859033807604 38.45368194580078
0.5650070230857528 0.823551139996697 -0.05030490705603555 239.8837890625 -0.8244502777745659 0.5611282309320231 -0.07359923864102932 -192.82403564453125 -0.032385233382155584 0.08305798132171813 0.9960183574601145 38.42890167236328
0.5551970092871069 0.8312831912366013 0.02691722211046815 240.44818115234375 -0.831344017856087 0.5536845417864955 0.04796407157004747 -193.72373962402344 0.024968076689049924 -0.0490069806677644 0.9984863098672305 38.46216583251953
0.5471549424600946 0.8351223201812137 0.05649937412606553 240.9518585205078 -0.8352662403970001 0.5403745636332642 0.10161514961470985 -194.69674682617188 0.054330254872872456 -0.10279125115157278 0.9932180939210395 38.453060150146484
0.5276754660945403 0.8490776536311715 0.02501480733673046 241.41236877441406 -0.8477681893903577 0.524554772685724 0.07830317688588956 -195.5067138671875 0.05336384112584186 -0.06252542328375363 0.9966157092397667 38.43955993652344
0.5659676114191821 0.8229773505619447 -0.04887681747523877 241.9708251953125 -0.823196388438872 0.5673671571939097 0.021028908647363634 -196.5747833251953 0.04503741650742832 0.028333538426101923 0.998583417504313 38.44679260253906
0.576586772570039 0.8168133079253623 -0.019071279277829204 242.5250244140625 -0.813562009299599 0.5761289916392532 0.07869080007940096 -197.52964782714844 0.07526320961575521 -0.029856406159551444 0.996716631891718 38.44729995727539
0.502183819093163 0.8576032270490332 0.11103205301213445 242.93260192871094 -0.8573137333013305 0.4769240360435243 0.19379532124612814 -198.36659240722656 0.11324563803493784 -0.1925101784297113 0.9747385581103378 38.41553497314453
0.5661521124530221 0.8216397368323849 -0.06618102766646666 243.485107421875 -0.8213428318471583 0.5690949542014468 0.039075384524578205 -199.39454650878906 0.06976917756625123 0.03223470118462678 0.99704221871557 38.43000793457031
0.5504908230045552 0.8348279033629173 -0.004714398630064717 244.18128967285156 -0.829749152730384 0.547747172254233 0.10718852005089677 -200.2049560546875 0.09206626597716135 -0.05509452835052894 0.9942275371437141 38.39464569091797
0.5330009138022898 0.8376349911277527 0.1194891104843206 244.82398986816406 -0.8401509348075824 0.5072025469823445 0.19207285877127053 -201.0677032470703 0.10028176617845311 -0.20276389711443374 0.9740792418479606 38.24248123168945
0.5696731396972621 0.815816591750497 0.09957812275829893 245.38844299316406 -0.8145944187307638 0.5443822288202742 0.20020969486356005 -202.11048889160156 0.1091258304900949 -0.19516986849735218 0.9746795758353477 38.369075775146484
0.61597052334988 0.7870664932791345 -0.03326634216983461 246.0707244873047 -0.7841606068768971 0.616639272867522 0.06962865631239598 -203.08250427246094 0.07531571540210459 -0.016803044804423472 0.9970181546485346 38.37991714477539
0.6299462563606278 0.7751232499050368 -0.04849393316574994 246.7918701171875 -0.7737632440699039 0.6317573942256458 0.046615844598595316 -204.00730895996094 0.06676942581487816 0.008157346252065868 0.9977350858211189 38.332515716552734
0.5811043767968357 0.8111547321994501 0.06592195156394981 247.36802673339844 -0.8086574005516556 0.5663968717927221 0.15895846047460974 -204.82962036132812 0.09160192028882641 -0.14567973110167834 0.9850819783883686 38.325984954833984
0.564029354100154 0.8219416566928219 0.07926411991829944 247.9169158935547 -0.8202021092563798 0.546536602293004 0.16901550912683816 -205.6327362060547 0.09560014479460148 -0.16034230679105904 0.9824209672885515 38.271331787109375
0.5878885229731915 0.8084425708203455 0.028419962030055704 248.81552124023438 -0.8056837590277224 0.5820091924102492 0.11017704111532606 -206.54124450683594 0.07253113121521045 -0.08766931980664605 0.9935055738994532 38.09176254272461
0.5715332176246409 0.8167059745666309 0.07963122665634549 249.4911346435547 -0.8172235239601925 0.5577427943752927 0.1451505673723811 -207.3412322998047 0.0741315927099175 -0.14803488247575072 0.9861998684509552 38.16304397583008
0.5588851215707898 0.8182919587281846 0.1343342516545741 250.11734008789062 -0.8268605921447042 0.5376410169835827 0.16505665092618402 -208.1137237548828 0.06284092651220757 -0.20332340528736462 0.9770929386795493 38.128395080566406
0.601142871018653 0.7931487149629751 0.09768502738921739 250.99459838867188 -0.797853293795315 0.5887349715400794 0.12969678047533972 -209.0801544189453 0.04535824294896801 -0.1559046158337944 0.9867301457634196 38.19704818725586
0.6815109954102929 0.730610056901397 -0.041853409531475136 251.94671630859375 -0.7316686246235206 0.6813816807769643 -0.01949432848510259 -210.07566833496094 0.014275394089047816 0.043908425798436845 0.9989335629898045 38.23590087890625
0.6994923683917417 0.7146243233917184 -0.004743730456170386 252.8434600830078 -0.7145679789130459 0.699500679985371 0.009560450414519207 -211.13426208496094 0.01015037308855436 -0.0032977442187699137 0.9999430457827241 38.230247497558594
0.7278721259561161 0.6833563167782903 -0.056800638863775704 253.59951782226562 -0.6856233315207891 0.7239371889937664 -0.07639105750111064 -212.02719116210938 -0.011082216856665685 0.0945467646776604 0.9954587353368943 38.19751739501953
0.7138941964762007 0.6996540377857877 -0.028970737782169374 254.31918334960938 -0.7002124206266257 0.7136896090506231 -0.018700479495733606 -212.8201904296875 0.007592248533944227 0.033635834213118464 0.9994053173857873 38.1153678894043
0.731059385482997 0.6771514100224469 -0.08377435646923777 255.03176879882812 -0.682185940136409 0.7230149611754129 -0.1089573723835167 -213.67677307128906 -0.01321052525173802 0.1368039978258254 0.9905100444727681 38.143470764160156
0.7163312456889838 0.6917998512162521 -0.09100830899890464 255.75076293945312 -0.6977276471264148 0.7089154331659525 -0.10302931162813316 -214.41282653808594 -0.0067584676595960624 0.13730212844781858 0.9905061577994317 38.14094543457031
0.6911976139989047 0.7212823499066148 -0.044694855581069996 256.5098876953125 -0.7226328864036999 0.6904332528071999 -0.03322100097718685 -215.0963897705078 0.0068970928715109195 0.055260249106031965 0.9984481633908997 38.14323806762695
0.683059632306547 0.7281907315921787 -0.05628318697881632 257.17230224609375 -0.7298201603166878 0.6834921192855755 -0.014179438276485379 -215.84205627441406 0.028143779216177445 0.050762006439463325 0.9983141521553579 38.112693786621094
0.6894733328424053 0.7228007248881879 0.04675077967580616 257.9317626953125 -0.7230835007923143 0.6831132942852558 0.10250111244604382 -216.72183227539062 0.042151799263101995 -0.10447650105098008 0.9936336782471836 38.093902587890625
0.6563123449557138 0.7287968184190307 0.19521604268356266 258.65838623046875 -0.7541476756403144 0.6258906817382588 0.19880175512185203 -217.4314727783203 0.022702184587464952 -0.2776977709228435 0.9604002076423352 38.051971435546875
0.6616041609339955 0.7243416003458955 0.19393086459656383 259.28826904296875 -0.7496120985609559 0.6323304771898781 0.19555017082033177 -218.27755737304688 0.019016727527721516 -0.27474972907205586 0.9613277019044901 38.05923080444336
0.7345219769045422 0.6725773464836854 -0.09009538523813528 260.0826721191406 -0.6785826806318139 0.7283563367819086 -0.09498732660824173 -219.19732666015625 0.0017352206732526715 0.13090744694861292 0.9913930750931295 38.07020950317383
0.7549901728846143 0.6513511042932215 -0.07570718449170682 261.0816955566406 -0.6555073241136139 0.7466302889050657 -0.11337265862168003 -220.0295867919922 -0.017320129360657528 0.13522185705550496 0.990663950335022 38.082794189453125
0.7604806521365829 0.6490392968956753 -0.020424710795632066 262.0906066894531 -0.6481829956735774 0.7568325472384598 -0.08404343853134255 -220.81385803222656 -0.03908940835501039 0.07715235917139546 0.9962527448538063 38.13338851928711
0.718803972188001 0.6877921628921438 0.10130543041168945 262.883544921875 -0.6949776352001319 0.7071010495730232 0.1304384615991803 -221.43641662597656 0.018081375456071608 -0.1641646927840303 0.98626721404736 38.001583099365234
0.7118264062037692 0.7022008782502098 0.014734110616541226 263.467041015625 -0.702268029843057 0.7119121471006715 -0.0008420634555021903 -222.31875610351562 -0.011080690022636706 -0.009747891830842424 0.9998910925263194 37.959564208984375
0.6444470007074155 0.7594279771368688 0.08920319961200852 264.12750244140625 -0.7624611044105656 0.647034042179591 -0.00011190066868915077 -223.06068420410156 -0.057802487318773674 -0.06794185604281427 0.9960134420062916 37.928924560546875
0.6419579928082667 0.7638918155245531 0.06602446246796327 265.15325927734375 -0.7620785165322976 0.6451659796828015 -0.054746628205429845 -223.98683166503906 -0.0844172382248674 -0.01517078885664962 0.9963149989114652 37.92119598388672
0.6640726018947464 0.7463437400165158 0.044481469747538305 265.89190673828125 -0.746003826999547 0.6653881018465148 -0.02714708130024173 -224.6912384033203 -0.04985849491081251 -0.015155713749328415 0.9986412943724974 37.91885757446289
0.6835086910024608 0.7246843358672744 0.08745560400974686 266.714599609375 -0.7259190882250358 0.6874069785085539 -0.022652223914505137 -225.57025146484375 -0.0765333043493806 -0.04800270040682719 0.9959108364100759 37.82465744018555
0.7161067228175139 0.6904284377078789 0.10246820941061734 267.51373291015625 -0.6962310594901533 0.7169801301115515 0.03466705678942915 -226.26058959960938 -0.04953254825646623 -0.09616686242921975 0.9941320139869455 37.760955810546875
0.7261178969645928 0.6801112636014652 0.10100232091459777 268.17840576171875 -0.6865518932115491 0.7251689661911842 0.05269220436503881 -226.99105834960938 -0.03740718694789589 -0.10760408726264804 0.9934898402948154 37.69597625732422
0.7016391658629237 0.7123674516577644 0.01533279967269676 268.77996826171875 -0.7098555947278232 0.7007049004512922 -0.07153794180120843 -227.68528747558594 -0.061705069166064906 0.03930974818244555 0.9973200229299739 37.64704132080078
0.7154759258301828 0.6968820574112828 -0.049493409820503174 269.38525390625 -0.694886564198651 0.7025156962459542 -0.1536371030196036 -228.15927124023438 -0.07229704318737343 0.14431595402546327 0.986887046708023 37.601524353027344
0.7170209796465364 0.6923974160706474 -0.08041599943675223 270.0152282714844 -0.694800732191746 0.7006699289380718 -0.16221465170486596 -228.76046752929688 -0.055971933078416025 0.17218440376703117 0.9834732705096042 37.584163665771484
0.7299218962960623 0.6818218140456834 -0.04830154447855742 270.6498718261719 -0.6832268102993077 0.7256671892645365 -0.08129118102931704 -229.1800537109375 -0.020375254496434236 0.09233712317568049 0.9955193140707239 37.57906723022461
0.7287955428655155 0.6823882602983052 -0.05659787015790192 271.1761474609375 -0.6846750542618808 0.7273020392116633 -0.04745328049826049 -229.7703857421875 0.008782184856223538 0.07333488914294772 0.9972687036418733 37.56587600708008
0.7500295096246118 0.6549477873720403 -0.0921907289738684 271.8275146484375 -0.6613387848725051 0.7445969493469039 -0.09058915302972553 -230.22271728515625 0.009313770215283727 0.1289138427002825 0.991612058642201 37.54085922241211
0.7530284843659119 0.6490418512321975 -0.1081331451621538 272.5019226074219 -0.657541542920593 0.7483386767717202 -0.08734039260935629 -230.75363159179688 0.024232644659286977 0.13687183858132634 0.9902923198410577 37.530601501464844
0.7421403895764634 0.664227566624131 -0.08960681835597652 272.9793395996094 -0.6681678882058802 0.7437152129624205 -0.02096080100464377 -231.30966186523438 0.05271921215069282 0.07542825561318177 0.9957566283612493 37.51362991333008
0.7558986639663777 0.6468360988455697 -0.10109535619448304 273.4922790527344 -0.6510002827790227 0.7589927945360008 -0.011338856382566119 -231.90658569335938 0.06939626528479384 0.07438413186074286 0.9948121226100162 37.47483825683594
0.7872244704423823 0.5944105349873989 -0.16417596971757087 274.1793212890625 -0.6142770639549948 0.7792868380857692 -0.1239988414668266 -232.61875915527344 0.05423395463675671 0.19846445495926507 0.9786064266507654 37.44987869262695
0.7916254040742521 0.5908904373152088 -0.15549183487797247 274.8709411621094 -0.6080724914467168 0.7867964175973773 -0.10582647306660278 -233.21827697753906 0.059808567697780576 0.17832523193697256 0.9821522523949966 37.44597244262695
0.7756906437953267 0.6197312941706249 -0.11931952126116782 275.3511962890625 -0.6240859053262137 0.7813549445646439 0.0011105753206441804 -233.72451782226562 0.09391915620123639 0.07360416856391261 0.9928552857634708 37.51033401489258
0.7876376806880567 0.6050781823270588 -0.1162208123879773 275.84197998046875 -0.6072362036208223 0.7942717627471191 0.01991381216029216 -234.1217041015625 0.104360322788453 0.05488861607261303 0.9930237473762262 37.462623596191406
0.8171352705673424 0.554464201644697 -0.15766863571853745 276.5550231933594 -0.5671170441136355 0.8222641751672055 -0.047538242630622805 -234.87396240234375 0.10328701695106163 0.12826174539239646 0.9863471583566544 37.40349578857422
0.8319644207749195 0.5434557059586882 -0.11176358183951055 277.5043640136719 -0.5481704015549895 0.8362447059400543 -0.014282949494910845 -235.58709716796875 0.0856995532292596 0.07314839333967935 0.9936321749662343 37.51280212402344
0.821462103124849 0.564020476388966 -0.08414817492770482 277.9027404785156 -0.5597906546591476 0.8256985389322299 0.06968748640511897 -235.6882781982422 0.10878619437218437 -0.010140267212680996 0.9940134500573282 37.45164489746094
0.8399692515112868 0.5322236545122261 -0.1057810857063753 278.48370361328125 -0.528919802842079 0.8465827903637049 0.0595098413835898 -236.08473205566406 0.12122499196562246 0.005963274071707748 0.992607143176635 37.398681640625
0.8537167831410638 0.5057479242872681 -0.12404310243779612 279.3594970703125 -0.5057557282928872 0.8620151062037266 0.033780171336294136 -236.68612670898438 0.12401127965715558 0.03389681040596177 0.9917016732677711 37.43821716308594
0.8747451662714123 0.47210758997597074 -0.10924887904175538 279.9028015136719 -0.468811941635167 0.8815375084507328 0.05574033167051637 -237.23870849609375 0.12262241828093327 0.0024585934098813322 0.9924503503215568 37.35737609863281
0.8964245087183628 0.412765046053256 -0.16139429025122115 280.7601013183594 -0.42317095072473715 0.9053774595174618 -0.0348998891177148 -237.94097900390625 0.1317172981493474 0.09958249120382626 0.9862727213169163 37.464080810546875
0.9069285619824251 0.3882468969212334 -0.16353877366399597 281.5863952636719 -0.39896941746026804 0.9161989521778855 -0.03745509257176076 -238.3933868408203 0.13529222960652584 0.09921606250591668 0.9858256364839155 37.490386962890625
0.9021222841301874 0.41968672476895047 -0.10019200331585769 282.1678771972656 -0.4158215449398626 0.9076086834857984 0.057783392293995345 -238.90487670898438 0.11518605488321666 -0.010465692231629953 0.9932888009267765 37.46025848388672
0.9040876861621671 0.42175365047895674 -0.06891526708656899 283.423828125 -0.4162202982372153 0.905582394071695 0.08173855199782376 -239.34072875976562 0.09688198524629162 -0.04521488532608936 0.9942683214704601 37.480247497558594
0.888662708989567 0.43340761769949887 0.14978793867120693 284.3253173828125 -0.45751111498685804 0.8600881090485084 0.2256812449824823 -239.44561767578125 -0.03101885418267767 -0.26908415336731784 0.9626170313742571 37.30900573730469
0.9343963621978624 0.3374427795246195 -0.11417446675198646 285.3121032714844 -0.34447373167560696 0.9375579559191608 -0.04819675796323892 -240.03553771972656 0.09078153169496193 0.0843649799347106 0.9922909168503623 37.46441650390625
0.9119370658645973 0.4103252969302918 -0.0019845909746885465 286.54217529296875 -0.4097133109329983 0.9108207304275517 0.0504043635783773 -240.80050659179688 0.022489792053045802 -0.045152494089350376 0.9987269203996265 37.58515167236328
0.9197194565440288 0.3246795755549598 -0.22067916637464313 287.57342529296875 -0.3698232977359594 0.9051586980541645 -0.20956731564962516 -240.85574340820312 0.1317074398280378 0.2743554347089572 0.9525661371997237 37.633670806884766
0.9250661826910973 0.33278126311554457 -0.18305515169080586 288.8043212890625 -0.36789377251521826 0.9048717326546583 -0.21415256147680636 -241.155029296875 0.09437547237413987 0.26545014289274593 0.9594943938618811 37.66905975341797
0.9178614696011351 0.38878342026962187 -0.07986097135083527 289.73114013671875 -0.39445347644818207 0.9158556988987083 -0.07493192719196413 -241.57345581054688 0.04400883479016286 0.10027856659432711 0.9939856294445102 37.67277908325195
0.930885114856404 0.36438548212599414 0.026002372095376227 290.7153625488281 -0.3652324865685898 0.9298073404290574 0.045426208725447816 -242.0259552001953 -0.0076245454752701634 -0.051783492543955444 0.9986292285960019 37.6951789855957
0.9415824180466513 0.3359957389698374 0.023008985625923038 291.8540344238281 -0.33675651264166423 0.9401605604650238 0.05189577766559383 -242.48106384277344 -0.004195380655633902 -0.05661257757958927 0.9983874071926936 37.781219482421875
0.9454480807779536 0.3225368747161667 -0.04580274011030726 292.75225830078125 -0.32559744469131885 0.9401656128981752 -0.10037392258093007 -242.97100830078125 0.010687869935967192 0.10981158760407182 0.9938949565543159 37.813201904296875
0.9445380949154375 0.3145695712276397 -0.0943067977993909 293.7413635253906 -0.3276377801957478 0.9222270521696546 -0.20530647635881427 -243.34999084472656 0.02238910989564219 0.22481825794211735 0.9741434589699572 37.853599548339844
0.9455320060928809 0.31170901035250004 -0.09384411712535495 294.7156677246094 -0.3248356346102122 0.9222687567815978 -0.2095284008241051 -243.470458984375 0.021237606770844027 0.22859972250549906 0.9732888219480669 37.881370544433594
0.9403661242375247 0.3305013142220525 -0.08050114088627916 295.6458435058594 -0.3385820851004571 0.9322018582518791 -0.127913514222582 -243.6949005126953 0.0327677285682612 0.14754177974133295 0.9885128725490817 37.9718017578125
0.928866858643568 0.37040498405011324 -0.002550824271630406 296.5072326660156 -0.36988547374215675 0.9278877527923362 0.04700058012970079 -244.01597595214844 0.019776127734459175 -0.04271376837535548 0.9988916051118892 38.102725982666016
0.9103619270103647 0.40428571983759676 0.0882848717809098 297.3172912597656 -0.41321428487935297 0.8995877153982854 0.14140684946684223 -244.43832397460938 -0.022251216182950194 -0.16521198213171306 0.9860070407144617 38.06803894042969
0.9175761633074336 0.3955734955584447 0.03969375444176567 298.3059387207031 -0.39755730137226974 0.912614376693339 0.09530577935375605 -244.89320373535156 0.001475349317396693 -0.10323085325764618 0.9946563297340897 38.135494232177734
0.9142190949638412 0.40520353417408733 -0.0036799859135732953 299.25018310546875 -0.40474692032031495 0.913552381267314 0.040024707020046846 -245.25975036621094 0.019580012633180446 -0.03510188846271921 0.9991919137641353 38.22072982788086
0.9091868131812425 0.41537263599878455 -0.029067370035095776 300.1354064941406 -0.41510605869875233 0.9096500545454176 0.014957884111939922 -245.64015197753906 0.03265423049045754 -0.001533469575662175 0.9994655320230589 38.27805709838867
0.9238530789765479 0.38093423766561724 -0.03721014699872952 301.2373352050781 -0.3811427550475585 0.924514817933424 0.0015974029811480174 -246.01300048828125 0.03500983776467478 0.012706612280320499 0.9993061859430514 38.35388946533203
0.9248970671165561 0.3704264313212518 -0.08573024097595258 302.1823425292969 -0.3763406410034587 0.9240086805671547 -0.0676437740346577 -246.4945068359375 0.05415844503213476 0.09482730205562091 0.9940194392548636 38.370140075683594
0.9397326042101312 0.32245484808523195 -0.11369038451327068 303.2768249511719 -0.3374635797671913 0.9281866546696157 -0.1568051862150622 -247.23594665527344 0.05496330516952059 0.18572131013849172 0.9810640295338957 38.43585968017578
0.9500277108475738 0.3007272643546354 -0.08372849631694168 304.36279296875 -0.3086811522794733 0.9449644949444217 -0.10843454026208968 -247.51687622070312 0.04651123358002387 0.12886122678374332 0.9905712944471252 38.47374725341797
0.956683212490475 0.2834694177314205 -0.06634998229023423 305.3954772949219 -0.28447875859024857 0.9586629667670296 -0.006095249001367736 -247.9295654296875 0.061879454181950067 0.024706382989968648 0.9977777947968662 38.548683166503906
0.9597590820803354 0.26204170950519007 -0.10097844742275244 306.43890380859375 -0.26629391387437756 0.9633937850367723 -0.030983324321107498 -248.3837127685547 0.08916308539848544 0.05662647289138627 0.9944060472312624 38.57217788696289
0.9598386182458984 0.2596771834878292 -0.10619598532728364 307.25433349609375 -0.2684029297032955 0.9601314302640205 -0.07815052108498116 -248.8285675048828 0.08166819607712766 0.10351520175797638 0.9912693421843093 38.570091247558594
0.9627596813581006 0.24646777121702593 -0.11111900693652779 308.30267333984375 -0.25999939496602364 0.9567357783180035 -0.1306023166086479 -249.31192016601562 0.07412226769702873 0.1546295192954943 0.9851881044723866 38.578922271728516
0.955850141512582 0.265362105187235 -0.12622781033106795 309.30426025390625 -0.28019296030295904 0.9524940394977031 -0.11936083829302112 -249.6136016845703 0.08855739363283958 0.14945921802266698 0.9847941562484068 38.63840103149414
0.9567333319930814 0.2644626208473196 -0.12132952496397315 310.3129577636719 -0.27663929840477025 0.9560038370308499 -0.09760820744388783 -249.9325408935547 0.09017776905386918 0.12694954019948027 0.9878014902861849 38.66916275024414
0.9555277099882846 0.2806597759777637 -0.09053665331044755 311.4245300292969 -0.28321481103196555 0.9589151548059529 -0.016465014291018213 -250.28994750976562 0.08219590170241287 0.041374098559206 0.9957570073626097 38.74798583984375
0.9569027686895185 0.2817519738897173 -0.07037695989158427 312.4456481933594 -0.2805172906720863 0.9594675755479758 0.027055888565733148 -250.65798950195312 0.07514746109035106 -0.006147900563379832 0.9971534798667339 38.8154182434082
0.9612503567503563 0.26098800082800877 -0.0887863450712544 313.4743347167969 -0.26360728587975524 0.9644435074618745 -0.018971550957849713 -251.02328491210938 0.08067806689814501 0.041641137573757356 0.9958700041587465 38.84238052368164
0.9569551930323693 0.26535765837103353 -0.11756730698719906 314.5268249511719 -0.2749570842715504 0.9585657185081369 -0.07450077254543386 -251.44410705566406 0.09292663954576186 0.10361986510713483 0.9902664102239916 38.88584899902344
0.9537816281311441 0.26870614125944553 -0.13452737821336894 315.4670104980469 -0.2814829317530631 0.9556224074381998 -0.08690899570078796 -251.63780212402344 0.10520439615911639 0.12075936423929239 0.9870912880667713 38.93729019165039
0.9650502729898777 0.23483872513734935 -0.11631312814135372 316.62286376953125 -0.24470701215406307 0.9663531712784283 -0.07924661862032746 -251.94729614257812 0.09378938535246795 0.10493960899483508 0.9900460745133113 38.94504165649414
0.9634417227535795 0.25374656704783866 -0.08598096631843431 317.8399963378906 -0.25579446622576535 0.9666366658303196 -0.013518406737446474 -252.4546356201172 0.07968210530533694 0.035017652461008436 0.9962050622789614 39.012542724609375
0.9655824460100213 0.244110102674643 -0.08978194545385793 318.96380615234375 -0.2473051506811434 0.9685832797643789 -0.0262029121941829 -252.93789672851562 0.08056489560522762 0.047504609597957465 0.9956166981640396 39.088069915771484
0.9759564201496118 0.19509427386537875 -0.09719717214865536 320.19635009765625 -0.20290362675960277 0.9760727278910174 -0.07818022841606445 -253.02098083496094 0.0796189940689693 0.09602215459116081 0.9921897810454998 38.93434524536133
0.9842335545442198 0.15551878567331237 -0.08425091935373256 321.3583679199219 -0.1651315277523763 0.9786127281944488 -0.12267317048965728 -253.3170166015625 0.06337103953239999 0.13465153366566854 0.988864538665467 39.1243896484375
0.9779814180180035 0.16941598644029002 -0.1218629129389191 322.3592224121094 -0.18993691385323455 0.964512641517977 -0.18341028626531092 -253.69552612304688 0.08646568549085851 0.20251811743762044 0.9754537904699115 39.15704345703125
0.9878228584924547 0.152988711918895 -0.028292300457773863 323.4884033203125 -0.15551335375194966 0.9763510374167367 -0.1501807196016943 -253.6869659423828 0.004647262055937577 0.15275177825694572 0.9882536603497728 39.18907928466797
0.9829099849469022 0.152744536233671 -0.1027475943389493 324.52880859375 -0.16215808109953822 0.9826055146949311 -0.09050502320437956 -253.52455139160156 0.08713620502291868 0.10561964373103352 0.9905815325516287 39.28388595581055
0.9744835365734691 0.22445861268693787 0.00041004624099109585 325.40740966796875 -0.22215995787943296 0.9642399488257155 0.14452084349183128 -253.9959259033203 0.0320435650680931 -0.14092427853012776 0.98950167137731 39.37224197387695
0.9864636924795787 0.13574978791709089 -0.09198575161414994 326.6280517578125 -0.14324362436748647 0.9864130920452955 -0.08043926851796795 -254.0783233642578 0.0798163360323041 0.09252679029396921 0.9925059927175625 39.40957260131836
0.9774873521595234 0.20180393224238732 -0.06159260750831748 327.8326416015625 -0.20174001823138923 0.9794117570461076 0.007319508443520615 -254.29579162597656 0.06180162952675633 0.005270966834080529 0.9980745340386515 39.49289321899414
0.9689797057632352 0.2359275955476741 -0.07359687138789982 328.7422790527344 -0.23769778316264814 0.9712044846194401 -0.016174453148415365 -254.83883666992188 0.06766161170528433 0.033166530029243066 0.9971569021910557 39.552982330322266
0.9822903583250254 0.18690094168843957 -0.013179147835424758 329.94732666015625 -0.18372305755040508 0.9746122533433946 0.1279718475182786 -254.79708862304688 0.036762617779804704 -0.12328419861801233 0.9916902320306935 39.63496780395508
0.9830434719922938 0.18337134826428197 0.0006934039773851784 330.9717712402344 -0.18024868946836275 0.9655942401956057 0.18745178912458743 -254.98300170898438 0.033703740419635614 -0.1843982427703975 0.9822735596283326 39.700225830078125
0.987814030109153 0.1467625854704051 -0.05180912492558626 332.2704772949219 -0.1474710185065598 0.9890147464506869 -0.010105939032138096 -255.3522186279297 0.049756814811147784 0.017623132784083527 0.9986058704868119 39.74170684814453
0.9916816421484751 0.11385796438020462 -0.060032362712954646 333.4061584472656 -0.11672284551120266 0.9920713175374078 -0.04658624534516026 -255.50575256347656 0.05425217010840774 0.053205872484036965 0.9971087388904686 39.808685302734375
0.9913205440871566 0.11595254874732437 -0.06195631775487334 334.5676574707031 -0.11841498615592601 0.992249746240716 -0.037660750642097146 -255.61790466308594 0.05710928054559365 0.04467043232646996 0.9973680777683486 39.8703498840332
0.989898179513918 0.12764818204313788 -0.06170523329599235 335.6265563964844 -0.1310509829005081 0.9898681166433668 -0.05465118053367871 -255.8659210205078 0.054103919228108095 0.06218563559211999 0.9965970663463557 39.92253494262695
0.9888042023650122 0.1357792061302617 -0.06188906662673098 336.62738037109375 -0.13981737225858223 0.9879488145462245 -0.06639459504669752 -256.0604248046875 0.05212822460047037 0.07430442126378357 0.9958722313533284 39.96630096435547
0.9866505903784122 0.15151234298733457 -0.059704459032964674 337.68115234375 -0.15371874273400032 0.9875207457725971 -0.03425382899781967 -256.33270263671875 0.053769514022435586 0.04297425498158091 0.9976282137001584 40.01366424560547
0.9853990212274444 0.16449762635758605 -0.04392379636045016 338.7062683105469 -0.16464406005322205 0.9863530051536304 0.0002875997097976312 -256.4814453125 0.04337167800748895 0.006948391693195569 0.9990348429357668 40.08696365356445
0.9785616168856073 0.20595067923364094 0.0012164215667201574 339.6355285644531 -0.20559126955523913 0.9764693134854802 0.06511458902473476 -256.7254333496094 0.012222595505499341 -0.06396872317310263 0.9978770518529384 40.10051727294922
0.9740596217358334 0.2234157204843062 0.03596205144765266 340.8128356933594 -0.2259292211045681 0.969130340550678 0.09870344510304604 -256.93133544921875 -0.012800013864384428 -0.10426791867398719 0.994466872641048 40.125308990478516
0.9759497318940711 0.21700673000024298 0.020741262027474734 341.7882080078125 -0.2179951640292732 0.97172887838519 0.0906702562702401 -257.2026672363281 -0.00047882746476252125 -0.09301110711556103 0.9956649560356118 40.17798614501953
0.9709580682931538 0.23305432246360852 0.0540935522724836 342.99859619140625 -0.23751688496302475 0.9661274411202858 0.10091331365003461 -257.4155578613281 -0.028742981297854568 -0.1108307281190436 0.9934235706538849 40.22150802612305
0.9771066473716886 0.21191700576909384 0.018809102262476222 344.12225341796875 -0.21270545042401678 0.9748872484992094 0.06596396041443352 -257.6881408691406 -0.004357868971707918 -0.06845462277671731 0.9976447131110968 40.2607307434082
0.9777700590418812 0.2094360028369337 0.01011297962639084 345.35284423828125 -0.20967938931989416 0.9767476979735412 0.04470445389247079 -257.83221435546875 -0.0005151074374834894 -0.04583115991414239 0.9989490674930589 40.273582458496094
0.9797197147099114 0.19917201251450228 0.021904110108668273 346.5695495605469 -0.200229065817978 0.9772900092623293 0.06937260985213088 -258.0691833496094 -0.007589585653351204 -0.07235155303764444 0.9973503150662014 40.3465461730957
0.9834329782919142 0.18094254772749482 0.010925732459611513 347.6773376464844 -0.18126331584543223 0.9810038112206881 0.06910233497649727 -258.52606201171875 0.001785367361309716 -0.06993794958653148 0.997549745963086 40.38577651977539
0.9773998261586995 0.20797341387868293 0.03790302025683084 348.704833984375 -0.21060022678705229 0.9735001525705443 0.08913471502376934 -258.774658203125 -0.018360945024312417 -0.09510263963094019 0.9952981280164458 40.40572738647461
0.9753821231645795 0.21557665543693616 0.04643726350229604 349.7395324707031 -0.21902801833878238 0.9715194180785071 0.0904253696646307 -258.9371337890625 -0.02562110445595927 -0.09837035085341321 0.9948200003414855 40.442501068115234
0.9786551945820203 0.2054753962607727 0.003724466284823642 350.79296875 -0.20548788436836635 0.9786539200492874 0.0033517383514015337 -259.2239074707031 -0.002956263763817403 -0.004045528845748607 0.99998744702167 40.34788513183594
0.9820443169776508 0.18689888893272974 -0.025646925890065828 351.9989013671875 -0.18787124237780747 0.9812515311900825 -0.04300963641485423 -259.5812683105469 0.01712763204060873 0.04705568884662085 0.9987454161936623 40.3260383605957
0.9811558567931014 0.19037990442430527 -0.03299510072704675 353.13787841796875 -0.19217362466579277 0.9792497370875165 -0.06433700643363069 -259.9358215332031 0.020061970576356124 0.06946541877382167 0.9973826111032673 40.49250411987305
0.9814903455660099 0.1908037388216732 -0.016450982110036726 354.0836181640625 -0.19107554175764932 0.9814294515403398 -0.01692244046372026 -259.7976989746094 0.012916613439088294 0.019752592257677698 0.9997214593057241 40.476619720458984
0.9833173662893813 0.18188904299579256 0.001825703094467111 355.3566589355469 -0.18181477857618278 0.9825129107214533 0.04014681253786945 -260.1468505859375 0.005508488450386514 -0.03980899777351769 0.9991921237936474 40.51203918457031
0.9858811592593839 0.16716236528038392 0.009751074363410158 356.4120788574219 -0.16733311785240035 0.9813985643974784 0.09410890217382818 -260.416015625 0.0061617762997336 -0.0944118712474017 0.9955141541336296 40.56233215332031
0.9852147151349205 0.17126117480067915 0.004644899084834044 357.38543701171875 -0.1713159021804937 0.984539072937848 0.03651952243342981 -260.65423583984375 0.0016812916762365777 -0.03677531596837059 0.9993221449531305 40.59856033325195
0.9824877006940513 0.18632743505389232 7.022217289548622e-05 358.40765380859375 -0.18632587831121172 0.9824808996884021 -0.0037348117788107583 -260.8770751953125 -0.0007648898427593055 0.0036563224290471685 0.9999930231005729 40.5982666015625
0.9893519189192643 0.14418901081842225 -0.019806809182060035 359.6004638671875 -0.14529322343672949 0.9864355054308342 -0.07638633941209216 -261.0797119140625 0.008524069106607648 0.07845076662862932 0.9968815463540522 40.578895568847656
0.9866021803677666 0.16308868846951216 -0.004268183086893806 360.6703796386719 -0.16314445654724744 0.9862392001063148 -0.02676053944821749 -261.28594970703125 -0.00015489180782098447 0.02709833697758445 0.9996327606384142 40.581748962402344
0.9910429199023474 0.13065123135264073 -0.027643926231056104 361.75714111328125 -0.13238961558526896 0.9883538878548369 -0.07503054076449821 -261.4855041503906 0.017519149426100417 0.07801825496809746 0.996797989211013 40.591270446777344
0.9837648044478667 0.17419802837726922 -0.04314923451375473 362.63330078125 -0.1781581412822144 0.9769018163111075 -0.11799372009952963 -261.7342834472656 0.02159829216668349 0.123765456398511 0.992076421238783 40.593868255615234
0.9820337254751161 0.18859274167541368 -0.00652225550058665 363.758544921875 -0.18867627778036317 0.9819031829078506 -0.016352418731772077 -261.8976745605469 0.0033202759541149807 0.017289221578274398 0.9998450172825816 40.63684844970703
0.9794532555126882 0.19941347688205996 0.030092947735385123 364.7846374511719 -0.20116747729228374 0.9766092109602937 0.07593480853581484 -262.0710144042969 -0.014246625756823459 -0.0804283178073525 0.9966585771211847 40.60417556762695
0.979897055971727 0.19850415878204272 0.019946394265024755 365.6775817871094 -0.1989688239629768 0.9796896579947016 0.024891386241321416 -262.3365173339844 -0.014600232488977159 -0.028359706706139846 0.9994911506595792 40.60232925415039
0.9770087718124637 0.21211390413769443 0.021483749043548793 366.725830078125 -0.21262983023562065 0.9767992059381535 0.025531677825085204 -262.622314453125 -0.015569685143648405 -0.02951275910615247 0.9994431359284378 40.60443878173828
0.980730043844749 0.19379405474270572 -0.024747635173037026 367.62945556640625 -0.1951424015646478 0.9777906631178901 -0.07645169868000495 -262.8523254394531 0.00938212192727777 0.079807790759159 0.9967661171620371 40.62120819091797
0.9822254233142061 0.1837898231966992 -0.038138152610672646 368.57513427734375 -0.18654923488161726 0.9783288091918444 -0.0898450002523854 -262.92315673828125 0.020799056716882897 0.09536268659488353 0.9952252796453144 40.60227966308594
0.9815580208383414 0.19107377447892732 -0.005887650999656956 369.695556640625 -0.19116241789572025 0.9812243246360476 -0.025607708347173793 -263.067626953125 0.0008841448861811171 0.026260949124277965 0.9996547308140507 40.62125778198242
0.9803125947954388 0.1962681751110173 0.021587494621304583 370.7305908203125 -0.19705281077523484 0.9794138959375689 0.04380194299311837 -263.1142883300781 -0.012546164793007082 -0.04719347288538909 0.99880697327662 40.629703521728516
0.9822755785255144 0.18742473805380705 0.0025798057732123823 371.7378845214844 -0.18740065680095358 0.9822540952524128 -0.007608297472808404 -263.45599365234375 -0.003960007946570238 0.006989987505378193 0.9999677286851498 40.5892333984375
0.9809554114592716 0.19402033340376817 -0.0090879565724164 372.5711364746094 -0.194231318668391 0.9800702904265814 -0.04167038122569164 -263.6028137207031 0.0008219349788414869 0.04264195174997455 0.9990900802099096 40.69227981567383
0.9785475644426086 0.20565965201763964 -0.012197198671112115 373.5204162597656 -0.20602096580120283 0.9768769565677066 -0.05715569418137727 -263.301513671875 0.0001605421403189991 0.05844244398550495 0.9982907667444504 40.628761291503906
0.9723873018716439 0.23209437201130734 0.024395443006044737 374.5347900390625 -0.2322063965705723 0.9726648235715416 0.0018249323965432223 -263.53948974609375 -0.023305032728885317 -0.007439319002349236 0.9997007212072455 40.61063766479492
0.9732594643993884 0.22488769764547228 0.04681386979020998 375.4962158203125 -0.2270184149785996 0.9727733703623624 0.04663270498753917 -263.6511535644531 -0.03505216423589912 -0.05601333199845507 0.9978145380885222 40.57161331176758
0.9763737664279681 0.2118326279375918 0.04267558988833479 376.5006408691406 -0.21385639658968855 0.9755695755612113 0.050293586837607124 -264.0852966308594 -0.030979184445969293 -0.058231786683665174 0.9978223033940916 40.56279754638672
0.9749793269403011 0.21595432642100806 0.05271660970781587 377.08795166015625 -0.21898943173962102 0.9738279642746567 0.06085001875953631 -264.095703125 -0.038196083901302566 -0.0708718907376314 0.9967538483887975 40.56895446777344
0.9771119254057157 0.2070827420558972 0.048672612140153754 378.15521240234375 -0.20984299325716324 0.9758418412257552 0.06081627326630587 -264.3955383300781 -0.03490277081850732 -0.06963791248837509 0.9969615628164669 40.51568603515625
0.9780672688952929 0.19794719172618258 0.06481764268639421 379.1289367675781 -0.20419030332411575 0.9726443755708389 0.11076659559099346 -264.53558349609375 -0.04111857906237474 -0.12157231575540133 0.9917305251416639 40.53526306152344
0.9803842869346087 0.1892793261193314 0.05495440506029736 380.030029296875 -0.19438377872947243 0.9746437793982414 0.11083523738939724 -264.6999816894531 -0.03258214999920882 -0.1193433700886829 0.9923182773270405 40.509647369384766
0.9785415771365372 0.19594678432622864 0.06372785519181369 380.9400634765625 -0.20151116950091197 0.9746222579713538 0.09749206548840117 -265.03253173828125 -0.04300732939294262 -0.1082419141508058 0.9931938670971829 40.47096252441406
0.9850986088756685 0.17009049222019354 0.025494219884419623 381.9630432128906 -0.1707688786281321 0.9849321985389741 0.027323147206595323 -265.1518859863281 -0.020462670483422842 -0.031269613644483524 0.9993015012393465 40.47776412963867
0.9853337246276079 0.16947178656085993 0.01991895256673179 382.89483642578125 -0.16938119054450168 0.9855313445438859 -0.0061628898454908244 -265.4314270019531 -0.020675188057490183 0.002698607305774648 0.9997826034280636 40.42768859863281
0.9851355026195713 0.17073590042107212 0.01890221642797693 383.7802429199219 -0.17041638448974528 0.9852184703128348 -0.017401771515588176 -265.8221740722656 -0.021593919883329288 0.013921855545981401 0.9996698877940802 40.41840744018555
0.9812126885902617 0.19051861937247708 0.030402556173379707 384.7091064453125 -0.19016333375763086 0.9816496952309517 -0.014205011339792606 -266.0277099609375 -0.03255097915046774 0.00815668593148953 0.9994367925141444 40.3676872253418
0.9863342844961563 0.16434164948708313 0.011683384412057803 385.6838684082031 -0.16333904627617646 0.9846689315612154 -0.06121642900140073 -266.2917785644531 -0.021564674563839023 0.05847150983136287 0.9980561343677 40.31867218017578
0.9856056207669823 0.1672338531357582 0.024787066746575243 386.7058410644531 -0.1663351836790066 0.9854573551843526 -0.03473338140078035 -266.2887878417969 -0.03023519444294443 0.03011045463669708 0.9990891819745468 40.29191207885742
0.9779190680424231 0.20679611548540755 0.030160619675081844 387.40570068359375 -0.20541920833219585 0.9777174236007365 -0.04326185890264465 -266.59906005859375 -0.0384349477326674 0.03611102612339329 0.9986084060256568 40.23298645019531
0.984830191050898 0.1719079797097805 0.023603840932216257 388.3981018066406 -0.17047557062719243 0.9839258687082035 -0.053178611359644565 -266.723876953125 -0.032366257336689214 0.04834802373322716 0.9983060121962135 40.20330047607422
0.9915768011333466 0.12912890874915664 0.010058448161211968 389.60797119140625 -0.12761282566173968 0.9873030548742812 -0.09459198994914333 -266.87933349609375 -0.02214529703540324 0.09251163581498481 0.9954653098215174 40.141414642333984
0.9864575579303997 0.1618064294897592 0.026835904638518517 390.3729248046875 -0.16093134449657787 0.9864439428011188 -0.032085044327640984 -266.94537353515625 -0.03166368204293128 0.027331796259274614 0.9991248090968042 40.11669158935547
0.9815079293700324 0.1884315783591541 0.033700517219017935 391.10479736328125 -0.18711704621419098 0.9815763086532873 -0.03866731574162622 -267.13140869140625 -0.04036577262765657 0.031646335769947694 0.9986836905810107 40.12232208251953
0.9849938359617351 0.1725865183568722 -0.001018233195218845 392.08544921875 -0.1710417118640504 0.9753549083349914 -0.13938269472734413 -267.4312438964844 -0.023062435257404763 0.13746525549495722 0.9902380661294053 40.1378288269043
0.983686746546537 0.17868338477098097 -0.02079982392893807 392.765869140625 -0.17954808534474817 0.9681076075557652 -0.17472877622672198 -267.4194641113281 -0.011084661371656607 0.17561294997647073 0.9843968824020307 39.96479034423828
0.9838866681100978 0.1781334702740686 -0.015345718729594879 393.6663818359375 -0.17830592822941724 0.971251562184553 -0.15772570783582263 -267.4548645019531 -0.013191674399265156 0.1579204537803222 0.9873637171804325 39.9235954284668
0.9781236195524143 0.20800140000047787 0.00309878549191709 394.3614807128906 -0.20671945595813376 0.9735455402497285 -0.09734550625600219 -267.5019226074219 -0.023264810380850178 0.09457535967526301 0.9952458238748042 39.860042572021484
0.9803866184138412 0.1970755375451128 -0.0018195978616027519 395.126953125 -0.19604086545007188 0.9742077046490872 -0.11174671035848623 -267.6148681640625 -0.020249876756660297 0.10991169502678698 0.9937350561330109 39.79890441894531
0.9825828310809803 0.1857749296310794 0.0043192112072950335 396.0296936035156 -0.18430039562519518 0.9772286790445742 -0.10515451975637163 -267.8173828125 -0.023755930570749338 0.10252699338888327 0.9944465150973951 39.763282775878906
0.9848930109810573 0.1731607147019704 0.001060096490742653 396.8842468261719 -0.17187805720265334 0.9783056322886905 -0.11565475902212938 -267.96478271484375 -0.0210639590986191 0.11372535652231741 0.9932889070713331 39.79484176635742
0.9835607328352559 0.18056207287248485 0.002371215841305443 397.66717529296875 -0.1791984812461027 0.9775844586708532 -0.11052841482761523 -268.07733154296875 -0.022275303447198427 0.10828649040949977 0.9938701358080586 39.74814987182617
0.9767543010471513 0.2140114556853655 0.012252845437767194 398.4416198730469 -0.21203787907532134 0.9729790689180899 -0.09138746787457434 -268.27813720703125 -0.031479727176873216 0.08666503494903698 0.995740025555944 39.719966888427734
0.9841401464554526 0.17719761770475564 0.008317235983165302 399.4283752441406 -0.17462667992734668 0.9759767731791025 -0.13028760828435987 -268.4440612792969 -0.031204082941057743 0.12676885459238812 0.9914413561644186 39.686119079589844
0.9774659852171104 0.20899232975152918 0.029706124765318427 400.4648742675781 -0.20573593504150114 0.9746820914826579 -0.08756452235689663 -268.718505859375 -0.047254341347053024 0.07947972476059734 0.9957158232025022 39.69721603393555
0.9666656312481611 0.25063305536623587 0.05235101643119554 401.1361999511719 -0.24803876318972895 0.9673876519363573 -0.05136051826423117 -268.6356506347656 -0.06351637047961355 0.036663366441806816 0.9973071082882393 39.65252685546875
0.9610097958458115 0.2562712021104859 0.10385202577339823 401.86669921875 -0.2601022137241726 0.9652582463845965 0.024967102401336295 -268.8189697265625 -0.09384567493591224 -0.051005771784970365 0.9942793372792391 39.63920974731445
0.9633611409311937 0.23099189595156006 0.13630134316452103 402.911865234375 -0.24909326303252965 0.9589709248308166 0.13537840167816845 -269.0245056152344 -0.09943771143563122 -0.16437003782268889 0.9813738493615021 39.67350769042969
0.9622935840348624 0.240449957397591 0.12718048636813772 403.5980529785156 -0.2547134508993673 0.9606133265112928 0.11109948181627208 -269.4263000488281 -0.09545740440780384 -0.13930489911128477 0.9856378792575496 39.62529373168945
0.957690913387814 0.27308698349937643 0.09083839418234053 404.69781494140625 -0.2712190654040282 0.961967151047302 -0.03254871529420458 -269.85882568359375 -0.09627218173377226 0.006534504506769592 0.9953335959742697 39.56950759887695
0.9446202016771349 0.3162104278007841 0.08777038186936544 405.403564453125 -0.3114367660145547 0.9481121736982074 -0.06395660137668187 -269.7895202636719 -0.10343991182249059 0.03307977380976767 0.9940854657457024 39.5924072265625
0.9403252387679957 0.3268643516185511 0.09459461388945976 406.115234375 -0.32333660549869214 0.9449129845808215 -0.05092043907064385 -269.9876403808594 -0.10602775523651782 0.017295872673797005 0.9942127377518137 39.55150604248047
0.9357598427713217 0.3375658372592842 0.10199422617006158 407.15069580078125 -0.3368616654007541 0.9412333607627783 -0.024575983614821904 -270.45684814453125 -0.10429638076185378 -0.011360726325551802 0.9944813718000626 39.55992126464844
0.9258373840015195 0.3655830158351372 0.09578202815825518 407.9764709472656 -0.36040599984173816 0.9303633789354251 -0.06731640523628495 -270.8757629394531 -0.1137218258000636 0.027803626899102773 0.993123509271609 39.42890930175781
0.9168449137235022 0.38774477991901396 0.09512828088901507 409.0162353515625 -0.3825179026877518 0.9213787607769892 -0.0688566141516077 -271.1990051269531 -0.11434797026054963 0.026742565969165844 0.9930807504239911 39.48403549194336
0.9020664628734602 0.4273624386038778 0.0603112147905422 409.6053771972656 -0.4167343324994268 0.8988120253278655 -0.13590231507328135 -271.5863342285156 -0.11228798989750123 0.0974591668165033 0.9888847850625528 39.387298583984375
0.8952859058630372 0.4377739313911979 0.08256592370521841 410.1708068847656 -0.4313160214405982 0.8981619252157924 -0.08527394526650632 -271.6473693847656 -0.11148827925685549 0.04073255561533638 0.992930623206571 39.3232421875
0.8884559058856386 0.44898589597666727 0.09517230958087894 410.9263610839844 -0.4468624896841049 0.8935314128651758 -0.04376676291989365 -272.11553955078125 -0.10469010750903149 -0.003644096210621863 0.9944982161635864 39.40679168701172
0.8784278848947344 0.4661522403010903 0.10519762307979239 411.6575622558594 -0.4668651759867803 0.8841186645715615 -0.0192638108128088 -272.6177062988281 -0.1019870506005357 -0.032191238225230304 0.9942647362203542 39.325565338134766
0.8692199926664614 0.4800131186511611 0.11850742707401421 412.34039306640625 -0.4865511959777517 0.8730494417928735 0.032443888142011296 -272.8453674316406 -0.0878893511270615 -0.08586080658797837 0.9924229863573927 39.244873046875
0.8566590865337345 0.5039775948299849 0.11018980610097848 413.1305236816406 -0.507213199331237 0.8618192129891008 0.001553881275333173 -273.4320068359375 -0.09418057062557311 -0.05722087060007473 0.9939093480214435 39.23865509033203
0.8372781965927204 0.5413146782998249 0.07709501000453246 413.5591125488281 -0.536875577177618 0.8406145774053874 -0.07163621209808348 -273.52435302734375 -0.10358492236151624 0.018589010482519357 0.9944468877464696 39.3088264465332
0.8276858596154351 0.5535277912384271 0.09242890305184322 414.434814453125 -0.5512975708367329 0.8327801689078789 -0.05047948754972108 -274.38427734375 -0.10491475674172872 -0.009174671682047518 0.9944388966735718 39.171844482421875
0.8111957986688105 0.5793709038941931 0.07931413457194422 415.05999755859375 -0.5737616315651904 0.8147625637986823 -0.08342394605776568 -274.8865966796875 -0.11295559466321908 0.022165747292253197 0.993352763765851 39.161808013916016
0.7894002041757757 0.6123080889713314 0.04388760448600027 415.60040283203125 -0.6006731646445157 0.785191263299971 -0.15055374227609875 -275.35247802734375 -0.1266454378301324 0.09248504861690685 0.9876271811058778 39.13208770751953
0.7810967636778398 0.6224946892794513 0.048869290877648755 416.2514953613281 -0.6126016369008246 0.7791234382315343 -0.13298835462063133 -275.7977600097656 -0.12085975441988604 0.07393936581518587 0.9899120617228648 39.15279006958008
0.7657700257840726 0.6424453431288889 0.02932999663595766 416.9659729003906 -0.630657808907901 0.7590889208081101 -0.16141480220185667 -276.217529296875 -0.12596426348034812 0.10510942583033757 0.9864507149003798 39.07920837402344
0.7587454279789527 0.6498447281477802 0.04480183946640763 417.5108947753906 -0.6416739359938166 0.757494652120129 -0.12023481973042685 -276.6300964355469 -0.1120711175425649 0.06247944708416203 0.991734028510073 39.08184814453125
0.7384092817770039 0.6739649031170247 0.022870110450733873 417.98760986328125 -0.6637560878821973 0.7323764756076565 -0.15183067468673306 -277.1844177246094 -0.11907807684410285 0.0969330044049356 0.9881418948066836 39.08425521850586
0.7179118895370269 0.6961303311894684 -0.0022540761780654173 418.54351806640625 -0.6838773815524999 0.7046632211742972 -0.18910703774624454 -277.72064208984375 -0.1300547802361447 0.13730370250763152 0.981953892713616 39.03868103027344
0.7082495544356717 0.70587512267798 0.011085117320951472 419.1729736328125 -0.6953004512363665 0.700185936767457 -0.16216330183979302 -278.2225036621094 -0.12222868383557775 0.10714459919858513 0.9867016690521999 39.01688766479492
0.7046140591860142 0.7093935993166988 0.016725694183132987 419.7603454589844 -0.6994137614237935 0.6982932113840681 -0.15233837752170812 -278.86126708984375 -0.11974730864795832 0.09564158187433308 0.9881868598034212 38.992210388183594
0.6861662166785164 0.7272488901206845 0.01688119981885617 420.2856140136719 -0.7177362359264204 0.6806049458426144 -0.14707686198972977 -279.4835205078125 -0.11845091273293501 0.08880292513653357 0.9889810017184002 38.94617462158203
0.6713338558316295 0.7409228374873755 0.018552706107010375 420.8795166015625 -0.7314812669818751 0.6663949664470494 -0.14440534875352334 -280.18121337890625 -0.11935665071049772 0.0833732426123157 0.9893446782327584 38.95513153076172
0.669524995804393 0.7406513440449871 0.05631932667816573 421.52899169921875 -0.7378535221760447 0.6718878494868663 -0.0643342639992046 -280.9263610839844 -0.08548953038549696 0.0015179842780782965 0.9963379125167319 38.92164611816406
0.6516997373905853 0.7568168990569075 0.05015609222147514 422.0028381347656 -0.7522235005332711 0.6533859208293694 -0.0851272207195147 -281.7525939941406 -0.09719700371160735 0.01774879612379051 0.995106890090528 38.846431732177734
0.6183357380758174 0.7857536639617098 -0.01587748685978161 422.2447204589844 -0.7732664984494235 0.6046510107473371 -0.19093474691106208 -282.3118896484375 -0.14042733848507427 0.13033930632381105 0.9814743133842201 38.82574462890625
0.620221255012507 0.7843303118975783 -0.012310835445194207 423.0502014160156 -0.770867768619523 0.606520006611294 -0.1946698869465786 -283.05230712890625 -0.14521872515026654 0.1302284278446288 0.9807915570837913 38.77587890625
0.6037603637043558 0.7947526978770044 -0.06198041978566137 423.6023254394531 -0.779127302821652 0.5718652914764883 -0.25676980819864464 -283.638427734375 -0.16862404697267144 0.20331807008166747 0.9644831222788838 38.73939514160156
0.5685468331516375 0.8218578104682727 -0.036114233835722494 424.0703430175781 -0.809494720331207 0.5510953195009525 -0.20251480582921497 -284.11151123046875 -0.1465359896719764 0.1443734331393429 0.9786130571039886 38.728797912597656
0.5402752332577592 0.8356004641941445 -0.09937070275893362 424.4061584472656 -0.8307821435152222 0.5108918000072353 -0.22088594047974183 -284.85809326171875 -0.1338047171983369 0.20189460845673288 0.9702241311839115 38.6230354309082
0.5370884903727949 0.8430718137696991 -0.027674362434241193 425.1912841796875 -0.829470613763353 0.521890770460869 -0.19901890515930137 -285.5185241699219 -0.1533442350142925 0.12984583372149516 0.9796048208604585 38.669830322265625
0.5474416785044178 0.8349141269044572 0.05679796943230993 425.6424560546875 -0.8319106627699838 0.550318336933841 -0.07123466293861197 -286.484619140625 -0.09073179049193243 -0.008254012947612056 0.995841158751931 38.610595703125
0.5274382148375318 0.8474759832498572 0.0599448692023393 426.0429992675781 -0.8445408560578164 0.530678328829326 -0.07163277015476055 -287.4971008300781 -0.09251849533000667 -0.012844030738123326 0.9956281227929783 38.49711227416992
0.49389856391252807 0.8693204667493154 0.018604694458513177 426.2571105957031 -0.8596365616332192 0.4913899290642182 -0.13986035720560253 -288.0425109863281 -0.1307256304959306 0.053083553997587414 0.9899964372796634 38.57512664794922
0.46919139719782593 0.8830957019039021 0.0011891486059520673 426.83209228515625 -0.8702777624826037 0.46260895097237126 -0.16914365080757748 -288.81500244140625 -0.14992014182165583 0.07832585626150117 0.9855906915738794 38.415443420410156
0.4585501474752383 0.8884501968092574 0.019697970454573083 427.2745666503906 -0.8756951739092281 0.4555185735142944 -0.16018986102618765 -289.89166259765625 -0.15129350495815783 0.056205666734720064 0.9868896586672604 38.41508483886719
0.43589783821042744 0.8998401477372306 0.016756585681904343 427.6025695800781 -0.8866543645387022 0.43255550335960474 -0.16352300864951508 -290.740966796875 -0.15439272161584056 0.05642202613836144 0.986397203198841 38.357566833496094
0.4128667842284141 0.9106032308942344 0.018514166626385845 428.2185974121094 -0.8983973375560297 0.4105063978022981 -0.15609843444320137 -291.8065490722656 -0.14974392259162017 0.04781478064744073 0.9875679745711239 38.2332763671875
0.39629673787331654 0.9173548921970736 0.03753528091094513 428.3367614746094 -0.9102785765891774 0.3979151334000529 -0.11426486605251499 -292.3310852050781 -0.1197572901904051 0.011115231590653092 0.992740974813137 38.226280212402344
0.3713862943589272 0.9279524541438379 0.031248411331988336 428.5872497558594 -0.9197223731059031 0.3722867003603796 -0.12455267617850328 -293.2369079589844 -0.12721232947631467 0.01751729383237606 0.9917208113405708 38.16374206542969
0.34321963853262255 0.9392512721242221 0.0027069426604021257 428.890625 -0.9272919042066299 0.3393051695818667 -0.15811934191572907 -293.9302978515625 -0.14943227268022946 0.05175953736319022 0.9874162983127077 38.0976676940918
0.3102208116602124 0.9498427909668644 -0.03951860904886163 428.97589111328125 -0.9353393879744528 0.2975221182139123 -0.19136566692351906 -294.54461669921875 -0.17000963889278592 0.09632892411827584 0.9807229277740785 38.02695846557617
0.29961674556878265 0.9536846006128852 -0.026748613583020525 429.4164733886719 -0.9377902104077063 0.289236048017909 -0.19207298037582665 -295.63916015625 -0.1754403802955357 0.08263286925203706 0.9810160456796485 37.94865798950195
0.2877401522884775 0.9574691079453522 0.0214128954449282 429.629150390625 -0.9518311473830926 0.2883760590451284 -0.10419556344195335 -296.238525390625 -0.10593899958178421 0.009599786452431182 0.9943262907454868 37.97418212890625
0.25760011389955556 0.9660428433987561 0.02008497042524255 429.7574157714844 -0.9586101022486763 0.25811672610593533 -0.12017665152239992 -296.8757019042969 -0.1212800609569388 0.011703863567234012 0.9925493269313527 37.92411804199219
0.22624075869422633 0.9733083164023902 -0.03854919360253245 429.6966552734375 -0.957381380103444 0.2148954305427886 -0.19297887698671692 -297.86566162109375 -0.17954390030487188 0.080565967714502 0.9804453644694029 37.82056427001953
0.19701325779457834 0.9758250007587296 -0.09461154341512598 430.09375 -0.9600054684232334 0.1724327575751584 -0.2205820589089567 -298.40447998046875 -0.19893535847268282 0.13428518909117226 0.9707688762728712 37.85409164428711
0.21220142505068756 0.9763911119633598 -0.040385042842758886 430.5583190917969 -0.9603332791046236 0.20070428223311915 -0.19359179770189128 -299.3020324707031 -0.1809158595884257 0.07986355597043311 0.980250612944026 37.79701232910156
0.18774963384078303 0.9818329471538146 0.027461589100173947 430.8228454589844 -0.9763368923896006 0.18960741492540167 -0.1039966382356858 -300.4278869628906 -0.10731424673206004 -0.0072864318127215805 0.9941984511956199 37.689395904541016
0.16479972915556962 0.9855393863840952 0.03941024176419127 430.6532287597656 -0.9794534696476623 0.1682295463346346 -0.11121924534539293 -301.0013122558594 -0.11624091390472885 -0.020271596525782774 0.9930141551402425 37.66645050048828
0.13534177576198975 0.9906071040235388 -0.019497927881942698 430.73419189453125 -0.9723007143566557 0.12900432347138163 -0.19490819733204792 -302.2823791503906 -0.1905621279140446 0.04533707074557511 0.9806276691084554 37.526885986328125
0.11645004984665308 0.9921276696016404 -0.04606596467599544 430.7299499511719 -0.9699002802132933 0.10360948911353829 -0.2203599786889775 -302.9967346191406 -0.21385236106456024 0.07034032255008249 0.9743302349258507 37.54010009765625
0.10307990306108583 0.9937545584111794 -0.042736532638005975 430.9411315917969 -0.9709865278526563 0.0912117037465392 -0.22105562157135203 -303.8735656738281 -0.21577695964481558 0.06428298948132219 0.9743243817896503 37.46898651123047
0.08149983372900033 0.9959455284496643 -0.03808256114370584 431.22918701171875 -0.9743871728658251 0.07158422195661712 -0.21317911839908293 -305.2165832519531 -0.2095886792188207 0.05448122179232563 0.9762706499815128 37.333885192871094
0.05855225168673006 0.9977705029283922 -0.032025884975075955 431.064453125 -0.9785903807302881 0.05102673139038971 -0.19939192417387996 -305.7416687011719 -0.19731320423266935 0.04301506909951443 0.9793963463612678 37.35822296142578
0.04185675411530865 0.9991019711249737 -0.006577494137063711 430.9329528808594 -0.9870885403344433 0.04033293608049149 -0.15501441161242208 -306.6939697265625 -0.15460991454414888 0.01298096919800297 0.9878903121112848 37.32292938232422
0.014617107555681574 0.9998571796428243 -0.008482952516810208 431.2049255371094 -0.9878400319780621 0.013127072267355877 -0.15491853083239812 -308.0638427734375 -0.15478504898176282 0.01064426091301951 0.9878908281390857 37.134185791015625
-0.016483799850843972 0.9985880642870583 -0.050499130744039514 431.0543212890625 -0.9770217817268091 -0.02682070124636471 -0.21144523644675675 -308.4849853515625 -0.21250111146497314 0.045853329738193865 0.9760843968520713 37.17060089111328
-0.04633905254686904 0.9970404908435316 -0.061342903644578825 430.94708251953125 -0.9732981696698922 -0.058885702380123306 -0.22186290129816033 -309.8234558105469 -0.22481851597743502 0.04942401919804888 0.9731463924816321 37.00687026977539
-0.08563419424411872 0.9905772614540669 -0.1068806524415034 430.8134460449219 -0.9618758217628405 -0.11016168090794326 -0.25031841236232794 -310.2301025390625 -0.2597338797388984 0.08137009985060466 0.9622459241618442 37.01445007324219
-0.11902080006331034 0.9850686709629257 -0.1243935795755725 430.6968688964844 -0.9573360033197806 -0.147081484714554 -0.24874648460203624 -311.04949951171875 -0.26332836136656096 0.08948044669924943 0.9605474604404012 36.99690246582031
-0.15220142369486672 0.9803688680663301 -0.12534595785903577 430.5137939453125 -0.953656594605012 -0.17897997832166362 -0.24187862023409445 -312.4991455078125 -0.2595646859486632 0.08272272895837222 0.9621762436903398 36.84368133544922
-0.1665488351065968 0.9798402441801133 -0.11033848562351968 430.45355224609375 -0.9510535745818478 -0.18917262684926206 -0.2443579659557663 -312.89599609375 -0.26030479019742464 0.06424027658724592 0.9633870473824468 36.83281707763672
-0.18388968854710214 0.9779855652915046 -0.09863476328103611 430.2684020996094 -0.9479620360279652 -0.20298286640066893 -0.2452874521810749 -313.86871337890625 -0.2599087545577576 0.048396177836937296 0.9644196437625121 36.76343536376953
-0.2051351499828586 0.9749717351172417 -0.08573030948261712 430.0419616699219 -0.9459431047988399 -0.2199836701591235 -0.23832504557191 -315.3799743652344 -0.2512194513270044 0.03220715115928688 0.9673941733797873 36.61503601074219
-0.2240387732484848 0.9717629538329101 -0.07404991316167671 429.7980651855469 -0.9447959554824225 -0.23520477553959968 -0.22812127491188386 -315.7934875488281 -0.23909669714442056 0.018854047875837943 0.9708126978430625 36.649410247802734
-0.2469758460646197 0.9670947924591747 -0.061078587565618056 429.5550842285156 -0.944065455207688 -0.25434954275352456 -0.20987311972850128 -317.4558410644531 -0.21850251198594056 0.005828593262410003 0.9758189789896563 36.46195983886719
-0.2755271278281655 0.957694460324626 -0.08310308354257771 429.4077453613281 -0.930194792580546 -0.2874265658174607 -0.22830597258594815 -317.8462829589844 -0.24253339911607313 0.014397566666069686 0.9700362160184017 36.47074508666992
-0.2997427054836046 0.950231407403356 -0.08493870080008273 429.2541809082031 -0.9243904087196151 -0.31129654572903376 -0.22044689356929995 -318.7652282714844 -0.23591668609183145 0.012439172054783343 0.9716936678923247 36.37660598754883
-0.3292223619802934 0.9372087576888802 -0.11511898576422004 428.675537109375 -0.9072195005293014 -0.34775926474759755 -0.23667756894470468 -320.0927429199219 -0.26184998421134525 0.02651864049072608 0.9647441875829272 36.24317932128906
-0.3547203798873945 0.9271218866359607 -0.12090682120178256 428.38323974609375 -0.8982106195215283 -0.37381691762932795 -0.23125439471037307 -320.653076171875 -0.2595980259387488 0.026569144033738737 0.9653512031970641 36.23015594482422
-0.37377692248755273 0.9210111032597087 -0.10967843857417055 428.1275329589844 -0.8929899922379315 -0.38930162149674846 -0.2258608449087649 -321.28521728515625 -0.25071833993274767 0.013520176490580432 0.967965659953405 36.184051513671875
-0.39703107242552754 0.9123475347363009 -0.0999414998348012 427.5718994140625 -0.8848039740177595 -0.4094166177221941 -0.22248586628210532 -322.70452880859375 -0.2439021424485966 9.483413362056103e-05 0.9697998432230599 36.066932678222656
-0.4143139373932205 0.9069846534495268 -0.07564918828889508 427.1922302246094 -0.8841208119417218 -0.4208096816941697 -0.20309997952723313 -323.0704345703125 -0.21604247539138574 -0.017264130429700292 0.9762313243423759 36.067222595214844
-0.4412566541324054 0.8899304028471361 -0.11539689455184231 426.77960205078125 -0.8609612147209286 -0.4560963466628784 -0.22521525105338397 -323.94921875 -0.25305800111859356 -2.5477631028850145e-05 0.967451108542831 35.96253967285156
-0.47913052656128763 0.8645942902883333 -0.15136264967922772 426.0906677246094 -0.8356791831705844 -0.5020791750184853 -0.22261357736693058 -324.8719787597656 -0.2684664622116669 0.01982965490296293 0.9630849097841692 35.913883209228516
-0.5026377522800358 0.8508077882477149 -0.15323641029437157 425.7420349121094 -0.8233610946813245 -0.5251671961188333 -0.21511839504294816 -325.5960693359375 -0.26349914183549916 0.018042271966534115 0.9644908909234142 35.79792404174805
-0.5174339801325876 0.8428035224455849 -0.1481360818891329 425.01751708984375 -0.8123769340207204 -0.53820494211683 -0.22445301813990878 -327.0136413574219 -0.26889736569041256 0.004202717494031283 0.9631596668727478 35.64558792114258
-0.5319960161354853 0.8343843128666744 -0.14416330066275482 424.61846923828125 -0.8032807120891978 -0.5511664455229233 -0.22573357507268893 -327.4954528808594 -0.26780652792910653 -0.0042857638331841585 0.9634631782413494 35.653282165527344
-0.5429297622209278 0.8316113637324525 -0.11683241419134381 424.10009765625 -0.8030859242767119 -0.5548329170380345 -0.2172865214404362 -328.4792785644531 -0.24552040958614102 -0.02414485208313355 0.9690906844018972 35.45600128173828
-0.5623978867528624 0.8195958750707716 -0.10941306385844041 423.3118591308594 -0.791894588217987 -0.5719511735707016 -0.21395049942022204 -329.55267333984375 -0.23793187707194657 -0.03368169559380442 0.9706976693363113 35.434471130371094
-0.5791711770819118 0.8065716383920092 -0.11833401784433295 422.89581298828125 -0.7812764273692885 -0.5906290825792849 -0.2019020327996557 -330.0673828125 -0.23273996578721456 -0.02448425929413328 0.9722307490365566 35.23030090332031
-0.6076616424330514 0.7775647118115134 -0.16168007688346792 422.15740966796875 -0.7540879271190377 -0.6287680569581195 -0.18974226920331588 -330.7334899902344 -0.24919616066239647 0.006621895090439839 0.9684303919314656 35.30828094482422
-0.6332617106561038 0.7589314898939999 -0.15166607881849717 421.4683532714844 -0.7375180467168531 -0.6511687360230767 -0.17901510548852165 -331.8189697265625 -0.23462040956375244 -0.0015069417315217992 0.9720858977182802 35.206783294677734
-0.6418531459573027 0.7539433844222465 -0.139978255849408 420.90521240234375 -0.7293817277267554 -0.6565983175468411 -0.19204412163091877 -332.29638671875 -0.236699882304675 -0.021166541535793088 0.9713522240857674 35.15827178955078
-0.6743892609673431 0.7222869850305175 -0.15329917138538596 419.7962341308594 -0.7046715073760342 -0.6915925803420772 -0.1585489498803931 -333.20306396484375 -0.22053841249158512 0.001101849042650302 0.975377667646937 35.07361602783203
-0.6953548250771895 0.7020683027750064 -0.15356355518316603 419.3503723144531 -0.6886889741163248 -0.7120304463128444 -0.13682156428770992 -333.9105529785156 -0.20540001015695072 0.010617992378682231 0.9786205056432095 34.83305740356445
-0.7243105928218018 0.6776210860565068 -0.12729426089863663 418.8118896484375 -0.6720399913361836 -0.735114504006973 -0.08926878538125406 -334.5518493652344 -0.15406626876442606 0.020888507131487336 0.9878396909918257 34.964141845703125
-0.7138654973046071 0.6857201783278696 -0.14207001369761663 417.80023193359375 -0.6636835799350781 -0.7272152903910757 -0.17516285892272546 -335.7292175292969 -0.22342819312388706 -0.030753186101908386 0.9742351277089 34.843109130859375
-0.7268033703128088 0.6739014894721567 -0.1327164021104794 417.3487243652344 -0.6514819638297027 -0.7375925825524666 -0.17756247623914378 -336.3373718261719 -0.21755025099166356 -0.04259066389235015 0.9751194407059439 34.376495361328125
-0.7421677831044412 0.6598907989745532 -0.11717984105879746 416.685546875 -0.6428312775331889 -0.7503463444319823 -0.15410487345508994 -337.0370178222656 -0.18961785344974108 -0.039044805368791756 0.9810813283448145 34.17613220214844
-0.7476654809385324 0.6507523377117365 -0.13235453742000486 415.5953674316406 -0.628191328838844 -0.7577043095406781 -0.17680450694247582 -337.9429016113281 -0.21534154960118768 -0.049046653975522936 0.9753063327740493 34.597900390625
-0.746080813394151 0.659527815314918 -0.09157773043187721 414.8193054199219 -0.6409038117056791 -0.7485959107773217 -0.1698424755725255 -338.5455017089844 -0.18057055138159622 -0.06802369582288079 0.9812069367775295 34.562889099121094
-0.7539757646843153 0.6478367405978984 -0.10875708620680063 414.0185241699219 -0.6325628697548995 -0.7606694281876456 -0.1457608892265902 -339.0390319824219 -0.177157449959487 -0.04110448335852927 0.983323781555028 34.46733856201172
-0.7512817089410875 0.6456749040232033 -0.1366737433642109 413.1539001464844 -0.6299088521408001 -0.7633043546409175 -0.1434618422468909 -339.7684020996094 -0.19695337469873064 -0.021688257210744508 0.9801729376461799 34.43335723876953
-0.7563080161349806 0.6456690292458611 -0.10540251136798225 412.3642883300781 -0.6355346020749326 -0.7633397740006825 -0.1157936051517701 -340.65692138671875 -0.1552222738379619 -0.020588688673503344 0.9876649996852569 34.27580261230469
-0.7676677387064462 0.6386929062946272 -0.05251299266137882 411.47247314453125 -0.6351590429120275 -0.7691885292489801 -0.07015694319786155 -341.3140869140625 -0.08520113353945771 -0.020503119780011268 0.9961527939642985 34.205711364746094
-0.7706256357121627 0.635065843562842 -0.053174278773116555 410.5816955566406 -0.6325583572347577 -0.7723857194779237 -0.057360483253150615 -341.9349365234375 -0.07749873725222768 -0.010567624443850395 0.9969364428276879 34.09043884277344
-0.7776405328796231 0.6256811771797886 -0.06163007500896471 409.8269348144531 -0.6223844544649786 -0.7799794385647182 -0.06534268326751462 -342.516845703125 -0.08895387829109834 -0.012455518422844276 0.9959578643686645 34.019248962402344
-0.7912665880046549 0.6066041952581148 -0.0769969934655021 409.0042724609375 -0.6007347723398183 -0.7946786287082569 -0.0871986833397777 -342.95184326171875 -0.11408295231671686 -0.022742633304415373 0.9932108802369628 33.96709442138672
-0.8019410994819384 0.5910827012040409 -0.08667014075813093 408.1248474121094 -0.5832859499585472 -0.8060594180891759 -0.10022831481519562 -343.5786437988281 -0.1291045062833008 -0.02982372959697243 0.9911824108660684 33.887203216552734
-0.8037635024625333 0.5854081322505363 -0.1061204542211345 407.3113708496094 -0.570030539756241 -0.8088306468849272 -0.14442357288517282 -344.26959228515625 -0.17038020969106074 -0.05559049698148869 0.9838090672437316 33.817474365234375
-0.79913151974803 0.5936598876237499 -0.0946401181939272 406.37567138671875 -0.5803567470365888 -0.8029150878533242 -0.13606398445803966 -344.8370666503906 -0.1567637085371255 -0.0538079875487397 0.9861692756122764 33.76300048828125
-0.7944889218116689 0.6001792042977846 -0.0925865856753052 405.1421813964844 -0.5953296395165811 -0.7998464176540101 -0.07634349008988756 -345.5845031738281 -0.11987482401067345 -0.005534518454704082 0.9927735873168086 33.57593536376953
-0.7988047118696008 0.5923637764754401 -0.10495803263532959 404.2535095214844 -0.5928609768786419 -0.8047536198188031 -0.02979049316536802 -346.1719055175781 -0.10211216572684474 0.038428735450026764 0.9940303505941283 33.522560119628906
-0.7826672631827714 0.6106651162519687 -0.12049925698924488 403.11962890625 -0.6086692774204656 -0.7913693462498008 -0.057063723508120875 -347.0118713378906 -0.1302062435770223 0.02868228737622734 0.9910719754510409 33.59270095825195
-0.7921085808653172 0.6020238971434325 -0.1006539784994454 402.3379211425781 -0.5994170261591353 -0.7983457926652779 -0.05782061988760835 -347.7920227050781 -0.11516607517004063 0.014533499299296732 0.9932399269703397 33.08079147338867
-0.7957133644205886 0.5973731117375757 -0.09992800936391004 401.3074035644531 -0.5948277453275223 -0.8018381084905092 -0.05688234489662898 -348.3564453125 -0.11410606938740876 0.014177910471173203 0.9933674002017719 33.22333526611328
-0.8037488111062958 0.5877683020005293 -0.09228364865256677 400.33319091796875 -0.5820688670618688 -0.8089295661568154 -0.08263649916749054 -349.0747985839844 -0.1232220866668329 -0.012703549140321832 0.9922978067075987 33.136436462402344
-0.8047331521819772 0.5858482139468459 -0.09584583451850978 399.4375305175781 -0.5747917215923692 -0.8093220895156719 -0.12088106638703758 -349.8134765625 -0.1483881079067297 -0.04218560936240803 0.9880290197127731 33.03891372680664
-0.8050444099350353 0.585107211882867 -0.09773969835746794 398.5125427246094 -0.5750203336104457 -0.810181264528276 -0.11383292380456392 -350.46405029296875 -0.14579133707762887 -0.03543824501892943 0.9886804422173504 32.94887161254883
-0.8048379907496475 0.5856176098658903 -0.0963733555555289 397.4748840332031 -0.5786213267008076 -0.8103794404782079 -0.09210061203501377 -351.2034912109375 -0.1320347262392273 -0.018362392686924495 0.9910749989792615 32.829708099365234
-0.8016545102171642 0.5896297336345524 -0.09842166155133547 396.4125671386719 -0.5845712299025321 -0.8076619853839779 -0.07719193310088879 -351.92132568359375 -0.12500609352635475 -0.004346789580594174 0.9921464518918678 32.7043342590332
-0.8057639080365763 0.5836862739028659 -0.10027391566610035 395.3856506347656 -0.5796971917110589 -0.811973052938663 -0.06819770688064755 -352.6405944824219 -0.12122578285140255 0.0031772564982264564 0.9926198741780304 32.584716796875
-0.7894485513066852 0.6009078798825793 -0.12522262069929574 394.3050537109375 -0.5989577459849036 -0.7987533132700345 -0.05694526376113953 -353.35308837890625 -0.13424084089597993 0.030047702660364044 0.9904930752914805 32.46385192871094
-0.7809208541871588 0.6068531366321344 -0.14795908236853367 393.3621826171875 -0.6051566911952999 -0.7937285656591939 -0.0614844952663298 -354.115966796875 -0.15475140903124263 0.04152390415578607 0.9870804256931177 32.377742767333984
-0.813317209226421 0.5737320333154803 -0.09667818328780631 392.4620056152344 -0.5680128992401445 -0.8189628152704659 -0.08161650262709198 -354.82861328125 -0.12600183916495566 -0.011465650960910359 0.9919637470064574 32.263404846191406
-0.806554538057271 0.5850515371211665 -0.08476128863686942 391.5067443847656 -0.576445680410283 -0.8101438474938234 -0.10666453911319673 -355.5208740234375 -0.13107308905930443 -0.03717048937080352 0.9906756280662137 32.11857604980469
-0.8267273524470821 0.5559770033851671 -0.08608981602192019 390.4693908691406 -0.554503615506374 -0.8311008062180937 -0.04239328123646628 -355.92108154296875 -0.09511900496850038 0.01268942908426497 0.9953850276567946 32.018775939941406
-0.8111378334848196 0.576070671182679 -0.10098513203779541 389.3512268066406 -0.5763892572242982 -0.8166621452512142 -0.028954527627070244 -356.9031677246094 -0.09915058873236687 0.03472063243696447 0.9944665094598221 31.77340316772461
-0.807047933076199 0.582399781319982 -0.09738649000694034 388.3757629394531 -0.5816197863076354 -0.8125171057685447 -0.039171124683469574 -357.7354736328125 -0.10194144345110691 0.02502893429502312 0.9944754871565011 31.733875274658203
-0.7999475160105507 0.5910956524836769 -0.10339197862235706 387.3517761230469 -0.5875599473061287 -0.806555118620617 -0.06513178140126097 -358.651123046875 -0.12189044240697806 0.008646978765947614 0.9925058940923487 31.643213272094727
-0.8006325800621528 0.5956427900921661 -0.06478532514574752 386.3934631347656 -0.5899654051404097 -0.8025955994756435 -0.08821068211868974 -359.40142822265625 -0.10453847368568521 -0.032403245416964856 0.9939928255304036 31.636152267456055
-0.8085194430352257 0.5816068089627268 -0.08960931872413147 385.16387939453125 -0.5722331921113063 -0.8125660860510352 -0.11084010847074635 -359.89447021484375 -0.13727885518212052 -0.03833895627030264 0.989790200169708 31.532875061035156
-0.8052505861130157 0.5857577250496079 -0.09197489390780944 384.1453857421875 -0.5817620940609797 -0.8104848071261896 -0.06831722572973059 -360.7782897949219 -0.1145615968744702 -0.0015049791796370934 0.9934150067113141 31.403371810913086
-0.8180182872951145 0.5679255003885179 -0.09114114141933487 383.11297607421875 -0.5677466335440816 -0.8226413606009435 -0.030413022342260128 -361.46624755859375 -0.0922488035159799 0.02686666777030875 0.9953734678063255 31.322025299072266
-0.8183481786393443 0.5670032910984615 -0.09388038347376479 382.0686340332031 -0.5637124184438713 -0.8237102653300943 -0.06107133600951474 -362.2070617675781 -0.11195788408964064 0.0029439214219762165 0.9937085918501618 31.207134246826172
-0.8124269358249925 0.5756101174445728 -0.0929272115230971 380.90771484375 -0.5698335232366317 -0.8176023425075691 -0.08256007098993223 -363.0050354003906 -0.12349991798272772 -0.014120985149082353 0.9922441070808528 31.081771850585938
-0.8072191415780131 0.5828517139419597 -0.09317261950259799 379.82720947265625 -0.5786905601326512 -0.8125754760684546 -0.0695581145912034 -363.7268371582031 -0.11625185195692266 -0.002230526181111449 0.9932172630746715 30.989219665527344
-0.7983448575958367 0.5933448502795872 -0.1028949804265379 378.59124755859375 -0.5913583214710866 -0.8047194476032677 -0.05217227497426924 -364.6056823730469 -0.11375774249334585 0.019196335478053942 0.9933230475162809 30.833820343017578
-0.8063201486984695 0.5832218546075525 -0.098489015179386 377.5543212890625 -0.5814002880846023 -0.8121238347208548 -0.04928064623597589 -365.3583984375 -0.10872682657936798 0.017525563797515038 0.9939171654597578 30.715545654296875
-0.8061324509605943 0.5832135629015913 -0.10006203853558746 376.5291748046875 -0.5813745191362272 -0.8121169342442918 -0.04969661570744836 -366.1217041015625 -0.11024581628064758 0.018111464912725684 0.9937393193545927 30.625240325927734
-0.8046194050252072 0.5877318918231214 -0.08460990716751977 375.4227600097656 -0.582540254433666 -0.808925722142369 -0.0792844752824072 -367.11724853515625 -0.11504114490581742 -0.014505150480490413 0.9932548190612001 30.529584884643555
-0.812088211925816 0.5747848018912497 -0.10067356935148185 374.36456298828125 -0.5697682736252779 -0.8182934557781986 -0.07589423298672848 -367.79620361328125 -0.1260033746421153 -0.004272206152585119 0.9920206136131388 30.318313598632812
-0.8252798636553539 0.5580993914110305 -0.08624509233363781 373.296630859375 -0.5569242062386582 -0.829628842509529 -0.03938797001293073 -368.4385681152344 -0.09353381821801596 0.01552588106795838 0.9954950385946796 30.285125732421875
-0.8344107039777289 0.548619785934767 -0.05267928974731634 372.3352355957031 -0.5487128207582195 -0.8358940971030515 -0.013974933410673324 -369.29620361328125 -0.05170123231557924 0.017244967647547682 0.9985136922786216 30.010343551635742
-0.8363764684588041 0.5418627557637418 -0.08282002731527341 371.3443603515625 -0.5375845665863342 -0.8403599889139935 -0.06926703978556996 -370.0322570800781 -0.1071318662983255 -0.013410553627500852 0.9941543744684934 30.0335636138916
-0.8264218114255253 0.5560400906387304 -0.08857994808434977 370.22222900390625 -0.5494148155732483 -0.8307788541068482 -0.08916196497120221 -371.03363037109375 -0.12316797485047479 -0.025018256761509226 0.9920704293546139 29.755481719970703
-0.8024693480302065 0.5896149163556358 -0.09163621490934533 368.856201171875 -0.585835569285608 -0.8076844751158809 -0.06665188982010362 -372.1396179199219 -0.11331209658188611 0.0001976555596749363 0.9935594243428507 29.67068862915039
-0.7904415693589815 0.6057129322096465 -0.09118096941414011 367.702392578125 -0.6023002430294265 -0.7956728740636614 -0.06433579661406341 -372.77294921875 -0.11151924800680749 0.004064631996214773 0.9937539615471885 29.508516311645508
-0.7866775445768915 0.611076960768842 -0.08788281331402742 366.3266906738281 -0.6076712014270251 -0.7915666618130178 -0.06448201968325448 -373.6021423339844 -0.10896858177800109 0.0026772978375405806 0.9940415887987688 29.376340866088867
-0.78838871162156 0.6105985238797966 -0.07491783514964681 365.1490783691406 -0.608077987926205 -0.7919381719622809 -0.05545351556626646 -374.3659362792969 -0.09319012816449046 0.0018369607654094323 0.9956466369088139 29.28597068786621
-0.7983758584914724 0.5991041774338944 -0.06058195407265202 364.11688232421875 -0.5953263434241008 -0.8004247747764361 -0.07004801745503515 -375.2207336425781 -0.09045735682239281 -0.019858612875730607 0.9957023160018048 29.146381378173828
-0.8163185208912216 0.5703802042651743 -0.09105215556144891 362.8130798339844 -0.5638243122625485 -0.8211087568646489 -0.08878375021283642 -375.8232727050781 -0.1254042158447338 -0.021138400663461787 0.9918805122925636 28.9913387298584
-0.8124557794002747 0.5762402596410842 -0.08867225996820008 361.617919921875 -0.572691073240211 -0.817279595362878 -0.06386703088813311 -376.5541076660156 -0.10927278320820547 -0.0011073266303761112 0.9940111833765585 28.88363265991211
-0.8227783390524067 0.5615956275425364 -0.08744230046874979 360.6663513183594 -0.5571934368195124 -0.8273567000270877 -0.07082630080377786 -377.3245849609375 -0.112121714005016 -0.009552070214971332 0.9936485692654043 28.740385055541992
-0.7906044006964561 0.5978937707036274 -0.13216550439958177 359.1553039550781 -0.5963243185286122 -0.8008167018276346 -0.05558702371323308 -378.182373046875 -0.1390754785387557 0.03486615877477056 0.9896678039834926 28.548114776611328
-0.788772319229817 0.6036912255418827 -0.11573734324130307 358.269287109375 -0.6013126595640754 -0.7968723098960462 -0.05846030421506429 -379.2010192871094 -0.1275198567470722 0.023482459936711317 0.9915579963928116 28.313261032104492
-0.785451327118618 0.6075105382137127 -0.11830958831340276 357.08721923828125 -0.606067591302851 -0.7937118063390919 -0.0519965696012357 -380.02215576171875 -0.1254921810311787 0.030862832618229773 0.9916144402250388 28.26953887939453
-0.7928284510730099 0.5970787880784035 -0.12214732087113896 355.9833679199219 -0.5977020299808052 -0.8009295635578983 -0.03555443116939509 -380.72088623046875 -0.11906019706852732 0.04481913704858308 0.9918749489871311 28.123920440673828
-0.8105734891673415 0.5575413418590976 -0.17921571018478885 355.2538146972656 -0.5314594040153685 -0.828848211237261 -0.17481860488066397 -381.5399475097656 -0.24601122035937842 -0.046457452004487754 0.9681529758310615 28.004295349121094
-0.8132003202673228 0.567879981960666 -0.12734820456322749 353.9710388183594 -0.5512278392840079 -0.8217520871716695 -0.14446929233331607 -382.5166931152344 -0.1866898720215106 -0.04728459915616038 0.9812803158971618 27.879070281982422
-0.8342085794208003 0.5491503199143063 -0.050298828602116916 352.822021484375 -0.5484369862964674 -0.8357139947317682 -0.028266430116278607 -382.9925537109375 -0.05755795412259343 0.004005639460189446 0.9983341308248137 27.7840633392334
-0.7917592269597866 0.5977660487155696 -0.1256705117639619 351.6781005859375 -0.5984329102588519 -0.8003365882586808 -0.03659777880658222 -383.96881103515625 -0.12245561825886876 0.0462287410322822 0.9913967546141192 27.58679962158203
-0.8119637480938817 0.5788658086280797 -0.07502831054138617 350.22979736328125 -0.5783321763727837 -0.8152169437778931 -0.030874396339856988 -384.76202392578125 -0.07903648241954267 0.018322395552726627 0.9967033281112061 27.350297927856445
-0.8026931874059463 0.589066581010183 -0.09318910896159213 349.0335388183594 -0.5893342422819402 -0.807418875464729 -0.027566472702240705 -385.4729309082031 -0.09148113338854832 0.03279211307990847 0.9952667378917577 27.195640563964844
-0.8069743556713795 0.5849588738263146 -0.08133575610155498 347.98382568359375 -0.5826317504912667 -0.8110467821915155 -0.05237709820399533 -386.5139465332031 -0.09660555164297947 0.005121818879873986 0.9953095671011696 27.07476234436035
-0.8092390356475887 0.5817282418099233 -0.08200265766971473 346.9891357421875 -0.5740905451278754 -0.8126848401735605 -0.09981681495045566 -387.3617248535156 -0.12470857700631435 -0.033698712628379444 0.9916209798044061 26.967227935791016
-0.8048232160698775 0.5889122811128804 -0.07376934342505075 345.88958740234375 -0.5807829676518192 -0.8070578758880819 -0.10653041562184626 -388.18060302734375 -0.1222731996820446 -0.04289417351390782 0.9915691375381113 26.823566436767578
-0.7967317636408514 0.5971760258209414 -0.09273236215283777 344.6448974609375 -0.593800524136992 -0.8020980064484325 -0.06355883562561578 -389.0931091308594 -0.11233625568075693 0.0044251820478606076 0.9936603964249914 26.658395767211914
-0.8103173112272809 0.5793632306451267 -0.08788687104358274 343.7510070800781 -0.5765119735912422 -0.815059489576284 -0.057549741594363324 -389.8941650390625 -0.10497523246614181 0.004034281607525579 0.9944666536091546 26.532812118530273
-0.7914256448693822 0.5998245476334461 -0.11771134482034412 342.54644775390625 -0.596696342987822 -0.7998955021917902 -0.0641923658880309 -390.80438232421875 -0.13266093210904895 0.01943444441385167 0.990970927657458 26.354137420654297
-0.7894757199148476 0.6022791303366894 -0.11827060846133325 341.2803649902344 -0.5988948418486766 -0.7980726934354393 -0.06636975515814138 -391.60687255859375 -0.13436166146628892 0.018434347115751103 0.9907608787060751 26.198923110961914
-0.7834835222502412 0.6127420424106468 -0.1034444770144105 340.2608337402344 -0.6085038735239955 -0.7902573875650132 -0.07222393858835088 -392.4825744628906 -0.12600240580500432 0.0063600991619464295 0.9920095477715933 26.051855087280273
-0.7912721862454937 0.6053407996903839 -0.08631826866013255 339.0854187011719 -0.6003491393696636 -0.7959025689700001 -0.07823050277901855 -393.2716369628906 -0.11605704688807407 -0.010080522663048194 0.9931913939067629 25.854734420776367
-0.7962851520493637 0.5997435873078967 -0.078978390137918 338.0914611816406 -0.5936423776966695 -0.799843687079377 -0.0885370184833014 -394.11376953125 -0.11626987584222657 -0.02361579391684414 0.9929368611595153 25.736787796020508
-0.8125259320989406 0.5719736333189772 -0.11246231570902387 337.1084899902344 -0.561258551703037 -0.8197382740635062 -0.11409645119631848 -394.7787780761719 -0.15744982631605997 -0.029585888921453536 0.98708369825956 25.627826690673828
-0.7998854864745834 0.5931294931799397 -0.09154568721368947 335.81109619140625 -0.5865254652704462 -0.8048961149921557 -0.09016719281324276 -395.648193359375 -0.12716558935736233 -0.018429552100956294 0.991710272454991 25.458059310913086
-0.8019732089379998 0.5842305071189202 -0.12455395095000646 334.8227233886719 -0.5801985401257461 -0.8114327537465418 -0.07033164425247843 -396.43023681640625 -0.14215704759750838 0.015861926077041583 0.9897170166868338 25.302608489990234
-0.780652725128904 0.601691096057627 -0.16896493030740917 333.5684814453125 -0.5964965360743891 -0.7980138881590099 -0.08582375403461953 -397.2365417480469 -0.18647574963000207 0.03378844817850162 0.9818783710672203 25.108070373535156
-0.8061095572795955 0.5752819260053987 -0.13870143212675617 332.5582275390625 -0.5739612061479604 -0.8171382764490951 -0.05341882625985479 -398.02618408203125 -0.14406913444479574 0.036547814891195254 0.9888924823897722 24.99515151977539
-0.8263031898391991 0.5519666481944516 -0.11205292384648925 331.5909423828125 -0.5471744497146493 -0.8338651232859616 -0.07258841330927976 -398.7112731933594 -0.1335034083498819 0.001332459481796222 0.9910474582534855 24.849384307861328
-0.8271419472019229 0.5508935663808162 -0.11114170099128798 330.43585205078125 -0.5434456558536304 -0.8344343997239486 -0.09157538802075216 -399.5570068359375 -0.14318875065042316 -0.015346370175357997 0.9895764096873025 24.75677490234375
-0.8314786918020802 0.5409353875273052 -0.12661789604864496 329.356201171875 -0.5295790344028778 -0.8406172051975482 -0.11361672696737399 -400.2481994628906 -0.16789649013608607 -0.027415704378100904 0.985423334285035 24.541261672973633
-0.8333558260345035 0.5402562316288536 -0.11679585352460466 328.26226806640625 -0.531058975662054 -0.841189962113422 -0.10186172985174458 -400.9336242675781 -0.1532789339182668 -0.022861579687552216 0.9879184766928237 24.381431579589844
-0.8303953647908715 0.546982999626939 -0.1060808005859271 327.0980529785156 -0.5406720642668988 -0.8370550566957935 -0.08374097552197457 -401.6521301269531 -0.1346003605314841 -0.012183192484635043 0.9908250666821447 24.180221557617188
-0.8290778188532304 0.5504900482144393 -0.09793200244268654 326.0361328125 -0.5426518728931493 -0.8344134401236687 -0.0963491348510299 -402.32025146484375 -0.13475501894596456 -0.02673794602898731 0.9905181306321573 24.01470375061035
-0.8260723632668874 0.5569010152337718 -0.08640433946425395 325.0085754394531 -0.5477830301846346 -0.8294754316134232 -0.10910664595461228 -403.0052795410156 -0.13243187867126005 -0.042799153979019296 0.9902676557023767 23.883520126342773
-0.839198690219787 0.5356950165161936 -0.0936824829576431 323.92437744140625 -0.5316029268265425 -0.8443910881971777 -0.06634770804360876 -403.5821228027344 -0.11464679028585038 -0.005877027556620545 0.9933889339147337 23.710981369018555
-0.8422168029576315 0.5306627219460679 -0.09522569166258091 322.94085693359375 -0.5268702453685244 -0.8475769035862243 -0.06341243610286117 -404.3231506347656 -0.11436171282880225 -0.003235435670655349 0.993433908518772 23.46752166748047
-0.8516507135594968 0.5186765212222416 -0.07527103311628816 322.0395812988281 -0.5158786168067716 -0.8549383371129484 -0.05431107121092807 -405.0452575683594 -0.09252196936475068 -0.0074233461013200955 0.9956829711898905 23.26540184020996
-0.8459013491850786 0.5265971577621772 -0.08453603304899497 321.0912780761719 -0.5210025205049177 -0.8497827332634871 -0.08016033853945805 -405.7488708496094 -0.11404946766375991 -0.02376425222964682 0.9931908070665874 23.10784912109375
-0.8414650700029955 0.5338283628137125 -0.08344947585506657 320.1426696777344 -0.5269044614880741 -0.8449314603587352 -0.09199193312469127 -406.3184509277344 -0.11961699055241487 -0.03343809730960333 0.9922568564739157 22.893428802490234
-0.8411246729692219 0.5361966963826045 -0.07072755694070186 319.1147155761719 -0.5317675242419088 -0.8437650064349316 -0.07269053636815842 -407.0052490234375 -0.09865386299608443 -0.023531185780588923 0.9948435548425235 22.718168258666992
-0.8369439657957094 0.5438711277081804 -0.06106549405009738 318.2985534667969 -0.5408585736809356 -0.8389995399366637 -0.05959677224389627 -407.61456298828125 -0.08364688514209222 -0.01685136289737288 0.9963529646538554 22.55079460144043
-0.8371215464874555 0.545360075450523 -0.04254297252250799 317.47808837890625 -0.5431960610423134 -0.8379326937897797 -0.05297961821605423 -408.2862243652344 -0.06454111615525693 -0.021241204834080575 0.9976889573121628 22.3680477142334
-0.8306376715235092 0.5563087442809762 -0.02369893842615295 316.7129821777344 -0.5547560868693251 -0.8304741213936871 -0.05058080443031221 -408.8732604980469 -0.047819898864771074 -0.02886719127153084 0.9984387525234867 22.21588897705078
-0.8226263272124037 0.5684872287241188 -0.010401757284344459 315.9244079589844 -0.5678578733392453 -0.8223638533687174 -0.03542779077481452 -409.3554382324219 -0.02869427579955185 -0.023237113635856302 0.9993181050527472 22.062698364257812
-0.8146333922755766 0.5799608308247913 0.004227398562282187 315.1431884765625 -0.5798894089760612 -0.8143636746627925 -0.023239594383467146 -410.1594543457031 -0.010035414639222435 -0.021383173261500344 0.9997209862528083 21.946773529052734
-0.8032027733732088 0.5956442066371644 0.008560604252530907 314.3168029785156 -0.5957055923146647 -0.8031290705594176 -0.010887759521604104 -410.536865234375 0.0003900392544600364 -0.013844678470398341 0.9999040817735623 21.82308578491211
-0.7908835130656768 0.6118727566925943 0.010723729682280211 313.2951354980469 -0.6118999026335821 -0.7909346796647605 0.0009174206315837618 -411.4010314941406 0.0090431143919596 -0.0058362762963902175 0.9999420783030816 21.641958236694336
-0.8073127363155269 0.5870850165131053 0.05981077802991361 312.9278259277344 -0.5894634590339577 -0.8070502600199364 -0.03468008456556515 -411.6905822753906 0.02791014594118577 -0.06325394207130539 0.9976071183416755 21.54488754272461
-0.7915259719763869 0.6069053522026542 0.07178111976424134 312.0601501464844 -0.6092185113087059 -0.7928773738210878 -0.014081035522261098 -412.1983642578125 0.048367769905592696 -0.05487589225103477 0.9973210091460083 21.441665649414062
-0.7479657362498423 0.6636728638064439 -0.009251337372755046 310.9956359863281 -0.6636878644617178 -0.7480075105669078 -0.001784012819912193 -413.2601013183594 -0.008104070734867635 0.004805619882013895 0.9999556140424802 21.287525177001953
-0.7599582226217885 0.6447874219680695 0.08193094861713118 310.60821533203125 -0.6471243665779399 -0.762379958768941 -0.0026177563996668055 -413.66705322265625 0.06077461682834712 -0.05500889872773835 0.9966345704470266 21.146759033203125
-0.739951059069918 0.6693793610449796 0.06636038869929767 309.95611572265625 -0.6714335933338003 -0.7409544419769428 -0.012784547606329667 -414.4970703125 0.04061231247008704 -0.054016533780430566 0.9977138137533127 21.069196701049805
-0.7298798835279037 0.6788222543569631 0.08047175039120438 308.7733154296875 -0.6818012624313681 -0.7313996188142697 -0.01419986427166638 -415.3301086425781 0.049217823684988476 -0.06522993628750098 0.996655738579597 20.93617057800293
-0.7220460070502344 0.6870007891249135 0.08172808234969925 308.599365234375 -0.6910900990853042 -0.7217250188649518 -0.03882617790421543 -415.8568420410156 0.032311586916732735 -0.08451575525386633 0.995898111487712 20.891338348388672
-0.7211943521626869 0.6912678661046824 0.04502714403247387 307.3876953125 -0.69192336824113 -0.7156871380116872 -0.0950472144067871 -416.6986999511719 -0.03347773723673269 -0.09970284738019866 0.9944539121215166 20.68889808654785
-0.7016523474830869 0.7087931330524748 0.07277553029095885 306.93206787109375 -0.7125176622945979 -0.6977515443761069 -0.07390103679245184 -417.2270202636719 -0.0016013087506414753 -0.1037066866620215 0.9946066352844578 20.6375732421875
-0.693385659270308 0.7173010921083256 0.06852350529915877 306.31231689453125 -0.7204714856282375 -0.688606422395412 -0.08210988632577637 -417.7535705566406 -0.011711785300323106 -0.10630304932594781 0.9942648016444534 20.550443649291992
-0.6755172409876115 0.7321862943138371 0.08706140101937568 305.4147033691406 -0.7372804404208191 -0.6722864797073057 -0.06669663691402855 -418.8313293457031 0.00969583938442406 -0.10924339623853588 0.9939677414669462 20.373899459838867
-0.6547409051169149 0.7491222557084343 0.1006488607436278 305.01123046875 -0.7551065363851877 -0.6541870691966327 -0.04305109991957504 -419.159423828125 0.033592646145372634 -0.10418792875485719 0.99399014563864 20.349742889404297
-0.6312736302716412 0.7701621813106599 0.0913445028585166 304.3646545410156 -0.7750895685245568 -0.6306019261799626 -0.039716136047423946 -419.9404602050781 0.027014153477016717 -0.09587192069071748 0.9950270400019252 20.201053619384766
-0.5966650479842317 0.7992551000057576 0.07198684344212217 303.3554382324219 -0.8022512598268255 -0.5962722078093419 -0.02919538149166733 -421.08148193359375 0.019589196518630815 -0.0751713995410426 0.9969781963868594 20.108566284179688
-0.5688343341419249 0.8208999173453736 0.050505702684663346 302.9769592285156 -0.822352974939874 -0.5686458412220832 -0.01942914996515352 -421.29644775390625 0.012770470189147419 -0.05258548243753339 0.998534767611003 20.114383697509766
-0.5122878594543269 0.8542470924619142 -0.08844803036851237 302.1744689941406 -0.8524813503779011 -0.5182900889111387 -0.06819773452508451 -422.4332580566406 -0.10409945395425435 0.04046342492732506 0.9937434351630084 19.93619155883789
-0.47935148417275514 0.8693421750579892 -0.12027608775987582 301.818603515625 -0.8684717020378084 -0.4896169525541421 -0.07766686894131158 -422.9231872558594 -0.12640829632950856 0.06722664975319961 0.9896976913088318 19.860553741455078
-0.4768231174263343 0.8785017831174088 -0.029569101226877316 301.3544921875 -0.8782790380032534 -0.4775242730770438 -0.024423350022479813 -423.49664306640625 -0.03557592011335523 0.014324303884449276 0.9992643134958408 19.826862335205078
-0.47683996249087335 0.8768047345031534 0.06194439219620633 300.3820495605469 -0.8783859306119622 -0.4779399629521762 0.003398340216884583 -424.9666442871094 0.0325853813029668 -0.052790618163906594 0.9980738166885319 19.643972396850586
-0.46748948752818076 0.8771865604497996 0.10953226564300172 300.13128662109375 -0.882243936532393 -0.4707692896097462 0.004681069553210286 -425.2022705078125 0.05567059818670874 -0.09444582641167959 0.993972218108207 19.633541107177734
-0.4428180439241495 0.8895709698561587 0.11214129286022605 299.54034423828125 -0.8949169061650986 -0.44619653743020427 0.005690434533882113 -425.984619140625 0.05509910194438784 -0.09783731177045565 0.9936759780685314 19.564647674560547
-0.42577757284216716 0.8944106735600881 0.13690509664151518 298.7319030761719 -0.9032329829157335 -0.4291134123406582 -0.005644282284093562 -427.4305114746094 0.053699506867188766 -0.12606040762723994 0.9905680878117742 19.392417907714844
-0.41425144233498934 0.9018824075405819 0.12249026692837547 298.7962646484375 -0.9101220276761933 -0.40919574750929455 -0.0650902063207979 -427.5909423828125 -0.008581215645544787 -0.13844480195772382 0.9903329740793907 19.307138442993164
-0.38357567204665316 0.9105986120498275 0.15388265512034258 298.102294921875 -0.9231120428867232 -0.38293825972294665 -0.03496348835373606 -428.3824157714844 0.027089852185997992 -0.15546207567535214 0.987470345344736 19.230260848999023
-0.35070695132080865 0.9315877573529429 0.09564980211886724 297.66351318359375 -0.9361689038252882 -0.34610043907358634 -0.061662546035895535 -430.3492126464844 -0.024339634463610926 -0.11116985393165361 0.9935033194564539 18.99138641357422
-0.3081516729314881 0.9413372711856173 0.13757430118427233 297.3448486328125 -0.9506313075212814 -0.31025624007923586 -0.006417371134239916 -430.473876953125 0.03664237478526996 -0.13275996146696967 0.9904706603435482 19.169605255126953
-0.2857487473752938 0.9459436271918285 0.15342199173722684 296.87945556640625 -0.9575539666330009 -0.28817732574868377 -0.00665055710018661 -432.27044677734375 0.03792168718367381 -0.14881022511744324 0.9881383822833922 18.94215202331543
-0.2525697692441456 0.9589537632345441 0.12890380771049664 296.47845458984375 -0.9671718831822148 -0.25407589412962467 -0.004897795830751221 -432.4346923828125 0.02805459045730431 -0.12590917361549692 0.9916450070230451 18.9912109375
-0.22937116901383064 0.9625370371874105 0.14460746477174052 296.22607421875 -0.9728738795958414 -0.23130979218702702 -0.003492053626549585 -433.3962707519531 0.030087891673645555 -0.14148580169358282 0.9894829390614874 18.88541030883789
-0.2063365919632466 0.9727448651483825 0.1057952652269829 295.8332214355469 -0.9784612015517669 -0.20443372858517883 -0.028644854243545848 -435.4355163574219 -0.006236014341323044 -0.10942704393437874 0.993975268395003 18.502281188964844
-0.18876903712789034 0.965658390660031 0.17852205233440424 295.6908874511719 -0.9818364021940408 -0.18911820208802005 -0.015217915943270557 -435.77294921875 0.0190664613515677 -0.17815212091601207 0.9838182209456459 18.611133575439453
-0.13748401203408794 0.9853146482913772 0.10125803818685541 295.0865783691406 -0.9905031744112202 -0.13689448170562862 -0.012781328563311947 -436.8915100097656 0.0012680363980620904 -0.10205363658874286 0.9947780894967009 18.66853141784668
-0.11499550082927595 0.9838387857063948 0.13724896549260646 294.8824157714844 -0.9933411166381574 -0.11486792654298855 -0.008876116705721748 -438.3305358886719 0.007032836204760348 -0.1373557541258512 0.9904968127275504 18.462141036987305
-0.010753827912449998 0.991248594348916 -0.1315696750263062 295.0982360839844 -0.9929816538275311 -0.02608400720708204 -0.11535622969723983 -439.27923583984375 -0.11777856488839926 0.12940575245837915 0.9845721714955741 18.377933502197266
-0.06546031112825124 0.9878445315909311 0.1409898190398391 294.7589111328125 -0.9978499810739344 -0.06525908646608514 -0.00605532033512389 -440.7048034667969 0.003219151711475063 -0.1410830714136393 0.9899925272560155 18.254512786865234
-0.053735706503352965 0.9816845728160215 0.18277820805996242 294.8341064453125 -0.9985325546453172 -0.05159409655950159 -0.01645559217122025 -441.6656188964844 -0.006723924455420638 -0.18339424389885914 0.9830164495799059 18.093862533569336
-0.032794170442038695 0.9809560745132189 0.1914411718012477 294.656982421875 -0.9992835615247835 -0.028560610414495757 -0.024832543145952318 -442.6324157714844 -0.01889195731952352 -0.1921183786324664 0.9811899013648018 18.08468246459961
0.0160694650660842 0.9938475690967448 0.1095845869316541 294.6902770996094 -0.9993017114410148 0.019661053728899924 -0.031773140816233066 -444.3536376953125 -0.03373220721430434 -0.10899748789197239 0.993469519325928 17.6656551361084
0.03307660546673569 0.9924710995170694 0.11792817642182574 294.5215759277344 -0.9988415357982685 0.03695159970107248 -0.03082475699316893 -445.2408752441406 -0.03495031523397361 -0.11677198252539452 0.9925435907617028 17.813425064086914
0.05246734227206745 0.9891438761182919 0.13726459970650304 294.53363037109375 -0.998104799169958 0.05636840260794923 -0.02468629298468325 -446.3523254394531 -0.03215568174993654 -0.135709231539748 0.9902267500962026 17.861446380615234
0.09964973329472049 0.9932904246758738 0.05868613892149626 294.6824951171875 -0.9937017858231616 0.10238212162120108 -0.04554845797829706 -447.91290283203125 -0.05125125858113321 -0.05377762935983391 0.9972368199551629 17.74797248840332
0.10359494153013804 0.9911330326862919 0.08320696850288856 294.6715393066406 -0.9929940115845888 0.10784401877326366 -0.04829658965162339 -448.9851379394531 -0.056841719243110767 -0.07762073906441085 0.9953612609603519 17.794584274291992
0.09478167107138008 0.9809406640878507 0.1696226646642572 295.1224365234375 -0.99386446158919 0.10299982972006555 -0.040304677987388925 -449.85040283203125 -0.05700760316787854 -0.1647617935582271 0.9846845609455497 17.43613624572754
0.12571971345931493 0.9854130428776664 0.11469825009251723 295.14892578125 -0.990371583219011 0.13141736791182873 -0.04351554392853308 -451.14190673828125 -0.05795412668634385 -0.10812312582285499 0.9924468292368704 17.478496551513672
0.1317226896682689 0.9816522381656039 0.1378695627432587 295.39080810546875 -0.9892273857789544 0.13913154357073293 -0.04551475374602139 -452.25518798828125 -0.0638616649602298 -0.13038902134798647 0.9894040584414547 17.319292068481445
0.1591697189067357 0.9802495350541782 0.11737056534420448 295.8331298828125 -0.984586643575714 0.1663431201847313 -0.05402876696277678 -453.53179931640625 -0.07248545975201334 -0.10696174733649161 0.9916173872675207 17.22549057006836
0.1829154268403429 0.980896413353813 0.06621308702545661 295.8130798339844 -0.9801488101604909 0.18718670526314252 -0.06534100790241082 -454.8363342285156 -0.07648696990199488 -0.05294680011440665 0.9956637885314782 17.073148727416992
0.2173430993710767 0.9760785963382698 0.005705341890469368 296.1263122558594 -0.9715366110552025 0.21688859308991276 -0.0952677887160718 -456.1622619628906 -0.09422627306195507 0.01516284794460205 0.9954353306503957 17.03795623779297
0.24575116840068773 0.9660407244343209 -0.07982281606226081 296.1129150390625 -0.9646269324620197 0.23562286062805166 -0.11822330023463272 -457.23992919921875 -0.09540044233970411 0.10605275236346497 0.9897734939457222 16.901365280151367
0.26476099637047995 0.9603366187645089 -0.08749396242519325 296.5096435546875 -0.9590979531640528 0.2528183966628578 -0.1273341059785096 -458.45233154296875 -0.10016352149078586 0.11762838504702988 0.9879933360067732 16.799638748168945
0.24118731473132632 0.9698770403167803 0.03416439490251386 296.5975036621094 -0.9668905803341873 0.2431710308139456 -0.07739803249374057 -459.7403259277344 -0.0833743658069501 -0.014365807991404744 0.9964147423071597 16.706268310546875
0.24705899832088812 0.9665619720367856 0.06870084105045207 296.576904296875 -0.9649852963720461 0.2518636428012992 -0.07326720426366823 -461.3601379394531 -0.08812053752919305 -0.04819397936692554 0.9949432703518057 16.571706771850586
0.23332268677136625 0.9673556980533407 0.09891146183089748 296.9943542480469 -0.9679911671461032 0.24073482805283242 -0.07099185086682931 -462.30841064453125 -0.09248580520769571 -0.07918141199869692 0.9925606680848162 16.41778564453125
0.25490479285652373 0.9597598870528355 0.11783253278743179 297.3821716308594 -0.962773566478074 0.26324344761444146 -0.06139989396694936 -463.3812561035156 -0.08994779747088065 -0.09779492058584252 0.9911334659054483 16.268497467041016
0.2546593648554886 0.9643865206872222 0.07146500268098441 297.60662841796875 -0.9619347083812382 0.2602016141447218 -0.08352686279265875 -464.6221923828125 -0.09914748964498019 -0.047473768686247114 0.9939396443365277 16.158464431762695
0.2677546400082409 0.9615304681084869 0.06137272727467474 297.98907470703125 -0.958077853945249 0.2724510096181625 -0.08864126092125592 -465.72381591796875 -0.10195233461634698 -0.03506574193024001 0.9941710693885426 16.101837158203125
0.2646888614908361 0.9638738076027239 0.029784049760103064 298.3018798828125 -0.958605870098702 0.26635246888119474 -0.10065360467068513 -466.91766357421875 -0.10495042836975638 -0.001909276910114284 0.9944756217457948 15.992462158203125
0.28158160047279485 0.9580309824500222 -0.053744199138367886 298.7410583496094 -0.9529247118152644 0.2726377996310451 -0.13267676444704743 -468.02520751953125 -0.11245575079547768 0.08857351115422302 0.9897011858307729 15.84437370300293
0.30669664053984697 0.9489121349225503 -0.07418174221666557 299.0858154296875 -0.9438405488875566 0.2931416491206252 -0.15242372461817194 -469.1539306640625 -0.12289096369224195 0.11676358057017695 0.9855273092589693 15.721939086914062
0.29644071749060175 0.9548626544800318 -0.018979254279482563 299.4548034667969 -0.9481716107824942 0.2918662404756155 -0.1256371528520168 -470.13922119140625 -0.11442682168000691 0.055239557836555764 0.9918946989122557 15.315841674804688
0.28922825691200077 0.9569467233157122 0.024494573663726114 299.7881164550781 -0.9515302561349951 0.2901983986867542 -0.10185804366526272 -471.1131286621094 -0.10458100718254992 0.006152896469607587 0.9944973377549675 15.2186861038208
0.2750754479310952 0.9594243496592302 0.06195494513330817 299.955810546875 -0.9557808076743982 0.2798638073204317 -0.09032882725568776 -472.4647521972656 -0.10400262317260521 -0.03436810488048747 0.9939830419781525 15.292126655578613
0.26288689531615345 0.9597734284142312 0.09861767783225292 300.350341796875 -0.9587845001208681 0.271293527973731 -0.0844517851057223 -473.47509765625 -0.10780891706630971 -0.07235183335312714 0.9915354000798108 15.147236824035645
0.24919544058725113 0.9641648630176018 0.09103707658297652 300.59326171875 -0.9613597439372707 0.2576314260566002 -0.0970231469542584 -474.60809326171875 -0.11700032105678537 -0.06334165478017997 0.9911098625492117 15.034700393676758
0.24107591899843261 0.965308534039017 0.10030870047261636 300.90106201171875 -0.9627518626511314 0.25090839687664623 -0.10076620137014279 -475.7814636230469 -0.1224387693536568 -0.07228008362083756 0.9898405615405578 14.912253379821777
0.2435480426498825 0.9676031969278979 0.06654625621568022 301.3567199707031 -0.9620524292060565 0.24971526678780387 -0.10998822205955443 -476.842041015625 -0.12304257141386851 -0.0372335712497187 0.9917026705579931 14.680097579956055
0.24199976217870062 0.9702454788348249 0.007734720811625705 301.5173034667969 -0.9613630978739158 0.24084710822718253 -0.13331790766761903 -477.9698486328125 -0.13121398230265063 0.024827026789071435 0.991043142143214 14.551046371459961
0.2360218593008907 0.9677556891452769 -0.0879920908894698 301.7909851074219 -0.9625417534134538 0.22039082916560782 -0.1579280068748092 -479.20367431640625 -0.13344307725732524 0.12197052326954258 0.983522311178272 14.414636611938477
0.21869359001149952 0.9740615064073009 -0.058114502694438616 302.3728332519531 -0.9663047985815473 0.20789723703231183 -0.1517688211478436 -480.01019287109375 -0.13575032201124815 0.08934719116945139 0.9867061008750133 14.244342803955078
0.24712123751895654 0.9686716009377146 0.02462566758211058 302.49505615234375 -0.9588573170530247 0.24812416854797137 -0.13793854615825618 -481.424072265625 -0.13972737563188875 0.01047504267977177 0.9901346039705319 14.051477432250977
0.2243135688252459 0.9744934117584793 -0.0067833089418600084 302.7336730957031 -0.964390637900136 0.22097645950456712 -0.14532756749975304 -482.3315124511719 -0.14012180548169711 0.03914070495207547 0.9893603412530765 13.858006477355957
0.2213763113311995 0.9749360959941503 0.022184172490239587 303.1511535644531 -0.9656422412054769 0.22232774201265593 -0.13455644589248605 -483.3905029296875 -0.1361160930274427 0.008365635614750858 0.9906575722012656 13.669273376464844
0.2003881465726483 0.9796802622142485 -0.008436500518592155 303.14276123046875 -0.9697404388932797 0.19711455880696133 -0.1440462838167177 -484.3370666503906 -0.13945634402295304 0.037046383550332664 0.989534988556541 13.557465553283691
0.19192023817694642 0.9797899654809743 0.0563759321066636 303.5165100097656 -0.9740016759588794 0.19720197498385733 -0.11149940040986697 -485.35528564453125 -0.12036343883172283 -0.03351126087238595 0.9921641184740277 13.40015697479248
0.17838981467882176 0.9830432016258566 -0.04246336957945633 303.52655029296875 -0.9716606451756968 0.1691937976291591 -0.16507286106617283 -486.4852294921875 -0.15508921508475199 0.07070730217600604 0.985366841731234 13.230819702148438
0.1557128775853629 0.9843698247441982 -0.08227726227313653 303.8151550292969 -0.9755397571990746 0.14016182879046168 -0.16934238652530037 -487.333251953125 -0.1551634037975989 0.10663353076396748 0.9821169015136404 13.168068885803223
0.114418943090562 0.993432544982185 0.0002898831794484191 303.8758239746094 -0.9903401634192663 0.11408577327322933 -0.07880861028688595 -488.272216796875 -0.07832410983049659 0.008730114940154035 0.996889722543267 12.899489402770996
0.09927320034968262 0.9923161596777099 0.07384761969632878 304.18231201171875 -0.9907190041476859 0.1054923492716518 -0.08571592072518182 -488.66827392578125 -0.09284765216713667 -0.06465294647291538 0.99357904064016 12.87829875946045
0.0946462267857236 0.9817464538210645 0.16497270127202768 304.94964599609375 -0.9952305010161626 0.09724471329087597 -0.007727585916269306 -489.5155029296875 -0.023629253105914655 -0.16345447729181245 0.9862678602950199 12.765008926391602
0.06686866827153964 0.995992279265681 -0.05939664002907989 305.1402587890625 -0.991707229118016 0.059796890274819436 -0.11375897163972579 -490.4971618652344 -0.10975132308385864 0.06651098823964735 0.9917312819129624 12.696277618408203
0.031233035319243763 0.9990659603956299 -0.029861417975449556 304.75714111328125 -0.9938736594020775 0.027874064241773244 -0.10694945389934811 -491.2720947265625 -0.10601719979074223 0.033018832829207215 0.9938159336754098 12.63094711303711
0.019730923431406033 0.9992894545490394 0.032113496969767494 304.87542724609375 -0.9953380780759409 0.02266556817152532 -0.09374637247144152 -492.48553466796875 -0.09440763206773221 -0.030114083856979834 0.9950780577225178 12.425695419311523
-0.0028380425105578033 0.997651147977193 0.06844072219444297 304.76629638671875 -0.9969441646110093 0.002520179840573178 -0.0780767656965094 -493.29449462890625 -0.07806585785581766 -0.06845316379364669 0.9945953379158156 12.408807754516602
-0.0805246629844667 0.986770731930384 -0.1407099898969929 304.6786804199219 -0.9915725967115181 -0.09367737131281029 -0.08948930413573782 -494.90386962890625 -0.10148676811296516 0.13231807400916804 0.9859981557733711 12.176275253295898
-0.0854168230160347 0.9933834561310094 0.07676767178349306 304.4273986816406 -0.9937920438735969 -0.07943217361427035 -0.07789674786825995 -495.32867431640625 -0.07128351758566817 -0.08294479417132286 0.9940014191340425 12.244268417358398
-0.1333471810543213 0.990946185862844 0.015626452852389353 304.1888732910156 -0.9875267910865432 -0.1315220503874962 -0.08656088694198824 -496.069580078125 -0.08372195764063832 -0.02697419110466115 0.9961240017302406 12.224332809448242
-0.1846333985255696 0.9792157544131996 -0.0839464975915395 304.0908203125 -0.976532313797368 -0.19242088106020827 -0.09674112177131192 -497.9210205078125 -0.1108834895665571 0.06411482543843797 0.9917631475813878 12.016417503356934
-0.23989481845213245 0.9603427875672822 -0.14209928376779338 304.3238830566406 -0.9628005373263625 -0.25410648329180796 -0.09189679250734033 -497.3106384277344 -0.12436077116151004 0.11476770241044106 0.9855773805640744 12.155349731445312
-0.2801424999224795 0.9507795131007525 -0.1324329913770714 304.109130859375 -0.9502607629076779 -0.2942207452291268 -0.10216964106296547 -499.24835205078125 -0.13610533499940944 0.09722381675656025 0.9859122005736543 11.907573699951172
-0.2801831015877358 0.9597290484489627 -0.020434851306653984 304.0798034667969 -0.9560811934879332 -0.28090008562038776 -0.08368926667827967 -498.85736083984375 -0.08605917175621582 -0.003910941281509352 0.9962823512915036 12.153397560119629
-0.302958857536959 0.9529791705800525 -0.006828695369930589 303.6746520996094 -0.9500050959907571 -0.3025658397252681 -0.07709883412176492 -499.5376281738281 -0.0755397129428797 -0.01687047930255886 0.997000069556973 12.133562088012695
-0.3395591140670051 0.9400992214231104 -0.030216914695121312 303.26348876953125 -0.9361808158207755 -0.3408999388227514 -0.08574795507644184 -501.3988342285156 -0.09091253017696596 -0.0008280038079484867 0.9958585372765132 11.94206714630127
-0.3766554802609795 0.9237172730079529 -0.0698358699818488 303.3680114746094 -0.9175176739566296 -0.3823887546471686 -0.1092710313697241 -500.5690002441406 -0.1276399904676688 0.02291811218530753 0.9915557437518452 12.057088851928711
-0.44186031797707126 0.8936696182515635 0.07819253680055657 302.2746887207031 -0.8970838401999943 -0.4401584534439744 -0.038744283627909826 -503.1636657714844 -0.0002074830901904537 -0.08726482267164473 0.9961851272102259 11.778932571411133
-0.47273745702696535 0.8807396943965355 -0.028581242764713834 302.8693542480469 -0.8764144694957934 -0.47329783134955083 -0.08880788533806894 -502.9356994628906 -0.0917440700104675 -0.016933799163493864 0.9956386252369909 11.905179977416992
-0.5262379032242663 0.8300718433683333 -0.18453835389215165 302.2942810058594 -0.825941252816884 -0.5505689488174688 -0.12122243807688197 -503.0257873535156 -0.20222442015098904 0.0886259975691374 0.9753208274457547 11.88253116607666
-0.5555217607031246 0.8155182392246496 -0.1622515789668229 301.61785888671875 -0.8094794643079024 -0.5750244011248677 -0.1187010319027522 -504.1337890625 -0.19010147355844298 0.06539831498528047 0.9795838351810396 11.91377067565918
-0.5741371950601519 0.8179927629620306 -0.035416394370464815 301.5763854980469 -0.8160708701098048 -0.575218877009694 -0.05613892134635817 -504.0795593261719 -0.06629340997932685 -0.003329155065443349 0.9977946184059439 12.064247131347656
-0.6009909320955953 0.7950994768962524 -0.0814046766357616 300.4982604980469 -0.7908227350615599 -0.6063138181583607 -0.08356408091987622 -505.9664001464844 -0.11579853733368502 0.014155414142146702 0.9931718496825426 11.744367599487305
-0.6232493745222085 0.7641212312915614 -0.16636995235662025 300.726806640625 -0.7605342928308246 -0.6417775231139946 -0.09853527416100194 -505.2738342285156 -0.1820653909615814 0.06511800607462134 0.9811278401405559 11.810408592224121
-0.6430873708470064 0.7571936320439467 -0.11443966554119936 300.2219543457031 -0.7529289481002419 -0.6524606065782552 -0.0859834633880198 -505.78765869140625 -0.139773504534116 0.030870057590357238 0.9897021809487034 11.795961380004883
-0.6610322510621626 0.7448992022013257 -0.09034125090742579 299.6173095703125 -0.7421079864091906 -0.6668130724657092 -0.06808863999623757 -506.3982238769531 -0.11095990070014677 0.0220341768321231 0.9935805933531231 11.823165893554688
-0.6759233688019797 0.7320446766853815 -0.08507755781625509 299.3204040527344 -0.7300349309642405 -0.6808865732430895 -0.05867259964684923 -506.7528991699219 -0.10087913104016932 0.022451407837327794 0.9946453313652572 11.917707443237305
-0.6889906114039497 0.7142152127914628 -0.1232419052695033 298.9067687988281 -0.71196990304559 -0.6987822975965401 -0.0692976025772444 -507.7027282714844 -0.1356126636950435 0.03999912977735851 0.98995417826412 11.75508975982666
-0.6955823818697352 0.712186157469969 -0.09463628870886058 298.2622985839844 -0.7096956317252263 -0.7016193596113215 -0.06373683808231681 -508.5312194824219 -0.11179114608303366 0.022828739053222132 0.9934694702559722 11.682790756225586
-0.7133791961860999 0.6921235364719278 -0.1097958683670131 297.7486267089844 -0.6898403940650879 -0.7211455477151448 -0.0637912982055431 -508.85357666015625 -0.12333026054054541 0.030234240063480692 0.9919050043037314 11.661874771118164
-0.721017459518143 0.6876986099419764 -0.08487900184307469 296.9207458496094 -0.6854776978859227 -0.7258063937050329 -0.05766632082863253 -509.2428894042969 -0.10126277090332349 0.01660423863862702 0.9947211420736027 11.603433609008789
-0.7380564798816315 0.6562163704769267 -0.157011807272014 296.51641845703125 -0.6544737064059264 -0.7528396084306753 -0.06997636459003073 -509.6837158203125 -0.16412434349609575 0.051113590130576245 0.9851145115040887 11.616331100463867
-0.7580425205227093 0.6177095766055082 -0.2092998233382473 295.9326171875 -0.6182287836211199 -0.7827747139123062 -0.07111201278164796 -509.9341735839844 -0.20776118064241003 0.07548924578607637 0.9752623573114676 11.537044525146484
-0.7735580721291863 0.6034471725112547 -0.1935443593390127 294.8903503417969 -0.6020736239975666 -0.7951218327807125 -0.07272291469597106 -510.2685852050781 -0.1977757829720655 0.06027255613969604 0.9783925381186089 11.346818923950195
-0.7971380279007646 0.5880750903880808 -0.1368891980381584 294.6886291503906 -0.5887542881959403 -0.8073301374030536 -0.03983010634756117 -509.9905700683594 -0.13393786845164918 0.04884400992769642 0.9897852848415213 11.394420623779297
-0.7993493378077339 0.5618637821918259 -0.21295475201890512 293.33782958984375 -0.5584432950010288 -0.8254970113794224 -0.08182768768598646 -511.4197998046875 -0.22176952544191209 0.053514245437433036 0.9736295512773485 11.314947128295898
-0.8206703393414561 0.5190799340906126 -0.2388644304823656 293.1371154785156 -0.5175522417832216 -0.8524237441503542 -0.0742525247641702 -511.9977111816406 -0.24215670783676707 0.06268797678324935 0.9682098669278688 11.394472122192383
-0.8248800461236904 0.5143952519209911 -0.23445774525086327 292.5728759765625 -0.5073894917905317 -0.8565581464606477 -0.09414905922230818 -512.1963500976562 -0.24925652073220567 0.04129971589538984 0.967556468811736 11.369409561157227
-0.8447383209490388 0.501960261373304 -0.18561536876628237 290.9761962890625 -0.4907497067192616 -0.864888461099622 -0.1055114932682033 -512.8151245117188 -0.21349916738750374 0.0019610861204327965 0.9769412774911655 11.312311172485352
-0.9121606107180501 0.4096883768810895 -0.01088366220590015 290.6917419433594 -0.4096439258666831 -0.9106120191924004 0.05456743078861874 -512.718505859375 0.012444848532837654 0.054232687107293176 0.9984507706412554 11.291820526123047
-0.8950295335119651 0.40844785974602044 -0.1791437411975338 288.2979736328125 -0.3988528801050402 -0.9127498855188951 -0.08834040138667032 -513.7520751953125 -0.19959587714496546 -0.007615271113943008 0.979848709481516 11.139093399047852
-0.8961067802898414 0.35840943423852484 -0.26179250517804115 289.5764465332031 -0.3484024378179084 -0.9334487238038257 -0.08537693688313962 -513.2423095703125 -0.2749697795051533 0.014702294985127734 0.961340451079147 11.232610702514648
-0.9097704211502053 0.3216838565333454 -0.26236859043340577 288.6913757324219 -0.3103745261260127 -0.9468368655529111 -0.08466170067977369 -513.7815551757812 -0.2756545561608428 0.004409815843387871 0.9612466484685377 11.157663345336914
-0.9350263021706681 0.29636820727606505 -0.19465790496411345 286.0561828613281 -0.2851289692475274 -0.9547939393718236 -0.08408331721975051 -514.6903076171875 -0.21077780989679407 -0.02311750537592578 0.9772606079241632 11.046196937561035
-0.9371071974421247 0.2572301799994504 -0.2359295127778999 286.9140930175781 -0.24406117972990019 -0.9661202352910251 -0.08393945145200743 -514.6065673828125 -0.24952803660313652 -0.021079028883345154 0.968138127278499 11.032673835754395
-0.9792721088413162 0.19261171726799164 -0.06266468875336773 284.4346923828125 -0.19349290884388082 -0.9810669549167007 0.008253738401834158 -514.804931640625 -0.05988848864861126 0.020207828719274235 0.9980005073074049 10.83346939086914
-0.9578725250283374 0.17940460244639497 -0.22426371622910374 285.25689697265625 -0.16611304239246136 -0.983099633480217 -0.07695172381554034 -514.529052734375 -0.2342790706464351 -0.036456813795418846 0.9714855726077094 10.850507736206055
-0.9549746943448247 0.13090120076738793 -0.26624839680017726 284.6792907714844 -0.11658094553888573 -0.9907836026793206 -0.06896909307106622 -514.2885131835938 -0.27282268288811323 -0.034824248727604125 0.961433853888186 10.770563125610352
-0.9616278561877507 0.08367685359277359 -0.26128538109998495 283.0607604980469 -0.07201103849313652 -0.9959450489339254 -0.05392466818758482 -513.94482421875 -0.26473812823031523 -0.03304003142877812 0.9637541594121889 10.716146469116211
-0.9674147596535457 0.049573738512870204 -0.2482964503458119 283.642822265625 -0.04098769355211918 -0.9983732522295311 -0.03963405366483526 -514.0375366210938 -0.2498573428613821 -0.028165469683409217 0.9678729330525587 10.721736907958984
-0.9693056395176894 0.02793844975487726 -0.2442662895786023 283.25726318359375 -0.0192451296583574 -0.9990960299110402 -0.03790445884630589 -513.9490356445312 -0.24510447197804536 -0.032040069308484395 0.9689670953004913 10.690864562988281
-0.9706805846491382 0.005802665652585112 -0.24030299968275787 282.1575012207031 0.003946900447341003 -0.9991890466330031 -0.040070825615267626 -513.7285766601562 -0.2403406427595341 -0.0398444244525469 0.9698705054170785 10.635324478149414
-0.9713024831253666 -0.02302830014302125 -0.23673019170992907 282.30230712890625 0.03213507423713222 -0.998881614449714 -0.03468223346480108 -513.7553100585938 -0.23566676320234645 -0.04129428176946409 0.9709562085979333 10.638835906982422
-0.9706399858584674 -0.043658285113592196 -0.23654169187188637 280.78125 0.0553486658227971 -0.9975404782085412 -0.04300604058863706 -513.6038818359375 -0.23408234244451345 -0.05483564968535943 0.9706691034947358 10.616357803344727
-0.9769187819988092 -0.059727718240781706 -0.2050909384924478 280.6138000488281 0.07120777312473625 -0.9962546457535364 -0.049052358364425376 -514.045166015625 -0.2013930148356176 -0.06252423920565299 0.9775129528999477 10.63518238067627
-0.9644219644326666 -0.10251788880705247 -0.24368085069282985 280.1554870605469 0.11349010438463174 -0.9930433273410235 -0.03138385301766144 -514.0317993164062 -0.23876823642729744 -0.057922642360424235 0.9693475624229859 10.636758804321289
-0.9642225085136161 -0.12245234521554707 -0.23511779436470157 278.4306945800781 0.13628714392406435 -0.9897156542467497 -0.043459615046038416 -513.824462890625 -0.22737802989016107 -0.07394827171841789 0.970994791249226 10.592021942138672
-0.9531449306558741 -0.17087624324551584 -0.24963183022064378 278.2010192871094 0.18072118544860147 -0.9833893803673135 -0.016887264753162094 -513.4434814453125 -0.24259965848092452 -0.061209771075298826 0.9681935600022591 10.503536224365234
-0.9508052599571454 -0.21808322414381998 -0.2200206012737489 277.6612854003906 0.22182131418978274 -0.9750554685657965 0.007882752758602462 -513.16943359375 -0.21625138660582804 -0.04131029613754823 0.9754633756446651 10.513481140136719
-0.9462481379175696 -0.27002934440641285 -0.17804104764625261 276.1429138183594 0.26867280725385595 -0.9626946891262735 0.0321536649606225 -512.9542846679688 -0.18008160408510554 -0.017409442481321764 0.983497598971459 10.551130294799805
-0.9306181517070028 -0.26783182735023564 -0.2494312890791277 275.90960693359375 0.28059010727704187 -0.9596878001676731 -0.016386516029663206 -513.57080078125 -0.23498733457720639 -0.08523754142140563 0.9682538479762081 10.46371841430664
-0.9282897021935775 -0.27842125805280693 -0.24649509501337216 274.231201171875 0.29611719830051086 -0.9544302042235321 -0.03711590139661078 -512.823974609375 -0.2249285079131034 -0.107445745984284 0.9684330529251186 10.395971298217773
-0.9263579040299919 -0.36707897783536 0.08434487342160799 274.50054931640625 0.37518748477893576 -0.9190171599626344 0.12100335102578227 -512.3324584960938 0.03309659962013666 0.1437375515498999 0.9890622484798535 10.265931129455566
-0.9064048449170028 -0.3746622040316533 -0.19508585284722196 274.4166564941406 0.3749539068911396 -0.9263098838431723 0.03687230398983995 -512.1328735351562 -0.19452461237091495 -0.039726967724612365 0.980092823776071 10.376638412475586
-0.8896093910627578 -0.40741554629729976 -0.206416336485807 273.3328552246094 0.4111247983389991 -0.9111905998072545 0.02660997958685486 -511.79669189453125 -0.19892594482285705 -0.061190386975148045 0.9781023489482914 10.45872688293457
-0.8791059834956683 -0.457151671041945 -0.1348518425742543 272.7076110839844 0.4530983386712336 -0.8893586532268876 0.061180727552270664 -511.71844482421875 -0.14790052493308553 -0.007316802171329916 0.9889751761952893 10.345136642456055
-0.8684887802388706 -0.4663036711266056 -0.1681907396174035 272.16339111328125 0.4671266453638963 -0.883410835091099 0.03712133665049885 -511.4985046386719 -0.16589133729725425 -0.04632691159032205 0.9850552682323115 10.49249267578125
-0.8538379689709773 -0.486372339405829 -0.1854795681589147 271.1903076171875 0.4905718663292472 -0.8710209135586476 0.02572570911944018 -511.0374755859375 -0.17406885623153734 -0.06902547069278066 0.9823113140374005 10.445926666259766
-0.8372536277856975 -0.5000707109733604 -0.22121402936135592 270.65350341796875 0.5109889156822796 -0.8595395987263634 0.009055731398973123 -510.5302429199219 -0.19467072406897012 -0.10545597303102414 0.9751832376238544 10.24277114868164
-0.8234401780043697 -0.523789224777617 -0.218153893513261 269.7944641113281 0.5347510841512182 -0.8449473133246138 0.010262344011681891 -510.0047607421875 -0.1897038514296138 -0.10820760468830429 0.9758604219048905 10.298725128173828
-0.8103230952658906 -0.5654811992581091 -0.15364730575027039 269.52862548828125 0.5657541203368536 -0.8232767432150125 0.046235045183880635 -510.0875244140625 -0.15263930228017755 -0.04946127138371134 0.9870434772757113 10.267868041992188
-0.8035577101206028 -0.5728306551681965 -0.16174067826402785 268.673828125 0.5751814226944341 -0.8172043284684067 0.03665264683085037 -509.7085266113281 -0.1531709420645441 -0.06357771647420897 0.986152390087346 10.28921127319336
-0.7900828346449086 -0.6019504388739195 -0.11586536816047159 268.00787353515625 0.6000170082581205 -0.7981041896110251 0.054857017110877884 -509.1413269042969 -0.12549384128490332 -0.026179603985245214 0.9917489219226483 10.273244857788086
-0.7717835530979323 -0.6345043317151284 0.04188556078494241 267.7326354980469 0.6349014187325037 -0.7652529737407473 0.1062453512978178 -508.6806640625 -0.03536008567558494 0.10859161669153432 0.993457359490247 10.259998321533203
-0.768136289369047 -0.6402632151783372 -0.005445754663059903 267.34368896484375 0.6374293109060449 -0.7654836561837067 0.08785582344654042 -508.1506652832031 -0.06041948818218087 0.06401396257945002 0.9961183152832199 10.276575088500977
-0.7624120514893792 -0.6453742362903949 -0.047116439555063366 266.90814208984375 0.6422764503857938 -0.7635961862209416 0.0663462558752036 -507.6234130859375 -0.07879609776874255 0.020321405498210335 0.9966836085012115 10.27918815612793
-0.7368517557175379 -0.6735985819963974 -0.057571177063040734 266.3761291503906 0.6710480950349618 -0.7390827325648109 0.05874664734672627 -507.2947082519531 -0.08212152121052196 0.004654541542880326 0.9966114543778307 10.272623062133789
-0.7384579580126406 -0.671306044008695 -0.06346683799589196 266.21429443359375 0.6701115141239774 -0.7410874887906381 0.04171201980791286 -506.71929931640625 -0.07503601059672015 -0.0117272859341542 0.9971118632722946 10.906330108642578
-0.7359657665757778 -0.6709199996747286 -0.09066832117663905 265.2701416015625 0.6711760980344526 -0.7405982596578892 0.03220036054072824 -506.3536071777344 -0.08875266675303294 -0.03715604699329764 0.9953604333687658 10.660688400268555
-0.7466108070522766 -0.6601450783744689 -0.08234548130112689 264.4172668457031 0.6601706278753294 -0.750483351298751 0.030813657914771447 -505.6502990722656 -0.08214039739032923 -0.031356258089280865 0.9961273714717396 10.324240684509277
-0.7447546204036151 -0.6626992497542026 -0.07855100102916454 264.0757751464844 0.6633587902194564 -0.7480025814929443 0.021148369168097557 -504.9266357421875 -0.07277135992989317 -0.03635715136129185 0.9966857512369913 10.32199478149414
-0.7347196158415064 -0.6769997631852489 0.04310924198853363 263.4504699707031 0.6778857867744044 -0.73030735103837 0.0843921389026583 -504.4772644042969 -0.025650461729878234 0.09122770229724946 0.9954996535140574 10.335033416748047
-0.7287444665113205 -0.6696990130780719 0.14295011161726137 262.65191650390625 0.6845241265501191 -0.718186687392067 0.12503840299526403 -504.1689758300781 0.018926772041940647 0.18897384457925903 0.9817997063378083 10.355639457702637
-0.7289770912094243 -0.6800693615603713 0.07809010154120394 261.8983459472656 0.684513906948916 -0.7232337301527766 0.09150782897015781 -503.65264892578125 -0.005754275399856866 0.12016087148556222 0.9927377565492574 10.404112815856934
-0.7399071704768045 -0.6702441428485233 -0.05753405994936223 261.24169921875 0.6703487414057421 -0.7417676855559214 0.02032893407802685 -503.07928466796875 -0.056302255485425313 -0.023526360582535155 0.9981365469638881 10.328051567077637
-0.7149987186109948 -0.6773446064482881 -0.17315056020714756 260.73834228515625 0.6902616671973655 -0.7232536693470891 -0.021046628563379736 -502.6120300292969 -0.1109759576779978 -0.13456750681864157 0.9846704641280077 10.322391510009766
-0.7153580335123965 -0.6857960891037911 -0.1339649508611192 260.2603454589844 0.6918151800001782 -0.7220711922849467 0.0022248580890752018 -501.7705078125 -0.09825803076898136 -0.09108741648625523 0.9909835729956684 10.313161849975586
-0.7312151055833143 -0.68202492033287 -0.012902612592993589 259.60382080078125 0.6803993015426176 -0.7305643457600182 0.0577280448703651 -501.1226806640625 -0.048798153931278426 0.0334326898286545 0.9982489646494608 10.270879745483398
-0.7327530960311945 -0.6792356583091478 0.04137415543594719 258.57464599609375 0.6799553546354161 -0.7283978989709989 0.08424497894391085 -500.78936767578125 -0.027085345840964087 0.08986334767842376 0.9955857385402335 10.303681373596191
-0.7084844977538349 -0.7045396384529005 0.04090983122860545 257.9035949707031 0.7053759717418787 -0.7051154475161086 0.07250478717546024 -500.1889953613281 -0.022236342588136657 0.08022532968342844 0.9965286957963071 10.30713939666748
-0.705366485691105 -0.7084079772501991 0.024824557036557716 257.1617431640625 0.7082673404923349 -0.7029506138702439 0.06494465991413104 -499.7181396484375 -0.028556877555066532 0.06339220951921762 0.997580038150612 10.311600685119629
-0.7257792383826642 -0.6877421961022514 0.01597400491838227 256.8231201171875 0.6870595778685549 -0.7235017467232068 0.06703998021742053 -498.6416931152344 -0.03454900276076561 0.05963131885948228 0.9976224096417019 10.249149322509766
-0.7188763715253723 -0.6931538394091583 -0.05248349621412069 256.1639709472656 0.6923980885777576 -0.7206959691457668 0.03438323706272693 -497.9018859863281 -0.06165751694953834 -0.011622175759585308 0.9980296967697058 10.235973358154297
-0.7108537604167334 -0.70077367234435 -0.060026589528334395 255.71835327148438 0.7001269037954038 -0.713173033387902 0.03473532827195078 -497.1329650878906 -0.06715094849107417 -0.017334491550444486 0.9975922340913831 10.226335525512695
-0.7237719826391522 -0.6898964238001469 0.014037149794704835 255.03524780273438 0.688991236753942 -0.7214025185124979 0.06978167352606704 -496.32232666015625 -0.03801569179778578 0.06017749339739361 0.9974635213708533 10.204704284667969
-0.7165720594982837 -0.6973104182749847 -0.016812617629448565 253.97711181640625 0.6957496799636098 -0.7162656806417137 0.05381317278694084 -495.8321228027344 -0.04956678703449159 0.026863642717035802 0.9984094742754843 10.169169425964355
-0.7126946270286612 -0.6958742127848271 -0.0884615655840105 253.6191864013672 0.6970727417521662 -0.7166736408805685 0.021644518315434534 -494.981689453125 -0.0784599344289478 -0.04623821415330163 0.9958443986091993 10.143230438232422
-0.7127575031466235 -0.7008972392612703 -0.026829120450003102 253.05276489257812 0.699276373623316 -0.7130503782783185 0.05071204323798871 -494.0671081542969 -0.054674445588553736 0.01738441926199112 0.9983528869926245 10.118297576904297
-0.6979244008078752 -0.7146464258434736 -0.0467120625333163 252.4650115966797 0.7132882284678032 -0.6994812877228646 0.044111577333233086 -493.4729309082031 -0.06419839473250809 -0.0025326181534794656 0.99793394168104 10.107640266418457
-0.6984128564381176 -0.7092995057634022 -0.09546566443356883 251.95648193359375 0.710606651374323 -0.7031282665631449 0.025472098116929597 -492.7635192871094 -0.08519195375456917 -0.05004849531904635 0.9951067677047416 10.062396049499512
-0.6857087318648005 -0.7172234925666442 -0.12407254633831 250.8897705078125 0.7206952504287324 -0.6928920583889644 0.02233722075306156 -492.18499755859375 -0.10198966150465472 -0.07410166753865287 0.9920216992657755 10.035168647766113
-0.7011148414327064 -0.711565303773373 0.045965178001378136 250.13156127929688 0.7122531752151057 -0.6958327776894118 0.09226136726191313 -491.3354797363281 -0.03366591033658275 0.09742465785901001 0.9946733345788777 9.894791603088379
-0.7210673512509685 -0.6865765947485994 0.0931367516253921 249.30955505371094 0.6925461034098773 -0.7101164064287456 0.1269432312985629 -490.5125732421875 -0.021018316100681056 0.1560361139741126 0.9875277016489967 9.94866943359375
-0.6908694490074201 -0.7104944080950978 -0.1337800452002491 248.43017578125 0.716212566023973 -0.6978418923969887 0.007500232339485255 -490.0336608886719 -0.09868619304411479 -0.09063326807186568 0.9909826668620766 9.955503463745117
-0.7154640841659964 -0.6931671489517026 -0.08735243489840332 247.898193359375 0.6950896611154562 -0.7188384384860903 0.011030066422245802 -489.074951171875 -0.07043796759498215 -0.05282615800005894 0.9961164037159717 9.897872924804688
-0.7034742229451929 -0.7079718863003198 -0.06244858573277863 247.38796997070312 0.7077028891420506 -0.7058665058549769 0.03015122903101044 -488.361083984375 -0.06542658749813883 -0.022984432132489865 0.9975926410754519 9.863618850708008
-0.6969988578676918 -0.7161614035164056 0.03613082125479055 246.89407348632812 0.7167338244512288 -0.6942371832464604 0.06578265945928219 -487.7536315917969 -0.02202764214909414 0.07174662020912875 0.9971796254787393 9.822254180908203
-0.6882372417895732 -0.7225152283234556 0.06558386885953357 246.36810302734375 0.7254826838243068 -0.6851558182439581 0.06508748111221001 -487.1333312988281 -0.00209152694472884 0.09237558967149422 0.9957220374923327 9.844993591308594
-0.6798540155216873 -0.732475092747039 0.03575969916335481 245.70387268066406 0.7332998730781043 -0.6784456157710198 0.04452912063714749 -486.5428466796875 -0.008355460649970031 0.056495884330613644 0.9983678687392882 9.811905860900879
-0.7095568760241682 -0.6956562189701755 0.11221169589192805 244.7379608154297 0.7043496939259458 -0.7048400554209131 0.08421404241972189 -485.9108581542969 0.02050727561744352 0.13879092651309546 0.9901093527304885 9.788897514343262
-0.7033432082784108 -0.7073244158537813 0.07071422845325762 243.9320526123047 0.7108019990724388 -0.7009679367314858 0.05834783448448281 -485.0413513183594 0.008297558873369009 0.09130236804985448 0.9957886463026339 9.584918022155762
-0.7055620361475027 -0.6937789578187359 0.14440557757697076 243.4031219482422 0.7067028803856226 -0.7039499062236595 0.0708912433405221 -484.28076171875 0.052471439870220134 0.15207000761376158 0.9869759170224449 9.743200302124023
-0.7050094931395982 -0.6846359400010028 0.18502768506899261 242.86961364746094 0.7050702274018196 -0.7047387387841034 0.07886244029027997 -483.58367919921875 0.07640411647675535 0.18605628104402896 0.979563918929986 9.705760955810547
-0.6975646121115354 -0.714838149317144 0.049092078897965574 242.18971252441406 0.7162701471039546 -0.6974969328391841 0.02133319121955792 -483.0036926269531 0.018991795527612685 0.050044469832056876 0.9985664037718603 9.617133140563965
-0.6914187926694092 -0.7029233709435507 -0.16684959611857744 241.697265625 0.714865112352882 -0.6990471356420841 -0.01734858182387665 -482.3838195800781 -0.10444100863300074 -0.13127009077453106 0.9858297210896861 9.497482299804688
-0.7110670795686699 -0.6929665860340476 -0.11908366384185334 241.00079345703125 0.6998880210113564 -0.713799870385761 -0.025426424878022706 -481.5090637207031 -0.0673822409726019 -0.10142512350294414 0.9925586017580638 9.570682525634766
-0.717034114721754 -0.6704747462440995 -0.19059300347625763 240.51019287109375 0.6894002857391105 -0.7225184296438671 -0.051907271627327556 -480.6923522949219 -0.10290444280021777 -0.16861415561532972 0.980295844211382 9.5681791305542
-0.749803851832585 -0.6570294993708112 -0.0781435904829007 239.53382873535156 0.6605051800544071 -0.750231790094246 -0.029751777312923458 -480.1196594238281 -0.03907801041907633 -0.07392224353010153 0.9964980737628961 9.584900856018066
-0.7715746689764362 -0.6346505367254619 0.04348823321297468 238.9459991455078 0.6356736252278726 -0.7718205369590299 0.014563684902139256 -479.1854248046875 0.024322261069994452 0.038881293218692006 0.9989477827464682 9.550522804260254
-0.7779411983911758 -0.6167600287690195 0.12006064616909212 238.04075622558594 0.6254181285121151 -0.7784568509132072 0.05345180815179783 -478.702392578125 0.060495093801937315 0.11667046832481363 0.9913265584290396 9.523658752441406
-0.7830325188879232 -0.592557385092331 0.1890392015867957 237.24795532226562 0.6143257598905426 -0.7843464082041509 0.08604982668288863 -477.9570007324219 0.09728275848752284 0.18351146370128124 0.9781920095723905 9.492511749267578
-0.7774637744005432 -0.6012064402568228 0.1846642783230712 235.95819091796875 0.6196076899572683 -0.7825426641027137 0.060936765625073684 -477.9417419433594 0.10787210038132623 0.16179553471201524 0.9809107068977146 9.46044635772705
-0.7888699621888247 -0.6109559502843763 0.06646058657819055 235.2858123779297 0.6134105427032227 -0.7893880350020228 0.024372859827751277 -477.1611633300781 0.037572448106827964 0.05999464149205405 0.9974913303560586 9.475747108459473
-0.8081231143831875 -0.58671481741888 0.05198802766741074 234.58058166503906 0.5880691801537629 -0.8086747039831783 0.014827760822181152 -476.32867431640625 0.03334173590109583 0.04255521306313543 0.998537621969374 9.397823333740234
-0.8231992103343305 -0.5652578960195014 0.05316550660477048 233.70989990234375 0.5666211660387432 -0.8238576450998906 0.014107969639821727 -475.696533203125 0.035826167836236246 0.0417383708123575 0.9984860510293072 9.382453918457031
-0.821259073110843 -0.5695583974815823 -0.0337159708644302 233.18995666503906 0.5703375050905912 -0.8211439472910701 -0.02092243088841466 -474.985595703125 -0.015769119194144317 -0.03641221890317127 0.999212432465884 9.363390922546387
-0.832190930819494 -0.5487898972197403 0.07929630112010976 232.11260986328125 0.5523747550152851 -0.8329735402503501 0.032205764462316225 -474.5347900390625 0.048377522503617945 0.07060262001048721 0.9963307108405657 9.341634750366211
-0.820086067636746 -0.5707776493471531 -0.040886631969832145 231.5137481689453 0.5716801798024328 -0.8203498134537525 -0.014420665291571384 -474.06695556640625 -0.02531034747205884 -0.03520026380770003 0.9990597218078165 9.265049934387207
-0.8089231117799617 -0.5481987052642978 -0.2124184049812331 230.61532592773438 0.5701253190809465 -0.8196614723086871 -0.05578701780525709 -473.471435546875 -0.14352881164098225 -0.16623251895854396 0.9755850705446577 9.229395866394043
-0.8186767128710504 -0.5420184037608118 -0.18969578220728397 229.88218688964844 0.5596791192139192 -0.8270595358240023 -0.052266697987508985 -472.82806396484375 -0.12856019336708926 -0.14895829680540593 0.9804507649516365 9.182943344116211
-0.8501577606891472 -0.5256434851912847 -0.03050751409038052 228.90988159179688 0.5261463097731319 -0.8503201058765887 -0.011215090465198717 -472.3543395996094 -0.020046013372501285 -0.02558601215482508 0.9994716170706813 9.250057220458984
-0.8561888417135483 -0.514153415798354 0.05086189485358713 228.23825073242188 0.5154510243217294 -0.8567702964897806 0.015965606111052286 -471.616455078125 0.03536818981645128 0.039886389604702185 0.9985780725979363 9.201041221618652
-0.8652614048708204 -0.5009540116571495 0.01917757663478383 227.1664276123047 0.5011400710472506 -0.8653436359553407 0.006246671301401111 -471.4206848144531 0.013465898846015553 0.01501565570328622 0.9997965791360107 9.206548690795898
-0.8806522842341981 -0.4697122521271684 0.06182195786864777 226.0941619873047 0.47176847797656074 -0.8814079152587951 0.023549736873772743 -470.9836120605469 0.04342876305823987 0.04990478054022531 0.9978093281877372 9.166412353515625
-0.8813110503189792 -0.4710420537839051 -0.03755284480167898 225.01914978027344 0.4719231895694685 -0.8814311854134558 -0.01917207675788503 -470.9208984375 -0.024069394097854593 -0.03461862140050332 0.9991107122436889 9.109591484069824
-0.8645948914426552 -0.47128723831396985 -0.17425272650278512 224.3661346435547 0.4864036945479419 -0.8720035327980803 -0.054966214330074106 -470.39111328125 -0.1260441177579319 -0.13228067806773092 0.9831656536863795 9.08482551574707
-0.8912266394576822 -0.45169627243721766 -0.04105550617505136 223.5373077392578 0.4523402707953228 -0.8918137244586943 -0.007520657147250927 -469.4500427246094 -0.033216811071817905 -0.02527366877671962 0.9991285628630503 9.012487411499023
-0.9103632539807205 -0.40245985820250213 0.09625387440127277 222.64999389648438 0.40859033141100126 -0.9110534561884505 0.055095744341348424 -468.716552734375 0.06551859948962817 0.08948554354028876 0.9938307957686845 8.981708526611328
-0.9124616953516902 -0.3965970591018047 0.10062021281889295 221.5570068359375 0.4037255744487724 -0.912644092642128 0.06392511792273985 -468.6202087402344 0.06647792905866166 0.09895217469680519 0.9928691515355107 8.843511581420898
-0.9100247643083803 -0.3814079488991858 0.1624281529230479 220.5565185546875 0.39847993401660636 -0.9128465523222489 0.08902198660726864 -468.2579650878906 0.11431828607706618 0.14573657203975882 0.9826963829375288 8.861786842346191
-0.9147773451034112 -0.3782038274488727 0.1419305245131508 219.65728759765625 0.39042481141377594 -0.9179447562261017 0.07032703000639562 -467.9810485839844 0.10368642880373641 0.11974677206516371 0.9873752250598056 8.81156063079834
-0.9169221126577668 -0.39685007343681483 0.04199831582828314 218.83050537109375 0.3979568714827763 -0.9171371130202745 0.02213242780350771 -467.5250244140625 0.029734958531308257 0.03700723083440691 0.99887251294002 8.72693920135498
-0.9209610901559253 -0.38781356097658554 0.037832688795134004 217.65811157226562 0.38864747510723013 -0.9212169413636326 0.017677302888388476 -467.1924743652344 0.027996616073807917 0.030983687115853174 0.9991277198742523 8.75328254699707
-0.9224130047182305 -0.36658120680247375 0.12154204024092799 216.9480743408203 0.37516737989030835 -0.9252219209610407 0.05669068741338836 -466.6977233886719 0.09167161934277382 0.09789083610023691 0.9909660430179583 8.711600303649902
-0.9260631794045227 -0.3522367360201898 0.13541148233820569 215.93446350097656 0.3630238847538598 -0.9295264217270629 0.06476334155599939 -466.3036804199219 0.10305652259514375 0.10913254834890393 0.9886705417081421 8.643792152404785
-0.9310562376356432 -0.3517269540574634 0.09706921318945826 215.0284423828125 0.3570813790460547 -0.9330259460361293 0.044220727741119195 -465.8183898925781 0.07501447259248877 0.07583359290476377 0.9942947727353423 8.586894035339355
-0.9341162423579994 -0.3555150966189446 0.032184807580500956 214.15499877929688 0.3560442285329251 -0.9343873209494657 0.012362919447862315 -465.4090881347656 0.025677871628419342 0.02300761884469188 0.9994054714597733 8.536426544189453
-0.9411174840575454 -0.335679224076468 0.04021616247998007 213.19390869140625 0.33651545621843726 -0.9415414970149976 0.016029882247047315 -465.0828857421875 0.03248428739087282 0.02861936271438518 0.999062412039673 8.469130516052246
-0.938766266227395 -0.33767126168941813 -0.06852748662071505 212.28799438476562 0.34022408085541883 -0.9398824466632534 -0.029471363395376482 -464.7581787109375 -0.0544561493273369 -0.050981422924173084 0.997213829786303 8.445501327514648
-0.9358206766713705 -0.3308294079034998 -0.12162057383747989 211.45657348632812 0.33724937713013414 -0.9407244792824979 -0.03605983505244614 -464.2030029296875 -0.10248179711380324 -0.07476200201233774 0.9919214305152563 8.332448959350586
-0.9501722100374516 -0.3112386136914817 0.017415413286788597 210.34332275390625 0.31147376543162736 -0.9501668375523117 0.012925721012096294 -463.83062744140625 0.012524564678606725 0.0177061052533751 0.9997647868955817 8.18659496307373
-0.9534865348834491 -0.2987786311283493 0.039934413442832696 209.3404998779297 0.2998964892029417 -0.9536271716224183 0.025638122146070978 -463.5757141113281 0.030422418702384317 0.03642179463586012 0.9988733299652165 8.182902336120605
-0.9496020712052358 -0.31330575391937 -0.009767851541754495 208.5214385986328 0.3133491468611721 -0.9496324486350001 -0.0032441733723236345 -463.31744384765625 -0.008259450593238479 -0.006141421700982752 0.9999470308048265 8.254878997802734
-0.9435152852200798 -0.31365450611049706 -0.10676964621394792 207.8019256591797 0.3189619188520355 -0.9470655230895341 -0.03647176027250168 -462.8522644042969 -0.0896783188864451 -0.06846711452754159 0.9936146402655175 8.241499900817871
-0.955720851057016 -0.29385563599060377 -0.015700957022129383 206.83905029296875 0.29398954329965726 -0.9557831066366161 -0.00698580693389955 -462.647216796875 -0.012953890740310194 -0.011292398532489848 0.9998523283215733 8.188431739807129
-0.9576452748895286 -0.2856836421362216 -0.03606083883581751 205.7495574951172 0.28638887626154325 -0.9579783574104752 -0.016089695049269267 -462.3477783203125 -0.02994894047224395 -0.025735643549584544 0.9992200646582707 8.157215118408203
-0.9549701619024552 -0.27681350201962823 -0.10680016374345193 204.74624633789062 0.2822197409564629 -0.9585547005876186 -0.039050016592162576 -462.0589599609375 -0.09156422713301209 -0.06743271521309586 0.9935133724457483 8.075897216796875
-0.9624063121472064 -0.2711852172694544 -0.015253467596990273 203.96397399902344 0.271303507687854 -0.9624734229673126 -0.006270310825690605 -461.7134704589844 -0.012980641566584301 -0.010172905981236085 0.9998639982159657 8.014200210571289
-0.965399599152233 -0.2496879669043591 0.07522986866847005 202.6790771484375 0.2532962300222225 -0.9664391372515871 0.04285339945601858 -461.74468994140625 0.06200511118639275 0.06042609677594125 0.9962449764064998 8.01751708984375
-0.9629373398653199 -0.23558163635808943 0.13135056948466545 201.69033813476562 0.2466698318174888 -0.9661523972103784 0.07552178120099369 -461.719970703125 0.10911312278655023 0.10512296597548941 0.9884551018940025 7.80477237701416
-0.9586697048910807 -0.23953422670476798 0.15354397142511825 200.54464721679688 0.2520563587061395 -0.9653356308713351 0.06778430353735057 -461.76263427734375 0.13198480579161623 0.10368449260709411 0.9858141493369625 7.76827335357666
-0.9673082315806695 -0.22248441286335918 0.12171882002847594 199.6875457763672 0.23130448074880555 -0.9707920824675343 0.06372573894333089 -461.3126220703125 0.1039856831578445 0.08979654030748874 0.9905168141162481 7.655024528503418
-0.9729371671836995 -0.21255622668350352 0.09062626115331705 198.7996063232422 0.21732545211758877 -0.9749971931339689 0.046369399853434606 -461.282958984375 0.07850424558228551 0.06480990571628022 0.9948048851642232 7.594438076019287
-0.9720069009535006 -0.20899167201082458 0.10735485796596012 198.0741424560547 0.21533664432819066 -0.9751944891767346 0.051242930134818884 -460.7586364746094 0.0939825202271457 0.07292591658284144 0.9928993385949586 7.48541784286499
-0.9810597788021778 -0.19292821629823823 0.017332448546055812 197.11228942871094 0.1934608101202073 -0.9803850956570117 0.03765606406974193 -460.3384704589844 0.009727556952007676 0.04029599942390843 0.9991404341063239 7.388336181640625
-0.9662172787383554 -0.18130107113159755 0.18317776031489993 196.5910186767578 0.20094501931876613 -0.9749917667325751 0.09493236547496645 -459.9388122558594 0.16138546860987277 0.12853395041866295 0.9784854388857018 7.28667688369751
-0.9609472690367377 -0.16715121704504649 0.2205466317384961 195.84738159179688 0.19359371058445735 -0.9755373697527946 0.10415524680946703 -459.61236572265625 0.19774180476818104 0.14278414077256402 0.9697993956436886 7.183870315551758
-0.9794484726709987 -0.19947733454478467 -0.02982419127747967 194.63088989257812 0.20023999433384848 -0.9794221678156514 -0.02522224931424847 -460.2582092285156 -0.02417920700990748 -0.03067588946058196 0.9992368867061373 7.115027904510498
-0.9400857934818915 -0.15565671052048388 0.3033309897842049 193.77442932128906 0.1939082199072437 -0.9758916473743208 0.1001753205008062 -460.40081787109375 0.28042521845570023 0.15299176793206062 0.9476049893278824 6.929821014404297
-0.9341521965953159 -0.16829036386311116 0.3147030775619578 192.89625549316406 0.206361991744113 -0.9741781435868988 0.09160607469478114 -460.2657470703125 0.29116044023793586 0.15051676979129208 0.9447593873849819 6.871966361999512
-0.9657689047634244 -0.16369450069480762 0.2012325347311748 192.36021423339844 0.18234158138526213 -0.9801530722425225 0.07779140486883149 -459.65606689453125 0.18450466197356008 0.11182157848922661 0.9764496732009286 6.744415283203125
-0.9695205883574036 -0.1585424499769701 0.18679967962074895 191.51734924316406 0.17561016014089403 -0.9813194186531886 0.0785701611902267 -459.5001220703125 0.17085344715985118 0.10897931055695204 0.9792510451687697 6.686737060546875
-0.9653898314553772 -0.15971905674826087 0.20618510187209124 190.64651489257812 0.17904620060120285 -0.9806928559136868 0.07863828844863485 -459.44561767578125 0.18964422314648197 0.11283326314213679 0.9753480011543906 6.629061698913574
-0.9858712267632727 -0.1534182354908855 0.06723666603233014 189.39366149902344 0.15630814425410144 -0.9868966708027039 0.04003405048678538 -459.8345947265625 0.06021368847794423 0.04997805695905619 0.9969335512171703 6.579477310180664
-0.9901890219940355 -0.13339703976456202 0.04160445294133461 188.23577880859375 0.13176875846112734 -0.9904850864813162 -0.0397024904976144 -459.9939880371094 0.04650478487326806 -0.033830803126026224 0.998345021394778 6.5664215087890625
-0.9825599835719876 -0.1354429900929369 0.12740123671966563 187.2189178466797 0.13112576798614925 -0.990487342848855 -0.04172357398710608 -459.75579833984375 0.1318404780522971 -0.024290329164084194 0.9909732934121092 6.546047210693359
-0.9901722503848156 -0.13662975699397173 -0.029853376218414517 186.73304748535156 0.138116644033288 -0.9888729800804856 -0.05526320573149302 -459.1258544921875 -0.021970598736765712 -0.05884334091898207 0.9980254275421245 6.580167293548584
-0.9757939463931788 -0.17986777151870453 -0.12439356475043685 185.8520965576172 0.18366963465885683 -0.982790471880653 -0.019706691373369924 -459.1417236328125 -0.11870821153866347 -0.04207699073719864 0.9920372409157802 6.642932891845703
-0.9668717488893585 -0.2017600076992155 -0.15637109864948193 184.9573211669922 0.20749219958571183 -0.9780096849033378 -0.021072336044133454 -459.1814880371094 -0.14868089423566375 -0.05282002961459091 0.9874735622591609 6.496816635131836
-0.9487041353920377 -0.17609519184987943 -0.2625851231456202 184.53475952148438 0.2048364166520143 -0.9749921573391896 -0.08621099431183664 -458.99053955078125 -0.24083709411801324 -0.13557572251117558 0.9610497997306717 6.298157691955566
-0.954758172423008 -0.2971407299583789 -0.012009112843138211 183.36497497558594 0.2960979086286746 -0.9536065139847661 0.05441180930227289 -458.645751953125 -0.027619932968828195 0.048394246410328315 0.9984463612118447 6.4319000244140625
-0.9400024225322162 -0.3253593345678165 0.10264866800476632 182.33058166503906 0.3336806100106986 -0.9394603283306205 0.07792010007572521 -458.2658996582031 0.071082319436363 0.10749695299175051 0.9916610857349585 6.479597091674805
-0.9445648861885177 -0.32828333445115637 -0.005218055318086397 182.65882873535156 0.3280544931672236 -0.9443128028305391 0.025565209233008368 -457.8515930175781 -0.013320108575700443 0.022436192456868828 0.9996595380306087 6.372943878173828
-0.8868287253249801 -0.2634108617299632 -0.3796702909909454 181.4363250732422 0.32362397174796875 -0.9405195482883598 -0.10339489444614489 -457.37200927734375 -0.32985199233677653 -0.21456396997198232 0.919325821426398 6.286226272583008
-0.8637974472404515 -0.2993510872068153 -0.4052689190265854 181.10140991210938 0.36157860917242596 -0.9284715633125042 -0.08486144889741415 -457.0514831542969 -0.3508772998211959 -0.21983967500915763 0.9102503159911863 6.377143859863281
-0.8440347028664069 -0.33854269318880664 -0.4159257929555292 179.11532592773438 0.40560909179852295 -0.9103502695257583 -0.08211973833833681 -456.359130859375 -0.35083712033876013 -0.2380151920841379 0.9056832135628646 6.389936447143555
-0.8825416329555336 -0.4692752524682662 -0.030016720690727104 179.28704833984375 0.4683525349334523 -0.8829222222130186 0.033079488264389625 -456.2765808105469 -0.042025814942596766 0.015135618364296378 0.9990018738396544 6.243094444274902
-0.7919188386917745 -0.4103197421282463 -0.45221926335007084 179.1829376220703 0.4895148867433783 -0.8693025046219344 -0.06847138902234487 -455.8121643066406 -0.36502017558169136 -0.2755918443601719 0.8892746520285338 6.312944412231445
-0.800974496405425 -0.4947137750634137 -0.3371915432963614 177.53062438964844 0.5259834008446003 -0.8504932777493718 -0.0016268186986710953 -455.0229797363281 -0.28597433126772837 -0.17866019496697044 0.9414346586940272 6.3933868408203125
-0.8043857218158634 -0.5730661438824064 -0.15671249240096233 177.8618621826172 0.5723529983841232 -0.8182126469157742 0.054222778126785054 -455.5140075683594 -0.1592973815838675 -0.04607883638756452 0.9861546963117358 6.268939971923828
-0.739024676201929 -0.5642886235463255 -0.3679957571777528 176.97288513183594 0.6099576189989536 -0.7923720563609045 -0.009910969857658963 -454.8045349121094 -0.2859969073080365 -0.23178626713976264 0.9297746476300874 6.271213531494141
-0.7367662564760966 -0.6693061461397094 0.09594147204316027 176.96124267578125 0.6756933562840155 -0.7340215663531593 0.06819698235330537 -454.61871337890625 0.02477845015009973 0.11507225064308324 0.993048037881398 6.374475002288818
-0.7071390848170691 -0.6066050148808543 -0.36329694554933517 176.096923828125 0.6542547234776187 -0.7561966372026916 -0.010835252215140229 -453.6052551269531 -0.2681512101992137 -0.24535077298582011 0.9316103942442666 6.117231369018555
-0.6922827697001832 -0.7142377076708519 -0.10300030930695905 175.19122314453125 0.7099952229093207 -0.699674078341953 0.07976821135190448 -452.86590576171875 -0.12904011090427098 -0.017907569277397353 0.9914776693099991 6.26017951965332
-0.6489662960193368 -0.7506349326499524 -0.12405621514677888 174.98965454101562 0.7483038066599137 -0.6592015955618507 0.07412603690332394 -452.80438232421875 -0.1374196476826553 -0.04472643842641308 0.9895025953156784 6.142730712890625
-0.5800616034745002 -0.741595216821904 -0.33699416992207 174.5907440185547 0.78411354398326 -0.6204205787285938 0.01562867979353405 -451.5275573730469 -0.22066827211133877 -0.25517609581806433 0.9413770093891428 6.321186065673828
-0.5484852098148737 -0.6954208971877733 -0.4642776651626546 174.30902099609375 0.798874982112211 -0.5997826822536644 -0.045381681588657574 -451.37957763671875 -0.2469063335954516 -0.3957909925998215 0.8845262871205691 6.144527435302734
-0.5210306391880489 -0.7143808364462377 -0.467105013402411 174.04754638671875 0.8218436969660153 -0.5676371632510954 -0.048590005695425764 -450.7790832519531 -0.23043439583648379 -0.4092041928116363 0.8828657416622596 6.077358245849609
-0.4923790362706333 -0.7394068512073535 -0.45917359792221146 173.85311889648438 0.8437743547227499 -0.5349424672259786 -0.04337505124365498 -449.8050231933594 -0.21355964729650875 -0.40879587222207764 0.8872869952280273 6.148723602294922
-0.4718500059997912 -0.7707871744700293 -0.42807090944200543 174.02481079101562 0.8592722219313199 -0.5107824468249407 -0.02743247405428781 -449.4873046875 -0.19750650737433828 -0.38077345454749767 0.9033287086419624 6.040935516357422
-0.4437920276341217 -0.8404214083403723 -0.31103133702503405 173.58383178710938 0.8806159051327 -0.47330172055324554 0.022385462886722593 -448.7873229980469 -0.16602488920553554 -0.26396465241490724 0.9501359894455987 6.1646575927734375
-0.4222359168207544 -0.8338642060118148 -0.35550993864985403 172.85601806640625 0.8923955715505246 -0.4512516077247722 -0.0014595899496238907 -448.39337158203125 -0.1592073315634358 -0.3178717861938902 0.9346713610239463 6.118352890014648
-0.40911881249366666 -0.8781027840177648 -0.24810743230307125 172.59068298339844 0.9026664112107047 -0.4292431184685983 0.03071962433592043 -447.8258361816406 -0.13347339561035854 -0.21139026928315285 0.9682453236223953 6.1185302734375
-0.4037511601208989 -0.8874085091077122 -0.22246603935040404 172.7803955078125 0.9073666384221362 -0.41949808579109454 0.026592094617006665 -447.27862548828125 -0.1169221286991499 -0.19112167323680168 0.9745777146229153 6.359357833862305
-0.39141451484819767 -0.9013880323588308 -0.1851871828351666 172.73313903808594 0.9140677654373053 -0.4040669754440144 0.03478504770699398 -446.614013671875 -0.10618285056731881 -0.15565826182956596 0.9820874236897634 6.202505111694336
-0.3727016087275716 -0.9260746105018927 -0.05898581724150289 172.65219116210938 0.9249755798201083 -0.3758416448089185 0.05624264186345902 -446.38861083984375 -0.07425420922974496 -0.03359871740252224 0.9966731854527695 6.422275543212891
-0.3489872351563036 -0.9364258366957019 -0.03625688992058502 172.59030151367188 0.9340711975316778 -0.3507107546216456 0.06717860176018205 -445.683349609375 -0.07562345958560815 -0.010422042096942735 0.9970819792769465 6.292205810546875
-0.326408203984803 -0.944320876637413 0.041421809692036266 172.3599853515625 0.9431323359084568 -0.32245423919376454 0.08077537118347698 -444.9410095214844 -0.06292123119641896 0.06543199196661025 0.9958712633126876 6.290904998779297
-0.3112926278230901 -0.9495356874112316 0.03845618539942354 171.93406677246094 0.9485861782216668 -0.30803290184493504 0.07280105677667532 -444.4486389160156 -0.05728143110823325 0.05914143820933228 0.9966048002777853 6.484047889709473
-0.30570106489385446 -0.9486207863071552 0.08164228505350746 171.65115356445312 0.9505487261811543 -0.2991341200043511 0.08352183789050278 -443.57427978515625 -0.05480855843888216 0.10313768484514878 0.9931558990846474 6.309709548950195
-0.3126474954497842 -0.9496841725956194 0.018748757568202972 171.69174194335938 0.9485363505584524 -0.31110267576620787 0.059109363051538744 -442.8443298339844 -0.05030243789549475 0.036264272396944006 0.9980754316630033 6.388599395751953
-0.29685783382450665 -0.9549195776278169 -0.002006678881414564 171.60435485839844 0.9543274175138995 -0.2967465627506351 0.03465050759995335 -442.28814697265625 -0.03368392314254098 0.008371245952361715 0.9993974762640399 6.614706993103027
-0.30428337022749397 -0.9513091503183361 -0.04921921498361494 171.28765869140625 0.9523026077963667 -0.30503828317126536 0.008449200208681285 -441.62408447265625 -0.023051546309029423 -0.04430063566736212 0.9987522615204585 6.501691818237305
-0.2950151007798981 -0.9513439371237336 -0.08894269846221171 170.90167236328125 0.9553234481900807 -0.29543360079802305 -0.008723351289971336 -441.0540771484375 -0.017977754310269267 -0.08754256574620006 0.9959985439409696 6.504795551300049
-0.2440937180964209 -0.9601093185114917 -0.13641243819118404 170.56918334960938 0.9692021587797639 -0.24626447377337501 -0.0009921561206493873 -440.5111083984375 -0.03264095897044129 -0.13245340865572813 0.9906516352043075 6.506792068481445
-0.24273150643830943 -0.9700851584828551 -0.0040250557118090054 170.31576538085938 0.96987208827145 -0.242762659179944 0.02035739914280732 -439.614990234375 -0.020725544001695156 0.0010375929724784402 0.9997846644286248 6.551213264465332
-0.23996860516451313 -0.9705731549482035 0.02007036196207981 169.80039978027344 0.9705763153589801 -0.23944264988563635 0.025472209953799306 -438.72772216796875 -0.019916942525997756 0.025592348654147293 0.9994740352259188 6.531338691711426
-0.27980579444755493 -0.9554563774054134 0.09387133891074889 169.70266723632812 0.9598921192604799 -0.27660738498499726 0.04577634709526473 -437.7121887207031 -0.01777179718535179 0.10291484561075506 0.9945313960744111 6.5312089920043945
-0.27488492714315477 -0.9613769110567266 -0.013882064562929213 169.49537658691406 0.9610352511330985 -0.2751676407887073 0.02634417473217411 -436.69305419921875 -0.029146576283413963 -0.006099536851580344 0.9995565380413214 6.530542850494385
-0.27685659633823095 -0.9603971158512757 -0.03142936411321126 169.21084594726562 0.9604910102827277 -0.27755467212562673 0.020504222669997026 -435.9221496582031 -0.028415563166596786 -0.024510892390665416 0.9992956378990845 6.5391645431518555
-0.3069577306164531 -0.9398852201088458 0.14964198821100808 168.7490234375 0.951612462567989 -0.30070647821385893 0.06331931021027934 -434.76324462890625 -0.014514568546276668 0.16183753267139395 0.9867106669732273 6.524294853210449
-0.2904414808835515 -0.9510481993292046 0.1055986208946277 168.8692626953125 0.9568013554795003 -0.28711468210032687 0.04578564704161254 -433.93316650390625 -0.01322544270565415 0.11433495473872321 0.9933542196971499 6.514928817749023
-0.28292945648978346 -0.9590053528738307 0.016113839075014565 168.81497192382812 0.9588856022433256 -0.2824268151236737 0.02781179443245374 -433.03668212890625 -0.02212067948437797 0.023320104168677094 0.9994832906460778 6.495706558227539
-0.3018440478401398 -0.945005813735054 0.12591339400726193 168.80323791503906 0.9532933768369706 -0.2976502001365577 0.051342925875262034 -431.9902648925781 -0.0110412165201558 0.13552996113633203 0.9907117245557051 6.50968074798584
-0.3160092782181912 -0.9110167304028166 0.2649276373015461 168.59779357910156 0.9487555603997372 -0.3031413331549358 0.08926487967632614 -431.09698486328125 -0.001011281661349478 0.27956009919015623 0.9601276624752519 6.517891883850098
-0.2900753938752557 -0.9135050352473344 0.2852451865428788 168.08372497558594 0.9569001364866825 -0.28124746705446724 0.0724015957504731 -430.267822265625 0.014085263926664454 0.2939530793395654 0.9557160626916885 6.552497863769531
-0.2873595602634502 -0.9322668475602327 0.2197794532373366 167.61227416992188 0.9577435685510185 -0.282620292843607 0.053413733928220436 -429.3875427246094 0.012318280089260794 0.22584130493136076 0.9740862204972119 6.5612030029296875
-0.30627360095150175 -0.9018643438139857 0.30469195381100744 167.48451232910156 0.9517632798441729 -0.29633480325471645 0.07957602352625492 -428.3848571777344 0.01852405194504783 0.3143666485760812 0.9491208931229886 6.533292293548584
-0.27664326146417323 -0.9549204522800756 0.10768210484421567 167.12420654296875 0.9609444072284166 -0.2757525296002193 0.023374957443958295 -427.4764404296875 0.007372387869056335 0.10994304087251594 0.9939105471121694 6.555434226989746
-0.3043340741694393 -0.9489185616585748 -0.0832726524091277 167.21090698242188 0.9524425129192796 -0.3045338052127637 -0.010602880110710637 -426.424560546875 -0.015298067964217621 -0.082539232020026 0.9964703930845642 6.478862762451172
-0.30365210332734155 -0.9340836612927795 -0.18783799895324066 166.99349975585938 0.9523228507704534 -0.3036750934446945 -0.02937048725835477 -425.4898376464844 -0.029607229612352806 -0.18780082887791583 0.9817607960330508 6.412774085998535
-0.3291248606207609 -0.934724053115273 -0.13404391313715336 166.9225311279297 0.9441102898106761 -0.3284727233528045 -0.027594033536123233 -424.3677062988281 -0.018236962328343667 -0.13563412012081616 0.9905911359708839 6.553295135498047
-0.30921461795320976 -0.9493942324676756 -0.05510817907682283 166.45565795898438 0.9509129270738843 -0.30941784238770204 -0.005020352170543051 -423.5098876953125 -0.01228516047219548 -0.053955446150058435 0.9984677684647212 6.5635294914245605
-0.3060003197643703 -0.9246626354872648 -0.22663365777802913 166.28372192382812 0.951459052569729 -0.30527817414061537 -0.03912681531233661 -422.5831298828125 -0.03300720508035719 -0.22760546330683226 0.9731938540114531 6.536277770996094
-0.2948417251153362 -0.904084335810899 -0.3093539572599292 166.09527587890625 0.9542101361416169 -0.2956862649202164 -0.04530616759480599 -421.55389404296875 -0.05051111972238928 -0.30854683028496216 0.9498670855996081 6.502176284790039
-0.3207755863751318 -0.9445034013752507 -0.07082618143223887 165.6871795654297 0.9470264734353113 -0.32106694049101225 -0.007541772763648168 -420.5839538574219 -0.015616715351445352 -0.06949348540922995 0.9974601614537341 6.549736022949219
-0.3427284899176999 -0.9225501720417334 0.17730866381680505 165.3333740234375 0.939232263638022 -0.3404123133862633 0.04429686034482548 -419.63916015625 0.019491976301278482 0.1817158137333682 0.983157884522669 6.5769805908203125
-0.38622109654565207 -0.9084215067218979 0.16001134556084246 164.77645874023438 0.9221600876630489 -0.38427134441484423 0.04423015467852657 -418.51763916015625 0.021308151124683414 0.1646386952897932 0.9861237562846372 6.54534387588501
-0.38357502043941083 -0.913783113980158 0.13368105437806485 164.39828491210938 0.9230438499825278 -0.3839409400948226 0.02407084395148317 -417.64422607421875 0.02933009894866459 0.13262644956353664 0.9907320375216662 6.476409435272217
-0.39465635687966666 -0.8911534420015846 0.22381220427670565 163.82521057128906 0.9175500738233028 -0.3950829917021326 0.04484742684418297 -416.7740478515625 0.048458456447981774 0.22305822665039998 0.9735999206667274 6.521326065063477
-0.4291707780947964 -0.8431524652919771 0.32389251844025146 163.623046875 0.9011204018565451 -0.424151059930711 0.08987713678991624 -415.8209533691406 0.06159922554225791 0.3304387971042686 0.9418151287704387 6.409173965454102
-0.4122226221070899 -0.8941034736895548 0.17507566409820394 163.3470001220703 0.9094608549142436 -0.4152821750528474 0.020534567490681693 -414.8038635253906 0.05434577446139272 0.1676892764002753 0.9843408166781176 6.516669273376465
-0.41644498588796997 -0.9040744761461279 0.09603601048499001 163.42999267578125 0.9081073172313741 -0.4187191495241691 -0.003920996377630173 -413.8945617675781 0.04375698938004606 0.0855781245579794 0.9953701374250354 6.463987827301025
-0.4058402693320685 -0.911048062470706 -0.07269871839892866 162.71087646484375 0.9139207099575928 -0.40397585285617066 -0.03940109414393348 -413.0550537109375 0.006527763712298684 -0.08243141499150816 0.9965753609855174 6.488341331481934
-0.4153822500345123 -0.9079518476772925 0.055507014472554864 162.14141845703125 0.9086898230007512 -0.41697044324981686 -0.02045617341818194 -412.1911315917969 0.04171800487954061 0.041941527814825415 0.9982487246740808 6.500136852264404
-0.4332471012277663 -0.9005915986494503 -0.035095893203689714 161.92381286621094 0.9011942204842324 -0.43235768778838096 -0.030262299583830837 -411.11236572265625 0.01207999352459557 -0.04473926968907797 0.9989256586473958 6.450360298156738
-0.40768998894152086 -0.8238148546681194 -0.3938501722038571 161.60137939453125 0.9072737765317171 -0.41419331825962935 -0.07278866345079668 -410.08837890625 -0.1031657275200373 -0.38700514252038387 0.9162880836985925 6.278486251831055
-0.44412430278390547 -0.8619549362863278 -0.24451439934765207 161.19064331054688 0.8932406993480163 -0.4472328060234281 -0.0458679653426881 -408.90447998046875 -0.0698187417888433 -0.23878129120189445 0.9685601882521186 6.243951797485352
-0.49815489203884245 -0.8344137732704013 0.23578668010390447 160.83480834960938 0.8636123159869447 -0.501785003741486 0.048842376025568374 -408.0386657714844 0.07755946888314395 0.2279593494393433 0.9705766655910064 6.444365501403809
-0.5151843926839249 -0.8399413092078752 0.17053925829865862 159.897705078125 0.8553332647310462 -0.5165489117121119 0.03977723034052645 -407.0041198730469 0.05468132934947785 0.16636050882103548 0.9845476795591874 6.404563903808594
-0.4990339458965508 -0.8621902244330736 0.08713861219324384 159.67066955566406 0.8656753325288663 -0.5005845668043766 0.004616289452699408 -405.9976501464844 0.0396401247974186 0.07773743222747151 0.9961855008665426 6.498347282409668
-0.5232811915607009 -0.8345492084603922 0.17234968296154768 159.24783325195312 0.8494532379823189 -0.5269467190088083 0.027501850977812464 -405.0019226074219 0.06786745199406681 0.16079419760670732 0.9846518343941923 6.525610446929932
-0.5363641529138241 -0.7906116683754596 0.29537549881059577 158.2899169921875 0.8368443697697363 -0.5436260520225162 0.0645152412000868 -404.2247619628906 0.1095673138017398 0.2817869858438901 0.9532004502492047 6.569175720214844
-0.5643677766811244 -0.7794219590177033 0.2720118057088892 157.6754608154297 0.8191592493395213 -0.569578597889969 0.06751551708466139 -403.2102966308594 0.10230902631496774 0.2609245688445282 0.9599225138039948 6.494741439819336
-0.5640856094321959 -0.7954634465589754 0.22146180352382297 156.7129364013672 0.8209372268489123 -0.5690877206978869 0.04691732861642224 -402.3182678222656 0.08871017306445642 0.20827162874333105 0.97403974962805 6.529642105102539
-0.5761593829544944 -0.8173365484238103 0.0011541421697735489 155.9028778076172 0.8172625954299123 -0.5761252024546979 -0.012712246367046563 -401.3316650390625 0.011055113959577253 -0.006381042797638823 0.9999185300554015 6.5573649406433105
-0.5889800278754657 -0.8012394834156029 -0.10544105926873902 155.34519958496094 0.807791142143566 -0.5875625283318239 -0.047368195814364994 -400.3993835449219 -0.02399994662929507 -0.11307327498667732 0.9932967517542672 6.542030334472656
-0.5974564646290709 -0.7949593886011518 0.10528695715906594 154.85694885253906 0.8011268679842815 -0.5974814334485025 0.03480916658034809 -399.43475341796875 0.03523512830440062 0.10514517183021689 0.9938324700743918 6.536108493804932
-0.5931170501942404 -0.8000880521176382 0.08984026729415934 154.05746459960938 0.8047208107623088 -0.5926202488253927 0.03500939028577544 -398.5575256347656 0.02523056667883225 0.09306099903145648 0.995340679850036 6.549040794372559
-0.5447186243145125 -0.8208416948412128 -0.17175719005360593 153.6519317626953 0.8344539908738512 -0.5509102572408001 -0.013580338050966131 -397.6831970214844 -0.08347549005311736 -0.1507209357623583 0.9850457055808687 6.527580261230469
-0.5642030535292674 -0.8213345028104645 -0.08416976227445165 153.19711303710938 0.8240365398572437 -0.5665188939099995 0.004485958436283417 -396.559814453125 -0.0513682330662832 -0.0668279682174894 0.9964413315873495 6.551630973815918
-0.5710153752492907 -0.7963653528791445 0.19935813492954707 151.9517822265625 0.8188390047250697 -0.569865452198428 0.06896412641032032 -395.7458801269531 0.058686672846304896 0.20262179331048505 0.9774969479777795 6.561686992645264
-0.5794986023504165 -0.7962032748662753 0.17390145188046163 151.364501953125 0.8135248566430444 -0.5778617892930782 0.065215489716144 -394.8207702636719 0.048566217660305944 0.1792654388531732 0.9826012542913587 6.537787914276123
-0.5920938408056114 -0.8026179187662222 0.07231431501049443 150.66552734375 0.805745295068749 -0.5911870194031014 0.035671102644179054 -393.86297607421875 0.014121018186863864 0.07938755925618848 0.9967438047365589 6.531593322753906
-0.6188259145253996 -0.7823490269518603 0.07060090324691708 149.8797607421875 0.7853322589590956 -0.6181748605151525 0.03336292650946654 -392.9483947753906 0.017542250425959156 0.07609101033991826 0.9969465520254552 6.592822074890137
-0.6163320064107004 -0.7786300384968265 -0.11777147797404347 149.1484832763672 0.7861455217787277 -0.6170865845888104 -0.03434189435324019 -392.1077575683594 -0.04593556858266143 -0.11375152865323315 0.9924467306954263 6.6332550048828125
-0.6390187208350689 -0.768435966118997 -0.03407697752260578 148.4965057373047 0.7690734942654105 -0.6390685870544192 -0.010830579793339453 -390.9474182128906 -0.013454918829333183 -0.033128643422756204 0.9993605246077434 6.577462196350098
-0.6584038730753149 -0.7331296838063227 0.1703678568318139 147.8126678466797 0.7520826934607409 -0.6497199883245569 0.11061446093696127 -389.9341125488281 0.029596657180524677 0.20095970614423797 0.9791523039804173 6.506651401519775
-0.5892253365199065 -0.678935679273083 0.43801808891072125 146.81985473632812 0.7944707684701806 -0.5855338884756132 0.16114050854154874 -389.1401672363281 0.14707039419748502 0.44294063807312356 0.8844059533347629 6.521400451660156
-0.6244340307438976 -0.7727227929886322 0.11393694065041482 146.2477264404297 0.7807920716699275 -0.6214725560792786 0.06430865305439319 -388.21240234375 0.021115919736338723 0.1291175713686366 0.9914044435534637 6.48388147354126
-0.5870106346724567 -0.7655555726589184 -0.26333093238796546 145.54994201660156 0.8003213559730281 -0.5977921390833872 -0.046155017317751096 -387.3354797363281 -0.12208293064525141 -0.23784285488738957 0.9636008169486382 6.53121280670166
-0.5396484469552625 -0.6959539062609469 -0.47373802260205217 144.65377807617188 0.8147320713685514 -0.5734850480201314 -0.08559527779531456 -386.4041442871094 -0.21211130470175993 -0.4321609191695574 0.876496283141144 6.508428573608398
-0.6557265951620077 -0.7514487880085812 -0.0731255864774749 143.5888671875 0.754741637070772 -0.6549476305161079 -0.03753215358951177 -385.3589782714844 -0.019689938267332386 -0.0798017561321178 0.9966162682041964 6.589022636413574
-0.6674553945320194 -0.7434773197879535 0.041770459310703154 142.7083740234375 0.7446202774949063 -0.666877404551705 0.028551175839009523 -384.3021240234375 0.006628623802472946 0.05015976733700464 0.9987192093312226 6.59376335144043
-0.6669197863237365 -0.7375918581209367 0.10571778205962115 141.95556640625 0.7450236055584761 -0.6576873842018925 0.11129749243500561 -383.26873779296875 -0.012562872702918684 0.15298874303482576 0.9881480753075796 6.480003356933594
-0.6542146612961939 -0.7352243218629497 0.1773368926260755 141.21368408203125 0.7561667864800787 -0.640402324560281 0.1345238035523071 -382.2667541503906 0.014661786026866061 0.22210371279867058 0.9749128026606013 6.523259162902832
-0.6236830715538739 -0.7811225320847258 -0.02944513757263733 140.91046142578125 0.7804046843615154 -0.6243743687653893 0.03354364702033602 -381.1247253417969 -0.04458648768100663 -0.002058518488593314 0.9990034072103574 6.497064590454102
-0.5729073980125187 -0.8059895690736288 -0.1488553924015916 140.4029083251953 0.8133496312264746 -0.581491873698501 0.018154288924784143 -380.325439453125 -0.10119036854505202 -0.11067075208524109 0.9886923151044534 6.504172325134277
-0.5338507696598894 -0.8384517278270834 -0.1095538946698052 139.65609741210938 0.8401008154114281 -0.5406455124638944 0.043966462192303005 -379.6107482910156 -0.0960935777177529 -0.06856478656301765 0.9930080031726686 6.454014778137207
-0.5307956777961582 -0.8457464333257476 0.054487787160921924 138.87704467773438 0.847174117287306 -0.527711670949734 0.06177707780329031 -378.5712585449219 -0.023493902004376416 0.0789516488758561 0.9966015621643347 6.465557098388672
-0.5218936379131224 -0.8469431688163616 -0.10155933980243793 138.0731201171875 0.8464973403860077 -0.5289097263228179 0.06080093848402001 -377.69757080078125 -0.10521066212709808 -0.054238088060165356 0.9929697610593967 6.3946733474731445
-0.5186203012436695 -0.8544947436646863 -0.029524840174804196 137.11904907226562 0.8513228952132991 -0.5192802558169122 0.07481539951352563 -376.9344177246094 -0.07926103218840694 0.013665612615045914 0.9967602218228233 6.480520248413086
-0.5309715794756039 -0.8199352017591296 0.2139519728943813 136.58013916015625 0.8465101822661748 -0.5247355362843761 0.08985058864601841 -375.4937744140625 0.03859654270618382 0.22882063254121954 0.9727031535954668 6.510941982269287
-0.5131152126361722 -0.7808759267101962 0.3562942121980483 135.8411865234375 0.852588171215681 -0.5115927403446634 0.1066127493770713 -374.49749755859375 0.09902620291840009 0.35847685435900867 0.9282715960452704 6.476726531982422
-0.5565036540525883 -0.8190788216727964 0.1393325766402831 135.1419677734375 0.8307539269687012 -0.5510474349865988 0.07870601769097366 -373.54180908203125 0.0123124267388207 0.1595512716395372 0.9871128587279205 6.31431770324707
-0.5923650466089997 -0.7975171304976942 -0.11432444235001367 134.45025634765625 0.8025971598819157 -0.5965156083869042 0.0026320904779676066 -372.503173828125 -0.07029545152711099 -0.09019731433654438 0.9934399800597288 6.248119354248047
-0.5993717805285754 -0.7853622602972122 -0.15478885233394235 133.70098876953125 0.796150585313628 -0.6049483710187407 -0.013480130063890691 -371.19305419921875 -0.08305247865520125 -0.13131484494384388 0.9878556054842234 6.201992988586426
-0.6068806729755688 -0.7764691183338206 -0.16968075035966926 132.589111328125 0.7878793630062733 -0.6158295945326516 0.00014087788851668837 -370.03375244140625 -0.10460381502388047 -0.13360246544001225 0.9854990731151402 6.389764785766602
-0.60528793388998 -0.7836070641456082 -0.1399517277789012 132.0030975341797 0.785849190511067 -0.6162533565453155 0.051699616243573554 -368.813232421875 -0.1267579065001454 -0.07868779808669724 0.9888076979736593 6.300565719604492
-0.5922584039946209 -0.8056310492435855 0.013733003765520682 131.65914916992188 0.7998227918775985 -0.5857544890180543 0.131054111680336 -367.6907653808594 -0.09753709289735957 0.08860186843333294 0.9912800938278011 6.204305648803711
-0.5288177390033005 -0.8196028943385246 0.22046064162872814 131.28944396972656 0.8485510885995339 -0.5159685660578456 0.11720703424605824 -366.86041259765625 0.017687536628463493 0.2490532762926919 0.9683282587097689 6.248263359069824
-0.5070116056437735 -0.7324556873175614 -0.45436537924745257 130.13116455078125 0.8423197316863702 -0.5328709659136142 -0.08090737480658536 -365.895263671875 -0.1828570516942786 -0.42374190234439946 0.8871336420422942 6.25709342956543
-0.4545956064776048 -0.6942146496948515 -0.5580401909543016 129.4423370361328 0.8609852249338884 -0.5029682539748014 -0.07567944198447268 -364.9566650390625 -0.22813872318569728 -0.5148679011577575 0.826355714774579 6.228963851928711
-0.5484496001581836 -0.7717108648878318 -0.3219710811554408 128.72653198242188 0.8288574578859454 -0.5525860404841392 -0.08742987114773708 -363.6278381347656 -0.11044614340563058 -0.31481900971214594 0.9427038986504124 6.272636413574219
-0.5796976750328919 -0.8088180966288243 -0.09881240877129571 128.38180541992188 0.8143697664840821 -0.5791757710847416 -0.03684168325493406 -362.346435546875 -0.027431532915998084 -0.10182687638399324 0.9944238524129224 6.2423577308654785
-0.5583504235037302 -0.7769134581976042 0.2909472169391636 128.2072296142578 0.8296012799769791 -0.5218052381534624 0.1986982881057774 -361.0533142089844 -0.0025535923251760184 0.35231345689179694 0.9358785750615242 6.031728744506836
-0.5508201466686629 -0.7699432186280891 0.32215618279420233 127.31047821044922 0.8344015753316275 -0.5169078634377937 0.19125969727120717 -360.2060852050781 0.019265957230599234 0.37415732092903653 0.9271650996921716 6.003513813018799
-0.41422782087297816 -0.9081927379486179 -0.06001052534528337 127.15045928955078 0.9063928731345001 -0.41761279249048355 0.06365151278081294 -359.57879638671875 -0.08286900473524268 -0.028026885051557482 0.9961662621111483 5.982393264770508
-0.4663512269281794 -0.8838893983299327 -0.03544100256103594 126.03504943847656 0.8827468489810208 -0.46759251730233437 0.045991720743467544 -358.3747253417969 -0.05722354197933509 -0.009837137938228484 0.9983129253698579 6.092874526977539
-0.4435967619279139 -0.894930157470338 -0.048186367960099265 125.01483917236328 0.8946569589661987 -0.4453599828995091 0.035262039151226235 -357.5810241699219 -0.053017342261031365 -0.0274681430363494 0.9982157394760471 5.978384017944336
-0.5006241083377854 -0.8582932128367684 -0.11273093164404674 124.23108673095703 0.862520759770552 -0.5056470213684499 0.019468660612484312 -356.1014404296875 -0.07371187906862037 -0.08748628795160943 0.9934348032481151 6.038084983825684
-0.44844415781225216 -0.8286332178826715 -0.33505943882461925 123.6542739868164 0.88297529207874 -0.46889654813340903 -0.022150862895998408 -355.0051574707031 -0.13875327348399208 -0.30578263091611757 0.941936575214857 6.0001420974731445
-0.5029817576573928 -0.8487617182606154 -0.16313459804458308 123.26024627685547 0.8603655081921479 -0.509676662033954 -0.0009447175207227959 -353.4410705566406 -0.08234405732745428 -0.14083055702941238 0.9866033703721261 5.984253406524658
-0.4889284340573268 -0.8685818164799902 0.08071316156966704 123.01022338867188 0.8721948513312973 -0.4851675276504639 0.06235873174394234 -352.2675476074219 -0.015004255443934085 0.10088656101710135 0.9947847878434392 5.889699935913086
-0.47285837174346235 -0.8757956745540106 0.09688599849620638 122.17425537109375 0.8810623655089106 -0.4685057274270107 0.06504991508011518 -351.3362731933594 -0.011578789054313136 0.11612200394659414 0.9931674641486514 5.987052917480469
-0.4513680382863722 -0.8905584921655895 -0.0563246486474941 121.20797729492188 0.8904834088527053 -0.4535990844288126 0.03587713984431732 -350.5257263183594 -0.057499500620247106 -0.033962370899196105 0.9977676907934669 5.943556308746338
-0.4371292305518545 -0.8989068753007385 -0.029739961906605328 120.51231384277344 0.8979956043788209 -0.4380549199726361 0.04137368250571679 -349.2804260253906 -0.05021882429388595 -0.008620709067704457 0.9987010328730567 5.899662971496582
-0.4870749107489205 -0.8508158389792846 -0.19715587604965631 119.65906524658203 0.8675706359595443 -0.4973063166698717 0.002760257415093781 -347.9883117675781 -0.10039533325649816 -0.16970219663346053 0.9803682683145631 5.870607376098633
-0.468129127883353 -0.8273302422637342 -0.3104509459850343 118.63050079345703 0.8731716643366639 -0.487054341400402 -0.018689920346578792 -346.72491455078125 -0.13574374470564765 -0.2798262653126974 0.950405648665051 5.817400932312012
-0.5165949980817455 -0.855286481511469 0.04018261440788136 118.20912170410156 0.8555898298327983 -0.5138258352483924 0.0628414999659853 -345.396240234375 -0.03310061998821695 0.06684344077785835 0.9972142715491852 5.712854385375977
-0.508654091319456 -0.82314539517954 0.25239388617535424 117.57636260986328 0.8606047115503583 -0.49465007764465707 0.12116447971026545 -344.2422180175781 0.02511067186084591 0.27884217593623445 0.960008591147935 5.709195613861084
-0.4626451652267153 -0.8858059732758222 0.03615561922050794 117.01618957519531 0.8858825052001648 -0.46034097875843194 0.0574314396128884 -343.0987854003906 -0.03422919912334043 0.058600008401039676 0.9976945429051783 5.71661901473999
-0.45347849035562343 -0.8887615974352914 -0.06678384317373498 116.75914001464844 0.8890135312432377 -0.45638550015214235 0.03697589102791148 -341.9990234375 -0.06334192964548713 -0.04260396900698538 0.9970820937985188 5.646921634674072
-0.4627336474895192 -0.8804238414796292 -0.10359261959858887 116.2706298828125 0.8836703311032238 -0.46742279724020586 0.025351026568169316 -340.79058837890625 -0.07074120022281277 -0.07981095146904266 0.9942966833981907 5.618554592132568
-0.5110767154889412 -0.8572037351398487 -0.06326410789166254 115.47000885009766 0.8579548025208696 -0.5132145514970546 0.022899365996739567 -339.6191711425781 -0.05209748282222047 -0.04257441243245752 0.9977340686223055 5.689899921417236
-0.5236033380384244 -0.8500551985660552 0.05697107850342708 114.90385437011719 0.851723106656253 -0.5207006958095355 0.05863902259832255 -338.44049072265625 -0.020181525780782313 0.0792271719442885 0.9966522769967816 5.518127918243408
-0.5054273721791205 -0.8300256963886437 0.23579761403936317 114.74095153808594 0.862290237911731 -0.49587159980218676 0.10279543818550882 -337.1260681152344 0.031602484937734876 0.2552816089031239 0.9663501348380892 5.50993537902832
-0.49425084192869667 -0.856570326969041 0.14833536398622113 114.01596069335938 0.8692932461860567 -0.4883097233701464 0.07669984483347467 -335.77166748046875 0.006734789386637491 0.1668558929685177 0.9859582920152334 5.54405403137207
-0.4594671032368837 -0.8867489786467896 -0.0506579698762415 113.43017578125 0.886538136311508 -0.4613454585747622 0.03479225082917611 -334.6044616699219 -0.05422281723061597 -0.028924327499835038 0.9981098483484958 5.413521766662598
-0.46383601576260675 -0.8842313444216285 -0.05469076726276872 112.47985076904297 0.8842477581664634 -0.465869372093025 0.03273576520007523 -333.39794921875 -0.0544247430775251 -0.033176161441163955 0.9979665774227988 5.309544086456299
-0.49854922306535304 -0.8658010544121799 0.04286264527172819 111.72828674316406 0.8664190396686808 -0.49610588652960624 0.05654199368853258 -332.1125793457031 -0.02768970712256358 0.0653259789779741 0.9974797223954157 5.266824722290039
-0.502115511439444 -0.8630160650427222 0.0555273324596218 111.05390930175781 0.86440626853051 -0.4989122557340872 0.0623567478584683 -330.7652282714844 -0.026111608473350006 0.07930846459553 0.9965080789167913 5.303672790527344
-0.5200251610072115 -0.8369635831291161 0.1704869274610077 110.21560668945312 0.8541123452334666 -0.5114355794690315 0.0944761862744459 -329.347900390625 0.00811995315328111 0.19474498342408517 0.9808202984196144 5.344422817230225
-0.49269659236349805 -0.8494690761781988 0.18881831608812333 109.22767639160156 0.8700498408806373 -0.4849210815361804 0.08868381512631662 -328.25048828125 0.01622782354398279 0.20797555937835221 0.9779993989999619 5.35988712310791
-0.5067270102339627 -0.8617868592203181 0.023476506863864714 108.42979431152344 0.8615639151814557 -0.5052541983396781 0.049252564576179575 -327.2130126953125 -0.03058360927933378 0.04518411596245825 0.9985104098146099 5.400612831115723
-0.5129475773618601 -0.8540159610850103 -0.0868419316381497 107.06710815429688 0.8561918904486651 -0.516275534627987 0.01987508678037903 -325.9602966308594 -0.061808006023006214 -0.06415848000562896 0.9960238249333335 5.392769813537598
-0.5160433511428095 -0.8493988249550609 -0.1105481610261351 106.71565246582031 0.8537733622692173 -0.5204678315775229 0.013575056998286976 -324.71075439453125 -0.06906739911719831 -0.08737775722661156 0.9937780546587012 5.365439414978027
-0.5262742906891138 -0.846896326395341 0.07617075093332112 105.50904846191406 0.8501221420788417 -0.5221325848308005 0.06833672076700953 -323.48046875 -0.018102886702166525 0.10071830119686687 0.9947502748414123 5.214332103729248
-0.5315518832481838 -0.8434134517062007 0.07814310523866533 104.699951171875 0.8467913129125216 -0.5269681568643314 0.07245021757660161 -322.2272033691406 -0.019926559943871873 0.10468195227469401 0.9943061002914352 5.242530345916748
-0.5577932967859227 -0.8051111787002979 0.20164976566440246 104.18245697021484 0.8299406245647821 -0.5434181331523407 0.12607653333687494 -320.7803039550781 0.008074512846657778 0.2376819776361719 0.9713094665189088 5.138455867767334
-0.5587382592752107 -0.7745667275887775 0.29640840429130894 103.77446746826172 0.8289126984653707 -0.5330883661125044 0.16947133161203987 -319.43157958984375 0.026745017198818277 0.34038680707088653 0.9399050620286723 5.026477336883545
-0.4738396181694166 -0.8754167604026784 -0.0955066063638594 102.78719329833984 0.8775581345906316 -0.47843473097652506 0.03149489814606604 -318.41778564453125 -0.0732648392264154 -0.06888906880993359 0.9949304294932524 5.07312536239624
-0.4059518335328032 -0.8553360954895963 -0.3218746224913786 101.87300872802734 0.9016917403769629 -0.43223004427610245 0.011366360941059916 -317.4065246582031 -0.14884594111805394 -0.2856174934728102 0.9467140715310988 4.961099624633789
-0.44044486694640955 -0.8805633417319769 0.1749757708323456 101.62277221679688 0.8977796050858553 -0.43193002011654585 0.08618722883354935 -315.8226318359375 -0.00031602602076562236 0.19505040097352871 0.9807931694336072 4.963550567626953
-0.37180532756202084 -0.8798914106669352 -0.29589170963555056 100.66433715820312 0.9152272738232704 -0.4007709631347141 0.041733348273269286 -314.64654541015625 -0.1553056201382382 -0.2552914815316489 0.9543093962708598 4.8626508712768555
-0.4465125171775592 -0.7633198661172967 -0.4668718817774661 100.13134002685547 0.8770082091574535 -0.47681624588799026 -0.059185038039356264 -312.95263671875 -0.17743498266744442 -0.43587733325782835 0.882342210980438 4.824224472045898
-0.4857858701501041 -0.8706968674728749 0.07680529497000388 99.48238372802734 0.8734937437321978 -0.4803716057015808 0.07906832549380868 -311.63787841796875 -0.03194946045266056 0.10549921994312592 0.9939060048959237 4.85469913482666
-0.47509136002545027 -0.7362186394401722 0.4819443065023484 99.26661682128906 0.8760774034424395 -0.44699147762085745 0.18079547038539232 -310.5224609375 0.0823200024703647 0.5081148825562817 0.8573463030293506 4.69834566116333
-0.43675660774851643 -0.8718494599668298 0.22163525158141276 98.25498962402344 0.8994372736921383 -0.4276104792185048 0.09034306147001318 -309.342041015625 0.016008006786060652 0.23880493549771564 0.97093560368372 4.766244888305664
-0.46599756141817394 -0.8830387877426439 0.055576722594239555 97.77729034423828 0.8842594321868259 -0.46263377490697266 0.06368082053457448 -308.073486328125 -0.030520965596576827 0.07881934824220709 0.996421587984587 4.694238662719727
-0.4815748990641658 -0.8497701720356816 -0.21442078096534017 97.0497817993164 0.8709330957772374 -0.49132089528850914 -0.008906207541664185 -306.720458984375 -0.0977811805574868 -0.1910351605630381 0.9767007771868712 4.652588367462158
-0.4828114571324029 -0.8225623011262978 -0.30047355562094924 96.66314697265625 0.8680679957940683 -0.4948087827223546 -0.040276832284713335 -305.27703857421875 -0.11554675045086782 -0.2802775933010548 0.9529393575425529 4.55242395401001
-0.5066771866341553 -0.8562579393126332 -0.10050159157237401 96.13148498535156 0.8593663715282714 -0.5109425045318168 0.020668733611114515 -303.9973449707031 -0.06904830215747718 -0.07589531228499705 0.9947221891273625 4.261048316955566
-0.5190142529139937 -0.853336276259487 0.04941057469531251 95.3938217163086 0.8541571710686816 -0.5155969107104216 0.06764135405073132 -302.6452941894531 -0.03224488151747099 0.0773112235413572 0.996485445117219 4.368904113769531
-0.5092096826178742 -0.8592869739920013 -0.04828452605000673 94.77056884765625 0.8586959065285356 -0.5110289688125584 0.03861001353936636 -301.18072509765625 -0.05785187325697036 -0.021801132127558638 0.9980871061178059 4.421474456787109
-0.5152119092633904 -0.8322987782517629 -0.20453711710541497 94.08916473388672 0.8521774658874838 -0.5229180791251538 -0.018714944767366376 -299.934814453125 -0.091379730721632 -0.1839440845601778 0.9786798856462515 4.396426200866699
-0.49111464962551965 -0.8513947585819708 -0.18421011368095627 93.38289642333984 0.8661092263861829 -0.49985344105559504 0.0011599282772585817 -298.602783203125 -0.09306561605625732 -0.1589764212832473 0.9828862032728106 4.317322254180908
-0.5353969159711723 -0.8096745826182087 0.24036890945084144 92.8603286743164 0.8444488276404173 -0.5185596072988731 0.13417194630310506 -297.2474670410156 0.016009992669647408 0.2748144900475009 0.9613639665572294 4.23361873626709
-0.48526359310378364 -0.8380543264133807 0.2493675824717806 92.50628662109375 0.8740615895325797 -0.4724956229300965 0.11297886534958722 -295.9398498535156 0.02314266431907981 0.27278715565751044 0.9617960203684042 4.231924057006836
-0.41168133168585536 -0.9065907051862511 0.09279964661170512 92.30296325683594 0.9111368604396409 -0.40737080551799404 0.06227879542681863 -294.5201721191406 -0.018657510272154273 0.11019219610080078 0.9937351645327479 4.126094818115234
-0.429879706094778 -0.9005679067254962 -0.06465975304565715 91.37134552001953 0.9007866531550329 -0.4326598667563245 0.037267213420834985 -293.37677001953125 -0.06153733651712455 -0.042224223787508536 0.9972112469983081 4.063479423522949
-0.4219563662389921 -0.8998480061846157 -0.11057301097445849 90.7802505493164 0.9034950221238678 -0.42747593368642317 0.03100114701607978 -292.0987243652344 -0.0751636214386813 -0.08682103365252523 0.9933843858888309 4.012373924255371
-0.4195303308362254 -0.8919372191622501 -0.16864844672145562 89.90152740478516 0.9030830428222554 -0.4289086097214535 0.02187286615207762 -290.7978515625 -0.09184399422577433 -0.14312722165934155 0.9854335488224125 3.9576497077941895
-0.42084622000722954 -0.8763501687966683 -0.23430501649703922 89.0920181274414 0.9006831637631442 -0.43441914696241385 0.007059976349952604 -289.49053955078125 -0.10797359686163954 -0.20806341918391097 0.9721374984940454 3.9091367721557617
-0.4575557384795067 -0.8866524148077702 0.06700926428504153 88.27601623535156 0.8889767242371923 -0.45453477054389213 0.05584376537378197 -288.2478942871094 -0.01905596885450594 0.08512131156273764 0.9961883518536316 3.881755828857422
-0.35746951121533715 -0.5801199732157282 0.7318991496289984 87.8777084350586 0.9107001510344949 -0.3902077037993727 0.135510821713137 -286.9378967285156 0.20698015232677858 0.7149816533113309 0.6678027043753114 3.8537826538085938
-0.33289201735425644 -0.7589053604079103 0.559683445106208 87.24598693847656 0.9257315011599434 -0.3759730498128242 0.04080996905906478 -285.6711120605469 0.17945498750932418 0.5317019087407755 0.827701025551766 3.901887893676758
-0.38256526299585336 -0.9222955120534123 -0.05490726723346444 86.14618682861328 0.9228378414385369 -0.3843249958988113 0.02578014616793082 -284.7608337402344 -0.04487914836507974 -0.04080791557421324 0.9981585926437303 3.80613374710083
-0.36744055495074046 -0.82862526144344 -0.42233590265958065 85.42195892333984 0.9158460172282485 -0.401424073369409 -0.009207933897796922 -283.6723327636719 -0.16190587174233925 -0.3901780227246304 0.906392629757133 3.6102242469787598
-0.44674424501383564 -0.8693657934007022 -0.21124085024394837 84.4325180053711 0.8902652699077267 -0.4553583459772503 -0.008747910892653032 -282.2718811035156 -0.08858514967612238 -0.1919684714051529 0.9773948931947765 3.7243399620056152
-0.47800668230331955 -0.8461144242474673 -0.2357965070855605 83.66072082519531 0.8732347601180307 -0.4867230251155834 -0.02370127726391509 -281.0346984863281 -0.09471359667428497 -0.21723507521280405 0.9715133847262778 3.725701093673706
-0.5437638013782398 -0.8222267752946979 0.16811917885585997 83.09198760986328 0.8387449716421271 -0.5392961116135044 0.07527666666107133 -279.6403503417969 0.028771528560954024 0.1819418423206627 0.9828882770474116 3.663036823272705
-0.5803705441512349 -0.8143105444632242 0.008268534187319284 82.3274917602539 0.8143524983608195 -0.5803431000153857 0.005647537341493657 -278.4150695800781 0.0001997375554239813 0.0100111657932224 0.9999498670755298 3.5798068046569824
-0.5110198803867262 -0.8276703559186159 -0.2319923787176804 81.9549560546875 0.855214556359115 -0.5166951133228547 -0.04042551743347671 -277.0133056640625 -0.08641032600921064 -0.2190615023271636 0.9718772112551811 3.5337705612182617
-0.5309113115532686 -0.8438408324515342 0.07788343053750268 81.0191879272461 0.8474093980941578 -0.5280542551756673 0.055281241054887034 -275.9278564453125 -0.005521891567703004 0.09534858718603577 0.9954286291016254 2.9130239486694336
-0.5317716988476762 -0.8402002881674366 0.10621834148588746 80.43714141845703 0.8465438075933076 -0.530932457521063 0.03839671048500451 -274.53076171875 0.024133837864731285 0.11033676320248259 0.9936012059956035 3.2730894088745117
-0.5492629781633979 -0.8297791257757002 0.09887761751776607 79.88883972167969 0.8347376021692682 -0.5503356345933746 0.018542513891283544 -273.237060546875 0.03902968541732772 0.09272158175755263 0.99492682742632 3.369140148162842
-0.5100997784876045 -0.7467855986693983 0.42674287997210364 79.04158782958984 0.8485821890170964 -0.5179261929046493 0.10798484702146399 -272.0487365722656 0.14037978654296995 0.41720945377985436 0.8979029943189106 3.2084460258483887
-0.3991963536982791 -0.8521262878118916 0.3384125600711702 78.17930603027344 0.9068871848656217 -0.4212774628791015 0.008996287937517472 -270.9800720214844 0.13489961126892047 0.3104932992675885 0.9409548373803186 3.3290891647338867
-0.3601535324549675 -0.7885299525153088 -0.4985077201472552 77.75457000732422 0.9148520781584336 -0.40311600138268255 -0.023305890208978525 -269.5510559082031 -0.18257904630434596 -0.46445452244051044 0.8665719176358956 3.0601439476013184
-0.4768065178025412 -0.8784221684085001 0.032094214891843054 76.96527099609375 0.8788980491047491 -0.4770070418962387 0.001581537627109688 -268.1977233886719 0.013919908795714944 0.028961630304745314 0.9994835967184306 3.1640748977661133
-0.5062645968143084 -0.8544829719220596 -0.11642597952214226 76.0055923461914 0.8611031304954854 -0.5082267586669805 -0.01438611920323292 -266.8836669921875 -0.04687810430596314 -0.10753795827566728 0.9930951771439532 2.8931469917297363
-0.5628341264639921 -0.7955755115873477 -0.2242261167884892 75.24956512451172 0.8235369849145404 -0.5629587404393163 -0.06974446960761028 -265.4757995605469 -0.07074306019238413 -0.22391306778638176 0.9720382489949191 3.132741928100586
-0.47316912415856377 -0.7346458979805948 0.48621639680630224 74.83706665039062 0.8609468059049308 -0.5026136506230574 0.07842267280232937 -264.2191467285156 0.18676610330869894 0.4557136412130419 0.8703123001930031 3.0189104080200195
-0.5460034227013334 -0.47436221856181904 0.6905510466283705 73.67304229736328 0.7995955900096328 -0.5410798022363331 0.26053702241531385 -263.1145935058594 0.2500543037733529 0.6944156775397569 0.6747293620048147 2.8747127056121826
-0.5995704958935067 -0.797984520068899 0.06112222332689579 72.56050109863281 0.7999034245669122 -0.5999763218663315 0.013524960845562397 -261.9098205566406 0.02587917734666668 0.057001043237441665 0.998038651180255 2.6754746437072754
-0.5843107626262072 -0.8083790326328734 -0.07144418995776064 71.58779907226562 0.8109521646588042 -0.5849492094044193 -0.013820602459551176 -260.6009521484375 -0.03061893718567574 -0.06601334726163476 0.9973488450231116 2.9218051433563232
-0.6412383182455199 -0.7663655086631986 0.03869530133045146 70.79163360595703 0.7671231903539806 -0.6414436360262463 0.00848955962102684 -259.3759765625 0.01831474910524124 0.03512789394235687 0.9992149923977255 2.8957576751708984
-0.6040745884706352 -0.7731549013701994 -0.19319780032720435 70.40318298339844 0.7926296887540155 -0.6080382041841247 -0.04503019829245236 -258.048583984375 -0.08265632504379489 -0.18033591084357664 0.9801259567986518 2.786843776702881
-0.5916997463390765 -0.6824691929386109 0.42910046710763844 69.65721130371094 0.7929332723925375 -0.5887159868300711 0.15706785916780502 -256.70538330078125 0.14542432985967052 0.4331850499964382 0.889495630537019 2.705253839492798
-0.561492022936017 -0.639325612775689 0.5253469986858299 69.11962127685547 0.8064710457457809 -0.5649607984176257 0.17442404829903946 -255.64149475097656 0.18528669826224997 0.5216148551376858 0.832818577090332 2.6299936771392822
-0.5496661204953802 -0.817025379840473 0.17417429395892242 68.2120361328125 0.8340384393309541 -0.5485509207989386 0.058921719331863326 -254.59144592285156 0.04740292921270256 0.17765532918313345 0.9829504292256492 2.653721570968628
-0.46983938713427875 -0.8307148567721164 -0.2986030425755364 67.53791809082031 0.8712444767780342 -0.49081957054795344 -0.005404706365019607 -253.82635498046875 -0.1420704472473244 -0.26269559551923377 0.9543620969599225 2.5739762783050537
-0.5254975239304022 -0.8169508074151158 -0.23757889343712074 66.74447631835938 0.8428381451349672 -0.5379757350243847 -0.014351642080987936 -252.60928344726562 -0.11608709423731915 -0.20778230624565544 0.9712622198782224 2.569138526916504
-0.5568818465174964 -0.8256876285942799 -0.09012518519047841 66.30072021484375 0.8285404742071026 -0.5598478113229789 0.009545195521282572 -251.28262329101562 -0.05833773752840404 -0.06935681756845957 0.9958847022807622 2.562101125717163
-0.5774117082792364 -0.810641426202693 0.09724298054933228 65.13911437988281 0.816267079899288 -0.5757134670865874 0.04756109847164937 -250.0781707763672 0.017429096785065094 0.10683857888985877 0.9941236063216948 2.5381908416748047
-0.6073395248855695 -0.7660646710124033 0.21043673951672315 64.37075805664062 0.7914905869043873 -0.6062821824339499 0.07723060342167073 -249.00634765625 0.06842040889617194 0.2134638964550802 0.9745521086923447 2.4288527965545654
-0.6749384866728634 -0.7277574648360614 0.12176662754274639 63.44854736328125 0.7365288069449234 -0.6744313457752256 0.05164955349376838 -247.732666015625 0.044534882373625705 0.124544900382179 0.9912140092032398 2.4231841564178467
-0.6652269801809556 -0.7371109257534527 0.11891403606898102 62.117149353027344 0.7455862249745377 -0.6642713831171727 0.05333582941903954 -246.57119750976562 0.03967676861269089 0.12414109998903179 0.9914709987316668 2.454209089279175
-0.6083138464757525 -0.7532546763054739 0.25012328322211497 60.95694351196289 0.7886957823622152 -0.6090005316677938 0.08412678118410397 -245.7122344970703 0.08895632113530849 0.2484466644015981 0.9645522421713569 1.876662254333496
-0.5132679593328777 -0.6730695170546951 0.532478569647665 60.501548767089844 0.8332720253058931 -0.5393605915011301 0.12144086700187251 -244.31863403320312 0.20545981058318646 0.5060312021479613 0.8376865097921838 2.3606061935424805
-0.4656352594514651 -0.8846983998886199 -0.022193386178828822 59.96852111816406 0.884049552234739 -0.4661487777709715 0.034083811057264206 -243.33111572265625 -0.040499312946327914 -0.00374942890922233 0.999172531364694 2.280518054962158
-0.181219317431675 -0.5073893693017093 -0.8424461922931408 58.62854766845703 0.880314250475408 -0.4655731953864557 0.09104076091271301 -242.70127868652344 -0.43841347994731916 -0.7251190437833355 0.5310329490184417 1.8369693756103516
-0.4504457613681443 -0.805730277793446 -0.3845742262715611 57.666831970214844 0.8700322833915192 -0.49281137511355655 0.013445237641086516 -241.2996368408203 -0.20035578834167156 -0.3285356419105581 0.9229961484602226 2.2726643085479736
-0.5265614260102407 -0.8493595688579321 0.036350893077475174 56.85747146606445 0.8499503403335602 -0.5250680976734721 0.04345010670213132 -239.92300415039062 -0.017818069618431718 0.05377560408800026 0.998394060879793 2.2796647548675537
-0.6156387613626091 -0.7880236672133443 0.0027596049618042254 56.04236602783203 0.7876145811353978 -0.6151981316320863 0.03456197938924252 -238.65545654296875 -0.025537953927918314 0.02345119928752389 0.9993987463275871 2.1885883808135986
-0.6266609948576098 -0.7790083065691477 0.02102512355111958 55.06084060668945 0.7791732560245289 -0.6258664985305744 0.034353502197196614 -237.58396911621094 -0.0136027431132457 0.03791021383938216 0.9991885613168556 2.0538086891174316
-0.6249374736615605 -0.7571780614683394 0.19009086575781015 54.338539123535156 0.7788068253627078 -0.621512167599171 0.08474995159078533 -236.18092346191406 0.05397298196289316 0.20100748433137375 0.9781016861557931 2.1117424964904785
-0.6124302652807395 -0.6647910748857586 0.42776395000093287 53.36263656616211 0.7768689513427445 -0.6062687663734346 0.17003768805667208 -235.04010009765625 0.1463003848518088 0.43645275766372627 0.8877528866300246 1.860069751739502
-0.5510324223468963 -0.7310988513641778 0.4023154720570562 52.549861907958984 0.8220204910907902 -0.5585669043420876 0.11083918801828879 -233.99261474609375 0.14368570474952644 0.39178754817844513 0.9087667111767216 2.010976791381836
-0.5668518534993464 -0.8204457060393179 0.07448368697910016 51.480560302734375 0.8238025231300675 -0.565103098241088 0.04480949947117985 -232.8614501953125 0.005327200849408291 0.08676019709502916 0.9962149813826038 1.9454240798950195
-0.5969924764556701 -0.7966611235129403 -0.09450416571996226 50.48155975341797 0.7992675567920152 -0.6007770239372089 0.01543826962043721 -231.76593017578125 -0.06907500065182093 -0.0663175828287668 0.9954047530993112 1.9075062274932861
-0.5535633965715927 -0.8315862033003463 -0.045077183326347046 49.82341003417969 0.8320455568135703 -0.5545606196591062 0.012755802997242804 -230.7191619873047 -0.03560558050247046 -0.030445124467205972 0.9989020657868612 1.6700465679168701
-0.6017368254061017 -0.7791903296957446 0.17542868368320952 49.055355072021484 0.7934750119664066 -0.6082756000662601 0.019954942970156306 -229.71487426757812 0.0911602892442625 0.15120590091880726 0.9842898847353021 1.3627047538757324
-0.5683989246640165 -0.8132157317441079 -0.12491131287711381 48.59365463256836 0.8190677605643467 -0.5736472470587147 0.007539200624952856 -228.2303924560547 -0.07778602731143282 -0.09802555577936059 0.9921392666199902 1.757750153541565
-0.6807096319039055 -0.7272728851212784 0.08779833483968336 47.40264892578125 0.7320411140378302 -0.6798115693623886 0.04440762906639722 -227.0346221923828 0.027389859282255364 0.09450069168222067 0.9951479361783755 1.7598876953125
-0.658551647248571 -0.698475474415245 0.2800745249868184 46.72718048095703 0.7447496041204691 -0.6583173023066723 0.10939084352024091 -225.93865966796875 0.10797108440966087 0.28062491180232674 0.9537252769049052 1.6983602046966553
-0.6577498628062628 -0.6385383885600718 0.3995420432363144 45.80483627319336 0.7362258866516546 -0.6570914203816625 0.1618712731919854 -224.7018280029297 0.15917462675416388 0.4006240027705728 0.9023102828859686 1.646864891052246
-0.6608073923020625 -0.7262013733975773 0.1896448142038703 44.41610336303711 0.7486345704876464 -0.6557950231544423 0.09736101620588045 -223.59962463378906 0.0536644216378529 0.20631154325761064 0.9770136523963919 1.5471444129943848
-0.6037180550789509 -0.7963242038632772 -0.03731316541391251 43.45038604736328 0.7953526376641107 -0.6048432831609709 0.03973392223024169 -222.48580932617188 -0.054209701460441836 -0.005689038282052777 0.9985133665159394 1.6016473770141602
-0.5868587833062341 -0.8096462959217149 0.008345295475514138 42.65808868408203 0.8079460793086383 -0.5848882369157763 0.07161622195672249 -221.1396484375 -0.053102743677953076 0.04877115764262512 0.9973973495032318 1.5871038436889648
-0.5055794127189186 -0.8541996451420589 -0.12137719585644895 41.97621154785156 0.8539328572972681 -0.5155136160676277 0.07102384724163362 -219.86412048339844 -0.12324014225453385 -0.06773978069096424 0.9900622149385477 1.4999032020568848
-0.38572372987472314 -0.7456278892004351 -0.5433748752546766 41.84321594238281 0.8658363944998777 -0.4959629505030041 0.06594004616169707 -218.39732360839844 -0.3186605437938367 -0.44503910229872884 0.8368964423715504 1.3812904357910156
-0.417300268964997 -0.7708254052920337 -0.4813405032595047 40.88300323486328 0.8580943973920107 -0.5086182447426335 0.07057964493651689 -217.2333221435547 -0.29922314530494365 -0.38358268426936937 0.8736874919801256 1.3713493347167969
-0.35383553978089555 -0.5962508812009761 -0.7206145276463847 39.890098571777344 0.8427585795049992 -0.5374069356209553 0.03085064370821 -216.2532958984375 -0.4056579685630233 -0.5963880215208504 0.6926492188169762 1.4452075958251953
-0.39648597502393523 -0.618344347200328 -0.6785640278519923 39.530242919921875 0.8295842635154238 -0.5578807376725777 0.02364386308267602 -214.71292114257812 -0.39317784949929624 -0.5535515791859873 0.7341606280942939 1.379643440246582
-0.46013809914029147 -0.8117265855731466 -0.35968441722337746 38.154972076416016 0.8485988724743987 -0.5212111604673371 0.0906580379198177 -213.7208709716797 -0.2610610720784288 -0.2635125736621559 0.9286593779030116 1.0440254211425781
-0.4411360146404099 -0.8041564774912181 0.39841106447498725 37.71845245361328 0.8963217596816074 -0.4169472810346861 0.15087169369715916 -212.24781799316406 0.04479196031033944 0.4236594440664564 0.9047134108350878 1.342310905456543
-0.41345416364524873 -0.7206883823850638 0.5564745367576199 36.27198791503906 0.9040723450132326 -0.3975638743223689 0.15683163206465062 -211.4609832763672 0.10820743757562234 0.5679359306550233 0.8159288750401779 1.3481779098510742
-0.4268863519391095 -0.9031112008639363 0.04645644629346937 35.55310821533203 0.8973961356924157 -0.41672719813533865 0.14497799135934314 -210.38018798828125 -0.11157158317617541 0.10357896122461138 0.9883436551216346 1.2821035385131836
-0.4168354137625759 -0.8883760970079913 -0.19244778018524966 34.33088302612305 0.8850050970351451 -0.44494698419058293 0.13706990727916396 -209.57725524902344 -0.20739868865350997 -0.11318167486193693 0.9716870341937527 1.2843914031982422
-0.5417381986962186 -0.7961846493852104 -0.26946192338942 32.911197662353516 0.8051052058902116 -0.583618072913421 0.10580903750296743 -208.50283813476562 -0.24150637987816392 -0.15962439992737323 0.957180609616581 1.2244930267333984
-0.5495287599052738 -0.7794643090589122 -0.30075493834729405 32.04192352294922 0.7961947515760808 -0.5976647860938513 0.0941845052335781 -207.28201293945312 -0.2531640961899514 -0.1877024090594033 0.9490393806547869 1.1563730239868164
-0.5333381058319111 -0.7295074906052311 -0.42821640092187907 30.898723602294922 0.7914193265681667 -0.6090663738233593 0.051899921117986664 -206.2779998779297 -0.29867359173857055 -0.3112185300211451 0.9021846330820866 1.1293659210205078
-0.5340005020314615 -0.803654437005667 -0.26264616827825904 30.02326774597168 0.808719676228859 -0.5761183628138611 0.11857536552322276 -204.91659545898438 -0.2466088990901112 -0.14908781945477909 0.9575786510672544 1.056915283203125
-0.5708115133002998 -0.774296789882269 -0.2732008372275516 29.275222778320312 0.7889120093450845 -0.6094212038576938 0.07889003612459954 -203.9838409423828 -0.22757868484311802 -0.17050008054734916 0.9587166759467702 0.3061962127685547
-0.5404123608716843 -0.8179898091076737 -0.1970968097486201 28.85636329650879 0.8207024615159367 -0.5640900131003851 0.09082910757069976 -202.50924682617188 -0.1854776263563203 -0.11267266445948074 0.9761674655533376 0.11378097534179688
-0.6014920886849886 -0.6158740151920592 -0.5088285218623073 27.79075050354004 0.735871494565616 -0.6750589477551074 -0.052806822869145315 -201.08700561523438 -0.3109668965261996 -0.4061952910448098 0.8592467484942179 0.9770922660827637
-0.5266473884445493 -0.5658599014452963 -0.6343856084282301 26.99235725402832 0.7806590860163856 -0.6173130040015036 -0.09744766036545646 -200.1238555908203 -0.3364727621436804 -0.5465594450990298 0.7668499548858584 1.0078315734863281
-0.5427413315349146 -0.5610694100604451 -0.6250063712780307 26.36655044555664 0.7752444316785517 -0.6209625095456814 -0.11576542182417202 -198.7688446044922 -0.3231530878625592 -0.5473633882834631 0.7719879551986155 0.901979923248291
-0.5668846377056543 -0.7679338766544387 -0.29819350868155103 25.553232192993164 0.7807400445146814 -0.6163159536613924 0.10295449554857583 -197.69619750976562 -0.2628436615643268 -0.17444829133280038 0.9489367751470716 0.7361412048339844
-0.5380095625452233 -0.8429381053226535 0.0010301480246987654 25.187532424926758 0.8263694620065849 -0.527192636499973 0.19794301271617223 -196.37388610839844 -0.16631062164770194 0.10734651654926883 0.9802129883407444 0.6447725296020508
-0.5015749039257196 -0.8524550916728268 0.14745484879439422 24.86453628540039 0.8578052468077164 -0.4679506366416004 0.2125849482345201 -195.1091766357422 -0.11221753116629325 0.2331148179498533 0.9659527459203938 0.3670492172241211
-0.43380356196659503 -0.8965017590337516 0.08999480915299371 24.377593994140625 0.895262566377758 -0.41762078981559486 0.15523470345418658 -193.7827911376953 -0.10158448143198409 0.1479103511022399 0.9837698517280387 0.49503135681152344
-0.580948080804466 -0.8120312759424164 0.05571834797388424 23.840660095214844 0.8059179013541842 -0.5642848864852923 0.17910584345896755 -192.4725799560547 -0.11399852493113684 0.14895561008438726 0.9822507635720692 0.4548959732055664
-0.09546169436042434 -0.9806912206624182 0.17068038734867408 23.040302276611328 0.9931208793636018 -0.08214948593855392 0.08344088285785155 -190.9345703125 -0.06780843518252944 0.17747166443037554 0.9817870565669569 0.49712133407592773
-0.5163875060995722 -0.8165660005475269 -0.25799982615125994 22.563936233520508 0.8303588126147751 -0.5511163994701573 0.0823101242134318 -189.86099243164062 -0.2093995841859411 -0.17172850952845853 0.9626323977292105 0.322782039642334
-0.6308125280751016 -0.7751575298489581 0.03473266966360624 21.98358726501465 0.760789147037193 -0.6090781458682573 0.22410641663305073 -188.68995666503906 -0.15256286630081306 0.16779337336184627 0.9739455609436971 0.32736968994140625
-0.4032716080706594 -0.8761438478557838 0.2640908328370488 21.682571411132812 0.9142610950721165 -0.37355763288804955 0.156784390002998 -187.41265869140625 -0.03871253235890698 0.30467466710499386 0.9516694211031593 0.28882265090942383
-0.08330489265132862 -0.9474104418678422 0.3089882675768303 21.379653930664062 0.9963885255391929 -0.0740738590173255 0.04150866878273385 -186.15267944335938 -0.016437792862302014 0.3113302395368327 0.9501596081268422 0.42750978469848633
-0.5729414867991913 -0.8048119024061505 -0.1549704954167893 20.16064453125 0.8080389330712449 -0.5863144270318976 0.05751934713939508 -184.6679229736328 -0.13715369242356046 -0.09226697350434085 0.986243210498776 0.2894744873046875
-0.20073804623996983 -0.9092464415305886 -0.3646575727387569 19.678176879882812 0.9601797165562412 -0.2564452120831827 0.11086372316311541 -183.47088623046875 -0.19431713435962406 -0.32788223764573377 0.9245183013497843 0.21593570709228516
-0.2799849523614195 -0.4555411530976976 -0.8450388655473743 19.196842193603516 0.916838728808407 -0.387868297623027 -0.09468330927887486 -182.09588623046875 -0.28463164231714944 -0.8012742611200205 0.5262550585584972 0.2625617980957031
-0.3351485751987173 -0.8931405749810707 0.29995890696019023 19.221050262451172 0.9421413475536425 -0.3154316833152533 0.11345719188624442 -180.5980224609375 -0.006716678649161756 0.3206287050209136 0.9471811441031414 0.1298389434814453
-0.22809444069313178 -0.8173004996823762 0.5291434770870994 18.809871673583984 0.9729067438011424 -0.21239891277893874 0.0913190545099053 -179.2410125732422 0.03775439035589945 0.5356366259594868 0.8436041790671684 0.1057276725769043
-0.19451045841519565 -0.8923844237233896 -0.40720476650327214 18.116867065429688 0.9603001035770209 -0.25787370047929004 0.10641835213477255 -177.94403076171875 -0.1999734798343858 -0.37033929699262447 0.9071159862255407 0.0469965934753418
-0.08653638135304209 -0.3716513043529025 -0.924330440197177 17.55118751525879 0.9449882590261652 -0.32440135401149034 0.04196369643166592 -176.5081329345703 -0.31544990886829893 -0.8698500270094254 0.37927863834743436 0.011983394622802734
-0.5349795461404012 -0.8397957791345626 0.09241176634597595 17.1709041595459 0.8346898315030956 -0.5084405552878566 0.21161542222605062 -174.68411254882812 -0.13072784858913594 0.19034508421902807 0.9729742948901101 -0.09066104888916016
-0.3565932307463163 -0.8670488395986005 0.34794766493917556 16.462505340576172 0.9312065860261396 -0.2997735181433666 0.20734061821430552 -173.38848876953125 -0.07546894677578408 0.3979474180977546 0.9142987971674712 -0.09111690521240234
-0.31333430533478646 -0.8486430820646934 0.4261766445549371 16.03307342529297 0.9474829117395985 -0.24912145215755854 0.20053586720674574 -172.23431396484375 -0.06401363184368716 0.46662985474425833 0.8821331155781046 -0.15329456329345703
-0.4979511040839804 -0.853700734491204 0.1524459047358231 15.891483306884766 0.8589069080376563 -0.4612457867120157 0.2225561672153942 -171.04779052734375 -0.11968133215642955 0.24175892986525346 0.9629273069986486 -0.2205371856689453
-0.378496562008563 -0.9252342623385209 -0.026113451372642434 15.329850196838379 0.9187898250424419 -0.3789777979662568 0.11045852636680548 -169.86083984375 -0.11209643146049428 0.017815399056443616 0.9935376196250862 -0.16758251190185547
-0.40472295210417314 -0.8579399902817891 -0.3164463700461211 14.783851623535156 0.9015666549832827 -0.4322322007113409 0.018785400993473228 -168.47515869140625 -0.1528950576779302 -0.27769461237754434 0.9484243794811202 -0.1957709789276123
-0.11736666843504001 -0.8558576818851477 -0.5037188635525183 14.265158653259277 0.9746841713053224 -0.19647261272692024 0.10672056341265465 -167.52996826171875 -0.19030457521382985 -0.4784413661112913 0.8572502714180059 -0.2656590938568115
-0.18629431989808293 -0.9401291499054526 -0.28539728077149207 13.521800994873047 0.9737775738061029 -0.21528753593599498 0.07354259733588107 -166.29212951660156 -0.13058201685534868 -0.2642129034862961 0.9555835277490559 -0.6147368550300598
-0.2692038312848474 -0.9622997401777655 -0.03883950663132053 12.995338439941406 0.9616792915514618 -0.2707694636340029 0.04309104041947514 -165.0614471435547 -0.05198304937802248 -0.02575087604644371 0.9983159093995261 -0.895510196685791
-0.31725523370134223 -0.9448239331918437 -0.08158953337899241 12.654995918273926 0.9474300809977071 -0.3195438803123053 0.016369183719229654 -163.52865600585938 -0.04153743263353604 -0.07210716901147947 0.9965315839788346 -0.7608280181884766
-0.20474872813764844 -0.962157091167364 -0.17981015055433425 12.28077507019043 0.9779349936199981 -0.20886950452252118 0.004083911601762927 -162.29246520996094 -0.0414862215617406 -0.1750064627288762 0.9836928542099189 -0.6891384124755859
-0.22756949160665801 -0.9728790256504993 0.0414551316391826 11.68193244934082 0.9737547120158401 -0.22719858821580324 0.01351156318469587 -160.86952209472656 -0.00372656904341951 0.04344194933564348 0.999049002662574 -0.3156867027282715
0.020954159888685764 -0.7635327808047935 0.6454290168716142 11.177567481994629 0.9872661512363953 -0.08602069756682973 -0.13381325126081867 -159.47177124023438 0.1576910581048728 0.6400141656452731 0.752007578397419 -0.18128490447998047
-0.19891549817553808 0.3216752802773544 0.9257200649462357 10.58414363861084 0.9553660438399556 -0.1468793932919442 0.2563243377125597 -157.95848083496094 0.21842240467307728 0.9353883994815606 -0.2781010522312971 -0.6797065734863281
-0.3317582446780951 -0.807070168327099 0.48844059053745403 9.787867546081543 0.9380547646720306 -0.33708605262432445 0.08016390460956799 -156.694580078125 0.09994861461876281 0.48477905949269173 0.868907093948007 -0.46130454540252686
-0.5192871505262627 -0.8229763497835113 -0.23032755587493708 9.370525360107422 0.8541512928105098 -0.5085398937669886 -0.10868645471076366 -155.11721801757812 -0.02768436902747544 -0.2531740589880166 0.9670245454832483 -0.49695587158203125
-0.611754625769505 -0.7830042450607767 -0.11251946527786139 9.092025756835938 0.7904705662756534 -0.5996607120398332 -0.12475301314087836 -153.4188232421875 0.030208636206566976 -0.16526155830284098 0.9857870234720358 -0.5475530624389648
-0.4925437907708227 -0.776547069717931 -0.392906175423094 8.686914443969727 0.8668344297921281 -0.4779252262039421 -0.14207585820563226 -152.1879119873047 -0.077451181398764 -0.4105631823123035 0.9085368390051831 -0.5339889526367188
-0.33199582101542474 -0.9226710955702784 0.19610411578402942 8.391182899475098 0.9432753175927038 -0.32545259655158837 0.0656679725453176 -150.61663818359375 0.0032326535040985566 0.20678166455701785 0.9783817727014088 -0.6490193605422974
-0.23231040562031252 -0.7947406688415064 0.5607309022426719 7.763110160827637 0.9689147186143383 -0.23951225523464897 0.06195278561057632 -149.33633422851562 0.08506552470315792 0.5576927011193238 0.8256771206865363 -0.6850541830062866
-0.18027004642346112 -0.8324237967429922 0.5239974551259433 7.214306831359863 0.9813086232027415 -0.1886793106083956 0.03786163990479971 -147.7534942626953 0.06735054855324729 0.5210285408346863 0.8508778779855865 -0.7247236967086792
-0.18499853305668146 -0.9652863071178392 0.18438516224924517 6.7706451416015625 0.9824733489787187 -0.1773034773860429 0.057529083543525275 -146.54869079589844 -0.022839906160422266 0.19179630392064778 0.9811689540996299 -0.7565638422966003
-0.20696896760353234 -0.9404824484932467 -0.26954890191814057 6.233160972595215 0.9722375438350573 -0.22845957985227738 0.05060018509151459 -145.3087921142578 -0.10916961485094027 -0.2515928942753914 0.9616563891242177 -0.7853107452392578
-0.24551280869909592 -0.8672952921528647 -0.43303849364018193 5.752124786376953 0.9596469255174815 -0.2806323909570579 0.017978862326910566 -143.90101623535156 -0.137117610501081 -0.41115001806542795 0.9011961071460928 -0.8073451519012451
-0.26003180271800075 -0.9526660669100351 -0.15751452800739119 5.469229698181152 0.9602843942592516 -0.27222948434893335 0.06119632336387645 -142.50552368164062 -0.10117975942533658 -0.13534575283058706 0.9856186805622916 -0.9023585319519043
-0.3149419070006865 -0.9056416585711683 0.28394503248909625 5.036626815795898 0.949059003871544 -0.29737111900558905 0.104198967133634 -141.13046264648438 -0.009929873368946074 0.30229721110494345 0.9531619976546744 -0.9374434947967529
-0.27824237113738376 -0.7915781776891481 0.54404519252556 4.714097023010254 0.9599776925378837 -0.24804885569955654 0.13005612256168872 -139.70037841796875 0.032000198960112025 0.5584583724795142 0.8289150942491308 -0.9510421752929688
-0.2930219315388967 -0.9380640865168434 0.18486188689000893 4.19236946105957 0.9549931481183848 -0.277833257239498 0.10390749837537218 -138.37451171875 -0.046111112371653065 0.2069890112035207 0.9772560128015779 -0.978691577911377
-0.3221426811332981 -0.9130021900242817 -0.25030200559147625 3.6818506717681885 0.9407831902488546 -0.3382322224241416 0.022933657780939046 -136.9713134765625 -0.10559868340768969 -0.2280920093402905 0.9678961480126218 -1.0795636177062988
-0.19197461777394076 -0.9344840673222933 -0.2998087291113004 3.2700035572052 0.9702943664468816 -0.22655639744802958 0.08485894894950792 -135.56304931640625 -0.1472229213539594 -0.2746119565790138 0.9502177038615162 -1.050004243850708
-0.20126877991548942 -0.977651188875932 0.06073739474827063 2.8977394104003906 0.9768361829810461 -0.19572722733549341 0.0864981161562519 -134.32325744628906 -0.07267702422602777 0.07673985515387081 0.9943988358705035 -1.1132948398590088
-0.10627305513769869 -0.8702155280901588 -0.4810727309071532 2.527251720428467 0.9787964828950303 -0.17675643795577534 0.10351138446328212 -132.87115478515625 -0.17510991640686413 -0.45987182596018283 0.870548344932106 -1.165625810623169
-0.23178201227013528 -0.8181033460083258 -0.5262927075667952 2.04109263420105 0.9569363514116307 -0.28896831055645156 0.027751303413458828 -131.45770263671875 -0.1747853487424004 -0.49719637040522685 0.84985048750993 -1.1513559818267822
-0.4640420993706185 -0.8179400532499806 0.3400573470771182 1.5335941314697266 0.8857561497147693 -0.432813357518874 0.16765631749417095 -130.00587463378906 0.010048544878530768 0.37900747597198925 0.9253390513229007 -1.2130110263824463
-0.4298535926833482 -0.6516597469884149 0.6249523685947699 0.8485174179077148 0.9004180630279297 -0.36066276168790967 0.2432481944530758 -128.43435668945312 0.06688199032811004 0.6672795115142118 0.7417983909952254 -1.300455093383789
-0.46535928872979987 -0.8721436389299437 0.1510172356617977 -0.028295516967773438 0.8849725191790887 -0.45532429939907576 0.09748549981693891 -127.18771362304688 -0.016259541528356306 0.17901188633936296 0.9837125453395981 -1.2558019161224365
-0.24642069205976047 -0.7979541227466371 -0.5500418716029114 0.11704766750335693 0.9586363392370729 -0.28410662102168405 -0.017314646568290792 -125.62535095214844 -0.14245424394847767 -0.5315568134106514 0.8349575692798895 -1.3583087921142578
-0.13068950325068884 -0.9409585026389345 -0.31227768100135206 -0.40056896209716797 0.9851311302226361 -0.15868063526848386 0.0658567555916762 -124.38785552978516 -0.1115208949316654 -0.2990276781541876 0.947705406596035 -1.4333338737487793
0.12419679789069787 -0.9857811624637621 -0.11318416464016082 -0.3329658508300781 0.9892810625137655 0.11418739150917795 0.09101768494070327 -123.0968017578125 -0.07679931474520163 -0.12327505567601098 0.9893963441931367 -1.4964723587036133
0.09939747758432321 -0.9937716813412267 -0.05037843600296846 -0.7272052764892578 0.9927901534582122 0.09563616932371227 0.07225949289543582 -121.7174301147461 -0.06699143711171798 -0.05719762653570043 0.9961127340177864 -1.4863660335540771
-0.1308335306504828 -0.9662817402789755 -0.22177056987112553 -1.243215560913086 0.9878661692724374 -0.14594492508449725 0.053108478128079145 -120.31018829345703 -0.08368404187495589 -0.21213127361498366 0.9736515310366207 -1.5107793807983398
-0.6096843022089122 -0.7252010397602343 0.3199507830443727 -2.382905960083008 0.782706118595539 -0.6145336534154571 0.09858762971568596 -118.61674499511719 0.12512467204008215 0.3105347657679029 0.9422908126986783 -1.7450275421142578
-0.639704773772853 -0.2611850287404788 0.7228832431133386 -2.441282272338867 0.7648676416766272 -0.3091443969012453 0.565161244761705 -116.96300506591797 0.07586364826619862 0.9144463475931218 0.39753312345682823 -1.8168601989746094
-0.3047881719028461 -0.30477341896583915 0.9023399211826963 -3.0225236415863037 0.9455654009114334 -0.21029330541878666 0.24836021882588522 -115.59639739990234 0.11406245161016765 0.9289186664008396 0.3522781122135807 -1.818476676940918
0.1309298382924437 -0.9868880647963858 -0.09438922082080838 -3.547872543334961 0.9902212636158592 0.1255562890295407 0.060806803633655176 -114.52652740478516 -0.048158348473821236 -0.10142763847973207 0.993676611189324 -1.7792620658874512
0.11100820897379343 -0.5438124869934686 -0.8318324089204564 -4.0764265060424805 0.9703300239442563 -0.1215951591112126 0.20898387955308484 -113.19599914550781 -0.21479483739785266 -0.8303508874389777 0.5141795226927387 -2.008376121520996
-0.3479065891759736 -0.8876498858091681 -0.30172617624414266 -4.40683650970459 0.9352784506973273 -0.35089325114238656 -0.04613183243632854 -111.60124206542969 -0.06492476314279325 -0.2982475591278111 0.9522778841310742 -1.8096294403076172
-0.7674582519281625 -0.628346314417736 0.1272349822376531 -5.107501983642578 0.6396312439417949 -0.7638916192989704 0.08568235371573434 -109.9209976196289 0.0433555454450781 0.14714109936535028 0.9881648615270203 -1.9246172904968262
-0.586758420529595 -0.7915428523804287 0.17080535349651843 -5.364240646362305 0.8094037963603833 -0.5795765867658247 0.09463865230589566 -108.5450210571289 0.024084234989194 0.1937805277068161 0.980749232325294 -1.9347615242004395
-0.6649292980585105 -0.7354459293577853 0.13033922500337256 -5.846309661865234 0.7467772968403077 -0.6578569276430438 0.09771351838890019 -107.03305053710938 0.01388155276975031 0.16230695531343797 0.9866426682186324 -1.97308349609375
-0.5760377166839005 -0.817174341369863 0.02016543489065216 -6.491735458374023 0.8171909568629735 -0.5751109406626026 0.03803085525667963 -105.51303100585938 -0.019480476867276338 0.03838621805944368 0.9990730750471241 -1.9957003593444824
-0.5418802298437885 -0.7967635900245845 0.2674576566777974 -7.2595744132995605 0.8395634833548146 -0.5278241661038131 0.12858774083848024 -104.29281616210938 0.03871658458041999 0.29422683645097686 0.9549510954967678 -1.976841926574707
-0.3550890635494921 -0.8681493249553827 0.34673982541245296 -7.391966819763184 0.9328229866100868 -0.3533579028792513 0.07056534648547927 -103.00792694091797 0.06126199963585058 0.3485038623204786 0.9353031729596164 -2.074411392211914
-0.1427744469603508 -0.867833370818093 -0.475899882107227 -7.7782793045043945 0.985300356240199 -0.1701923523154253 0.014757073093249001 -101.52295684814453 -0.09380120088838573 -0.46679739042527735 0.8793756484029156 -2.1556997299194336
0.1567749272154223 -0.9278913768017216 -0.3382886564069276 -7.611562728881836 0.9838958126378086 0.11695916430129238 0.13516502417315426 -100.15837097167969 -0.0858525018295048 -0.35403127932846357 0.9312847046884568 -2.260287284851074
0.166031852867828 -0.950089090127302 0.2641290303135024 -8.566482543945312 0.9855073107959766 0.15042248527506813 -0.07841183769912448 -98.66751098632812 0.034767286361719996 0.27331995306736584 0.9612946681711569 -2.2373476028442383
0.3014997974607652 -0.8759389818523995 -0.37660160939977283 -9.246622085571289 0.9490337361897696 0.23765533185958093 0.20701427683229745 -97.48805236816406 -0.09183049441663813 -0.41982239496017115 0.9029486790427801 -2.3757095336914062
0.010372079537544876 -0.9228644173375444 -0.38498530774342765 -9.824647903442383 0.9983284584115368 -0.012334381791683391 0.05646372420821516 -96.14144897460938 -0.05685691771201842 -0.3849274350290608 0.9211938778944619 -2.459552764892578
-0.3678507617847308 -0.9257653837678901 0.08743152332817118 -10.385433197021484 0.9296015856380555 -0.36843017283005514 0.010004985138860584 -94.48480224609375 0.0229501423439238 0.08495682412559334 0.9961202884194693 -2.389728546142578
-0.43878949826193314 -0.7859296670747662 0.435635552528474 -11.001702308654785 0.8949195887473309 -0.4259815835464782 0.13288574097902117 -93.04105377197266 0.08113387634859864 0.448167657122848 0.8902600997560591 -2.50229811668396
-0.19718833994457552 -0.8279723172207742 0.5249558081457564 -11.737752914428711 0.9758431379894728 -0.2171420190523885 0.024073088723950448 -91.61148071289062 0.09405811304061723 0.5170214555295688 0.8507889784742894 -2.5235085487365723
-0.08727406186764697 -0.9327554144943396 0.34978647037387633 -11.905465126037598 0.9956121996181914 -0.09356886139796361 -0.0011027910569170185 -90.10843658447266 0.03375775609469142 0.3481554321106899 0.9368288045290185 -2.6194498538970947
0.06188692839368787 -0.9426696654067361 0.3279388815251195 -12.186725616455078 0.995967482756539 0.036944841380158466 -0.08175482852405497 -88.78004455566406 0.06495214688982387 0.33167601754927467 0.9411547364791062 -2.653531551361084
-0.06918571326228035 -0.9367040170419522 -0.34321847493667934 -12.573657989501953 0.995809813288011 -0.08546888340253517 0.032525155329692634 -87.3438491821289 -0.05980094346819553 -0.3395300493732393 0.9386922779766111 -2.7722091674804688
-0.16313498042598368 -0.9280042357912711 -0.3349553948138071 -13.058401107788086 0.9852747383556563 -0.1708548512323707 -0.006504595956574405 -85.90808868408203 -0.05119246155058113 -0.3310842161200439 0.9422115334236623 -2.8108654022216797
0.08240325425430217 -0.9726903722744332 -0.21698650504795253 -13.225770950317383 0.9957394373988068 0.0713157336582968 0.05845544407055886 -84.59054565429688 -0.04138449585301472 -0.22087893927987606 0.9744228125847569 -2.8931050300598145
-0.7614586057851165 -0.6445095214119116 -0.06919731559226355 -13.937053680419922 0.6473072990340334 -0.7504061773448276 -0.13373043640094714 -82.89653778076172 0.03426444648686643 -0.14662211910933412 0.9885989590803933 -2.896437644958496
0.3330133357000914 -0.9104360865372093 0.2453736957717953 -14.068767547607422 0.942921485600818 0.3218410643223295 -0.08554181029307703 -81.68397521972656 -0.0010909804053606392 0.2598546933320264 0.9656471136575069 -2.9708046913146973
0.053815089942578664 -0.6198904935831007 0.7828407961135979 -14.505902290344238 0.9922311394784622 -0.05486703694927886 -0.1116556049004217 -80.32574462890625 0.1121664029188098 0.782767771578331 0.6121219762715181 -2.971944808959961
0.34289813472017017 -0.9332340823360601 -0.10721481600879576 -15.172733306884766 0.9289821434497736 0.35381815984659504 -0.108650296429572 -79.00189971923828 0.1393307085925159 -0.062344665602930394 0.9882813851904559 -3.1390647888183594
0.4885221887206531 -0.4898096090134959 -0.7221029137495771 -15.599925994873047 0.8571915896241266 0.11480883810236264 0.5020373585414224 -77.83429718017578 -0.16299892577942282 -0.8642369337234044 0.4759473422376918 -3.257741928100586
-0.10201727682389006 -0.807534073317277 -0.5809313175075387 -15.924152374267578 0.991396004217579 -0.13067865384690047 0.007553293995353982 -76.10155487060547 -0.08201486481642259 -0.5751624204173712 0.8139175339607664 -3.1362037658691406
-0.2818524963514621 -0.6820520122969606 0.6748068040721849 -16.133432388305664 0.9512547896479479 -0.2904202527591883 0.1037805471132614 -74.55754852294922 0.12519383160638448 0.6711640107372832 0.7306609167177045 -3.2236900329589844
-0.8505567924471457 -0.37859173358260145 0.3649951261112182 -17.58818244934082 0.5241450542232365 -0.6666891228591677 0.529903364392598 -72.78382873535156 0.04272124711831271 0.6420232960915006 0.7654939466256162 -3.314359664916992
0.06003815496945397 -0.9252597525161276 -0.374552813794876 -17.66316032409668 0.9774838602354522 -0.02154537138338747 0.20990736040251542 -71.57613372802734 -0.2022887118132483 -0.37872178092334097 0.903132930263973 -3.257232666015625
0.1476688454597016 -0.9777277540618227 -0.14913869725132653 -18.142425537109375 0.9877810717702645 0.13819859190722794 0.07203959638453691 -70.27862548828125 -0.04982435481756176 -0.15795438623882377 0.9861885953178176 -3.3401012420654297
-0.14044879979803604 -0.8190332507573708 0.556290094095792 -18.3308162689209 0.9877045683728152 -0.1548660909903231 0.021358358477370276 -68.92327880859375 0.06865726655469256 0.5524500230927598 0.8307136400312969 -3.397055149078369
-0.606682935405065 -0.7488584901049794 0.26673353311120024 -19.621896743774414 0.7924357212078003 -0.596341681880738 0.1281492341199345 -66.9958267211914 0.06309868177836099 0.28911513320707144 0.9552125397567235 -3.381845235824585
-0.6894047666375959 -0.6413110791750974 0.336810284083836 -19.52577018737793 0.7208678768304894 -0.6531008516556617 0.23196719966528057 -65.67282104492188 0.0712079482309722 0.4027150075350081 0.9125513962593088 -3.5124568939208984
-0.7743426594849074 -0.6139140654419061 -0.15330677073903826 -20.29395866394043 0.6310313513836673 -0.7312819777043875 -0.25889399887919884 -64.0638427734375 0.046828188868924196 -0.2972140463325228 0.9536618537982453 -3.5411548614501953
0.02782880271491689 -0.9118557823688561 -0.4095663437099483 -20.291969299316406 0.9992402993738109 0.014193221595688532 0.036295682499060095 -63.02123260498047 -0.027283362087380802 -0.4102652612898354 0.9115580253236718 -3.646818161010742
-0.4477917523259462 -0.8823953071333196 0.1444336127705484 -20.73320198059082 0.8935200878689961 -0.4476093881737854 0.03560460915767606 -61.4905891418457 0.03323250101090523 0.1449977846995732 0.9888737246528376 -3.641814947128296
0.4383237824192865 -0.8965865297808032 -0.06328393462219788 -21.106435775756836 0.8984980924622467 0.4389566128727125 0.0042743253291660024 -60.250030517578125 0.023946599076987027 -0.058734032987120925 0.9979864096077229 -3.7157444953918457
0.28735983528482345 -0.7453782633152628 0.6015276964880352 -21.33500862121582 0.9517238092861611 0.1514416400547699 -0.26699666757351204 -58.728397369384766 0.10791717149239105 0.6492123491082438 0.7529124848629073 -3.783571243286133
0.6289423039222433 -0.7469224463597126 0.21572769284679888 -21.894393920898438 0.7731528114763258 0.5717623941891526 -0.27444943923670395 -57.45708084106445 0.08164746440174235 0.3394033348615041 0.9370907468552104 -3.8026516437530518
-0.04138193528917178 -0.9794155263769125 0.19756710789895682 -22.788400650024414 0.9988854947449061 -0.0450469136459013 -0.014090562770972218 -56.23267364501953 0.02270030440207345 0.19676382356219335 0.9801880910913164 -3.8476011753082275
0.3667011081304639 -0.8879399439528094 0.2776561780853647 -23.533931732177734 0.9269733651259778 0.32336086509844036 -0.19015291549121505 -54.97989273071289 0.07906122717812267 0.3271091665726752 0.9416734654333314 -3.8672897815704346
-0.3689573501598145 -0.9234793968914017 -0.10514883394570425 -23.766136169433594 0.9294048768675487 -0.3655039308025328 -0.051121927024655456 -53.47077178955078 0.008777734210197369 -0.11658764979615385 0.99314161693947 -3.9677019119262695
-0.3245104511044024 -0.8772995894572658 0.35360768863548486 -24.193984985351562 0.941456198290597 -0.3356952086870913 0.031128018965977944 -51.98432922363281 0.09139580857037868 0.3430075177057246 0.9348757398569736 -4.075613498687744
-0.4292119876142534 -0.6539243989954059 0.6230248390607864 -24.24870491027832 0.8989228154581278 -0.37635956886451083 0.22425709971582142 -50.641998291015625 0.08783417066867755 0.6563050779345048 0.7493656004516946 -4.110080242156982
-0.2687926297645273 -0.8693277154265351 0.41475275210123774 -24.675016403198242 0.961163852035213 -0.270055064851564 0.05687100745413612 -49.30471420288086 0.06256653838195483 0.41393186050278674 0.908155186703022 -4.135967254638672
-0.3687010514912763 -0.9126670188641435 0.17634751857302972 -25.083946228027344 0.9290831615916542 -0.36782333495058483 0.038864805578913336 -47.83537673950195 0.029394106145350637 0.1781710047776227 0.9835604097260364 -4.1983537673950195
-0.052261186020848005 -0.9277352037351638 0.36956211952277906 -25.487201690673828 0.9960370316799851 -0.07509313347637231 -0.047657662834265285 -46.46866989135742 0.0719652691082239 0.3656069105681322 0.9279830747308957 -4.346930027008057
0.4880980182085915 -0.3866861574781476 0.7824539221165873 -25.821016311645508 0.8566732044353566 0.04077490014259538 -0.5142454942153785 -45.009796142578125 0.16694713361810976 0.9213095153818538 0.3511658175898537 -4.312277793884277
0.7079642717589003 -0.4225527772419541 0.5658937535951437 -26.315793991088867 0.6837592069268774 0.2094991911485506 -0.6989874361180108 -43.814292907714844 0.17680479873469868 0.8817931953429978 0.43724229414727034 -4.207435131072998
0.906140451579798 -0.4061231224501015 0.11820952339866568 -26.681718826293945 0.3897699388977671 0.6931847306503915 -0.6062790808899602 -42.49370193481445 0.16428291676979306 0.5954485188532456 0.786417309482113 -4.328304290771484
0.7497913899440355 -0.6412479189410282 -0.16313791104336123 -27.039159774780273 0.6606595701876724 0.7118810977947458 0.23823147340766554 -41.20293426513672 -0.036630641343430845 -0.28640252976597086 0.9574088923017274 -4.396228790283203
0.33573575329758076 -0.8164890269826222 -0.46970966859824925 -28.02299690246582 0.9416697611705505 0.2786310081061565 0.18874009171012282 -40.15110397338867 -0.02322853535427022 -0.5056781883161643 0.8624094184356856 -4.365467071533203
-0.16521722933623667 -0.9728539000858639 -0.1620449203714239 -29.074220657348633 0.9853698474896365 -0.1558571637717357 -0.06895511699127664 -38.42762756347656 0.04182739280313363 -0.17106675185071507 0.9843711879278763 -4.480765342712402
-0.3747234963690566 -0.8853033800605503 0.27535472852724824 -29.46477508544922 0.9227153374418002 -0.3850792331824299 0.017617894916720986 -36.86561965942383 0.09043620579510421 0.26067587043107143 0.9611812437081724 -4.584633827209473
-0.4245754311629 0.018929271693899352 0.9051946674202056 -29.607301712036133 0.883189395094449 -0.21139539426806983 0.41867467044824774 -35.17058563232422 0.19927919019691737 0.9772173094841219 0.0730351586503035 -4.6258392333984375
-0.9556578706804754 -0.22274505673073317 -0.19262054383809157 -30.350475311279297 -0.240130549905228 0.2108297214172634 0.9475696003826481 -33.61369705200195 -0.17045630879692453 0.9518064237381156 -0.25496897560720194 -4.810657501220703
-0.8658572994787713 0.4045123193637639 0.2943822692049869 -30.68389320373535 -0.4216799485775769 -0.9067270436738316 0.005664736368552956 -32.18040084838867 0.2692158203132595 -0.11923024680617486 0.9556709634281023 -4.706088066101074
-0.49865953127780493 0.3890069696030324 0.7746045761974721 -31.246320724487305 -0.7076412015707122 -0.6987833983473931 -0.10462166139775828 -30.910888671875 0.5005822626755353 -0.6003127016766628 0.6237323612738941 -4.763601303100586
-0.9297979035743957 -0.22409347760561318 0.2919896775628911 -31.228511810302734 0.0372745532304761 -0.8465481591225812 -0.5310054820504563 -29.61416244506836 0.3661781891239933 -0.4828439992179582 0.7954716878865529 -4.840183258056641
0.1339349535434851 -0.8474966840680331 -0.5136251538943483 -31.093486785888672 0.9688071359006318 0.2210268499957065 -0.11207080355288884 -28.688589096069336 0.20850458423574103 -0.48259351640346754 0.8506640560632717 -4.898891448974609
0.4965761105278807 -0.7060646738690193 -0.5048612113910487 -31.23497772216797 0.8600750336491925 0.4786372345411442 0.17657104576953117 -27.346792221069336 0.11697479620132784 -0.5218994865154025 0.8449484144186654 -4.91864013671875
0.5896959873655855 -0.77120220396084 0.23980367614127573 -31.714523315429688 0.7695840840389551 0.44652274176118134 -0.45646224234212385 -26.177898406982422 0.2449468923641402 0.45372304514540585 0.8568176108280747 -4.94639778137207
-0.6968850537818473 -0.14767497982007877 0.7018143074564744 -32.726402282714844 0.6939977303495066 -0.3856640033190367 0.6079723898448574 -25.098052978515625 0.18088220499873692 0.9107444080965158 0.3712495805192533 -5.022985458374023
-0.9987141047357057 0.05069247597477745 0.0006402198879507069 -33.25598907470703 -0.0121431162819707 -0.2514594272735694 0.9677916620648327 -23.421741485595703 0.0492207449041647 0.9665394090852143 0.2517516414172588 -5.173450469970703
-0.7767022774988037 -0.42293456942418833 0.4667546701578339 -33.73717498779297 0.6119348596933036 -0.6822473278670218 0.40009287810512906 -22.349533081054688 0.14922901735355823 0.5963765032295332 0.7887114597718272 -5.2196831703186035
0.5933375455787007 -0.6827182225425661 -0.4264345033120118 -34.462032318115234 0.8012947941042048 0.5514033604316687 0.23212278441842543 -21.455490112304688 0.0766629633404742 -0.4794269107100499 0.8742268740658082 -5.267131805419922
0.9387891384901296 -0.009578012847324333 -0.3443591368366125 -34.49211883544922 -0.13795540560129044 0.9055074183359131 -0.4012787328080237 -20.756202697753906 0.31566320583549773 0.4242223202620606 0.8487591905087862 -5.288076400756836
0.9510785511267805 -0.05696285342224705 -0.30365247062485673 -34.89376449584961 -0.09642791910738896 0.8790248416556646 -0.4669228888894318 -19.531414031982422 0.2935153249886669 0.473360920527064 0.8305288633843907 -5.373132705688477
0.9499610385128181 0.1720302484266135 0.26072901436918366 -35.47738265991211 -0.29567560349978894 0.7644204525147111 0.5729199850522236 -18.32695770263672 -0.10074702379070026 -0.6213428726584721 0.7770347944550708 -5.595920562744141
0.7655885114829073 -0.15914944073498707 0.6233343297132985 -35.915470123291016 -0.6089348568108712 0.13330606730027067 0.7819385094632822 -16.855098724365234 -0.2075393245775608 -0.9782131403404253 0.005145951730564813 -5.6944732666015625
0.9413544935863264 -0.29198501679916383 -0.16910490048967577 -35.99673080444336 0.3353795834423356 0.8646967825264562 0.37392513862863014 -15.393385887145996 0.03704392547876892 -0.4087104405972361 0.9119120151264248 -5.600002288818359
0.732443246426017 -0.539915672152327 -0.4147504764665357 -36.22811508178711 -0.5223796567537857 -0.05498321800704509 -0.8509385053853111 -14.52760124206543 0.43663071922932134 0.8399213729283779 -0.3223130501909515 -5.63763427734375
-0.628408620708016 0.2513311917711407 -0.736162507509549 -37.04970169067383 -0.7274805722577747 -0.5249950210017025 0.44176039309893134 -14.23138427734375 -0.2754534850157997 0.8131499615484956 0.5127499562421538 -5.950919151306152
-0.9471337428960622 0.20560297783561815 0.24630283914892626 -36.770904541015625 -0.3202791285428059 -0.560558766299825 -0.7636721478123178 -13.246356010437012 -0.01894605203086852 -0.8021853183831926 0.59677446500575 -5.762950897216797
-0.5125360330665883 0.3158879048878109 0.7984495264911582 -37.442481994628906 -0.8585550083283446 -0.17359707792444387 -0.48243896216040727 -12.066308975219727 -0.013788128324080107 -0.9327801917288361 0.3601819004831237 -5.711431503295898
-0.6241142055593607 0.7454034416293878 0.23421180078312018 -37.650840759277344 -0.7371800363744601 -0.46242696660262306 -0.4926732127177673 -10.989372253417969 -0.25893445577975516 -0.4801406145763556 0.8381037751044209 -5.921955108642578
-0.33397733274055874 0.794582374642044 -0.5070483124158017 -37.95124435424805 -0.6856715250256622 -0.5739182261210859 -0.44774147618353244 -9.897830963134766 -0.6467717533910126 0.19813308566273458 0.7364981869504355 -6.290322303771973
-0.38915046785278484 -0.9172537055803617 -0.08489730837343212 -39.113426208496094 0.9181900394187558 -0.39365130025509276 0.044336275437368934 -8.62807846069336 -0.07408754876591736 -0.060698380592645866 0.9954028037489587 -6.12722110748291
-0.4260927304287043 0.5214519491882061 -0.7392786009101248 -40.056060791015625 -0.3685401848843463 -0.8463418428781653 -0.38455639003792735 -7.945684432983398 -0.8262100926527242 0.10859719002539209 0.5527961044701433 -6.3319807052612305
0.7129110633100756 -0.06859506298797231 0.697891490952407 -40.54386520385742 0.2607900346905861 0.9497587331107115 -0.1730517456890261 -6.820640563964844 -0.6509580428999864 0.3053736501625714 0.6949824171662239 -6.362371444702148
0.5103683829345439 -0.17920649728534638 0.8410761826561823 -40.815757751464844 0.37507467561358715 0.9265029066097323 -0.03018860309918195 -5.863529205322266 -0.7738495340918292 0.33087368492286406 0.5400736090677123 -6.5156049728393555
0.5542767243231126 -0.33604424459293314 0.7614798608956146 -41.19764709472656 0.5209987726667619 0.8535536010911642 -0.0025551798435592687 -4.866609573364258 -0.6491052239455228 0.3981463496508164 0.6481835330416548 -6.686883926391602
0.07820482925501415 -0.12647717890226556 0.9888819585259498 -41.540626525878906 0.31894718612809125 0.9429609200993241 0.09538026853814571 -4.084629058837891 -0.9445404687688965 0.3079419204693644 0.11408363807081545 -6.724069595336914
0.01864066031011903 -0.8063214486782493 -0.5911837676937792 -42.33787155151367 -0.3464177830040996 -0.5598696931011278 0.752688943963822 -2.8693981170654297 -0.9378951142860952 0.1907659512288778 -0.2897604294068017 -6.97114896774292
0.35501875905094943 -0.05243187202652151 -0.933387689825465 -42.50434875488281 -0.09702517099807796 -0.9951006607736601 0.018994502378816384 -1.6908092498779297 -0.9298106242212539 0.083818695549499 -0.35836661306776724 -6.848237991333008
-0.16490402215868227 -0.979312888841953 0.1172728835831926 -42.32218933105469 -0.4126516044257872 0.17649722195610415 0.893625975454273 -0.9955499172210693 -0.8958377737295475 0.09896967409164253 -0.4332201366158799 -7.007861137390137
0.19591205119702368 -0.9784509423036297 0.06520906149388889 -42.051048278808594 -0.6115393406232538 -0.06992222746136503 0.7881183394496776 -0.17641055583953857 -0.766575569050991 -0.19427978693621256 -0.6120598510947839 -7.014125823974609
0.2837766099032683 -0.8313108396692839 -0.4779049314666659 -42.28636932373047 -0.23512450887534708 -0.5435037484961648 0.8058040336811083 0.39038562774658203 -0.9296167495252736 -0.11630117462419765 -0.3496952041179529 -7.171784400939941
0.8964860449090398 0.3285843962913046 0.29722897873058474 -42.418487548828125 0.3440132371937998 -0.09343308517055327 -0.9343046351329715 1.5334434509277344 -0.27922690400244365 0.9398417702514564 -0.1967988388477408 -7.160737991333008
0.6500324034226433 -0.0009218906174746078 0.7599059314272202 -42.637840270996094 0.6193587753741908 0.5800385129209841 -0.5291030437404378 2.299741744995117 -0.44028693129317864 0.8145885302691798 0.37761480967559136 -7.162982940673828
0.7733438610611222 -0.18700841496315743 0.6057781155605104 -42.331260681152344 0.5689561947024885 0.6262521046719344 -0.5330076452581485 3.186798095703125 -0.27969290493099663 0.756859401822386 0.5907078167794297 -7.136438369750977
0.9988381300366086 0.04806144965606009 -0.0035337008827762105 -41.923980712890625 -0.029027984879282247 0.5414993357274779 -0.8401998842540674 3.5853347778320312 -0.03846772775742145 0.8393262574611009 0.5422653109479922 -7.047320365905762
0.7843043271349835 0.6057833351057462 0.13376574055228013 -41.750205993652344 -0.6095270983561931 0.7926104464281513 -0.01566513908161621 4.3590087890625 -0.11551380353369184 -0.06924760733141573 0.9908891613455331 -7.075202941894531
0.9532468504564395 0.24210651902980931 -0.18084489359157171 -41.632057189941406 -0.2360974774533878 0.9702066277875679 0.054379045019405936 5.139806747436523 0.188622435661894 -0.009139630208281225 0.9820071506484209 -7.075613021850586
0.8822776502724355 -0.4213813565711765 -0.20981873168043133 -40.639644622802734 0.3218311815003969 0.8652495397117623 -0.38440593731450334 5.942047119140625 0.34352705634899905 0.2716265568069852 0.8990039906437419 -7.063055038452148
0.9330092438895792 -0.30844610121714644 -0.1853503532786971 -40.594661712646484 0.08294213557030697 0.6855329851512684 -0.7233015473622518 6.450288772583008 0.35016332327020316 0.6594736756789711 0.6651917904806361 -7.130957126617432
0.7039219714531157 -0.25619486605770436 -0.6624636206700212 -40.73283004760742 -0.5979847502774114 0.28954107460013734 -0.7473822345728185 6.828880310058594 0.38328592009258683 0.9222419187637658 0.050613701047311055 -7.145413398742676
-0.12454718237677001 -0.5603982946392456 -0.8188050749277465 -40.47361373901367 -0.9429188941583904 0.3237264053053328 -0.0781356099816552 6.982414245605469 0.3088558861364399 0.7623352057156434 -0.5687293519112246 -7.471249103546143
0.5786938989286919 -0.8076772606239776 -0.11300802632404555 -39.30630874633789 0.8147906083485453 0.5785392331040351 0.03753159077900048 7.327434539794922 0.03506616445687067 -0.11379718111773343 0.9928849710212868 -7.102770805358887
-0.04761071905746999 -0.877834290529234 -0.47659225528943205 -39.88866424560547 -0.9716694630243823 0.15128370742183245 -0.1815810961928966 7.830339431762695 0.23149875605872972 0.4544449342216743 -0.8601674997949637 -7.2300872802734375
0.28673783736919334 -0.9262973413133009 -0.2444476387628801 -39.46314239501953 -0.9397712351314489 -0.22241686138587666 -0.25953952568109206 8.643131256103516 0.1860414960172825 0.3041446617107807 -0.9342829263732082 -7.150535583496094
0.6653134096039985 -0.7067409411298347 -0.24057287696666413 -38.93842697143555 0.7187029864813146 0.6935305743411642 -0.049813248005467214 8.582559585571289 0.20204970730971455 -0.13975902326837641 0.9693520161381665 -6.992011070251465
-0.47142995381813824 -0.6864017446219969 0.5537205465060039 -38.93640899658203 -0.4958521486113729 0.7255298824359685 0.4772180176920557 9.144983291625977 -0.729304082917759 -0.04958865467351631 -0.6823902988518796 -6.905231475830078
-0.8587683699984405 -0.14012170754993997 -0.49283140500937156 -38.597129821777344 0.22536679587493097 0.7605280150081675 -0.6089391970507435 9.172890663146973 0.460137690270303 -0.6340055563329284 -0.6215386235236591 -7.081756591796875
-0.6087202537334055 -0.5049501705984966 0.61195177743617 -38.13775634765625 -0.5489969899387618 0.8249183385990604 0.13458097815495812 9.79718017578125 -0.572766931424046 -0.25403751662995633 -0.7793606241089981 -6.8618011474609375
-0.4218868031422345 -0.669559602880735 -0.6113112656614617 -37.69036102294922 -0.850993715441614 0.5250332348922948 0.012239221274658763 10.293355941772461 0.3127638432001102 0.5253856111930788 -0.7912956071772242 -7.238337516784668
0.8187844941876721 -0.5740136402952005 -0.010014630941301367 -37.152557373046875 0.5680502822200773 0.8125576209295283 -0.1306483430397646 10.653451919555664 0.08313139567894247 0.10128402353973495 0.9913781910189844 -7.0273847579956055
-0.09813343983781941 0.08110576744442588 -0.9918627336848824 -36.76117706298828 -0.9705885950279644 0.21236657968312778 0.11339406966562254 10.993339538574219 0.21983540931169254 0.9738184072613028 0.0578800699016524 -7.042291641235352
0.8600102243211118 -0.49518056803405786 -0.12320153856433319 -35.97244644165039 0.47066594686000873 0.8630511992278593 -0.1833471951727801 10.996336936950684 0.1971192038577736 0.09969369364619751 0.9752974863689825 -6.897421360015869
0.9843759193027218 -0.1740682571191545 -0.026538488284400592 -35.4674072265625 0.17606894135190884 0.9747354327452513 0.13744294831727719 11.225133895874023 0.001943550395393524 -0.13996813213881068 0.9901541014394846 -7.125462055206299
-0.6884628536719399 -0.22535032335067964 0.689373723664917 -35.04150390625 0.2529724728137038 0.8161986534829784 0.5194465189517522 11.430259704589844 -0.6797233460110143 0.5320122083357836 -0.5049150255926971 -6.567655563354492
-0.5467032880225403 -0.17291645396397856 0.8192773735517579 -34.74898147583008 -0.1039615200134563 0.9848910992866281 0.13849738229464534 11.929018020629883 -0.8308474692877358 -0.009456346784075642 -0.5564198597135658 -6.711400985717773
0.2234267901252423 -0.3367986631874861 0.9146841694975667 -34.32038116455078 -0.01933112960540287 0.9366907493653593 0.34962372270991676 11.606921195983887 -0.9745290025866393 -0.09579718434528223 0.2027711088617064 -6.805761337280273
0.3202638941080338 -0.5303341322280417 0.7849692645732622 -33.43837356567383 -0.15058822091172716 0.7895775975830197 0.5948868843046281 11.637638092041016 -0.9352829656598045 -0.30872791514367004 0.1730111226414185 -6.648482322692871
-0.11690479154078386 -0.9753572186412729 0.18711377757708234 -32.218414306640625 -0.8131408893800685 0.2021740244131905 0.54582740666878 11.871054649353027 -0.5702062466625536 -0.08834002432043267 -0.8167379484082199 -6.49737548828125
-0.1974053167328383 -0.9429038666887724 0.26826002145114614 -31.658809661865234 -0.7291705314589321 0.3241296735147437 0.6027024894582104 11.781515121459961 -0.6552415409431138 -0.07663062658354858 -0.7515226344508236 -6.4021453857421875
0.1209547395958255 -0.9006444877267945 0.4173840649769056 -31.216896057128906 -0.42633021246318026 0.3325840869810152 0.8412076884028723 11.621149063110352 -0.8964443657642149 -0.27969149399712573 -0.34374433417185246 -6.29665470123291
-0.07527834499126054 -0.9967281332795778 -0.02943126066591878 -30.46504020690918 -0.6282445878327171 0.024486685074257872 0.777630465010839 11.715557098388672 -0.7743654877603188 0.07702876464725766 -0.628032372400214 -6.215593338012695
-0.2065138302815828 -0.9418787804186646 0.2649837747853226 -29.878313064575195 -0.4451911322566313 0.3316166748040006 0.8317663354284041 11.731343269348145 -0.871296099877928 0.053802825102281515 -0.48779951040209646 -6.175939559936523
-0.2447447738487185 -0.2683497935397923 0.9317126080401028 -29.372215270996094 -0.20430641026122762 0.9536349569634595 0.2209960623709654 11.323901176452637 -0.9478179605809918 -0.1362672270373604 -0.28822275488871085 -6.197486877441406
-0.13561942486808565 -0.056046329646198184 0.9891744944809483 -28.591510772705078 -0.1966635723738521 0.9800547968098562 0.02856631847379508 10.902230262756348 -0.9710462454999785 -0.19066044210370786 -0.14393673928922512 -6.06512451171875
0.12074212357088987 -0.3761377316098904 0.91866302116443 -28.109434127807617 -0.23286898628340744 0.8888775045924437 0.39454887790595533 10.585097312927246 -0.9649836137587675 -0.2615667958454901 0.01973414523594952 -6.060483932495117
0.21387656381026304 -0.5675449341871859 0.7950783377323128 -27.572566986083984 -0.05147621278069053 0.8062329190873534 0.5893544601491045 9.754964828491211 -0.9755034674312911 -0.16697672849336928 0.14321926257029832 -5.905866622924805
0.3119083682766082 0.49777030459978405 0.8092823324759177 -27.32711410522461 -0.039616232017324504 0.8578484291274315 -0.5123735227393658 10.070843696594238 -0.9492859021178883 0.12775287277488573 0.2872898876361481 -5.876469612121582
0.4944627296252916 0.5805707082682413 0.6468726781310357 -26.8587589263916 -0.06646306116879364 0.7672923297417915 -0.6378441363056394 9.281527519226074 -0.8666540662291842 0.2723970143381287 0.41798396628111745 -5.808233261108398
0.4969888325112615 -0.6603104567978777 0.5630206044208965 -25.928390502929688 0.31892875333799864 0.7424050928422361 0.589168166499329 8.974237442016602 -0.8070232652491274 -0.11324653974973906 0.579559031144669 -5.670310020446777
0.6123640789705826 -0.7062575076184587 0.3552612668432529 -25.455202102661133 0.3891580997242534 0.660441710853787 0.6421625339301034 8.994840621948242 -0.6881614695734704 -0.25498446912917205 0.6792766095615219 -5.582479953765869
0.7114288879635988 -0.7022373143044476 -0.027049801650921135 -24.941116333007812 0.4594261058283726 0.43562337742794904 0.7740542140713687 9.130020141601562 -0.5317862264615874 -0.5631119137762437 0.63254120965278 -5.491175174713135
0.8154900669201341 -0.5781723749640706 -0.026318350689236325 -24.500120162963867 0.45425743967881976 0.6112099631219455 0.648130048274969 9.037105560302734 -0.3586448511425179 -0.5404989230413659 0.7610747564727691 -5.42004919052124
0.3680444724716219 -0.7575512409313132 -0.5391283554465611 -23.761980056762695 0.9004332909987174 0.14579378794962744 0.409834185807527 8.90483570098877 -0.23186883090295915 -0.6362863260818411 0.7357829547475045 -5.3092851638793945
0.7571742160082394 -0.4554853142069526 -0.46820971279342494 -23.229705810546875 0.6504836280643829 0.5912273745014067 0.4767821738072544 8.87843132019043 0.059651120966043164 -0.6655699213320618 0.7439478634860963 -5.2687249183654785
0.9178363690269364 0.3805396540427807 0.11298659828692237 -22.897052764892578 -0.3926172801363086 0.8282670077428151 0.3997817344791167 8.231963157653809 0.05854973125315718 -0.41129470648886834 0.9096200269257592 -5.1496171951293945
0.6228189327280917 0.7660354076212678 0.15901676422930933 -22.319860458374023 -0.7823589568864412 0.6089499347812135 0.13074570551079748 8.122528076171875 0.0033225916091364494 -0.2058390905549158 0.9785802109099309 -5.069140434265137
0.9992353502716484 -0.020050250643517807 0.03356638521837602 -21.145854949951172 0.02630226820056114 0.9799188779402239 -0.197654201432397 7.885016918182373 -0.028929318260236432 0.19838593726750123 0.9796969503063145 -4.976919174194336
0.7824634226204574 -0.6152257669319006 -0.09616781147626491 -20.221723556518555 0.6226569828846729 0.7747676674952555 0.10969659552109044 7.7573018074035645 0.007019538876307865 -0.14571313292567747 0.9893019806747322 -4.849923610687256
0.9070240305311427 -0.38804364887744297 -0.16349169582862727 -19.554792404174805 0.42107150412674305 0.8381452985328279 0.34671493616479643 7.036787986755371 0.0024892672582257774 -0.38332047312033357 0.923612049745628 -4.765812397003174
0.9189879682154418 0.36614380186944373 0.1462868094800196 -18.973222732543945 -0.3934162031379197 0.8268898898895054 0.4018417612780739 7.012578964233398 0.02616878644104692 -0.4268393448958413 0.9039487641814064 -4.6750688552856445
0.9934365131091802 0.11056523373848988 -0.02931251455994368 -18.221567153930664 -0.0984979677795542 0.9571806869644469 0.2722191816268053 6.942010879516602 0.0581553502678104 -0.267545251482105 0.9617886949037224 -4.588124752044678
0.9010544821868643 -0.4279200397403819 -0.07060637166397772 -17.298416137695312 0.42904801859803116 0.9032812346903581 0.0008993293978058845 6.612865924835205 0.06339256950199533 -0.03110386864768122 0.9975038503620337 -4.496668815612793
0.879393102598047 -0.4265797133821106 -0.2114178782265514 -16.496139526367188 0.47426435529780836 0.823818445638814 0.3104778412692323 6.457949638366699 0.04172639928072812 -0.37330003583724014 0.9267718116381077 -4.3776774406433105
0.8837539919006823 -0.36024588292169674 -0.29866667982481077 -15.72314453125 0.46772160830845516 0.7000269024635191 0.5396284211832092 6.122364044189453 0.014675793708039453 -0.6165916311995308 0.7871463532366398 -4.277719020843506
0.7664019146169981 -0.36924072466015473 -0.5256323739305288 -14.908488273620605 0.6410277457909264 0.4923275060710691 0.5888098639561372 5.986541271209717 0.04137069491322162 -0.7882099428567779 0.6140142926545863 -4.202889919281006
0.9319951201857127 -0.21878798603429878 -0.2889929291817954 -14.216474533081055 0.35985388402188306 0.6541244746301517 0.6653017013687798 4.839336395263672 0.04347732862520272 -0.7240531671478853 0.6883725249011123 -4.124694347381592
0.9677296975784079 -0.19699154082243336 -0.1571418635157638 -13.619112968444824 0.2448854610629016 0.882222994644887 0.4021364179974478 4.56587028503418 0.0594166928128239 -0.4276411118732757 0.9019937561042067 -4.103553771972656
0.8306822781388705 -0.5546349299284037 -0.04844633411653398 -12.658288955688477 0.5560868903257172 0.8307859102095099 0.02370952983991652 4.038971900939941 0.027098398363921215 -0.04663545754756747 0.9985443459884189 -4.083492755889893
0.7496410130263396 -0.6129961030153088 -0.2495478496739424 -11.801098823547363 0.6593401151023968 0.7244559450059943 0.2010825610594566 3.963804006576538 0.05752359694596497 -0.3152766427021146 0.947254809626682 -3.9885268211364746
0.9237420099200434 -0.08390942838318796 -0.37371099386729995 -11.081561088562012 0.37462099005274596 0.40108867266223347 0.8359348003725818 3.6475563049316406 0.07974843522464176 -0.9121880751744426 0.4019366897768437 -3.927615165710449
0.8194852319338835 0.010739634840569723 -0.5729996639490816 -10.298864364624023 0.5677147246043825 0.12153421783027829 0.81420478097574 3.567138195037842 0.07838332800818945 -0.9925291401968377 0.09349844785068306 -3.9082860946655273
0.9918100781928991 0.12771720937972605 -0.001040780116401234 -9.64669418334961 -0.05627829239972088 0.4443248915610205 0.8940962725254249 3.111114263534546 0.11465392535612115 -0.8867151206377066 0.4478736118961357 -3.8697454929351807
0.9892049748472733 0.05161835225690727 -0.13714613901851921 -8.909090995788574 -0.0029838768427918744 0.942806685943326 0.3333266407288047 3.308135986328125 0.14650806877572378 -0.3293191440697677 0.9327830868603715 -3.8330283164978027
0.9793500637620851 -0.08172188438317077 -0.18491886388917603 -8.089788436889648 0.01611561004503028 0.9433072681683983 -0.3315293123293176 3.1311235427856445 0.20152850845991108 0.3217031728683094 0.9251450312488233 -3.835284948348999
0.9615314210962155 -0.09505305941204832 -0.25772512904468947 -7.494814395904541 -0.10468301887390459 0.7406277536246575 -0.6637107774628488 3.2652149200439453 0.25396612333958635 0.6651582115987917 0.702186415233561 -3.7871506214141846
0.29948005358068147 0.4961513551280209 -0.814951244131783 -7.1309309005737305 -0.93582464279534 0.31914190782885776 -0.14960173997761989 3.389285087585449 0.18585998882031252 0.8074541940395044 0.5598873003415312 -3.803908586502075
-0.21001095066019188 0.8229404264152684 -0.5278867825341512 -6.693597793579102 -0.9642171636557564 -0.08497569700845098 0.25112624759187563 3.896984338760376 0.16180439398993637 0.561736758178939 0.8113391107275463 -3.8101067543029785
0.4657916521975881 0.7721774760469838 0.43218061297188126 -5.707165241241455 -0.8563707374771398 0.2703542264594405 0.43992925820906437 3.2767934799194336 0.22286160893231735 -0.5750222062853116 0.7871989364467356 -3.7959299087524414
0.8670436759663118 0.1932575342267469 0.45922411677896713 -4.91953182220459 -0.42276055105055593 -0.20236172183066853 0.8833590719595045 2.7815253734588623 0.26364517906128115 -0.9600527376151399 -0.09375478950656396 -3.775143623352051
0.9598846119355844 0.21351981754510607 0.18174382873918205 -4.327332019805908 -0.10065335633344343 -0.3425810063763324 0.9340809150865851 2.193817615509033 0.2617067703138101 -0.9149030230498115 -0.3073467500824283 -3.7699365615844727
0.5487179424143561 0.8234406834337017 -0.1444093505933513 -3.957947015762329 -0.788350213595966 0.5671481314306543 0.23842595860751326 1.6150028705596924 0.2782311276542397 -0.01698345903976184 0.9603639943913425 -3.8075993061065674
0.23517239883015922 0.8082646838842934 -0.5398167685556755 -3.2002761363983154 -0.9253185094329411 0.35615479656528776 0.1301515154899802 1.7999212741851807 0.29745520491204824 0.4688944035376853 0.8316600503822278 -3.7841637134552
-0.19347129709635885 0.9788830630478693 0.06600610636807572 -2.541430711746216 -0.9178164101260415 -0.20435304996036124 0.3403716619744423 2.1453857421875 0.34667260420056034 0.005270659343893869 0.9379713885012071 -3.760310649871826
0.9017649707078974 0.431857106652833 -0.01787112300973223 -1.3534862995147705 0.044600363704623114 -0.0518453073135679 0.9976586949788877 1.7326408624649048 0.4299194635761455 -0.9004507224401597 -0.06601326605610397 -3.7104902267456055
0.8381150963205871 0.5273442961414898 -0.1395388069555186 -0.8219536542892456 0.20945305417894897 -0.07490948138854026 0.9749451203494532 1.005644679069519 0.5036789686046491 -0.8463430527422886 -0.1732366406399649 -3.7099993228912354
0.7466465394858312 0.6605060150375164 0.07906167954890148 -0.4509105086326599 -0.468203171082396 0.4373609296067913 0.7677898200952339 0.7104009389877319 0.47255130479369284 -0.6102845413024512 0.6358050353567788 -3.7214016914367676
0.8208264601701718 -0.559582427575967 0.11450514849862833 0.23225700855255127 0.050924162496239433 -0.12797735982597186 -0.9904688410273341 1.200103521347046 0.5689030250917654 0.8188341114781195 -0.0765509367759582 -3.6997737884521484
0.7359089691700081 -0.6682699947670163 0.10887241702666645 0.7327468395233154 -0.1848422410627134 -0.3529770007648044 -0.9171916827195923 1.7659484148025513 0.6513611402394606 0.6548453642083569 -0.38328346424125137 -3.6746625900268555
0.6737809747406996 -0.715198027053145 -0.1857713115008931 1.5262305736541748 0.2887706503658115 0.4862663702454349 -0.8247160291007056 1.2609238624572754 0.680169618231202 0.5020326675303299 0.534165228340073 -3.692650079727173
0.6794494985090855 0.09558937952692546 -0.7274689336991715 2.001817464828491 -0.05540369637895219 0.995330665836019 0.07903983852447968 1.0123507976531982 0.7316275072762786 -0.013399110719907827 0.6815729267133596 -3.6429009437561035
0.7238551376336675 0.5949405665923277 -0.349398714857602 2.8715038299560547 -0.020533679284082507 0.524761960448496 0.8510013236660148 0.5486092567443848 0.6896463642595402 -0.6088272391155398 0.39206795989285653 -3.5696511268615723
0.7467953039940436 0.6311721412562348 -0.20956741644268945 3.1810665130615234 -0.08437983923924958 0.4024905438737609 0.9115269632995847 0.17055845260620117 0.6596793286608291 -0.6630407907468617 0.3538362518784272 -3.5372092723846436
0.7397538368409675 0.32345398232628064 -0.5900354075785091 4.005147457122803 -0.09264876951635924 0.917494591917319 0.3868072896282812 0.1514829397201538 0.6664686537161159 -0.23147612213734398 0.7086877581093705 -3.5240116119384766
0.48252838321062463 0.5817290466683981 -0.654795903819211 4.60724401473999 -0.6391445989801309 0.7450200934095312 0.19089065459204962 0.3807411193847656 0.5988827439413065 0.3263991064300424 0.7313023193802967 -3.4765138626098633
0.6974378389835406 -0.5112914336295457 -0.5021568785260367 5.681379795074463 -0.39932991930443307 0.3045737413333014 -0.8647372153657725 -0.08111000061035156 0.5950765297861141 0.8036267205533171 0.008247285034295226 -3.435966968536377
0.7647569897601875 -0.5947558244356888 -0.24781496305259845 6.497830867767334 -0.18627340811034396 0.16410664237656147 -0.9686956319499169 -0.5961074829101562 0.6168054507248569 0.7869780932324073 0.014714507412437627 -3.4328930377960205
0.5671402612882198 -0.7864680792363626 0.24458103844778298 7.416815757751465 0.5007016752104644 0.09344444300144117 -0.8605614263453741 -0.5543122291564941 0.6539493531362839 0.6105211678675987 0.44678199059297263 -3.42266845703125
