0.9614569971507296 0.2685383058749927 -0.059056082732355374 0.0 -0.26950554945102245 0.9629574853558213 -0.008924136501410732 0.0 0.05447202442542825 0.02449611550801805 0.9982147759275122 0.0
0.3461647208018479 -0.2859576337128722 0.8935313188654962 1.2652428150177002 -0.14377159697727038 0.9249964096487199 0.3517262714662961 0.4033944606781006 -0.927092074162423 -0.25021965122330436 0.27908853822201996 -1.5334208011627197
0.3293917566748702 0.2144736547890227 0.9195118933630396 1.1855660676956177 -0.24494806201562552 0.959928362594553 -0.13615427132972888 0.3812147378921509 -0.9118670503694232 -0.1803845616675088 0.36872739573103097 -1.469445824623108
0.07303607592409778 0.466866044861025 0.8813068862600771 1.6646407842636108 -0.013223457195897237 0.8840425316100852 -0.46721937297614224 0.6202932596206665 -0.9972416315985798 0.022469945710985317 0.07074058061924338 -2.4000473022460938
-0.24540526505702326 -0.421048514811317 0.8732092555954022 2.1390790939331055 0.07681655116294245 0.8894755434344184 0.4504802715985211 0.34687021374702454 -0.9663723264610403 0.177627153912994 -0.18593848671817875 -2.2832400798797607
-0.3898157245133207 -0.9069702241574419 0.15952652887201696 2.5995030403137207 -0.30083458673755403 0.2891447645812291 0.9087870248510983 0.1797589808702469 -0.8703690322757354 0.3062683751337463 -0.38556118846213616 -2.2397475242614746
-0.4582469407014874 -0.7618891376006718 0.45774958584779984 3.0624494552612305 -0.43459817802641987 0.6413072692690062 0.6323364690090607 -0.10931605100631714 -0.7753284239558382 0.09082911641558084 -0.6249927252515192 -2.1677651405334473
-0.7490101744023618 -0.01239573577004481 0.6624425291121208 3.206937074661255 0.19753524903879344 0.9501771759701547 0.24112892744870626 -0.21544867753982544 -0.6324267420254504 0.3114637699638608 -0.7092437775341942 -2.0838115215301514
-0.7937899116217227 0.19164994888415965 0.5772069588113752 3.4171011447906494 0.5253823134907094 0.6941736089782952 0.492032951405898 -0.43963754177093506 -0.30638374773921595 0.69382512039472 -0.6517175012461492 -2.004641056060791
-0.9364753979101338 -0.21206795946394208 -0.2793582103283467 3.6801247596740723 -0.0506134562239139 -0.7064490113286231 0.7059518910250763 -1.0545061826705933 -0.3470621085023931 0.6752458626023642 0.6508386266043699 -1.9881508350372314
0.6471072373303447 0.7615998498502609 -0.0348983108867684 4.363239288330078 -0.6427930014714304 0.5204023541736928 -0.5621374805417519 -1.6199281215667725 -0.4099626576336425 0.3861956220344024 0.8263071831149856 -1.88850736618042
-0.3613075403214679 -0.2836843646518538 -0.8882454855269035 4.399113178253174 -0.9287553676327553 0.024809188856897285 0.36986209760072475 -1.8494040966033936 -0.08288744416494015 0.9585967272009313 -0.2724371233871535 -1.8728107213974
-0.9034427656183185 0.294356909483318 0.31168121388905284 4.363535404205322 0.41652508899867186 0.4305935624022511 0.80068472837465 -2.052901029586792 0.10147915789250667 0.8531958707454977 -0.5116236767940469 -1.8580632209777832
-0.9488829262397952 -0.21252442129592614 -0.23335501418104382 4.56135368347168 -0.315530365047979 0.6203089044761941 0.718092926967139 -2.5074479579925537 -0.00786009053971888 0.7550167106629995 -0.6556584366850867 -2.0188674926757812
-0.6494961393710547 -0.43525828898717045 -0.6234620973323526 4.934201240539551 -0.760342610265028 0.37805920212659894 0.5281575093689028 -2.801664352416992 0.005820649230011077 0.8170810618019242 -0.5764934158229224 -2.073845863342285
-0.6413606981213729 -0.328019427916048 -0.6935846810699425 4.99611759185791 -0.7360522664484077 0.5181781253315649 0.4355668622427874 -3.4464402198791504 0.21652601682344697 0.7898700433219971 -0.573778527570594 -1.793215274810791
-0.775875760781987 -0.5257962691832452 -0.3486475113118598 5.152144908905029 -0.6076163699383033 0.7714894858739886 0.18869637031190614 -3.8184587955474854 0.169762041734812 0.3582488750838855 -0.9180624121960111 -1.6993815898895264
-0.8428263831732367 -0.5274901656861348 -0.10676054014257344 5.351748466491699 -0.5368316263829065 0.8380608265015838 0.09729263075159109 -3.964470386505127 0.03815092059444389 0.13931323048402802 -0.9895131788257802 -1.7150452136993408
-0.9963887390479299 -0.017856268081395933 -0.08300984513105114 5.311953544616699 -0.023218804271447097 0.9976738799976567 0.06409146822023352 -4.328864097595215 0.08167231983162965 0.06578740655038999 -0.9944856204655216 -1.581552505493164
-0.05868589901144336 0.8225582483145982 0.5656446706076511 5.1912736892700195 0.9888865835372097 -0.02963246142186823 0.1456888538296132 -4.419073104858398 0.1365990122853148 0.5679083071761681 -0.8116778082977106 -1.532106876373291
-0.46229060941581157 0.802045119170012 0.3781679775728223 5.113185882568359 0.8800807080909856 0.46713047402411245 0.08512970976149864 -4.934152603149414 -0.1083759184137627 0.3721730068846598 -0.9218144679133672 -1.5128388404846191
-0.6655540947777844 0.3762264460132177 0.6445862302630948 4.9576544761657715 0.49977337662347393 0.86609234861045 0.010517399716955561 -5.334611892700195 -0.5543142781337095 0.3291469352716174 -0.7644592703724683 -1.310370922088623
-0.6525185106542907 0.296539356773012 0.6973406650541434 5.079130172729492 0.5864926700186238 0.780357229558099 0.21695377915776032 -5.785332202911377 -0.47983949531893716 0.5505515454170089 -0.6831156963289681 -1.4267578125
-0.08229138878002706 0.9906791287472329 0.10854948731927791 5.153735160827637 0.7921749214028814 0.13111153781858087 -0.5960441749997946 -6.071135520935059 -0.6047206141955087 0.03694087865049345 -0.7955805114829902 -1.3426814079284668
-0.327424377787622 0.944060740237737 0.03927589046940755 5.175055503845215 0.6533792172515362 0.25624436090644953 -0.712344317003663 -6.491415977478027 -0.6825605286669882 -0.20757684419371425 -0.7007303179258195 -1.2770404815673828
-0.32959156288209357 0.862654105558629 0.38366299774643475 5.259357929229736 0.09128663512169216 0.43358350405102064 -0.8964776044402881 -6.874637126922607 -0.9397000329493972 -0.26044815065129645 -0.22165425531043076 -1.2131352424621582
-0.04317074093018869 0.8815059342785425 0.4701952519531142 5.2700629234313965 0.046366312132655574 0.4718946861884712 -0.8804348756417488 -7.295011520385742 -0.9979912084917161 -0.01620780610688205 -0.06124422253932227 -1.1671967506408691
0.09209381993347798 0.8800126532757557 0.4659361097882676 5.133274078369141 0.02248790165654424 0.4659671969566548 -0.8845161760190956 -7.647780418395996 -0.9954963699628169 0.0919363988577025 0.023123061128053846 -0.915410041809082
0.38104585934736973 0.8658717828717581 0.3241451969422158 5.362818241119385 -0.20471210460244427 0.4209081295573796 -0.8837020429430649 -7.828395366668701 -0.9016080120004828 0.27037455889745154 0.3376397349210339 -0.9890353679656982
0.47931994320431504 0.7484280009627553 0.4583753041138958 5.365382194519043 -0.4541218137731995 0.6584302403760491 -0.6002024631852805 -8.282299041748047 -0.7510164913648381 0.0795307860720143 0.6554762266969076 -0.9205610752105713
0.5578889237876168 0.642398742211575 0.5254367751881104 5.334227561950684 -0.5800257431116741 0.7546306590237937 -0.3067616432819865 -8.690683364868164 -0.5935739937386448 -0.13362793295677716 0.7936078940451979 -0.854325532913208
0.23845305750862633 0.8686073023515104 0.43435180863721434 5.269718647003174 -0.7659249080227819 0.44317993051351723 -0.46577954491403617 -9.291715621948242 -0.5970755183685564 -0.22161431247025887 0.7709655776189063 -0.6915078163146973
-0.3143016646892409 0.8855695580319942 0.34202488427099936 5.245416641235352 -0.7612215886911005 -0.01982512806826492 -0.6481887512196384 -9.739362716674805 -0.5672355388056793 -0.46408352931783237 0.6803457366161232 -0.7064700126647949
-0.046173761131277746 0.900693993541369 0.43199341867844704 5.2617669105529785 -0.8309099793362925 0.2054167404529062 -0.5171001537236914 -10.480781555175781 -0.5544876824802817 -0.3828241015665075 0.7389107640557435 -0.7383646965026855
-0.12521047351114895 0.866363181749018 0.48346372628443585 5.195097923278809 -0.8223178553583987 0.18201220195029572 -0.5391334742899652 -11.264491081237793 -0.5550816895573818 -0.4650660121433546 0.6896360795863277 -0.6808514595031738
-0.006059709365901056 0.9006677303102236 0.4344662466754245 5.163380146026611 -0.8227460810046187 0.2424590592537832 -0.5141035798137489 -12.010119438171387 -0.5683767818216557 -0.3605707200586321 0.7395516139678537 -0.694727897644043
0.11583461290785563 0.9423342418802466 0.3139880874053469 5.162189483642578 -0.8130929404789146 0.2715243088650488 -0.5149314710121238 -12.757922172546387 -0.5704929557810853 -0.19565460964500184 0.7976572328568345 -0.5822658538818359
-0.21170758664938982 0.6756618522306245 0.7061593015710925 5.242311477661133 -0.7567941336497551 0.3438605606188476 -0.5558979709660835 -13.559155464172363 -0.6184193860386396 -0.6521050347077332 0.4385390366665419 -0.652092456817627
-0.32209043872486826 0.718276264750465 0.6167146477732968 5.187912940979004 -0.7050006790549506 0.25279337086551934 -0.6626232369744561 -14.252215385437012 -0.6318479182636279 -0.6482088545697039 0.4249629266693179 -0.6560277938842773
-0.2755804679501949 0.7692901834468866 0.576409593376626 4.994770050048828 -0.7008753805719736 0.24958665569399302 -0.6681917406011386 -15.099982261657715 -0.6578974894255507 -0.5881318856784963 0.4703953427233452 -0.651031494140625
0.024267084773094527 0.7552708853241196 0.6549633565157185 4.762507915496826 -0.7142623973163021 0.47148763276734446 -0.5172317081612597 -16.024765014648438 -0.6994571726536116 -0.45526399146996716 0.5509032235286424 -0.7259030342102051
0.16702191827213708 0.9218618205224808 0.34967765539089374 4.568588733673096 -0.598040515192657 0.3766908738238748 -0.7074259874827238 -16.848676681518555 -0.783869390271617 -0.09096575971640525 0.6142263504233764 -0.8537750244140625
-0.04313795321231534 0.8836359701545167 -0.46618299973480165 4.544658184051514 -0.5854082467378219 -0.4004771681693563 -0.7049221392653253 -17.724000930786133 -0.8095902059956022 0.24249847427177584 0.5345635493857201 -0.8215656280517578
-0.032703412335318205 0.8719037928417961 -0.48858393634023234 4.669217109680176 -0.5877487188957686 -0.4121626174306082 -0.6961849037641743 -18.691234588623047 -0.8083822921477243 0.26439696068759977 0.5259394612701646 -1.0745530128479004
-0.3090997016710445 0.5396774051799639 -0.7830745001371787 4.394046783447266 -0.40691657766675504 -0.8192690423253178 -0.4040014048333648 -19.563142776489258 -0.8595791256462938 0.1937692819452498 0.4728394993309837 -0.9392657279968262
-0.13243631807481143 0.22619337654701666 -0.9650373972344527 4.183592319488525 -0.0415596435759536 -0.9740244495840914 -0.22259642323776796 -20.429428100585938 -0.9903198562487915 0.010626759556297397 0.13839672792629737 -0.9463481903076172
0.17378111469636032 0.5876613223077941 -0.7902242051711311 4.065773010253906 0.16295289844180447 -0.8085317098813816 -0.5654403832462844 -21.47081756591797 -0.9712087711014074 -0.030506464556630475 -0.23626865758273907 -0.9797019958496094
0.1571137283952043 0.7690681893129414 -0.6195558058292019 3.8370137214660645 0.24782360133847292 -0.6379763624111227 -0.7290882138838218 -22.365312576293945 -0.9559805118146434 -0.03899078341846507 -0.29082809327681314 -1.0052757263183594
0.07720641391559233 0.9653677944042838 -0.24920712505324288 3.4928793907165527 0.2577199005776662 -0.2607818947002051 -0.9303618953089218 -23.265506744384766 -0.9631301171163387 0.007604270088547804 -0.2689285268986694 -1.0433692932128906
0.028304994634041097 0.9772833429369081 -0.21003831768710396 3.2973573207855225 0.2734011003170367 -0.20967920307945978 -0.9387685924344702 -24.143341064453125 -0.9614835753273172 -0.030852867192929567 -0.2731253099984966 -1.1091423034667969
0.09765891811555791 0.5723355903016634 -0.8141834607670101 3.0600852966308594 0.21850135560811484 -0.8104638160647265 -0.5435122449836962 -24.88864517211914 -0.9709376361589425 -0.12482137206363225 -0.20420512179237185 -1.1581001281738281
0.14841927867468813 0.17785096205471607 -0.9728004692710102 2.889617919921875 0.1955311282847782 -0.9695531786366464 -0.14742527485901855 -25.641942977905273 -0.9694015141257863 -0.16833202039952913 -0.1786757826870939 -1.220860481262207
0.024213958418963354 0.6037696332091314 -0.7967910103861586 2.515726327896118 0.2398992939918226 -0.7772452497629639 -0.5816684196886854 -26.601974487304688 -0.9704957562812471 -0.17706510592270452 -0.1636640928996696 -1.3120250701904297
-0.17121865211239995 0.8629564990323908 0.4753843223609421 2.081118583679199 -0.01569419965809904 0.4800593744287579 -0.8770955986209037 -27.731975555419922 -0.9851080475084469 -0.15763590263905242 -0.06865170743154536 -1.4008674621582031
-0.036005318801738434 0.9984031477568556 0.04352897388162513 1.7339649200439453 0.06241660096447371 0.04571883099237886 -0.9970024856622635 -28.18999481201172 -0.997400513806779 -0.033180461749233114 -0.06396305196033755 -1.167043685913086
-0.004123676488155037 0.6850331670922127 0.7285002095235344 1.199502944946289 0.01090251379971946 0.7284939032056689 -0.68496552335502 -29.095706939697266 -0.9999320629348116 0.005117907363572927 -0.010472656737901875 -1.3833904266357422
0.06824407634779739 0.2664344904096593 0.9614340374480099 0.5820074081420898 0.044511204722955194 0.9619080044866894 -0.2697253113049393 -29.92646026611328 -0.9966752222753144 0.06120174200609345 0.05378520314986657 -1.3931770324707031
-0.08802941824813215 0.9693968416960688 -0.2291737001328521 0.22641897201538086 -0.002324040313977649 -0.2302660940018223 -0.9731249276376406 -30.602638244628906 -0.996115164205181 -0.08513101234468495 0.022523107637594353 -1.6116886138916016
0.056430083906391315 -0.984585819679191 0.16554881249037573 -0.37462806701660156 0.026047703620593943 0.16720842713634168 0.9855774241685352 -31.2672119140625 -0.9980667125830878 -0.05130405033958485 0.0350817851932026 -1.5908355712890625
0.0640788669917135 0.7844370877347879 0.6168892560186332 -0.553471565246582 -0.24772116280166606 0.6113150144424335 -0.7516170425272684 -31.59967041015625 -0.9667099483843375 -0.10465375532398064 0.23349404101890833 -1.452077865600586
-0.03331690742484372 0.9586077371347966 0.28277409708979595 -0.6957292556762695 -0.09777588140893945 0.278447762268933 -0.9554615223556253 -32.320335388183594 -0.9946506224269654 -0.05948150967089433 0.0844516981056147 -1.5380363464355469
0.05877731847798495 -0.969392992622572 0.2383746057926298 -1.3416519165039062 -0.14813676318795238 0.2276738416541204 0.9624033048668583 -33.1094970703125 -0.9872186820683319 -0.0918795280827489 -0.13022068228417982 -1.5061264038085938
0.04648205858078685 0.46417257323463257 -0.884524301806814 -1.7971315383911133 -0.18569990755365276 -0.8660308560530847 -0.46422634640714433 -33.89524841308594 -0.9815064760686284 0.18583427730292615 0.04594190695478389 -1.5163936614990234
0.10054329261685485 0.8632108268655618 0.49473034543257477 -2.3464107513427734 -0.28804906886263965 0.5012095039241113 -0.8159759598808733 -34.51250457763672 -0.9523228340416542 -0.060465705637323564 0.299040328726165 -1.4687671661376953
0.11440755445392409 -0.19927330689967154 0.9732425497485928 -2.92755126953125 -0.33981467120721315 0.9127291285519759 0.2268292907123879 -35.024253845214844 -0.9335078471637004 -0.35667308147661025 0.03670711421200695 -1.4855709075927734
0.45059882379077937 -0.8827479751156261 0.13310414128654335 -3.6221046447753906 -0.13830822324820613 0.07826819744815955 0.9872917120335509 -35.5477294921875 -0.8819475808574399 -0.4632818814690229 -0.08682374630382866 -1.482895851135254
0.42940490830639777 0.8327658099729274 0.3494460336911961 -4.308929443359375 -0.5160535397749619 0.5437990189930142 -0.6617940548448342 -35.941261291503906 -0.7411478724303985 0.10384475279170291 0.6632617119278967 -1.5370588302612305
0.21577792124038792 0.8170834803690545 -0.5346161939309076 -4.496311187744141 -0.8677407153142815 -0.09059390263692652 -0.4886909000491723 -36.35382843017578 -0.4477342288579644 0.569356945081909 0.689468439738876 -1.3561487197875977
-0.11644824072206131 0.5629213342924074 -0.8182660805821005 -4.898447036743164 -0.8178240985322752 -0.5218301701133621 -0.24260465250965588 -36.91431427001953 -0.5635632627244329 0.6409468347358579 0.5211368380276686 -1.4891395568847656
-0.25684561144928236 -0.708974603595661 0.6567993173988688 -5.351955413818359 0.6870668718320492 0.3439960323675757 0.6400045650980065 -37.158203125 -0.6796833420867155 0.6156474162795954 0.3987590918312607 -1.5004816055297852
-0.7139658404792082 0.1919112385803101 -0.6733668057867044 -5.697402000427246 0.09811924707980998 -0.9247921376025794 -0.36760320398623175 -37.85556411743164 -0.6932715138971954 -0.3285263744892078 0.6414398095563353 -1.4862861633300781
-0.03840427662513557 0.9799977857981853 -0.1952676403492245 -6.679317474365234 -0.8826843844414826 -0.12486725326388531 -0.4530744381726843 -38.717796325683594 -0.46839448011271534 0.1549597008676344 0.8698241788470542 -1.5149765014648438
0.257928899665654 0.8957712594601879 -0.3620311222013573 -7.221355438232422 -0.8730033190659472 0.055542960157293986 -0.48454121029774727 -39.13759994506836 -0.41392981001264634 0.4410315525017166 0.7963374172301716 -1.5268964767456055
-0.5610920114635993 0.20302368283623834 -0.8024694005875506 -7.438093185424805 -0.7901577625133782 -0.4202191879887658 0.4461687398125448 -39.57689666748047 -0.24663021917758582 0.8844191417273107 0.39620236841132483 -1.402956485748291
-0.7423870678897115 0.45263757841608576 -0.49394398876364376 -7.785744667053223 -0.6699544240344751 -0.49632856111480805 0.5521041832284364 -40.24054718017578 0.004744591315542085 0.7407949662540412 0.6717144533400502 -1.3700294494628906
-0.9001734748671556 0.40977098423126257 0.1475650894613386 -8.14917278289795 -0.3845720336633921 -0.906869705771656 0.1723127612152765 -40.6981201171875 0.2044310790207626 0.09836197047524252 0.973926515038293 -1.1624972820281982
-0.9128685350415873 0.05430728174463171 0.40462545258613636 -8.68408489227295 -0.15765268538778737 -0.9611255370601077 -0.22667892006302465 -40.951602935791016 0.37658553944760786 -0.2707183428591956 0.8859429498102717 -1.1711987257003784
-0.8938484029830149 0.01312236185729419 0.4481772373782493 -9.202468872070312 -0.012077658929992283 -0.9999135980184684 0.005189089759410126 -41.33989334106445 0.4482066070903955 -0.0007746722188564262 0.8939296601206768 -1.1277337074279785
-0.8963594859449717 0.09032715647310632 0.4340284285158621 -9.912969589233398 -0.0588093772848719 -0.9945979718516234 0.08553555712101779 -41.980987548828125 0.43940997837990825 0.051145666406062884 0.8968294105949292 -1.0945239067077637
-0.8878400296567083 -0.18694003544124832 0.4204681972377936 -10.570138931274414 0.159367787486641 -0.9821272003409386 -0.10014025495315407 -42.548301696777344 0.43167347619559404 -0.021899440625154906 0.9017640625183049 -1.039914608001709
-0.7344621471481326 -0.6165368524025827 0.2836329741692088 -11.267192840576172 0.5911123421852107 -0.7864915985441167 -0.17893340754547382 -43.09214782714844 0.3333939911319181 0.03623913697973778 0.942090851047867 -0.9872593879699707
-0.9875307237927615 -0.15099473684540787 -0.044538287016122724 -12.221712112426758 0.15654707644542204 -0.9717551150020767 -0.17659277823198705 -43.85841369628906 -0.016615728143409482 -0.18136313272626992 0.9832758166791135 -0.8106193542480469
-0.9596894843772399 -0.2647424787163553 -0.09437962459592411 -12.950786590576172 0.2793726698218491 -0.9352963816000812 -0.21719021599143792 -44.52016830444336 -0.030773445246827978 -0.23480225409675162 0.9715559152919223 -0.8274521827697754
-0.970890785876383 0.23923129216286415 0.011809773512875746 -13.732678413391113 -0.2389800934894073 -0.9641969027999332 -0.11494715110349571 -45.19916915893555 -0.016112008445045796 -0.11442343064732008 0.9933014052656748 -0.7697033882141113
-0.7184545159700537 0.6931040431692428 0.05856529539483656 -14.360188484191895 -0.6945819775198692 -0.7193774543462654 -0.007207959688761138 -45.963680267333984 0.03713468711089333 -0.045856989878701404 0.9982575576936249 -0.6866312026977539
-0.7147993205188967 0.6885047570106457 0.122568882508716 -15.095226287841797 -0.6967495221931768 -0.7161801034922117 -0.040325707501110086 -46.78830337524414 0.060016953515682786 -0.11422459864493675 0.9916404118202826 -0.6115988492965698
-0.6416971490248706 0.7480512544641666 0.1692456487710677 -15.844491004943848 -0.761167482588436 -0.6482182806556831 -0.020907512376490696 -47.37986373901367 0.09406823259387817 -0.1422405754993165 0.9853521128501666 -0.5900492072105408
-0.7300467436122215 0.6661877268252716 0.15239968756059818 -16.629562377929688 -0.6768222021913832 -0.7356751707872062 -0.02633912883944304 -48.04640197753906 0.09456986180595345 -0.12237628738686099 0.9879679071323171 -0.5756350159645081
-0.9686602102249013 0.24178037637420793 0.056917894614933365 -17.40607452392578 -0.24799055180614196 -0.9543548957927976 -0.16645545677809442 -48.66398620605469 0.0140742083946318 -0.17535387784895207 0.9844048629407516 -0.5428571701049805
-0.8195012934884255 0.5561064601116784 0.13843133674445168 -18.254261016845703 -0.5722969393287888 -0.8067519824173178 -0.1470627488544543 -49.33892059326172 0.029897210667522323 -0.19974194323623135 0.9793923181782241 -0.5166764259338379
-0.858882266507322 0.5022299655001904 0.10043064289808659 -19.05611801147461 -0.5098756815330506 -0.856982303874735 -0.07488738362874275 -50.1063346862793 0.04845659563416004 -0.11552658827832224 0.992121749454329 -0.4980018138885498
-0.8020506828540763 0.49793026652137795 0.3298183618527922 -19.793424606323242 -0.5839820659130314 -0.7695828244632676 -0.25827741477544486 -50.70710754394531 0.12521840449893012 -0.3997595852172764 0.9080267755973132 -0.48256349563598633
-0.5687010623964096 0.49445906430266207 0.6573350252026219 -20.502918243408203 -0.8026665196474541 -0.5082289367056686 -0.31213747953757387 -51.39512252807617 0.1797374748521822 -0.7051337331485156 0.6859160724970655 -0.4963712692260742
-0.5560592877108818 0.6684555326682506 0.49392840513142405 -21.327608108520508 -0.807636705329464 -0.5749024494471261 -0.13118736914910406 -52.15032958984375 0.19626772723765734 -0.47186266483469536 0.859549070606248 -0.5186872482299805
-0.6270488757044892 0.7575509998660809 0.18145575240161987 -22.049280166625977 -0.7576586946886009 -0.6472353120034899 0.0839032374733608 -52.83818817138672 0.18100555196043605 -0.08487009778271161 0.9798132764266116 -0.534343957901001
-0.579480331788723 0.8135155758391159 -0.048938256376608265 -22.812925338745117 -0.7989104259278412 -0.5551570429528575 0.23139314813458478 -53.520530700683594 0.16107351245262594 0.17318506150066837 0.9716286626377297 -0.5207595825195312
-0.754090193971553 0.6350571509543239 -0.1674825196183839 -23.630922317504883 -0.6549968703053017 -0.7084590247436608 0.2628020360452338 -54.34596633911133 0.048239809765430394 0.3078769645183572 0.9502024497299283 -0.4943578243255615
-0.8536849179743927 0.35752222986547444 -0.3786818136312768 -24.29898452758789 -0.4819332340409742 -0.8179242911897956 0.3142295527293351 -55.42231750488281 -0.19738900361940576 0.4507523810626953 0.8705514759142328 -0.8163079023361206
-0.9483915134984464 -0.05920609682501696 -0.3115255611067457 -25.07799530029297 -0.21678399910405557 -0.5959286543355746 0.7732229540528684 -55.820831298828125 -0.2314265215064575 0.8008518446257947 0.5523387439813391 -0.5190334320068359
-0.8954323487300265 0.18874650845808988 -0.403206726621356 -25.798263549804688 -0.3360896321940153 -0.8805481011942943 0.3341837826927194 -56.68870544433594 -0.291966895348634 0.4347525698923509 0.8519069990277558 -0.577416181564331
-0.5532261878352865 0.8009320256244057 0.2290167579510787 -26.515043258666992 -0.779997934777994 -0.4015210057019626 -0.47998344109161667 -57.522117614746094 -0.292479070764561 -0.4441720075705709 0.8468572612048787 -0.5285301208496094
-0.30902421006882586 0.47651385640190536 0.8230665721849735 -27.635828018188477 -0.9015590262850546 0.12877368523533786 -0.4130480118761668 -58.17768859863281 -0.30281241671252856 -0.8696849329773939 0.3898111820315363 -0.5102996826171875
-0.921798701089206 0.03593701068568561 -0.3859995931775446 -28.2534122467041 0.017549327269606594 -0.9908050442164601 -0.13415433450918818 -58.636802673339844 -0.3872714497386004 -0.1304373244826642 0.9126921324297516 -0.5608634948730469
-0.8147651313050653 0.34500553598184014 -0.4659709872420415 -28.926719665527344 -0.4619503758653273 -0.8719599812901185 0.1621346393168931 -59.51276779174805 -0.35037070517856156 0.3473571233909265 0.8698180256710355 -0.5147838592529297
-0.6661237621819298 0.2443727421395723 -0.7046709135162159 -29.70348358154297 -0.6608932956686524 -0.6312965679131972 0.40581362111349284 -60.144439697265625 -0.3456865418219508 0.7360343784363639 0.5820259517950868 -0.5386092662811279
-0.519764014244779 0.8218485686688631 -0.23326015449084708 -30.18558692932129 -0.8541135422400891 -0.5057529705812649 0.12126000870160647 -60.97597885131836 -0.018314651463801512 0.26225724570575165 0.9648241863762498 -0.6074038743972778
-0.7190929784384581 0.6707571138568896 0.1816319976515234 -30.725889205932617 -0.6912444218050812 -0.717255419819609 -0.08789659869844571 -61.6226692199707 0.07131926586741097 -0.18875793215060435 0.97943044947886 -0.5433478355407715
-0.6205696678493172 0.7579144277160185 0.20114424576728127 -31.55990982055664 -0.7617478829793104 -0.5217920658134924 -0.38402239886577827 -62.340816497802734 -0.1861006451410824 -0.39153385589753065 0.9011480397604406 -0.46884822845458984
-0.46517866981669337 -0.6852786490620272 0.5603587942446293 -32.14194869995117 -0.8783632696143816 0.4359417346446458 -0.19604277744245105 -63.13348388671875 -0.10993985510225537 -0.5833935011077346 -0.8047143910266268 -0.5112037658691406
-0.742628871745134 -0.6591758432354153 0.11827749805194865 -33.0435905456543 -0.6360251583770995 0.7494984399713681 0.1836411892573971 -63.627899169921875 -0.20970063605515127 0.06114978475321772 -0.9758516009428383 -0.4871559143066406
-0.8781214838849699 0.02713997931536896 0.4776673330492882 -33.72926712036133 -0.46048374578172624 0.22299462122013647 -0.8592020244259893 -64.06732177734375 -0.1298359711732033 -0.9744417994060235 -0.18331884834861334 -0.45007896423339844
-0.44253417951318985 -0.8046622797426439 -0.39583091784492863 -34.678165435791016 -0.8960552653703249 0.37938889576511814 0.23054072779498314 -64.6226806640625 -0.03533357277015875 0.4567085299504434 -0.8889144263121171 -0.6320304870605469
-0.325802857934118 -0.16502247160270833 -0.9309243157357605 -35.302494049072266 -0.9453408569643144 0.07095682588847127 0.318270000178793 -65.40996551513672 0.013533732520507769 0.9837340660595049 -0.17912042138767104 -0.6061601638793945
-0.18204814341814374 0.972412568529222 -0.14585016299068082 -35.90528106689453 -0.9832028216947137 -0.18198924887355544 0.01386090566998012 -66.27525329589844 -0.013064642726072995 0.1459236439403852 0.9892095861088286 -0.6190526485443115
0.3710877364975501 0.7895522135310102 0.4887751977437148 -36.789215087890625 -0.9153625878974945 0.2224736416246722 0.3355842836901919 -66.74315643310547 0.15622171583594602 -0.5719377421455413 0.8052837975588072 -0.5125942230224609
-0.9112772910690186 0.19290245421351082 0.3638163574391833 -37.24250030517578 -0.3970603867834972 -0.6458189031235293 -0.6521203827635362 -67.23748779296875 0.10916385862203101 -0.738719559458612 0.6651140236410772 -0.5446653366088867
-0.9134193615369576 0.05054473355432282 0.40386916183256616 -37.82826232910156 -0.39865129454473847 -0.31127410174191306 -0.8626619146238981 -67.96995544433594 0.08211099394856447 -0.9489750594692612 0.3044735147399379 -0.5500068664550781
-0.9671943369600607 0.061751828490430705 -0.24641799088231506 -38.58931350708008 0.25394234376305597 0.2615833026580177 -0.9311753120732151 -68.39471435546875 0.0069570537236808005 -0.9632034507042695 -0.26868329303265853 -0.5587043762207031
0.6951582566896963 -0.4565872417740362 -0.5552324637530845 -39.037540435791016 0.7178436081110702 0.48190517151731244 0.5024618990122038 -68.67021942138672 0.03815170311038368 -0.7478606128912311 0.6627585919742796 -0.60992431640625
0.4438241856575527 -0.8800400289682087 -0.16896638612175172 -39.60765075683594 0.888976844196377 0.45614175091807546 -0.04068013707011289 -69.49343872070312 0.11287277221748827 -0.13215237600220087 0.9847819488642713 -0.5717470645904541
-0.04233852162028612 0.9085692364305386 0.4155831952798825 -40.781036376953125 -0.9824578219058581 -0.11347230129762009 0.14798873272725785 -70.39295196533203 0.18161519144335425 -0.4020273366952184 0.8974352025560083 -0.5713577270507812
0.10630558209079843 0.9855469089427366 0.13189546425011697 -41.497493743896484 -0.9894869595814281 0.09177185762773954 0.1117742500124934 -71.01964569091797 0.09805447483229915 -0.14239106861376974 0.9849416751992935 -0.540794849395752
0.12266249773358762 0.26170164732607676 -0.9573223905438416 -42.146240234375 -0.924679607477366 0.3804710338234558 -0.014471210620241703 -71.71968078613281 0.36044629997443767 0.8869915671572806 0.28865970384972206 -0.5568504333496094
0.7727397939036598 0.31282368395233684 -0.5522812269815247 -42.56892395019531 -0.1711331518113135 0.9405741097004132 0.2933151692504182 -72.59064483642578 0.6112173551764182 -0.13214267637581745 0.780353546677005 -0.6333541870117188
0.7568029244995591 0.45844583317122145 -0.4659149616795527 -43.424415588378906 0.03766333489037568 0.6810279019881167 0.731288226295624 -73.00469970703125 0.6525571290499016 -0.5709889795447971 0.4981373089465808 -0.6702957153320312
-0.13073280928037406 0.9525034225620227 0.27503847473634413 -43.774864196777344 -0.8511536508613534 -0.2500858456375476 0.4615133068906489 -73.50347137451172 0.5083762339085599 -0.17376507076908748 0.8434211907330544 -0.6099281311035156
-0.8194371062371879 -0.2902273709501743 0.4942579307132804 -44.0100212097168 0.12361666779495745 -0.9315188118459863 -0.34204038156380484 -73.98368072509766 0.5596800410635483 -0.21918206205890114 0.79919802008433 -0.6217384338378906
-0.8562037187959276 0.22872522342291896 0.46324935411736945 -45.03972244262695 -0.25951433685930436 -0.965735120251629 -0.002826035570792043 -74.65959930419922 0.4467297850876967 -0.1226395110994319 0.8862234760108721 -0.8422870635986328
-0.6300876311997133 0.3894524416243032 0.6718008430494877 -45.77033233642578 -0.49235597310031126 -0.8693702518383418 0.0422014332811492 -75.38066864013672 0.6004791193385324 -0.304174556679888 0.7395286784885451 -0.6746311187744141
-0.30771306774046825 0.783562479237752 0.5397615298189907 -46.40168762207031 -0.6364511362270766 -0.5911967388758805 0.4953951626104024 -75.7730712890625 0.70727831801704 -0.1910922737143267 0.6806181923734302 -0.6237983703613281
0.02986213941614657 0.9937845124257207 -0.10724082940868596 -47.17679214477539 -0.6439523561220493 0.10118424925831593 0.7583449813553802 -76.64179229736328 0.7644825803603059 0.04641218121143664 0.6429714564122149 -0.7473640441894531
-0.5966180771825833 0.7999348340707976 -0.06442927299824852 -47.98955154418945 -0.3763674916726337 -0.2079913171929541 0.9028217560429025 -76.85154724121094 0.7087978422589951 0.5628888639975619 0.42516084673512355 -0.7519340515136719
-0.3449754856090149 0.5618686776563683 -0.7518613591597247 -48.504615783691406 -0.7697793031911825 0.2889770422902702 0.5691503258434146 -78.23481750488281 0.5370584127516502 0.7751102231927093 0.33282488367732743 -0.8988132476806641
-0.39590849064657546 0.11646666329186806 -0.9108742961438803 -48.848262786865234 -0.5492509793807757 0.764898434133013 0.33653194069823966 -78.80569458007812 0.7359210750367251 0.6335344519460039 -0.23886035567726077 -0.794586181640625
-0.7201162138882748 -0.35581962444247317 0.5956719175492782 -49.31541442871094 -0.16470699805057398 -0.7462980405035828 -0.6449114974426189 -79.25774383544922 0.6740209516687037 -0.5625225591939671 0.478815337170276 -0.8561553955078125
-0.7139321450653452 -0.4485374064141837 0.537694232152096 -50.241695404052734 -0.24545533317681786 -0.5588613923484466 -0.7921020285022712 -79.904541015625 0.6557839367180719 -0.6974870172193838 0.28889321409987273 -0.8686752319335938
-0.8244880558629886 0.503739148537482 0.25781062035921265 -51.00173568725586 -0.2759582283668711 -0.7556670504589249 0.5939817884812011 -80.65129089355469 0.4940308714401229 0.418585927954394 0.7620494203020375 -1.0224857330322266
-0.7898882904757334 0.5155141711999147 0.3321469973692194 -51.40626525878906 0.4628076128796927 0.14575555747036806 0.8743937505078033 -81.2225112915039 0.4023500988317559 0.8443935437688798 -0.3537144910962923 -0.9067497253417969
-0.446724302800828 0.8324184344978569 0.32789776942707416 -51.804786682128906 0.8454630403714136 0.27290574614919816 0.45903670995321755 -82.09270477294922 0.29262543405015085 0.482288299284656 -0.8256926496706111 -0.9027252197265625
-0.981243796240798 0.07463522876480358 0.17773630739433352 -52.443634033203125 0.1117128306875333 -0.5312425170192032 0.8398223809656901 -83.009765625 0.1571014188310408 0.8439259272817298 0.5129407114501117 -0.8821544647216797
-0.9603258319837958 0.222983778646748 0.1674888977963862 -53.05046844482422 -0.1803469266112639 -0.9546470156863599 0.23690517407392828 -83.62879943847656 0.21271878733788796 0.19730005043472484 0.9569866287529589 -0.8241653442382812
-0.4716470188399035 0.8802886132945762 0.051391117163804206 -53.583744049072266 -0.8100023293248553 -0.4555474632421614 0.3692867926448771 -84.53597259521484 0.34849005166251223 0.1325460902386179 0.9278934302249993 -0.8027076721191406
-0.7199634494861674 0.6066393658119411 0.337107269650574 -54.18743896484375 -0.6407554599786318 -0.7676361965308455 0.012927114265343806 -85.06072998046875 0.26661783869717137 -0.20669627384871542 0.9413774898867648 -0.6388883590698242
-0.8309778095350124 -0.15616080741076754 0.5339379011544411 -54.741695404052734 -0.4418836911904037 -0.3977896474780623 -0.8040536050657462 -85.76876068115234 0.33795662964400686 -0.9040891541148451 0.26154945591908124 -0.8397388458251953
-0.7733412661102099 0.1762884349193382 0.6089874168197138 -55.36238479614258 -0.5266212403323717 -0.7134617971338129 -0.46221459654730135 -86.2811050415039 0.3530061690138742 -0.6781553301009146 0.6445866837702031 -0.8297119140625
0.11368584903379542 -0.9932062155387958 0.024838299953259618 -55.54409408569336 0.9149333685153663 0.0949161131173456 -0.3922854351716619 -86.75273132324219 0.38726277758982974 0.06732269220551315 0.9195081273200427 -0.7444896697998047
0.2899398268952279 -0.6452518137214602 0.7068132664778808 -56.133174896240234 0.8827809028493789 -0.104932331541642 -0.4579160221718288 -87.46646881103516 0.3696387078545768 0.7567293457283135 0.5391919166393335 -0.6236610412597656
-0.15144000887531234 0.6463153124533042 -0.7478919979517317 -56.92615509033203 -0.894141449335864 0.2329874063664267 0.38239761643374026 -88.51618194580078 0.4213988517917505 0.7266315334218804 0.5426136953169916 -0.7541980743408203
0.44523908492518094 0.16669369525558675 -0.8797586994267379 -57.37577438354492 -0.7607234362182532 0.5886594943266712 -0.2734590523777942 -89.50081634521484 0.4722944111920877 0.7910077191160056 0.3889020152372751 -0.7362918853759766
-0.6613416033913964 0.537518406524688 0.5231646454710577 -57.541194915771484 -0.629602080707177 -0.776914248326602 0.0023389562425328303 -90.24701690673828 0.4077112993196172 -0.32783870026931144 0.8522284218522863 -0.7412815093994141
-0.6836027521064929 -0.33949281381342467 0.6460897048254773 -58.226409912109375 -0.6023516585056927 -0.23745077115168203 -0.7620955391385735 -90.96192932128906 0.4121404576207853 -0.91014381316829 -0.042172058802181785 -0.7353343963623047
-0.7846329431001943 0.14088198558410278 0.6037411786020626 -58.99625778198242 -0.4563444914358221 -0.7904251418636522 -0.40862917204478433 -91.44940948486328 0.41964371762020675 -0.5961378710061169 0.6844843234247123 -0.7053775787353516
-0.8627686476443958 0.4938135006946026 -0.10852873892938147 -59.37021255493164 -0.3237129487162369 -0.37462823669783984 0.8688288733128671 -92.26107788085938 0.38838149733901994 0.7847304701618312 0.48307132157093724 -0.6965141296386719
-0.5705075847746934 0.7189203753565679 -0.3970825979714013 -59.84284210205078 -0.7217836908071854 -0.20820833615489204 0.6600587795343449 -92.90534973144531 0.39185379850054197 0.6631762832405748 0.6376894369110357 -0.6673450469970703
-0.5132981399451824 0.812094795317384 0.27753749827227325 -60.06538009643555 -0.7184539607270946 -0.5835036178323743 0.37861251206488283 -93.89019012451172 0.4694133848159494 -0.005056816681126564 0.882964043866276 -0.7788257598876953
-0.6957707047736862 0.476532986501598 0.5374192396580121 -60.66748046875 -0.5915684567495973 -0.8045449682356222 -0.05248004445159504 -94.59876251220703 0.40736947278561236 -0.3544343477466728 0.8416807029864488 -0.664031982421875
0.577502827818716 0.791630367452618 -0.19952905850582062 -61.32471466064453 -0.6383160743210667 0.5902125305472853 0.4941677428245513 -95.62003326416016 0.5089627423738682 -0.15802066355955652 0.8461597938707964 -0.5794830322265625
0.5766780030925163 0.765189606970188 -0.28622953400031503 -61.814823150634766 -0.6612651208924993 0.6429273193671845 0.38648790654088383 -96.42854309082031 0.47976131632329044 -0.03360546675968187 0.8767552406251177 -0.5281982421875
0.024250022495293566 0.9995739645606732 -0.016242714718780582 -62.147029876708984 -0.9036474855861234 0.028866332615778922 0.42730312031998074 -97.09452056884766 0.4275899416530451 0.0043155780346501305 0.9039625089478944 -0.5813522338867188
-0.39241439315748994 0.9192812260700268 0.030544581156519687 -62.68098831176758 -0.8931540883384445 -0.38877465953929025 0.22611952278481162 -98.0789566040039 0.21974239128388712 0.06145153777813207 0.9736205574953427 -0.6497993469238281
-0.2766668116696521 0.9589632166995733 0.06200826023810155 -63.08023452758789 -0.9450740086796571 -0.2832109876241523 0.16317675878358187 -98.83149719238281 0.17404193011660224 -0.013456801483232528 0.9846462923583922 -0.5473165512084961
0.16385062056592914 0.9345151724729087 0.31596576801623605 -63.594520568847656 -0.9358193650203913 0.045919100176265326 0.3494761111890686 -99.41193389892578 0.31208186456920567 -0.35294876208443077 0.8820612683652288 -0.5731487274169922
-0.0032503240133724964 0.9909646893450808 0.13408363011574218 -64.10997009277344 -0.9501503923585013 -0.04486479425986095 0.30854721216858494 -100.24449920654297 0.3117750267336906 -0.12639673535035395 0.941711313512787 -0.5357551574707031
-0.14309773780803964 0.7318139705567729 -0.6663117513087639 -64.60348510742188 -0.9479012638542529 0.09226719930111388 0.3049097537249969 -100.93372344970703 0.2846159366896578 0.6752296471801715 0.6804841601030911 -0.5499773025512695
0.8915079235616773 0.328287560455399 -0.31215524963868496 -64.74946594238281 0.08316210658207245 0.5587619340851604 0.8251479655469335 -102.20982360839844 0.44530628364708597 -0.7615854375364947 0.4708396065294076 -0.4955635070800781
0.8075030552414716 0.009080074602649368 -0.5897934960822298 -65.3709945678711 0.4037300418022277 0.7204686403036173 0.5638501500269626 -103.03105163574219 0.4300475196092408 -0.6934280716730952 0.5781147293519449 -0.48258209228515625
0.41747804876017225 0.8564354368139765 0.3036946186099659 -65.95077514648438 -0.8174728306393403 0.20803335710935011 0.5370849965287787 -103.37975311279297 0.3968000125628827 -0.47248329589422206 0.7869620607952008 -0.4869346618652344
-0.7857243066318711 0.5615069031520807 -0.25951360596397505 -66.16436767578125 -0.5555708544178297 -0.4561162448884348 0.6951970921043298 -104.08238983154297 0.27198959481808876 0.6904114489646251 0.6703384902042092 -0.47728538513183594
-0.7923254518001202 0.5658868219449604 -0.22801860270330657 -66.38895416259766 -0.5529998829433176 -0.5082614372326504 0.6601980315684665 -104.97264862060547 0.2577043032128348 0.6491859642438625 0.7156438191826673 -0.4261283874511719
-0.984925919989566 0.05474727847199856 0.16408433085647361 -66.9333724975586 -0.07359243484223629 -0.9910846993426582 -0.11106427086540614 -105.63792419433594 0.1565410031483715 -0.12146544458726745 0.9801739948113902 -0.3543710708618164
-0.5154204553554993 0.7454227156585115 0.42271353087099073 -67.24337005615234 -0.8425459429090257 -0.530842508927694 -0.09122809218049024 -106.64027404785156 0.1563908190677149 -0.40317639526098414 0.9016599725038746 -0.35620784759521484
0.2196227057792425 0.4559853387911221 0.8624634704807792 -67.67167663574219 -0.9652519780394053 -0.026762759145706583 0.2599468669053814 -107.6978759765625 0.14161386230598838 -0.889584805136899 0.43426304064740073 -0.3440437316894531
-0.7309840518898043 -0.16708170969201175 0.6616237738844928 -68.26288604736328 -0.6772412287900629 0.05869614742947843 -0.7334160349377855 -108.3817138671875 0.0837056384581693 -0.9841943225620292 -0.15606057005848412 -0.3776836395263672
-0.6121925374100886 0.49601286183049653 0.6157853019016597 -68.74178314208984 -0.7890505311294632 -0.4336332535796087 -0.43515682312733495 -109.12548828125 0.051181602785661695 -0.7522854792488577 0.6568462538886914 -0.39662599563598633
-0.31635047021696083 -0.006762070036300083 -0.9486182869849875 -69.17643737792969 -0.9465527884652967 0.06858536287271993 0.31517275683058105 -109.93287658691406 0.0629301091853412 0.9976223345577431 -0.028097668043443297 -0.3750734329223633
-0.38832879130879794 0.2582543612567172 -0.8845933725348236 -69.41087341308594 -0.9209540006918835 -0.07509606518264572 0.3823667213601339 -110.89990234375 0.032318391826675064 0.9631538121639602 0.2670023514199242 -0.39350223541259766
-0.9792203119880099 0.20152921941011473 0.022661736783720264 -69.6289291381836 -0.20273207761193782 -0.975642794539261 -0.08379046587034107 -111.56352996826172 0.0052235330239223075 -0.08664358711163454 0.9962256790081134 -0.43828630447387695
-0.8753262019160729 0.4833639941238944 -0.012778475017719265 -70.27716064453125 -0.4809222538399702 -0.8675537430917687 0.12674497468911722 -112.13519287109375 0.05017794336823658 0.11708865031273305 0.9918530243777436 -0.4803793430328369
0.30156286930422666 0.8972856280846386 0.3223946920930271 -70.73666381835938 -0.9530208170943759 0.27357269985289884 0.1300357646186775 -113.30549621582031 0.028480836395202824 -0.34646281117596384 0.9376312507752067 -0.4871487617492676
-0.4057522684918551 0.5305222708665616 -0.7442521190620155 -70.99099731445312 -0.9089690208177101 -0.14904934215439353 0.3893065794422643 -114.02172088623047 0.09560552184579674 0.8344641476528092 0.5427054177679302 -0.36809802055358887
-0.8351883638387504 -0.3754616166208906 0.401856904075044 -71.14987182617188 0.5466893300783708 -0.6464096479358953 0.5322455668522328 -114.38313293457031 0.05992639891411633 0.6642161858158984 0.7451346758897796 -0.4064464569091797
-0.3954915523678038 -0.7723535956370057 0.4970476388760869 -71.46125793457031 0.9180089768566536 -0.34954467288563135 0.18729132405927543 -114.95941162109375 0.029085226770720174 0.5303663309108764 0.84726949940372 -0.410919189453125
0.3856274721345469 0.37567386337612757 -0.8427102711556171 -71.97024536132812 -0.9208583793854377 0.21367267224564584 -0.32613468728583583 -116.05418395996094 0.05754387761303836 0.9017833096212523 0.4283404774683292 -0.3628072738647461
0.005445722371005712 0.9999851660354265 -0.00010870583346657067 -72.39737701416016 -0.9983829418484985 0.00544314819520042 0.056585100191328064 -116.98131561279297 0.05658485251191768 -0.00019961669616506625 0.9983977737452038 -0.355008602142334
-0.5377407344219917 0.7274145097169736 -0.4262663880679681 -72.72804260253906 -0.8314338518488166 -0.373671632797281 0.41120221405344337 -117.60465240478516 0.1398307996942625 0.5755324855260809 0.8057355059577765 -0.3699808120727539
0.8493334396018383 -0.2434243908004545 -0.46837727777672766 -73.02361297607422 0.49459689714380295 0.6769846318859636 0.5450373542482647 -118.78672790527344 0.18440883305805236 -0.6945763990761951 0.6953826343363151 -0.3625831604003906
0.9281966284532284 0.20835668653158246 -0.3082831654593543 -73.53012084960938 0.20086973733552088 0.4168325323662275 0.8865111328031459 -119.44757843017578 0.3132129747485225 -0.8847814030249155 0.34504999827625515 -0.31400299072265625
0.8168901382391596 -0.16467851415863888 0.5527852105674587 -73.92514038085938 -0.5492905949159741 -0.5145149067057471 0.6584483678424843 -120.0636215209961 0.17598393217695152 -0.8415196954035474 -0.5107585122770435 -0.25453948974609375
0.18219027062273102 0.3489210801968494 0.9192718776753044 -74.38053894042969 -0.9664496529627173 -0.10860880906039888 0.23276424743230012 -120.9938735961914 0.1810573764823164 -0.9308373683886706 0.31742718855289503 -0.01549530029296875
-0.1443252645625599 0.9713468200136619 0.18882683405250997 -74.60421752929688 -0.9710943291883121 -0.17569730054635624 0.16157432468998897 -121.31338500976562 0.19012107149721644 -0.16004941058957525 0.9686269479746473 0.14265727996826172
-0.08302137895302564 0.6671535680772078 -0.7402793845830021 -74.8411865234375 -0.9213708997925716 0.231658648966081 0.3121056477775386 -121.89259338378906 0.3797145186217733 0.7079833239286504 0.5954632628355627 -0.3256416320800781
-0.0473095112174482 0.6915744404973945 -0.7207541906913078 -74.85809326171875 -0.8746259884228809 0.31985248382675213 0.3643127351125074 -122.7003173828125 0.48248439407266314 0.6476258038717829 0.5897369139165041 -0.30924415588378906
-0.03212363701511309 -0.0365247092725432 0.9988163082156185 -75.32728576660156 -0.7992567808564754 -0.5991006302733795 -0.04761337061145332 -123.1959457397461 0.6001305442983762 -0.7998402218059528 -0.009947330372464008 -0.35338592529296875
0.60643059153211 0.7950753665679595 -0.009853889122564963 -75.88951110839844 -0.33586921933007646 0.26737218821994096 0.9031633188261607 -123.85836791992188 0.7207175626836217 -0.5443962476388913 0.4291840169392085 -0.364227294921875
0.5985375929182064 -0.585033508625961 -0.5472554647040784 -76.12820434570312 -0.0062965259545609276 0.6796778057271261 -0.7334837654391967 -124.8154525756836 0.8010699742373215 0.44246341564784364 0.40312903912849113 -0.3286285400390625
-0.3294563118937567 0.9441602873207643 0.004459865439193356 -76.21229553222656 -0.5362749096066431 -0.191011860878474 0.8221457841101718 -125.33866119384766 0.7770892869418227 0.2684694039366768 0.5692595359501105 -0.2730064392089844
0.20417275044191896 0.9690870559358461 -0.13850547279647824 -76.51929473876953 -0.5552632279766282 0.23116797717226134 0.7989018174888951 -126.17848205566406 0.8062234402657595 -0.086206985492354 0.5852966085826605 -0.24727630615234375
-0.2565416135094761 0.9664779119338089 0.01033664752324065 -76.8862075805664 -0.6649384753416665 -0.18424242493757825 0.7238173477220762 -127.04949188232422 0.7014579278533066 0.1788160356265231 0.6899141981830492 -0.21614456176757812
-0.7119598402195427 0.6228600994292273 -0.32428148644900456 -77.46253967285156 -0.12600519346773856 0.34098420158441417 0.9315859946827223 -127.41618347167969 0.690822609020377 0.7041129673630875 -0.16428345034551323 -0.32398223876953125
-0.45495228728967324 0.8626289196715341 -0.22111029654047412 -77.46328735351562 0.5637142504270652 0.4711888965359995 0.6783857808405472 -127.99771118164062 0.6893799098866651 0.18399013758217853 -0.7006446810738982 -0.38927459716796875
-0.37202995719406384 0.6292163473322336 -0.6824078686533919 -77.52233123779297 -0.5111186884313346 0.474816856968052 0.7164542125462121 -128.93214416503906 0.77482346201339 0.6153338448264181 0.1449581392151621 -0.3473358154296875
-0.29108210418882 0.9542987674840367 -0.06771315233732184 -77.5729751586914 -0.5644492572998875 -0.11416043877836535 0.8175355834161204 -129.7154998779297 0.7724430364464516 0.2761906164162344 0.5718832912832881 -0.20241165161132812
-0.7644579533110825 -0.4207580033723405 0.4884329434196186 -77.9488296508789 -0.1793834837272115 -0.5888906892110635 -0.7880541364185635 -130.39498901367188 0.6192136976725564 -0.6900510551826148 0.3747051345472061 -0.19301223754882812
-0.8588030792423699 -0.4857017769678458 0.16294494448770153 -78.3712158203125 0.08665352004071147 -0.45119706188280456 -0.888207396283592 -130.9219512939453 0.504924190892432 -0.7486754939214993 0.4295771947543552 -0.26009368896484375
-0.8213353933312725 0.4834594891075412 -0.30277895246076714 -78.78695678710938 -0.058477902406970816 0.4566217159587264 0.8877369787527098 -131.56011962890625 0.5674403110384784 0.7468356786514578 -0.34676787985880625 -0.25186920166015625
-0.4416850319598874 0.8855182260328405 -0.14412426550114352 -79.0240707397461 -0.7637449508012377 -0.28682452137187153 0.5782952049476213 -132.7120361328125 0.4707525705380776 0.3654985161439752 0.8029961718640657 0.012500762939453125
-0.284526680057084 0.7749448579143949 0.5643625036514495 -79.04627990722656 -0.9517486340039314 -0.2989415936050572 -0.06934306947720092 -133.66395568847656 0.11497437108914671 -0.5568611952766214 0.8226095691078168 0.04289054870605469
-0.7996369126361659 0.2722878878003159 0.5352010034621976 -79.03214263916016 -0.5919214783614357 -0.5073993169254206 -0.6262386898284302 -134.38299560546875 0.10104341346229831 -0.8175605416975913 0.5669082723466186 -0.00649261474609375
-0.9682850918517839 0.014376783150973044 0.24943393715333143 -79.6537857055664 -0.23547180549822683 0.2812521682222808 -0.9302957845146193 -135.08363342285156 -0.08352849641282564 -0.9595261986920917 -0.2689469544548084 -0.0066068172454833984
0.17112770788181592 0.5874318407022515 0.7909735394589885 -79.48043823242188 -0.9812665377205484 0.1737270770107599 0.08327595489230105 -135.9906463623047 -0.08849457353444301 -0.7904066897758784 0.6061567249585664 -0.009236335754394531
0.5337044148269686 0.8454548094728656 -0.019124924402571186 -79.478515625 -0.8455228131514323 0.5330508805421882 -0.030788491253820528 -136.75180053710938 -0.015835720213862467 0.03260251359019598 0.9993429371706741 0.06209874153137207
0.0599064338636911 0.9966202484170786 -0.05620764740509775 -80.03033447265625 -0.9961435242421305 0.05607182331152438 -0.0674835516328928 -137.50143432617188 -0.06410380871838525 0.060033582898256 0.9961358695640845 0.16540813446044922
-0.13983875980919186 0.9820364511582024 -0.12668673905200395 -80.2069091796875 -0.9901719370667968 -0.13896797580376113 0.015730122262469115 -138.21823120117188 -0.0021578462443164886 0.12764133459662924 0.991818044503112 0.43140316009521484
-0.2785032412587433 0.8809774706218143 -0.3825109682939364 -80.22525787353516 -0.9431593914115326 -0.3260667762133537 -0.06427145433283954 -139.00120544433594 -0.18134582156918258 0.34286900371223594 0.92171282908115 0.23534393310546875
-0.6475676211593944 0.7204359776069047 0.24825023302213914 -80.52977752685547 -0.7004067187918801 -0.43442328187300117 -0.5663098449063754 -139.71923828125 -0.3001443057883243 -0.5406000502555232 0.785916650394029 0.2339000701904297
0.16932344372958597 0.3539305463482252 0.9198166881314999 -80.94924926757812 -0.9411561860094364 0.33505218788850244 0.044329052858133655 -140.4394989013672 -0.2924971879176367 -0.8731971139168835 0.38983611339574503 0.28124094009399414
-0.3724590103446252 0.8067040010713863 -0.45880599415059864 -80.87946319580078 -0.8983246542492932 -0.43750789791916905 -0.03999568509524015 -141.07164001464844 -0.23299592524546442 0.39725998277421143 0.8876358515209057 0.2693462371826172
-0.7969677904637257 0.445180801180637 -0.40823571037273687 -81.10570526123047 -0.5614374086342155 -0.7952511654011275 0.22883098591372034 -141.70846557617188 -0.22277876278825112 0.4115697245769112 0.8837307195420003 0.3160419464111328
-0.44791593982495786 0.8597430371590227 -0.24538382364635203 -81.00709533691406 -0.8749269339291303 -0.3649932822345418 0.31824953135712086 -142.32261657714844 0.18404937146346279 0.3572419543953864 0.9156986485103431 0.2605595588684082
0.15039243379779454 0.8200352349643734 -0.5521995375525961 -81.204345703125 -0.9870787475594842 0.15579173089525633 -0.037476428605992096 -143.2256622314453 0.055296129817338724 0.5507005992384474 0.8328692502581897 0.25138378143310547
0.6313895498626911 0.6067240558369017 -0.4829421874230998 -81.45659637451172 -0.7753560974809323 0.5044049866242943 -0.37999806784730433 -144.04136657714844 0.013044478652953495 0.6143789787560815 0.7889032336347134 0.3468170166015625
0.8575563980617812 0.5044681068515224 0.10054329074058013 -81.83238220214844 -0.4994590062698616 0.7698518054779429 0.3973271934543041 -144.5755615234375 0.12303546317719205 -0.39094772895106145 0.9121524806899234 0.4157695770263672
0.2410210945656509 0.9335714220398377 0.26524183667907913 -82.32542419433594 -0.8830187434804959 0.09753504059298379 0.4590912921398658 -144.9569549560547 0.4027241371416695 -0.34486419907992877 0.8478690662811431 0.4144477844238281
0.20868222290669314 0.9766728135351902 0.05061566105443227 -82.49041748046875 -0.8284701408707246 0.14903943178220436 0.5398374509606385 -145.4383544921875 0.5197008327185588 -0.15458804311877933 0.8402461433391666 0.4686737060546875
0.6047559114748412 0.31951136876093195 -0.7295085830672248 -82.51787567138672 -0.4238822964530871 0.9046082610432581 0.04480728518835002 -146.19493103027344 0.6742359277655645 0.2821283028779791 0.6825024061681395 0.48699951171875
0.4975379157628415 0.45852824542228665 -0.7363476560214792 -82.40151977539062 -0.31320963241174127 0.8865666135535912 0.34043995931238596 -146.92678833007812 0.8089225850122306 0.061249390871063736 0.5847159682914894 0.5554885864257812
-0.10547880559925035 0.8351372477540494 0.5398333066634063 -82.39663696289062 -0.5751270451812124 -0.49409164589633425 0.6519987172967285 -147.3987274169922 0.8112355413013433 -0.24170068859902588 0.5324262142872694 0.5670242309570312
-0.6340487872671874 -0.563581108290217 -0.5294888759392208 -82.60069274902344 0.23327923284286087 0.5134187983978642 -0.82582197656392 -147.67041015625 0.7372672072520622 -0.6471301815168752 -0.1940607978976712 0.5846786499023438
-0.5301578390794336 -0.826536866315708 0.1891281953692659 -82.74020385742188 -0.24697680484027046 -0.06284862690038742 -0.966981131133192 -148.46749877929688 0.8111320013003536 -0.5593629043096671 -0.17081574209872427 0.4807281494140625
-0.16352248158009244 -0.7089188019355281 0.6860718113143722 -83.22344207763672 -0.45986866544485966 -0.5604811686180945 -0.6887537079148529 -149.22503662109375 0.8728007840050624 -0.42812964378420487 -0.2343582717835191 0.5830154418945312
-0.13895212530939816 -0.7837672485885199 0.6053108349534004 -83.45528411865234 -0.4141170198577275 -0.5092428817225118 -0.7544393821103897 -149.75088500976562 0.8995551126730124 -0.3555004746198426 -0.25381097653354295 0.6353607177734375
-0.35150529364220745 0.0470708093249976 0.9350018007741991 -83.78196716308594 -0.541275771734917 -0.8251017465495681 -0.1619495192139267 -150.55197143554688 0.7638485239065893 -0.5630199345940974 0.3155059203491794 0.9860687255859375
-0.20217848117348908 0.3158599363577455 0.9270147584340079 -83.82898712158203 -0.2927744953994595 -0.9227690127970416 0.2505602599479119 -150.88876342773438 0.934562441249365 -0.22074838532966506 0.27903977096531013 0.637969970703125
0.140592180067376 0.9460984617283379 -0.29177309611952806 -83.89702606201172 -0.27055591908752247 0.32019652301943025 0.9078951929011263 -151.76683044433594 0.9523829763023951 -0.048702026257029296 0.30098966608149713 0.6623382568359375
-0.30354675635172484 0.6104052053828812 0.7316179685804808 -83.72341918945312 -0.35650023820068166 -0.78483496258284 0.5068941326060596 -152.43844604492188 0.8836101781165743 -0.10695591030454979 0.45584370828138154 0.6575927734375
-0.4757255513911803 0.24674211490321343 0.8442769264208557 -83.84345245361328 -0.5334711437030799 -0.8440987738758401 -0.053905461480550615 -153.33316040039062 0.6993523708329624 -0.4760415829256859 0.5331891528678372 0.8275527954101562
-0.581126985926894 -0.5729152581999284 0.577978834516657 -83.7644271850586 -0.2846389298204145 -0.5222645345695794 -0.8038783711243324 -153.861328125 0.7624120315539444 -0.631670691778976 0.1404280288591178 0.6206741333007812
0.5710367222863038 0.8118426964877272 0.1217723201719142 -84.10089874267578 -0.4094557378308626 0.15310008426670157 0.8993922186426304 -154.79977416992188 0.7115216515032406 -0.5634463597868613 0.4198394205943935 0.6662139892578125
0.6476036413773542 0.5418531105564826 -0.5357282242471976 -84.19844055175781 -0.329412830686373 0.8330694146095914 0.4443900734953736 -155.38165283203125 0.6870929417873409 -0.11131287895970066 0.7179921533858993 0.5834884643554688
-0.7991036395911665 0.20212174251447507 0.5661979992856417 -84.24787139892578 0.12473039319874424 -0.8655588237477111 0.48502603192505617 -155.52285766601562 0.5881119810075611 0.45820816648701407 0.6664604819191992 0.5953140258789062
-0.8285863223381713 0.5136784011125892 0.22266388720337577 -84.29559326171875 0.15376644041111762 -0.1736185226463127 0.9727345426155102 -156.1492919921875 0.5383312997006564 0.8402327706204545 0.06487143391413766 0.574951171875
0.18598382024785368 -0.952891770528545 0.23959818919388537 -83.99380493164062 -0.7572944311152089 -0.29438842700695694 -0.5829584879271095 -157.25856018066406 0.6260312797360099 -0.07302552775122145 -0.776371115568289 0.7183761596679688
0.7050062624487472 -0.008426200504583481 0.7091510199196679 -83.64161682128906 0.3576354094990468 -0.8592556450489452 -0.3657549047162192 -158.2104034423828 0.6124239412208653 0.5114770137519163 -0.6027671031359665 0.69085693359375
0.4714440884731133 0.6542943021486074 -0.5913031689578723 -83.9522705078125 -0.6401375167025176 0.7150763035977619 0.2808733517849201 -158.74729919433594 0.6066007180622928 0.24609926088639186 0.7559568259083864 0.4682273864746094
0.007592550677377796 0.830276432978427 0.5573000969090453 -84.20355224609375 -0.8511068926021591 -0.2871989862552977 0.43946990756936505 -159.04534912109375 0.5249375301303084 -0.47765865127154256 0.7044734220154388 0.7045364379882812
-0.9065443084770487 -0.195255205151956 -0.37423631789143263 -84.09658813476562 -0.3277965302752956 0.884224271619399 0.33271139478325784 -159.6616668701172 0.2659452039562794 0.42429098781403696 -0.8655924596208323 0.730064868927002
-0.7689575890535666 -0.6333036395023343 -0.08735402927182867 -84.45362091064453 -0.6197812733587019 0.7719945425017151 -0.14105176192247118 -160.34353637695312 0.15676542804710455 -0.05432243128455381 -0.9861407982780871 0.6813726425170898
0.3881298692942931 0.6501906944243172 -0.653151793571463 -84.39375305175781 -0.8848020757117434 0.4611671117458089 -0.06670968340667477 -161.23031616210938 0.25783811079393415 0.603802083408175 0.7542828068398232 1.0900530815124512
0.895005324760236 -0.05307242382080521 -0.442886877747139 -84.25714111328125 -0.37234849938427483 0.45781242256784427 -0.8073192557773166 -161.9142303466797 0.24560550412623716 0.8874632970283032 0.3899831185712408 0.8416023254394531
0.9465441686772003 0.19282640223751263 -0.25859643335383575 -83.6683349609375 -0.22160072503115885 0.971258169823661 -0.08689468462718139 -162.6684112548828 0.23440830917195016 0.13955481414458465 0.9620692274676589 0.7859764099121094
-0.6292209255436615 0.6206106066171959 0.46789261782188274 -83.6732177734375 -0.7653740464654883 -0.5994997643952013 -0.234099554649604 -163.13162231445312 0.13521684752656649 -0.5054132046596475 0.8522170478819598 0.7367401123046875
0.12171679812837241 0.34266350854243427 0.9315399835577465 -83.99468994140625 -0.9658963612641325 -0.17520161063330647 0.19065312724475297 -163.6336212158203 0.22853717498491521 -0.9229767686918695 0.30965245696591825 0.71563720703125
0.10710101744855069 -0.03662716709701691 0.993573259851498 -84.36561584472656 -0.9650182055198544 -0.2443604798403464 0.09501483519659265 -164.09999084472656 0.2393099142884082 -0.9689924697966661 -0.06151713908035636 0.767303466796875
0.348018174455597 0.680599003578772 0.6447234651974258 -84.41849517822266 -0.8573877735260812 -0.04708012712703846 0.5125130900159444 -164.6310272216797 0.37916956108920874 -0.7311418863375868 0.5671525244465833 0.7518157958984375
0.5158756863977412 0.8543823107928806 -0.06247514055908182 -84.32125854492188 -0.657759961239141 0.4417659968541003 0.6100775667193368 -165.12779235839844 0.5488388739642476 -0.27363053745465 0.7898748124848242 0.729156494140625
0.4750604775461722 0.8379084173198694 -0.2687508639206846 -84.2481689453125 -0.5476213897799986 0.5205834327837442 0.65506007584535 -165.73257446289062 0.6887875987044377 -0.16401943084770315 0.7061651861819371 0.6931838989257812
0.4841020870243175 0.8620081015829785 -0.15029039272025962 -84.20042419433594 -0.5575033678458298 0.4362388378479862 0.7063183922237875 -166.45144653320312 0.6744146826539721 -0.25814280768277886 0.6917565515861736 0.7715606689453125
0.45794334606260556 0.8887027222873557 -0.022256756188363536 -84.186767578125 -0.7617476666077573 0.4051848140121911 0.5055351213432592 -167.19554138183594 0.45828853816631976 -0.21455241292735372 0.862518914512852 1.1276931762695312
0.17599366676345846 0.9433520507299921 -0.2812705772786612 -84.13077545166016 -0.942260903910446 0.24413496700072562 0.2292215235300212 -167.9500274658203 0.28490457739569963 0.22468873196284947 0.9318499640542488 1.4044628143310547
-0.27497388959222957 0.7375209391485832 -0.6168080936238697 -84.15708923339844 -0.652268422282423 0.32822226601713395 0.6832393792689182 -168.01498413085938 0.7063534988486425 0.5901974317192256 0.39080906624119044 0.9838333129882812
0.20021140706023116 0.7992715495853928 -0.5666395525431728 -84.24787139892578 -0.6249515810280166 0.5495970145727339 0.5544173905491424 -168.6835174560547 0.7545534532778607 0.2431215983743582 0.6095416101878135 1.0334053039550781
0.3634319887261523 0.7789128505610511 0.5110889949914902 -84.11062622070312 -0.681263289015719 -0.15199441002662994 0.7160852116613926 -169.57339477539062 0.6354506437246238 -0.6084344422791287 0.4754050997185945 1.1207427978515625
-0.3796617103702543 0.381710031055994 0.8427066143504307 -84.20246124267578 -0.7210902447382337 -0.6927524987067238 -0.011083071728778648 -169.90866088867188 0.5795565931141564 -0.6118753367531846 0.5382589782354674 1.061798095703125
-0.33452440782651827 0.738666305459919 0.5852055277819161 -83.91156768798828 -0.7341112487225039 -0.5936355487120256 0.3296627212841305 -170.69851684570312 0.5909095489729399 -0.3193257341392421 0.7408488242880802 1.0631790161132812
-0.8484160766581632 -0.40307268327252843 0.3431072323158664 -83.78105926513672 -0.11361905270773498 -0.49441084595503154 -0.8617706343707862 -171.5286102294922 0.5169921389438787 -0.7701235793049802 0.37366937373662173 1.0428848266601562
-0.727764506362338 0.5587985772013319 0.39762164603671823 -83.74027252197266 -0.47474095099081015 -0.8288762843157814 0.29594785816289454 -172.29116821289062 0.494954394597647 0.026613068530907225 0.8685113078433958 0.98199462890625
-0.14104522600959296 0.5452825899109128 0.8263008782277494 -83.84022521972656 -0.9251632359816568 -0.36968912764983586 0.08604031430354331 -173.25595092773438 0.35239073626849504 -0.75232761881879 0.5566182919690992 1.044525146484375
0.6024597016296948 0.778472476325156 -0.17613322093358377 -83.91059875488281 -0.7044969138909027 0.6223787891785562 0.34106999442757846 -174.03787231445312 0.3751351839410072 -0.08139561649630625 0.9233895967492449 1.0134353637695312
0.9703900257561215 -0.2168941299385189 0.10630208987243094 -83.37684631347656 0.1691606787444173 0.296096348462412 -0.9400593689730207 -175.15419006347656 0.17241769827880649 0.9302063689447836 0.3240189014468133 1.0863876342773438
0.6281311467144612 0.7703185302118731 -0.10982087478888128 -83.05191040039062 -0.7781074714475971 0.6218145479462807 -0.08885623692115975 -175.7609100341797 -0.00015938821335244324 0.14126581318415954 0.9899716887976218 1.071549415588379
0.6274371495396702 0.7716635729308844 -0.10420150473517786 -82.95051574707031 -0.7665021581139938 0.6356416718917863 0.0918373919555915 -176.5690460205078 0.13710238868861413 0.022248486828465586 0.9903069927298908 1.0286235809326172
0.9910670551628353 -0.026554450457924265 -0.1306941212593108 -82.8626937866211 0.02396622316916765 0.9994850402199466 -0.0213371629683462 -177.7245635986328 0.13119341568032838 0.018014314791569466 0.9911931053758996 1.1630783081054688
0.9633402466524438 -0.005945876227870184 0.26821673276567115 -82.6728515625 -0.25943901926352486 -0.27522278897532526 0.9257125967125132 -178.34690856933594 0.06831518471898462 -0.9613620873450993 -0.26667578171308415 1.1888961791992188
0.3511017266880099 0.6173304625885239 0.7040104242672387 -82.80877685546875 -0.9363238660194817 0.22744861456305177 0.2675158792589335 -179.0364532470703 0.005019505855163364 -0.7531070492921891 0.6578788466483647 1.1957321166992188
0.1099156057635498 0.7226123216194085 0.6824587842891614 -82.85322570800781 -0.9912475930778017 0.13020676470641485 0.02178090085723705 -179.63902282714844 -0.07312160301235449 -0.6788796882132331 0.7305994799508188 1.2407722473144531
0.11701362324865067 0.9840124103839066 0.13426610959090488 -82.61579132080078 -0.9912131810463981 0.12411181731255955 -0.045745890779984845 -180.23818969726562 -0.061678535116386296 -0.12773344516542207 0.989888844917483 1.270167350769043
-0.3331259260921381 0.9363177013948161 0.11106880489130873 -82.50958251953125 -0.9346859787759991 -0.31243257827334847 -0.1695523668753129 -180.93980407714844 -0.12405336934081242 -0.16029674384776593 0.9792424191521708 1.2324655055999756
-0.132828749418061 0.9822697160324991 -0.13229787713137345 -82.54708099365234 -0.9823501314764753 -0.14820929870854938 -0.11411495504302648 -181.6993408203125 -0.13169944007544568 0.11480509022579981 0.9846192404894698 1.1469459533691406
0.2520073048704803 0.1549287596147596 -0.9552431092324869 -82.13725280761719 -0.9675205299876403 0.020029811456133917 -0.25199767996048583 -182.42469787597656 -0.019908348609377402 0.987722575472113 0.15494441441492415 1.0138778686523438
0.4060135585392389 -0.5215825143231646 -0.7504030057473314 -81.90797424316406 -0.9138241547421179 -0.22376212640780263 -0.3389040055757856 -183.19857788085938 0.008854631113580591 0.8233360137500266 -0.5674851574887736 1.10601806640625
-0.6786656683451852 0.3759034569497382 -0.6309591917571364 -81.589599609375 -0.732895813683546 -0.40243149127145456 0.5485550301639441 -183.7252960205078 -0.047714116304461596 0.8347128164142856 0.5486145069345276 1.0852394104003906
-0.3827327421036982 0.5464889355746831 0.7448929395666426 -81.54619598388672 -0.9187650923119925 -0.1405956328329414 -0.3689221776706307 -184.45260620117188 -0.0968831939539549 -0.8255802270662462 0.5559055094227128 1.1618499755859375
-0.5567253353282251 0.22294960919072176 0.800218953015598 -81.60620880126953 -0.8289059219078958 -0.08587894359655684 -0.5527565283854736 -185.14463806152344 -0.054514893650239094 -0.9710397925978338 0.2326152350166671 1.1544151306152344
-0.8821285321535073 0.46510067690054 0.07436809199756642 -81.82054138183594 -0.4521684450704423 -0.79201163247693 -0.4101966251735956 -185.81517028808594 -0.1318823340833693 -0.3954730513801014 0.9089599086807045 1.1777963638305664
-0.8175606581176885 0.5738943556889351 -0.04732693531757796 -81.76712036132812 -0.5519154727523947 -0.8043841318884716 -0.21989879331758683 -186.6644287109375 -0.16426771208814261 -0.15366013430428882 0.9743739948761538 1.309495449066162
-0.015673799568383884 0.9763871090151227 0.2154589180242509 -81.83038330078125 -0.9520114599673951 0.05130064992479255 -0.30173237050081747 -187.7493896484375 -0.30566077945630976 -0.20984865180978562 0.9287276410421822 1.359731674194336
0.15605424685093083 0.9662714428239275 0.20485744024260943 -81.47294616699219 -0.8473999004613818 0.237530648513529 -0.47486061082678 -188.6964874267578 -0.5075041681974928 -0.09949215948861453 0.8558859909254639 1.042022705078125
0.677205869866189 0.7350629613503369 0.03278189545544158 -81.60946655273438 -0.5301968381729368 0.5183872012052275 -0.670944127642557 -189.57998657226562 -0.5101798924009051 0.4369864442719982 0.7407829134856694 1.0873565673828125
-0.03669616837829165 0.9926446040575998 -0.11536932547988267 -81.37496948242188 -0.9796079764759593 -0.058552221193250376 -0.19219742406705925 -189.76925659179688 -0.1975388661783508 0.10596380244530546 0.9745512141084756 1.4185962677001953
-0.5361661310730887 0.6964202728164917 -0.4769954753457507 -81.24436950683594 -0.5179840130014597 -0.717629764260507 -0.46551056241755995 -190.79737854003906 -0.6664971434034951 -0.0025149667219499794 0.7455033418955066 1.055450439453125
0.8692334708232035 -0.3985953755585656 -0.29249769192930913 -80.99893188476562 -0.034293485899665854 -0.638803794916186 0.7686050145721981 -191.78402709960938 -0.49321104004827027 -0.6580664390348481 -0.56893886472142 1.1024856567382812
0.8700757163950672 0.14419445618520949 -0.4713557112681061 -81.08103942871094 0.33710564898848033 -0.8717320990002122 0.3555881451802627 -192.65927124023438 -0.3596220643393088 -0.4682852831107719 -0.8070816962750413 1.0397186279296875
0.4326331227001643 -0.1731463480233955 0.8847875017815665 -80.98452758789062 -0.8131254684385267 0.3489694125798997 0.4658833777462619 -193.12782287597656 -0.3894297802163196 -0.9209998323831556 0.01018602134634039 0.9826431274414062
-0.8717996022502174 0.017473610304161613 -0.48955094368135116 -80.97891998291016 0.3933608545294435 -0.5706253501911288 -0.720870271160573 -193.37713623046875 -0.2919463848726837 -0.8210245932139855 0.4905975190495575 1.0572700500488281
0.10134664522217124 0.9506101310112235 0.29337558917032586 -80.99193572998047 -0.9789037366974279 0.14787701182167784 -0.14099597034846073 -194.32627868652344 -0.1774157033129368 -0.27289699190998024 0.9455426484429246 1.0996272563934326
0.4943892411224345 0.8619743594564925 0.11215828949280793 -81.012451171875 -0.865488576583855 0.500116021948515 -0.028521717922395644 -195.01463317871094 -0.08067714710644877 -0.08297088784604896 0.9932809419820772 1.0898165702819824
0.16843915460941677 0.8900234141989576 -0.42365855753436094 -80.78903198242188 -0.9846379690882308 0.13186321388845462 -0.11445594197249767 -195.6095733642578 -0.046003489261892516 0.4364291637833546 0.8985617752692869 1.0235538482666016
-0.8318075628531875 0.46861960748945175 -0.2974757836474642 -80.74720001220703 -0.5452838444443862 -0.7900523370639473 0.2801478782495873 -196.26560974121094 -0.10373864934628388 0.3952378627816764 0.9127022101734944 0.9985389709472656
-0.6125702478842882 0.7873476037047406 0.06958047389451083 -80.93840026855469 -0.789579666493858 -0.605497517712256 -0.09968302916617434 -197.09046936035156 -0.0363543899196484 -0.1160021852582926 0.992583422866245 0.9536619186401367
-0.2087911951683934 0.8812756633695034 0.4239804735748993 -81.25949096679688 -0.9752486236358309 -0.21988974288110774 -0.023208254395752775 -198.06434631347656 0.07277608753272971 -0.4183320524754497 0.905373919966279 0.9171485900878906
0.5196224270823087 0.7898023417212342 0.3258907704810702 -81.22807312011719 -0.8468116652763992 0.42536456070783596 0.31933523771366235 -198.93063354492188 0.11358933411593893 -0.44190185732296305 0.8898428016619637 0.9323806762695312
0.9343941932212996 0.3227184891695354 -0.1508650669388041 -81.15779113769531 -0.314409393944424 0.9461850430670058 0.076685052492575 -199.7972869873047 0.16749395414108934 -0.024220673492318243 0.985575534549109 0.9404354095458984
0.3681012477422228 0.9297803992581894 -0.003143336746265879 -81.19039154052734 -0.9136059911814656 0.3623215869697483 0.18451872667307995 -200.24441528320312 0.1727007941149964 -0.06504980223647754 0.9828239714928837 0.9825859069824219
-0.4614797266985563 0.6328815452837961 0.6216891598583812 -81.11077117919922 -0.8671000731952101 -0.4699185077748672 -0.16526965576143468 -200.7014923095703 0.1875471271736436 -0.6153353115902225 0.7656294987780164 0.899871826171875
-0.7445135082464256 -0.27886464156661545 0.6065757559633608 -80.71564483642578 -0.6266549836523494 -0.021411809294634144 -0.7790026096788149 -201.24806213378906 0.23022416793697678 -0.9600916863022267 -0.15881053614629415 0.9129409790039062
-0.4024201356220355 0.6994287871343281 0.5906415208684075 -80.76994323730469 -0.8965120041421737 -0.4316682894339453 -0.09964293415066941 -202.27371215820312 0.18526807840242093 -0.5696155366780075 0.8007583152862666 0.9742164611816406
-0.23578405951305675 0.9598780864698584 0.15178911816894608 -80.8529281616211 -0.9497610909044052 -0.26068678953556096 0.17319430696681765 -202.8932342529297 0.2058148378606786 -0.10332694167836916 0.9731206480389663 0.8942184448242188
-0.9210648065883739 -0.19267827484425934 0.3384002134564366 -81.00631713867188 0.3149347341583982 -0.8796892399792587 0.3563186134420898 -203.54925537109375 0.2290321708513913 0.43476651603792393 0.8709318809455451 0.9141120910644531
-0.8946231034519362 0.1629735054751924 -0.4160398289625086 -80.36296844482422 -0.37543914944865964 0.23068006405908917 0.8976815432584996 -204.24790954589844 0.24227040230142227 0.9592842876638926 -0.14518508053476106 0.8554010391235352
-0.9555384142651063 0.282598125897578 0.08417029228238938 -80.3613510131836 -0.17849214491367704 -0.7815637282193141 0.5977446720264776 -205.1009063720703 0.2347059715214786 0.5561442600361017 0.7972557111498519 0.8435707092285156
-0.49509849264448363 0.8641684850325453 -0.08994616199547067 -80.6341552734375 -0.8404403709324111 -0.4500928098826151 0.30178874299576397 -206.10643005371094 0.22031220004382723 0.22500953750569633 0.9491223538318552 1.0983200073242188
-0.6108893375336958 0.782623288917895 -0.11964532974997082 -80.57752227783203 -0.7483478310765901 -0.52146468382978 0.4099391506568638 -206.69683837890625 0.2584371122935049 0.3399637791907315 0.9042316560637267 0.7725543975830078
-0.24081729795459927 0.9408674909115156 -0.23827587698236555 -80.57833862304688 -0.9469149174701448 -0.1738862153533156 0.2703991922743291 -207.48574829101562 0.21297691912119274 0.2907437852404931 0.9327962710397567 0.7951641082763672
0.040652236835674094 0.9488935113137955 -0.3129672504062238 -80.44633483886719 -0.9469883997673028 0.13649339436774688 0.2908307480307641 -208.53231811523438 0.31868537203081554 0.28455343519371973 0.904139909622971 0.6816463470458984
0.2405577894630258 0.9568845884041526 -0.1627999828110498 -80.10364532470703 -0.9703422587415513 0.24119626256272247 -0.016132694322975788 -209.642822265625 0.023829620832209977 0.16185254832837756 0.986527192615897 0.8807937502861023
0.7928404945504641 0.6061209265885245 0.06341429296652452 -79.91668701171875 -0.6076675440430116 0.7783510537690225 0.15782836568052985 -210.53492736816406 0.046304493493723335 -0.16366752716443475 0.9854282492572297 0.9314365386962891
0.8092629201327058 0.34337163561548784 -0.4766439404346083 -79.6529769897461 -0.4767382335664985 0.8579663635543193 -0.1913488324115731 -211.00411987304688 0.3432407067266067 0.3820859050843439 0.8580187517657742 0.6799755096435547
-0.16257865001448868 0.6876405522683764 -0.7076147634380653 -79.36170196533203 -0.9538523431708998 0.07395971923381717 0.291025200555277 -211.5558624267578 0.2524557188634289 0.7222744843941933 0.6438832807320377 0.6018266677856445
-0.9610800994384127 -0.0021197197973138876 0.2762617404770909 -79.31796264648438 -0.1459667047410752 -0.8451067077343447 -0.5142843315224065 -212.2178497314453 0.23456078864653065 -0.5345934523826471 0.8119058301916052 0.579071044921875
-0.7478585472746355 0.5144975080994112 0.41952342893784644 -79.55426025390625 -0.6403372489440273 -0.7257894011597825 -0.25139203006244903 -213.13949584960938 0.17514508523811587 -0.45664215675255027 0.8722397261036169 0.6054496765136719
0.10637230725995728 0.7245517502940253 -0.6809623289096527 -79.34451293945312 -0.98767989853743 0.15604597291241484 0.011750419690806257 -214.26925659179688 0.11477521628507364 0.6713228846715138 0.7322241693928384 0.4872245788574219
0.3801624954615326 -0.82107661684416 -0.425804727916693 -78.94232177734375 -0.8838754580265916 -0.1868847712684091 -0.42876363764460873 -214.69461059570312 0.27247137784131226 0.5393582033673939 -0.7967760517972122 0.49131011962890625
-0.9709181509772102 0.23045291519959382 0.06487987345089251 -78.6562271118164 0.11551135556201371 0.2135511117774132 0.9700788882327336 -215.20423889160156 0.20970233865939847 0.9493615625959582 -0.23396057921397656 0.41662025451660156
-0.7516461842235012 -0.6045567285597422 -0.2637028170031413 -78.48179626464844 0.6236659746082078 -0.5213493303697523 -0.5824393769646801 -215.9020538330078 0.2146363572609365 -0.6022508096102093 0.7689116961430633 0.37863922119140625
0.09230754680678244 -0.9595600341486766 -0.2659395752179504 -78.46023559570312 -0.9859465809849749 -0.05073186092927561 -0.15917166120478507 -217.13339233398438 0.13924315511561747 0.2768949605017088 -0.9507578685460378 0.3993034362792969
0.974386280016461 0.023753695448961637 0.22362276106917417 -78.44546508789062 0.0857872702779266 -0.9584690668803107 -0.2719882205020074 -218.11831665039062 0.2078747737796603 0.2842055766273854 -0.935956873279934 0.498046875
-0.1742875897438001 -0.9406382188842134 0.2912448750375388 -78.80099487304688 -0.9825466840582998 0.1466005870545133 -0.11450013764756704 -218.70997619628906 0.0650065358816832 -0.3061176392330354 -0.9497716258359463 0.37993621826171875
-0.6230332812534253 0.2833069896374951 0.7290861952287468 -79.15106201171875 -0.7722561785617916 -0.37091124186341784 -0.5157957399324611 -219.51754760742188 0.12429772774965886 -0.8843992312761682 0.4498756212492452 0.30251312255859375
0.12384963073008393 0.9915106040663565 -0.03959786600299117 -78.69638061523438 -0.9922648301453613 0.12408717238661882 0.0035889421409576946 -220.35198974609375 0.008472061414995565 0.03884708062470756 0.9992092516096507 0.2999153137207031
-0.05572876254746362 0.7887031150200108 -0.6122431717729975 -78.4704818725586 -0.9817971325588379 0.06822524727575918 0.17725604681760584 -221.35470581054688 0.1815728380682865 0.6109768506186574 0.7705443481616971 0.4655914306640625
0.05874488193826122 0.012511781208262518 -0.9981946173853353 -78.15028381347656 -0.9569992898791708 0.28525484273840584 -0.05274498900417024 -221.73675537109375 0.2840799148423247 0.9583700381508615 0.028731027790415697 0.20009231567382812
0.4977217195735707 0.4273119142932936 -0.7547699104811536 -78.14524841308594 -0.8098829955470715 0.5404234787693427 -0.2281052325540644 -222.55947875976562 0.3104232971096563 0.7248082446398099 0.6150531563318145 0.08420658111572266
0.2611657514056044 0.6162398709314094 -0.742994530105832 -77.60863494873047 -0.9393628055922507 0.3394573274302115 -0.048644036878056185 -223.31382751464844 0.22223854247767544 0.7106455827825698 0.6675274420643846 0.09373283386230469
0.15647313708377147 0.9875487362501045 0.016237330506731706 -77.7372055053711 -0.9430585488498051 0.14449778360090576 0.29960134174553654 -224.0360107421875 0.2935246681498222 -0.06219231516230428 0.9539262996281681 0.02083587646484375
0.2521138714333233 -0.050246822520989 0.9663921836694696 -77.68623352050781 -0.9360034454420264 -0.26615323379718103 0.23034757706552533 -224.91883850097656 0.2456341709769974 -0.9626202329921426 -0.11413212116926555 0.13067626953125
0.12148688412420669 0.1474519834190558 0.9815797723932469 -77.66007232666016 -0.991774971698248 -0.022108721287238176 0.12606986141018328 -225.9633331298828 0.04029072472333001 -0.9888220856295787 0.14355326702112758 0.23519134521484375
0.21086919303996277 0.8366815544174928 0.5054682580777983 -77.24417877197266 -0.9580639900500061 0.07425758329007126 0.27676560894262237 -226.8258514404297 0.19402982862471782 -0.5426322767965862 0.8172531050919393 -0.23273086547851562
0.6962754153242157 0.02040212486839288 0.7174847031929987 -77.40324401855469 -0.7056935608343673 -0.16316888029326654 0.6894726352080645 -227.50726318359375 0.13113788244440305 -0.9863871804746329 -0.09921283174721784 -0.09268951416015625
0.6233984456750485 -0.44803498810671594 0.6408112259957283 -77.36434173583984 -0.7784451027252216 -0.4326357726967657 0.45480711320975553 -228.37710571289062 0.07346836035364102 -0.7823624081046374 -0.6184751105838134 -0.105010986328125
0.22332602649740513 0.8357661825029967 0.5016177569357448 -77.17753601074219 -0.9711106665731999 0.14638049308926354 0.1884590791410691 -228.99179077148438 0.08408067052917678 -0.5292141716047595 0.8443120284681798 -0.12099456787109375
-0.40831819858011326 0.5618423550363203 -0.719450774407487 -77.2139663696289 -0.9088048112502634 -0.17618287539945238 0.37819757992926684 -229.5943603515625 0.08573251283302241 0.8082652797833286 0.5825437097249555 0.070098876953125
-0.5602587685968466 -0.3008640213516111 0.771745393809696 -76.58180236816406 -0.827869674159335 0.17275104114205148 -0.5336561443398306 -230.24278259277344 0.02723811332786974 -0.9378901419891751 -0.3458614849066944 -0.06331634521484375
0.18412550811387862 -0.928465145476599 0.3225682422324371 -75.80570983886719 -0.9811925032215073 -0.19297646570875726 0.004621179986692953 -231.2083740234375 0.05795747478728355 -0.317352418168942 -0.9465349300467504 -0.26686859130859375
0.1924688436372589 0.7634782980929554 0.6164873336655189 -75.523193359375 -0.9811092651445804 0.1372303182512633 0.13635413305110508 -232.11936950683594 0.019502668443006188 -0.6310853572170261 0.775468192661608 -0.2842216491699219
0.41304946170635093 0.7459112251110338 0.5225003219496138 -75.602783203125 -0.907476121334486 0.28880894343539865 0.30508438734134824 -232.82720947265625 0.07666310319711062 -0.6001715075252115 0.7961890040455871 -0.4039955139160156
0.5843983186968772 0.771975264161712 0.2500655846507433 -75.90237426757812 -0.8088852460091619 0.5296262516191723 0.2553442624860067 -233.83279418945312 0.06467815622728261 -0.3514971196443578 0.9339520924484077 -0.4422149658203125
0.7293777909428711 0.6837772915194726 -0.021369456745353538 -75.9366226196289 -0.6810410323396716 0.7287062347263653 0.07190504669797558 -234.79647827148438 0.06473909444077744 -0.03789246723581989 0.9971825362378598 -0.340667724609375
0.9826656282537444 0.032209060604717316 -0.18256735596386414 -75.76686096191406 -0.04448600634131006 0.9969864054373452 -0.0635539346769603 -235.5769805908203 0.17997015943893463 0.07057395970245728 0.9811371249338398 -0.5070686340332031
0.2350018777672955 0.07555343685795107 0.9690540726011098 -75.41648864746094 -0.9654230044016321 -0.09759516453414352 0.24173044167353008 -236.32913208007812 0.11283855731961279 -0.9923542019049979 0.05000597907774021 -0.4770355224609375
-0.4183426574112148 0.2894117196756112 0.8609473140120298 -75.27347564697266 -0.906640120220779 -0.1901500181667245 -0.3766253615959046 -237.01797485351562 0.05470935382706038 -0.9381278308981138 0.3419401402266568 -0.47183990478515625
-0.28892429068618564 0.9423784470294896 -0.16865828418957782 -75.12511444091797 -0.9523908531125282 -0.2650196812454332 0.15071904809996603 -237.61813354492188 0.09733661777088534 0.204175001228987 0.9740832365429908 -0.5252580642700195
0.49543947400191646 0.14453454442596292 -0.8565334162006077 -75.03739929199219 -0.8624956332731666 0.19895258244560587 -0.4653161855372575 -238.5153045654297 0.10315527221341353 0.969292337432729 0.22322937622269345 -0.5881004333496094
0.7878224344802115 0.5324392750942061 -0.30958719299549375 -74.4812240600586 -0.6040848072939379 0.7659884602064041 -0.21987092674400588 -239.3060760498047 0.12007230041237131 0.360236168600237 0.9251013703945653 -0.7312173843383789
0.9492665066603706 0.3093490492431309 -0.05653552038486616 -73.91325378417969 -0.21926597133144832 0.7799622904753445 0.5861580497208334 -240.0923614501953 0.22542300935994342 -0.5440238884174347 0.8082217985691066 -0.66632080078125
0.21439350121008338 0.5108128159554293 0.8325296953830335 -73.72323608398438 -0.9490728991756079 -0.09251189969079254 0.3011680269650268 -240.7165069580078 0.2308593915986274 -0.8546998394005263 0.46496465009657045 -0.696929931640625
0.30541486143844077 0.8671958146127872 0.39331054083332495 -74.13900756835938 -0.9138867481407102 0.15093240753094306 0.3768692345226812 -241.4639129638672 0.267456115999123 -0.4745427562137873 0.8386157633503475 -0.7844696044921875
0.7382992152064121 0.596871940029491 -0.3140989589779434 -73.54358673095703 -0.5917059874686038 0.7966974013680663 0.12311488556293487 -242.282958984375 0.32372564498260004 0.09495861129356242 0.9413737668544825 -0.7273750305175781
0.09528566367711222 0.9901429271054014 -0.1026529405363532 -73.40213012695312 -0.9318713635512799 0.12498740529596286 0.3405787872291246 -242.99673461914062 0.35005200198069264 0.06320705989468675 0.9345953474572719 -0.8590431213378906
-0.9643135317421853 0.1799302056782469 0.19422804530627727 -73.08082580566406 -0.05998402377238557 -0.8629889178718492 0.5016493242519607 -243.48434448242188 0.25787851673023754 0.4720966518785732 0.8429848289821437 -0.9442920684814453
0.17747448514786363 -0.08034713426576251 -0.9808400201545509 -73.19168090820312 -0.9152941711679186 0.35270881236785334 -0.19450725925808282 -244.57601928710938 0.36157901950684773 0.9322772289900347 -0.010944448781399385 -1.0316581726074219
0.84292992527324 -0.3904965443966807 -0.37011024018946215 -72.79771423339844 0.01108348257185618 0.7003646458174938 -0.7136991798391084 -245.52069091796875 0.5379091907496372 0.5974962859325468 0.5946863802071499 -1.0091571807861328
0.7909492544784011 -0.19709246577240414 -0.5792700896609587 -72.80741119384766 -0.05349520237751354 0.9208036395020226 -0.38634042087570664 -246.2723388671875 0.6095387929924151 0.3365638385441653 0.7177654508415453 -1.0304946899414062
0.5914459617747566 -0.30372579642181496 -0.7469553633840964 -72.57439422607422 0.2853826681662739 0.945236418190736 -0.158381963734027 -246.9716033935547 0.7541541003075112 -0.11949374173521589 0.6457343406351299 -1.1453933715820312
0.4745656724852534 0.3551875296998208 -0.8053752176745681 -72.20541381835938 -0.3892555509438098 0.9053254734761905 0.16989968550454282 -247.516357421875 0.7894729498583535 0.2328682155659083 0.5678951096999333 -1.2501678466796875
-0.18800732430843334 0.7166227748033889 0.671643539862832 -72.19766998291016 -0.5867208791991043 -0.6303585019070813 0.5083372590960561 -247.9814453125 0.7876622727528686 -0.29849616028778697 0.5389695597853686 -1.18707275390625
0.03582229582412921 0.7737960168619272 0.6324211313756878 -71.97315216064453 -0.9876755663167206 -0.06906713728156333 0.1404517933266615 -249.65069580078125 0.15236055533777143 -0.6296582047717206 0.7617852757443007 -1.0727615356445312
-0.37230979997087105 -0.10969774585962283 0.9216028523170745 -71.9951171875 -0.6925017096096631 -0.6282846568785998 -0.3545416366502442 -249.8265380859375 0.6179213502002854 -0.7702108766333137 0.15795065837912364 -1.1930084228515625
-0.7989943069568312 0.09305103228845026 0.5940956175908276 -71.81385803222656 -0.07273729199309213 -0.9956561131771821 0.05812220441809006 -250.44937133789062 0.5969232645860645 0.0032264040293147125 0.8022918462211583 -1.264312744140625
-0.7426637164311772 0.1878640339625252 0.6427734507895915 -71.52322387695312 0.2444567785019045 -0.8175512761514111 0.52139312836637 -251.166259765625 0.6234512713445237 0.5443500855208221 0.5612410325808073 -1.2623291015625
-0.8803768906417285 0.2121514434875873 0.42417955567204646 -71.00228881835938 0.1139671791305808 -0.7735380629516403 0.6234182763169862 -251.92079162597656 0.46037811905543446 0.5971855910779806 0.6568267330916296 -1.287628173828125
-0.9599319344276636 -0.1867437229132141 0.2089436843230171 -70.66067504882812 0.18997204520197483 -0.9817782805443951 -0.004693601290034485 -252.8066864013672 0.2060128717040339 0.03518792127710439 0.9779164109925007 -1.3486289978027344
-0.6343787399327403 -0.6697983161645856 0.3859194604894066 -70.81671142578125 0.7666785913056723 -0.48133019592596593 0.4248825486218765 -253.9018096923828 -0.09883092610564134 0.5654126441396206 0.818865672679069 -1.4557647705078125
-0.6064890157479961 -0.5633507512300118 0.561076647941802 -70.07899475097656 0.678551782889274 0.0010750838460588386 0.7345517831524964 -254.92306518554688 -0.41441350329690657 0.82621714777854 0.38161063009549345 -1.4899444580078125
-0.6280863449592241 0.3120184940220826 -0.712847811712959 -69.9517822265625 -0.6681759761719773 -0.6857642476541547 0.28856240487277013 -255.8602294921875 -0.3988087362914555 0.6575498886225462 0.6392024216397254 -1.3287582397460938
0.5938439819523852 -0.004921549247146495 0.8045651642048288 -68.77198028564453 0.5502920891213793 0.7320003213808131 -0.40168911629370074 -256.9199523925781 -0.5869650260018591 0.6812865093713468 0.43740227525613373 -1.5716400146484375
0.69046983380545 -0.2135510005657749 0.6911203793566143 -68.66893005371094 -0.355606493057654 0.7317975797180784 0.581391713403278 -257.7273254394531 -0.6299170030249308 -0.6472003341131083 0.4293440308470238 -1.6456489562988281
-0.7102385405292719 0.63234862314685 -0.3093484028585462 -68.97410583496094 -0.31829998641488383 -0.6804230148764476 -0.6600830549822733 -258.1778564453125 -0.6278903839008327 -0.3703508331713715 0.6845392071854879 -1.69830322265625
0.7916005230199554 0.1733930126230532 0.585921048544968 -68.36935424804688 -0.315220882654497 0.9373296803459924 0.14848860387585056 -259.251953125 -0.5234543027744187 -0.30223820657881945 0.7966477636891764 -1.745208740234375
0.6254791039404497 0.6982907165972323 0.3480890197176231 -68.51409149169922 -0.706976359753485 0.6959615273540911 -0.1257854490498454 -260.0428771972656 -0.3300913771723865 -0.16741453806967993 0.9289844213760275 -1.6038036346435547
0.2310384735145662 0.9488172796565246 0.21532996442959704 -68.43228912353516 -0.9673564501518008 0.24770135396505777 -0.053530716355972285 -260.5657653808594 -0.10412839240939756 -0.19593317500890348 0.9750730581988023 -1.410226821899414
0.22523931012092008 0.9736994898011587 0.03430097283190417 -68.09575653076172 -0.9450313225723105 0.22690161330609498 -0.23543886093064764 -261.4801940917969 -0.23702964484106517 0.020614592890823027 0.9712836794811617 -1.6515369415283203
-0.328368926167486 0.9256457535817909 0.18802602799509022 -67.5230941772461 -0.8593094408592813 -0.21011650115177732 -0.46630284236088937 -262.05621337890625 -0.39212387478668204 -0.3146919045983443 0.8644118647974153 -1.8127403259277344
-0.6187687782973711 0.21903794229782392 0.7544187026037423 -67.14655303955078 -0.7094504493817378 0.25659115884511813 -0.6563848239215846 -262.73907470703125 -0.3373503503428281 -0.9413731231751066 -0.003374031285658108 -1.868417739868164
-0.16544732782140975 -0.0020310338318755283 0.9862165363744055 -67.22392272949219 -0.9361946628998501 0.31476382272931347 -0.1564074456624931 -263.6503601074219 -0.3101076182143731 -0.949167851753526 -0.05397827639898778 -1.9059524536132812
0.3974365829343792 -0.10383962597008223 0.9117354301681149 -66.82052612304688 -0.8917889907232437 0.19042128744637474 0.41042920133938254 -264.32720947265625 -0.21623264917736779 -0.9761951983930562 -0.016922649440286375 -1.9859886169433594
0.09472930795081458 0.8803861456719004 0.46470054091224633 -67.10185241699219 -0.9754250908003637 0.1753643537059042 -0.13339128789546958 -265.1234436035156 -0.19892775184036351 -0.44064450292530044 0.8753628799471982 -1.718501091003418
-0.9573639025937329 0.18883386529534937 0.21862325889098672 -66.73394775390625 0.2744693236868986 0.8306436530870142 0.48445609908547604 -265.7150573730469 -0.09011630465878007 0.5238061596658423 -0.8470573526808961 -2.1166210174560547
-0.4330794208862338 -0.6915422660820241 0.5781102917497518 -66.33621978759766 -0.8917190806315747 0.42225329322554744 -0.16290867870607345 -266.6216735839844 -0.13145073770208837 -0.586064374094108 -0.7995306454259635 -2.114299774169922
0.5600617861061965 -0.451282163041657 -0.6947483033905018 -65.4176025390625 -0.8267838881233265 -0.3576409828116529 -0.43419043028743753 -267.41339111328125 -0.0525280694792048 0.8175801714412836 -0.5734138690185557 -2.0894775390625
-0.4057847900218649 0.9137586859757276 0.019589997213427603 -65.16038513183594 -0.9136891099746776 -0.4050373972025271 -0.03342031090644628 -268.05914306640625 -0.022603417896243167 -0.03146062096198083 0.9992493756956238 -2.0787479877471924
-0.5376744512957947 0.002211461434612594 0.843149627208652 -65.54183959960938 -0.8431266984040956 -0.009237472081493822 -0.5376356010791626 -269.0138244628906 0.006599610744200568 -0.9999548882563986 0.006831294910790278 -2.1101150512695312
0.7757439448833652 0.5535565660294457 0.30297930652518534 -65.35016632080078 -0.6282125695696978 0.6319658131632809 0.45383717171195914 -269.97369384765625 0.05975198248955228 -0.5423968465971762 0.8379948456822436 -2.147613525390625
0.9920503378155396 0.07385633950012821 -0.1018890001703595 -65.2427978515625 -0.019863256435057403 0.8914120568492074 0.45275820914441794 -270.9153747558594 0.1242641472182096 -0.44713508699218313 0.885792659540947 -2.1468467712402344
0.37932256154237926 0.6791398689327581 0.6283975117160512 -65.37872314453125 -0.9165115769302283 0.18259109510406907 0.35590310667590885 -271.4914855957031 0.12696819939573228 -0.7109356724871059 0.6917004741414543 -2.1823806762695312
0.42577563927546036 0.8538058288520705 0.2995508498031717 -65.25825500488281 -0.8782347988883925 0.31028464259119304 0.3639053154235601 -272.2394104003906 0.21775845108982148 -0.41801799864393985 0.8819536324482582 -2.2156906127929688
0.33305627141674105 0.9404638236725689 -0.06783300401094676 -64.97631072998047 -0.917064580040297 0.33981601739842765 0.20860879740553806 -273.1672668457031 0.2192397685309201 -0.007271222912448139 0.9756439172217832 -2.194814682006836
-0.03674721189223362 0.993178706750697 0.11066028589860209 -64.9314956665039 -0.9749966144663973 -0.05991726409419185 0.21398954003065251 -273.92669677734375 0.21916031620074528 -0.10002988513679267 0.9705476690417165 -2.186328887939453
-0.8166264349571835 0.5242681378576166 0.24137975341032342 -65.1988525390625 -0.5168198042377836 -0.8504020026829542 0.09855822533122241 -274.6527404785156 0.25694076297220797 -0.044264584716544896 0.9654129121071107 -2.2407989501953125
-0.18683797002332725 0.8571120139105708 -0.4800526727013691 -64.6112060546875 -0.9271912851284512 0.007642062984337228 0.37451023972008346 -275.49029541015625 0.3246658185571947 0.5150733874735802 0.7932789621419931 -2.28558349609375
0.23272816143058722 0.9714925941201404 0.045163507911349654 -64.31446838378906 -0.9725308086510391 0.23225340681898582 0.015562173547752096 -276.8432312011719 0.004629157773746333 -0.04754465890817455 0.9988583865131289 -2.1719579696655273
0.1678547329245294 0.970179321812533 -0.1748624378253043 -64.45285034179688 -0.9572151358440826 0.2028146499217653 0.20641075913843765 -277.2802734375 0.2357201144277451 0.1327339493290443 0.9627137302177036 -2.2881393432617188
0.20243173392770608 0.9758481498912094 -0.08210835190725843 -64.24946594238281 -0.9398830505516568 0.2171476004412487 0.2635654964298621 -278.07080078125 0.2750295336590859 0.02381822782054939 0.961140701270503 -2.3412818908691406
0.05846346475956565 0.8555730584545035 0.5143702605469274 -63.730201721191406 -0.841928647128252 -0.23460333988383653 0.48591915588926987 -278.822509765625 0.5364123194270416 -0.4614715750316111 0.706615743530206 -2.3584213256835938
-0.7149356168107193 -0.4827947889983057 0.5057432703769347 -63.65116500854492 -0.5050885817785269 -0.14354941561873524 -0.8510458799809066 -279.5704345703125 0.4834796669689762 -0.8638881623170911 -0.14122554526701858 -2.341156005859375
-0.48799457991780154 -0.4675348829280621 0.7370701616646083 -63.474029541015625 -0.7230365548668638 -0.25651906152156784 -0.6414172677768746 -280.5819091796875 0.4889574933438541 -0.8459368205259405 -0.21286489936426234 -2.34722900390625
-0.6944060683813458 -0.6740643920209908 0.2518678375746566 -63.24535369873047 -0.49491016097723434 0.19329480023068776 -0.847172386687188 -281.19189453125 0.5223639964207426 -0.7129335983197526 -0.46782639903087964 -2.3501739501953125
-0.2885751521559426 0.5074626739445891 0.8119150301054797 -63.41831970214844 -0.8419283502219221 -0.53830492159909 0.037208392531653145 -282.33721923828125 0.45593972699334573 -0.6728368642807891 0.5825886365301234 -2.383270263671875
0.2317224921712268 0.3542364513396403 -0.9059918449766832 -62.86330032348633 -0.8255183989076651 0.5642953213343568 0.009495440225712859 -283.14599609375 0.5146105903368884 0.745712630215188 0.42318862632479326 -2.310943126678467
0.7017825615462925 -0.7123911688443376 -0.00024261517376639175 -62.37359619140625 -0.4924124222544973 -0.4848334726884406 -0.7228184489692592 -283.80926513671875 0.5148118517662377 0.5073808493759547 -0.6910379374300313 -2.3550033569335938
0.25564174391814276 -0.9498624516498781 -0.18002394760746035 -61.407005310058594 -0.816174549842908 -0.11223814222323249 -0.566799526833786 -284.93890380859375 0.518176034717177 0.29182858389122945 -0.8039463133001 -2.4563369750976562
0.8181494366018558 -0.22093697394186734 0.530865663735635 -60.98658752441406 0.2028395473927997 -0.7529895942530709 -0.6259894479622478 -285.9047546386719 0.5380405350915021 0.6198334651275342 -0.5712432565085068 -2.4523162841796875
0.5093612661978668 -0.4640943025185347 0.7246844684875899 -60.74201965332031 0.6018242196054704 -0.4098211342078511 -0.6854591502437305 -286.82257080078125 0.6151086970557094 0.7852790054028093 0.0705561796018053 -2.4772796630859375
0.005146133269277653 -0.7513352656567792 -0.6599006257709046 -60.16752624511719 0.8638743863415851 0.33572845166976906 -0.3755095889086842 -287.8729248046875 0.5036810120853519 -0.5681388257458524 0.650786994910623 -2.4847869873046875
0.7179411373854764 0.5063542791468175 -0.47766710922917377 -60.291748046875 0.3294433042625065 0.3573285670899027 0.8739470260937322 -289.5198974609375 0.6132109200970333 -0.7848067527303674 0.0897258510272601 -2.548492431640625
0.8237975853532407 0.3740728887287518 0.4259424988003631 -60.06995391845703 -0.0294898395389456 -0.7220788325192307 0.6911819651811182 -290.10076904296875 0.5661164966066063 -0.581955009898353 -0.5838154491995484 -2.62384033203125
0.7041528674348716 0.6888332873772942 0.1722714180711294 -59.835182189941406 -0.3871319251934299 0.16906054357392236 0.9063925226426564 -291.16278076171875 0.5952290414447841 -0.7049306595740319 0.38571382320736664 -2.5744171142578125
0.1535698397601163 0.7224502090864577 0.674152801453043 -59.485809326171875 -0.872490414282816 -0.22113566416140634 0.43572869428176764 -291.2293395996094 0.4638715137844235 -0.6551066427894222 0.5963711137140364 -2.3715667724609375
-0.9054631037532277 0.18289267548519456 0.38299717622384505 -61.892822265625 -0.2372148387155974 -0.9663643011437968 -0.09934363476335209 -294.6199951171875 0.35194557538731014 -0.18080460925742045 0.9183920759874655 -2.4248733520507812
-0.8797275876207171 -0.20580774132702537 0.4286286798487723 -62.47972106933594 -0.17702839236943593 -0.6948860323019643 -0.6969894908868614 -296.0440673828125 0.4412939155190406 -0.6890403295319522 0.5748765992840308 -2.3501434326171875
0.866587483522151 0.33347058511907857 -0.37124587844592405 -62.11674880981445 -0.18952239735285262 0.9081326201337905 0.3733314949887896 -297.51251220703125 0.46163556438425957 -0.25316499187146035 0.8501765067245449 -2.30419921875
0.658941331329699 0.6281805535479618 -0.4137457117718808 -60.91591262817383 -0.7097689938630617 0.7013825150746955 -0.06550223582528714 -298.10662841796875 0.24904677716457382 0.3368260080392707 0.9080330077107706 -2.1944706439971924
0.9191455050389696 -0.0620461903961667 -0.3890010421888095 -59.93896484375 -0.30206614607069 0.5228276936197522 -0.7971243605500029 -298.20770263671875 0.2528390475473633 0.8501773185880537 0.46181267088914857 -2.1336021423339844
0.8149223377800807 0.29470487846609245 -0.49904971495366446 -58.91230773925781 -0.4476136819639442 0.8670127895114851 -0.21893107258266092 -298.42596435546875 0.3681624303289638 0.40179330187522916 0.8384620250568728 -2.1995954513549805
0.5808859759798541 0.8139683150417169 -0.0052024050285376655 -58.33836364746094 -0.7728706146001553 0.5535397634848664 0.3102656012655876 -299.1972961425781 0.2554261067266047 -0.17620815063233225 0.9506356776669087 -2.153644561767578
-0.8044613031300035 -0.16069539696501844 0.5718557520569605 -58.20452117919922 -0.5470283557166897 -0.17481057281085904 -0.8186581958762975 -299.9121398925781 0.23152103534726923 -0.971400150827554 0.0527234024313113 -2.14373779296875
-0.43350355632194126 -0.5193657067118158 0.736433248399314 -57.52049255371094 -0.8700906055721651 0.02852272629350737 -0.4920658413056619 -300.3796691894531 0.2345570394409271 -0.8540759432137882 -0.4642599255505321 -2.0907363891601562
0.7215674333996855 0.4608704609835292 -0.5166612596758339 -57.362762451171875 -0.6220462203201899 0.7591920376372265 -0.19153576630384603 -301.4907531738281 0.30397193759022556 0.45959315506332876 0.8344909783673989 -2.08120059967041
0.2890552159228189 0.5150035726323706 -0.8069810421092349 -56.83371353149414 -0.8746505933432994 0.4847378729485152 -0.003941331445475371 -301.9220886230469 0.3891444740864587 0.7069657097096318 0.5905641909079231 -2.19793701171875
0.24338307072687915 -0.05555466951055721 -0.9683379366621592 -56.44187545776367 -0.9110476582764977 0.3294617649799361 -0.24788527541024918 -302.87420654296875 0.3328015102616944 0.9425330891336803 0.029572464483996252 -2.2481346130371094
0.7804813296689405 0.5954229209671743 -0.190579220339262 -55.1488037109375 -0.5475224911907578 0.7981466172699905 0.2513585068795922 -303.4580993652344 0.30177477641192846 -0.09183421218363857 0.948945974117674 -2.1538772583007812
0.8847919240530085 0.10689243071967926 -0.4535606457635117 -55.047935485839844 0.19350083209103724 0.8011696709589398 0.5662901962029895 -304.64251708984375 0.4239111688911385 -0.5888133546297866 0.6881846803721846 -2.15069580078125
0.4639110325772261 -0.7876032285246487 -0.40554618512653046 -54.47161865234375 0.7520100683344176 0.5920958403557954 -0.2896607894711142 -305.3053283691406 0.46825998225002813 -0.17059797844908545 0.8669653503873664 -2.1594924926757812
0.7414105757758329 -0.608625787852355 -0.2826393611810781 -53.993408203125 0.4958704527390355 0.7806782889964344 -0.3803339364163859 -306.1434020996094 0.4521314545882997 0.14183109479482878 0.8806026847115381 -2.1643295288085938
0.2691323531663171 -0.8841719276900987 -0.38184784766178204 -53.31846618652344 0.862229503072511 0.39784367418787314 -0.31349751983073826 -307.09173583984375 0.4291014571293035 -0.24486815471487547 0.8694317260694138 -2.176544189453125
0.03265013602292993 0.9471289969710359 0.31918745544636223 -53.18907165527344 -0.9512025454523347 -0.06859610889262291 0.30084595953708637 -307.6404113769531 0.3068349493501074 -0.3134345815978682 0.8986718405045782 -2.1970291137695312
-0.14521655179022147 0.9177561902931037 0.3696427035190143 -52.803741455078125 -0.9478085693256428 -0.2362223225486541 0.21414464794292062 -308.2222595214844 0.28385043420617795 -0.3192531746254178 0.9041605728478523 -2.2288360595703125
0.6006981047843142 0.3272911668246675 -0.7294122832987395 -52.21021270751953 -0.7158808163174043 0.6263738050839496 -0.30849718496832534 -309.2656555175781 0.35591634373439485 0.7074859351416125 0.6105630252803868 -2.2949790954589844
-0.56403496993696 0.8227311167590547 -0.07055538395198079 -51.743438720703125 -0.7841907079224246 -0.5069225831482114 0.3578748779985419 -309.7928466796875 0.25866868054779885 0.2571828225421431 0.9311001608274576 -2.272451400756836
0.6561175679556297 -0.5359760572552523 -0.5312620851040514 -50.75749206542969 0.6421759900423831 0.7662962230938083 0.020002406986403293 -310.69952392578125 0.3963833180559885 -0.35428768609885253 0.8469713694367987 -2.2761764526367188
-0.4969761827459239 0.6060756049457574 0.6210370640090046 -50.90367126464844 -0.7999436832990567 -0.5973435495863005 -0.057190797490311085 -311.5880126953125 0.33631053705352265 -0.5252171406735251 0.7816918688393133 -2.3204803466796875
0.4710033987099258 0.4813964603818377 -0.739197704498287 -50.258567810058594 -0.8334107762837148 0.5174715940349176 -0.19403511883454866 -312.3474426269531 0.28910599505695955 0.707446533173214 0.644931877273349 -2.37713623046875
0.9064940799808278 -0.21024103207941255 -0.3661518692972848 -49.428001403808594 0.13439431565986767 0.9657818787719917 -0.22181868846866268 -313.2939147949219 0.4002582302439619 0.15186859802416433 0.903730755289509 -2.330524444580078
-0.3958351058217472 0.3139750817687663 0.8629798474051309 -49.111900329589844 -0.8945729721088642 -0.3441690735943964 -0.2851084817284265 -313.9611511230469 0.20749401574840592 -0.8848543929989113 0.4171078237328196 -2.4008026123046875
-0.9296672364805838 -0.318502933764949 -0.1851343042163569 -49.037139892578125 0.2674580841139812 -0.23792921401555236 -0.9337322219780251 -314.70123291015625 0.25334759256135164 -0.9175759207286676 0.30638117932129144 -2.4344024658203125
0.29251306337972666 0.9489838804857139 0.11775271687092626 -47.96476745605469 -0.9219362999647075 0.24717094866850303 0.29822806866842283 -315.5277099609375 0.25390857913743936 -0.19579611005479333 0.9472034188746461 -2.4015579223632812
0.9772589690134506 0.2058240902466844 0.05100344455909381 -47.22782897949219 -0.07232685647697897 0.0974402463282748 0.9926098046199442 -316.5145263671875 0.19933322180441052 -0.9737257531099862 0.11011096410196314 -2.4234466552734375
0.3618357521102988 0.4350118665796776 -0.8245238410316825 -47.26398849487305 -0.8437258460487171 0.5289733594449944 -0.09118048972698795 -317.5102233886719 0.3964865511012333 0.7286644364399444 0.5584322285322612 -2.4077835083007812
0.500991112644412 -0.5029493273406614 -0.7043080854135427 -46.829322814941406 -0.8604989385584702 -0.202534439775291 -0.46746270166148574 -318.4041442871094 0.09246340784905294 0.8402510189416524 -0.5342553166571714 -2.4475784301757812
0.9619267982203583 -0.22444256940797586 -0.15595630126120455 -45.855499267578125 -0.2678228772221281 -0.6603521268628798 -0.7015739269557639 -319.1410217285156 0.05447697956009082 0.7166314265961384 -0.6953212618011853 -2.4822235107421875
0.6613896134391716 0.740530728502086 -0.11907148852245372 -45.16747283935547 -0.7449087570214231 0.6299900737827209 -0.21959838489396954 -319.779541015625 -0.08760549610373372 0.23393748540884063 0.968296715874327 -2.443117141723633
0.15898773570705715 0.5762760864569664 0.8016412988816044 -44.741127014160156 -0.9799400900570449 0.19094089337747855 0.05708760929659629 -320.445068359375 -0.12016788170610898 -0.7946366763584809 0.595073300352329 -2.4648971557617188
0.5038939210877195 0.16958046527820064 0.8469553601500328 -44.169620513916016 -0.8500998626237406 0.27109200291556557 0.45148571353069855 -321.2427978515625 -0.15303966759615034 -0.9474975418180543 0.28076194256131626 -2.5023117065429688
0.6148055945829616 0.5349170812553943 0.5795496502032426 -43.71936798095703 -0.7431894755314135 0.638892454408702 0.19871043042318412 -322.2751159667969 -0.2639762950130816 -0.552883484905124 0.7903394003783007 -2.4736690521240234
0.12512631049563466 0.9760718212827831 0.17784039507226967 -43.365142822265625 -0.925921446791622 0.17927197370530396 -0.3324620787625477 -323.03472900390625 -0.35638866535435676 -0.12306648260804287 0.9261974735797032 -2.359170913696289
-0.746141896689545 -0.16095801968001638 -0.6460377588850483 -42.94441223144531 -0.5484841230690591 -0.4014435207355577 0.7334904678321357 -323.91552734375 -0.37740884561135246 0.9016294225235373 0.21125091170023153 -2.5027618408203125
-0.29529649768331484 0.26265339298285884 -0.9185930402580677 -42.28648376464844 -0.8682815419995341 -0.474914141424055 0.14333081349927507 -324.7479248046875 -0.39860650054769475 0.8399224687017515 0.3682975757333682 -2.5344390869140625
0.7595517778175576 0.6480363392684564 -0.05594640115079941 -41.60218811035156 -0.550740424252797 0.5949743028386459 -0.5853977827558939 -325.5791015625 -0.3460723651319724 0.47545187132790395 0.8088135978967943 -2.4894561767578125
0.1431878716771534 0.9144875228363295 0.3784307122595109 -41.09027862548828 -0.8856552780288575 0.2890557084188822 -0.3634027049019934 -326.3626708984375 -0.4417147970174807 -0.2831242978042186 0.8513099729761622 -2.5550994873046875
0.4668461303786686 0.8842455308948558 -0.01282698884920399 -40.50386047363281 -0.8802635424353547 0.4632551902507034 -0.10261931867316766 -327.0617980957031 -0.08479850476054188 0.05919856246784287 0.9946379963545114 -2.6900768280029297
0.4158311713900995 0.7495758503767234 0.5149956130224311 -40.002281188964844 -0.8611320639991822 0.5066359119216928 -0.04209062964346347 -327.6941833496094 -0.29246539154718143 -0.42597663936334196 0.8561588038815389 -2.556457042694092
0.24923802248574056 -0.5625968433634871 0.7882672135670982 -39.428985595703125 -0.8263048652153124 0.3009649183453762 0.47606762927851476 -328.8824768066406 -0.5050749230251902 -0.7700031881510626 -0.3898646077400425 -2.574502944946289
-0.5338896934770996 -0.18497261904692833 0.8250738908739321 -39.41204833984375 -0.6699069590510351 0.6879237140515502 -0.27925907301378067 -329.6450500488281 -0.5159326132489823 -0.7018162821197875 -0.49118982556404317 -2.6474218368530273
-0.2207212094165828 0.5498934745992116 -0.8055428693166411 -39.00178527832031 -0.8127828524753643 -0.5602397776275111 -0.15973548849860209 -330.5755920410156 -0.539134660762681 0.6194744209062091 0.5706007881235582 -2.6202850341796875
-0.028768160308214108 0.9536960805082602 -0.2993930175800086 -38.07727813720703 -0.8807268633801741 -0.16583899993875945 -0.44364131707927335 -331.1930847167969 -0.4727500238741412 0.2509207287620825 0.844716640539598 -2.980743408203125
0.7834983892054188 0.4476117814027708 0.4310150429648041 -37.64952087402344 -0.3482447808507608 0.8907582949555269 -0.2920192332332374 -332.24151611328125 -0.5146414739629127 0.07869785967458355 0.8537861559898474 -2.9977264404296875
0.8756262429471988 0.28669257343538496 0.38869789168346386 -37.15730285644531 -0.2883863148425028 0.9559101503223074 -0.05539962023646698 -333.2097473144531 -0.38744291976203965 -0.06358579124128527 0.9196982282675583 -2.5995521545410156
0.5222911259991466 0.3440929162711348 0.7802640864954439 -36.89528274536133 -0.7563360627901883 0.6095645680070483 0.23745904394951395 -334.0467529296875 -0.3939133658884656 -0.7141646185596193 0.5786200461200885 -2.5797653198242188
0.3097275668650516 0.7322530919677903 0.6065263750468448 -36.603694915771484 -0.8625267475785652 0.48482922644010057 -0.1448731545215879 -334.8782653808594 -0.4001455285710403 -0.47827401193573593 0.7817528544696836 -2.68496036529541
0.7202227925631578 0.512598010063369 0.4674638051781129 -35.97723388671875 -0.5988054801489177 0.7995840721038973 0.04579638174980405 -335.8563232421875 -0.35030147875244644 -0.3129034862650523 0.8828251708390656 -2.6381893157958984
-0.09297648762699962 0.9452006904221997 0.3129712887373912 -35.76593780517578 -0.9350501940330778 0.0251128858493882 -0.3536247694987147 -336.58056640625 -0.3421059885287744 -0.3255226532665779 0.881475181059023 -2.6522789001464844
-0.5885733153916122 0.8084377520745643 -0.003139017290696461 -35.37925720214844 -0.7285124016924114 -0.532060021277651 -0.431487907522772 -337.319580078125 -0.3505012596115461 -0.251675455256668 0.9021132590933738 -2.6290550231933594
-0.20479054546566394 0.9787940804863873 -0.004793797313542902 -34.929901123046875 -0.9239111403090983 -0.19492000072077426 -0.3292330453216308 -338.3193664550781 -0.32318576283712974 -0.0629947721943723 0.9442365282997485 -2.6644821166992188
-0.21255456011657642 0.9759103207422715 -0.049189478980421614 -34.6258544921875 -0.9340916010573168 -0.21770942768755136 -0.2829761225441768 -339.2056579589844 -0.28686833183156835 -0.014200386074874644 0.9578647656258672 -2.722980499267578
-0.11632387631943258 0.991458816638447 -0.05897601807440088 -34.113792419433594 -0.9564612690524212 -0.12782511098425814 -0.2623786992202195 -340.0879821777344 -0.2676762906957837 0.02588736973415358 0.9631610703758713 -2.8278045654296875
-0.2698846097924585 0.9324208016201075 -0.2403200909272639 -33.62109375 -0.9175464928606997 -0.3247254165549946 -0.22948167090688357 -340.9391784667969 -0.292011525177008 0.15857128538704982 0.9431778287335302 -2.720447540283203
0.7509268552967535 0.622371681703377 0.22082198216626606 -33.15034103393555 -0.6177459366155732 0.7802131815888731 -0.09827181218394249 -342.0239562988281 -0.2334498142836626 -0.06261693931100631 0.9703506083484695 -2.7964630126953125
0.3256734952006674 0.908510636598507 0.2618113781163006 -32.72792053222656 -0.9203851304771098 0.36800919453899666 -0.13213797460000845 -342.8941955566406 -0.2163977498044155 -0.19793346337124154 0.9560305214570562 -2.8142948150634766
-0.13156279129419124 0.9718307058089136 0.19554107290753442 -32.29566192626953 -0.9828828549924752 -0.10221913030788365 -0.1532727724057365 -343.8202819824219 -0.12896714817627725 -0.21235896177474717 0.9686439728017872 -2.829393148422241
-0.5383229024575285 0.8125288029390639 0.22361886567128855 -32.03736877441406 -0.8254108840972588 -0.4548219240864793 -0.33441574392371876 -344.7312927246094 -0.17001566134766435 -0.36460109951107433 0.9155111758639716 -2.9200448989868164
-0.10004845090024322 0.8348151813364821 0.5413630209781584 -31.722183227539062 -0.9650688047656715 0.050992432860234804 -0.256986330101725 -345.6853332519531 -0.24214150726511124 -0.5481636478289406 0.8005523753373349 -2.883829116821289
0.16773720835638223 0.9843234017664082 0.054513022919424295 -31.285865783691406 -0.9594652558583094 0.1757044467900593 -0.2203505620118721 -346.5181884765625 -0.22647439531557712 -0.015342363351364005 0.9738962779234955 -2.756185531616211
0.40047800418310053 0.5066618712523212 -0.7634861599168756 -31.03325843811035 -0.8909432087445643 0.02062652100259188 -0.45364605743163855 -347.63873291015625 -0.21409709703183827 0.8618980768341615 0.4596674212864272 -3.0147323608398438
0.5150797736330378 0.8519334016759039 0.09435203179085042 -30.42915153503418 -0.843153796509674 0.5234004948133215 -0.12305932496358615 -348.42498779296875 -0.15422224945014176 -0.016167904567178586 0.987903890384305 -3.037324905395508
0.9828258035430817 0.024602978254059424 -0.1828883084041359 -30.199142456054688 0.17830264556826086 0.12879943274216604 0.9755095451653232 -349.4456787109375 0.04755635050395686 -0.9913654218230162 0.12220062986915531 -3.03497314453125
0.9193225377678429 0.3717958632522725 -0.12889494800259163 -29.780136108398438 0.3753069548042937 -0.729976627158553 0.5712082050161315 -350.5301208496094 0.1182825482800447 -0.5734997470537547 -0.8106215386366553 -3.0423431396484375
0.6517934358387604 0.38350322200511533 0.6542863254792958 -29.377464294433594 -0.7478390483515764 0.46845879110600114 0.47040739662138875 -351.46142578125 -0.12610342881187764 -0.7959093162837078 0.5921370495879213 -3.1945953369140625
0.66296696925367 0.7356700172722467 -0.1387963377227797 -29.333520889282227 -0.7450520833050337 0.630193116407101 -0.2185269530193828 -352.584228515625 -0.07329523068680979 0.24828665231896535 0.9659096994226783 -3.096599578857422
0.9329885822827955 -0.23136258253126368 -0.2756876144015236 -28.885894775390625 -0.3598748903576842 -0.6097782689302722 -0.7061589948662023 -353.5363464355469 -0.004729547545351542 0.7580513294921819 -0.6521777466574212 -3.1876754760742188
0.7920501662086519 -0.36221932936518736 -0.49137937649343866 -28.424835205078125 -0.6102374792386515 -0.4913374498428982 -0.6214480906031763 -354.3172302246094 -0.016332579138120723 0.7920761755135115 -0.6102037192959295 -3.204010009765625
0.9783933167476404 0.11636042514034814 -0.17089988064568332 -27.822494506835938 -0.2027390565509585 0.3778789941268628 -0.9033849349787154 -355.4461975097656 -0.04053878010471734 0.918513863400454 0.393305085205866 -3.3502044677734375
0.949978019177823 0.3075001961467452 0.054638744940681994 -27.459625244140625 -0.31161488486973987 0.94494763645336 0.09985052773434527 -356.3412170410156 -0.02092669602680824 -0.11188205276505131 0.993501122124419 -3.421083450317383
0.9904631377851324 -0.09397417809687328 -0.10075528045639619 -27.275115966796875 0.13087460505028725 0.41313754153304005 0.9012154068417646 -357.5486145019531 -0.04306518828196661 -0.9058069472172605 0.4214963391670039 -3.3291397094726562
0.9903861875256379 0.05495546046037218 0.12694525167969453 -26.941604614257812 -0.13772648664399506 0.30610905839013364 0.9419812414524016 -358.4355163574219 0.01290792141027993 -0.9504089339526931 0.31073500579717733 -3.3388671875
0.6079333479074543 0.6148249985673027 0.502401498443974 -26.377029418945312 -0.7787128625867823 0.5852174570759807 0.22611237377777826 -358.8905944824219 -0.15499458746657274 -0.5286877614152222 0.8345453425583466 -3.3337783813476562
0.47202518377391595 0.880898283071179 -0.034791389242883 -26.168991088867188 -0.8799761293423966 0.4684134590591959 -0.07893569002531538 -359.7201843261719 -0.05323755883560538 0.06787522563091723 0.9962724105759315 -3.374960422515869
0.7000800008353021 0.48155895146782685 -0.5272465919203754 -26.012432098388672 -0.7123558834915779 0.5220458360221317 -0.46905995389383576 -361.060546875 0.049366868296229355 0.7039667047191657 0.7085152016445816 -3.4681129455566406
0.8382470841963493 0.18635563922452672 -0.5124581949442676 -25.5618896484375 -0.5399626928557899 0.41472849598775763 -0.7324210298316516 -362.0257263183594 0.07604022725007356 0.8906580995785931 0.4482700452794126 -3.483936309814453
0.5671107113301455 0.8232135110844774 -0.026551012458728103 -25.019073486328125 -0.8236413622823491 0.5668388975950255 -0.01756617519360327 -362.8836669921875 0.0005894338746860305 0.031830478180876746 0.9994931081435651 -3.4591031074523926
0.869313047464924 0.34463215664978536 0.35429296085325246 -24.679954528808594 -0.4939196721910913 0.5790529153296669 0.64864557245915 -363.96868896484375 0.01838975067507606 -0.7388683224033437 0.6735988563076523 -3.5438308715820312
0.6976484768471809 0.7126572175769785 0.07352749817753576 -24.591392517089844 -0.7163058638408997 0.6958220940832511 0.052321341847679934 -364.8980712890625 -0.01387487585353385 -0.08917008254475449 0.9959197679527255 -3.3666629791259766
0.6195775811356025 0.7626782271588057 -0.18559510438601795 -24.246023178100586 -0.7840714906981456 0.6124370885271493 -0.10076065735581549 -365.93902587890625 0.03681736585557596 0.2079488745203725 0.9774465443988058 -3.4910471439361572
0.7504543468706105 0.6518347974734678 0.1092230290082129 -23.616455078125 -0.6587232583208412 0.7511429183143411 0.04322019450892764 -366.80279541015625 -0.05386967802187023 -0.10438253239377979 0.9930772098487014 -3.896002769470215
0.8014163719495476 0.5960646743314317 -0.049383223724142215 -23.246841430664062 -0.5980675582127495 0.797681222971106 -0.07758777179916992 -367.6001892089844 -0.006855259635044159 0.09171461461231184 0.995761736000059 -3.7054789066314697
0.6191423556722234 0.5657797722775675 0.544569548078291 -22.883434295654297 -0.7852277819204794 0.45395465471555924 0.42112053139489836 -368.515625 -0.008948402812474887 -0.6883446961687302 0.7253285499299503 -3.7839813232421875
0.9913406600275705 0.11470550185725203 -0.06392451501401114 -22.549484252929688 -0.10503169943835436 0.9848059357371892 0.13829537609728726 -369.48004150390625 0.07881648234469601 -0.1303837289713517 0.9883258801277709 -3.76605224609375
0.9746460124005751 -0.15917982447702192 -0.1572480015488999 -22.105499267578125 0.1901285429556339 0.9596979795794753 0.20695633632397206 -370.5118103027344 0.11796731608893202 -0.2316065013563692 0.9656304370017738 -3.858306884765625
0.9646510510167431 -0.16021187435840123 -0.20923791503181516 -21.665618896484375 0.2331780773786873 0.8888442061042302 0.3944413283429109 -371.3125 0.12278572393512277 -0.42928793669227294 0.8947823944447159 -3.8638839721679688
0.5850777804941504 -0.5639607196832055 -0.5827798018346549 -21.395782470703125 0.7868390893576607 0.5687793466544443 0.23952933490107417 -372.29205322265625 0.19638797883487225 -0.5986972201987782 0.7765264968405194 -3.892578125
0.45277731160806206 -0.8110302204951993 -0.37043580757870076 -21.078582763671875 0.8323165201815088 0.5334488383484688 -0.15060394117556528 -373.3116149902344 0.31975289885459957 -0.24012979471148008 0.9165673817924695 -4.0934906005859375
0.9782348350588014 0.1731411980873886 -0.11436228837489923 -20.657180786132812 -0.09764640113486882 0.8704164851262619 0.482535307273833 -373.9705810546875 0.1830895622991334 -0.46086578083570906 0.8683783416413633 -4.101325988769531
0.9678546830640208 0.23223533577656313 -0.09656117898923566 -20.222335815429688 -0.17306212446578428 0.8935211705528221 0.41433008441254204 -374.85107421875 0.18250154395630086 -0.3843002297561918 0.9049897899219111 -4.09185791015625
0.6025893527245982 0.7048741693014465 0.3742171527797003 -19.891494750976562 -0.7969218742651217 0.5065404637008568 0.3291387016919869 -375.82122802734375 0.042445238846252065 -0.4965573119845451 0.8669655342710966 -4.248085021972656
0.32926452253693744 0.9433194147065884 -0.04163359264034408 -19.42188262939453 -0.9391482129455513 0.331743083645289 0.08914684837217812 -376.40618896484375 0.0979056092351196 0.00974721966174421 0.9951479705999333 -4.174535751342773
0.776246882046264 0.5910925056712879 -0.2192040780932051 -19.264801025390625 -0.6171634409889453 0.7834509459763133 -0.07289651813018774 -377.6560974121094 0.12864705678770202 0.19187043802539913 0.9729520387931788 -4.3830108642578125
0.6532933613375302 0.7464040601202705 0.12684148796149708 -18.979122161865234 -0.7454125868267242 0.6047835557223463 0.2803514332549895 -378.5120849609375 0.1325438019395938 -0.2777009718452767 0.9514800632717358 -4.462257385253906
0.5208657693224312 0.6585329138080854 0.5431696344417498 -18.719200134277344 -0.8427025186967146 0.2951447310911956 0.45026886711310465 -379.30975341796875 0.1362032133628452 -0.6922600588944433 0.7086781325320379 -4.544502258300781
-0.24105006290781134 0.33073817728639365 0.912418284153389 -18.398666381835938 -0.9703162544262401 -0.10104428192007847 -0.2197189556854116 -380.19952392578125 0.01952520341436642 -0.9382975600397403 0.3452773598936048 -4.6308746337890625
-0.8912133607649892 -0.332211957589462 0.3088267488877079 -18.06397247314453 -0.4535755499016637 0.6484887280767915 -0.611335906101342 -380.86138916015625 0.002822432528373997 -0.6849069898839718 -0.7286250401150787 -4.706752777099609
-0.8599993758840497 0.22692364901783715 -0.457063158650393 -17.97601318359375 0.5082536655741183 0.46094103160758026 -0.7274692961294049 -381.6322021484375 0.04559917663200913 -0.8579271664290442 -0.5117437759206395 -4.8202667236328125
-0.9112585869459424 -0.2112600153665863 -0.35352085316794923 -17.601715087890625 0.4117562375882814 -0.4841131743365059 -0.772069449752401 -382.51531982421875 -0.008036698602521652 -0.849119332214938 0.528139916247987 -4.865386962890625
-0.9272031164593252 -0.2858485142935734 -0.2420434004559347 -17.1435546875 0.37261654644318365 -0.7696601224896981 -0.5184401654635736 -383.2588195800781 -0.03809580219486085 -0.5708887130827686 0.8201431503889003 -4.9971466064453125
-0.9693732886332638 -0.22911325660707732 -0.08844514080055726 -16.85015869140625 0.24121922715160288 -0.9558842933300133 -0.167626078571815 -384.171630859375 -0.046137964158751855 -0.1838269115550833 0.9818752236671446 -5.0737152099609375
-0.7861147349517574 0.5971423460713884 0.15951376749386406 -16.690719604492188 -0.6021546476291632 -0.6817066948345871 -0.41555476481000847 -385.146240234375 -0.1394037439609376 -0.4227256802538277 0.8954717167077986 -5.181026458740234
0.158596850045787 0.9799866780269801 -0.12030440575971442 -16.08303451538086 -0.9869022583550289 0.15370274048391547 -0.04898367096775969 -385.7862854003906 -0.029512228131704385 0.12649734565348789 0.9915278361868234 -5.402301788330078
0.6477256239551507 0.6201197417251683 -0.4426093333794726 -15.628120422363281 -0.760295085767642 0.48873910616563865 -0.42788487781409873 -386.788330078125 -0.04901936994173148 0.6136657005464156 0.7880428347135658 -5.578887939453125
0.4764068504127927 0.8246647857858683 0.3049008100423992 -15.237537384033203 -0.857906670657519 0.5119106447975006 -0.04408668942366396 -387.4403991699219 -0.19243871055765874 -0.24057323797080066 0.9513631587628094 -5.444771766662598
0.3196383614934273 0.8921649367183623 0.31917556853888035 -14.976319313049316 -0.9241585845810184 0.3678999766150759 -0.1028616437348499 -388.0462646484375 -0.20919423607500673 -0.2620903143898054 0.9420968308491686 -5.546733856201172
0.11720004284609337 0.9916895247956259 0.05306633930751203 -14.921810150146484 -0.982209819822701 0.1236428331696337 -0.14133760875875898 -388.9526672363281 -0.1467242986036456 -0.035557505767590765 0.9885381348146649 -5.7836809158325195
-0.06120551552755382 0.964813659097215 0.25571172849216284 -14.481956481933594 -0.9731846134545592 -0.0007715387819954844 -0.23002415712965524 -389.6224060058594 -0.22173315720547257 -0.2629334667693542 0.9389890303131034 -5.839306831359863
-0.7111581969053374 0.6944053774325152 0.10979613275136435 -14.306121826171875 -0.6231271638203235 -0.5502813921856285 -0.5557903625680153 -390.3489685058594 -0.32552504770537827 -0.4636718249010309 0.8240399760383951 -5.946247100830078
-0.2408626843473286 0.9116367917625635 0.33302181188904045 -13.700653076171875 -0.8912866340084783 -0.07194187800059276 -0.4476968865511405 -390.7803039550781 -0.3841787387751123 -0.40465136363863663 0.829857801420554 -5.822948455810547
-0.43283831540931267 0.855148883947792 -0.285256689661214 -13.8924560546875 -0.7869995176771606 -0.5127797973313422 -0.3430577773855946 -392.0117492675781 -0.43963934297278817 0.07600832672591507 0.8949525028619014 -6.162498474121094
-0.3718077758411425 -0.2515957779765672 -0.8935650744788699 -13.744926452636719 -0.7868345239099548 -0.42536437008893496 0.44716505301984166 -392.67425537109375 -0.49259558443763685 0.869347293757339 -0.03981046381711147 -6.2451629638671875
-0.6316393612905115 -0.6068315566893636 -0.4824802369781361 -13.330787658691406 -0.5112330431792942 -0.1418251541150593 0.847659366268006 -393.3101806640625 -0.582814286741628 0.7820748605256426 -0.22064999366336743 -6.27545166015625
0.07970572375285412 0.6659622389963038 -0.7417151028744551 -12.764732360839844 -0.9066217782077144 -0.26086074268738874 -0.33164532893448967 -393.9012451171875 -0.4143476184081616 0.6988890964635333 0.5829837750434145 -5.946189880371094
0.4381377174404537 0.8588229817894673 0.26544006198446746 -12.801429748535156 -0.8089635502629844 0.5054659664689681 -0.3001368539308364 -394.3116455078125 -0.3919353453083523 -0.08323005882396593 0.9162201931883963 -5.160606384277344
0.18590539289256114 0.8222035435147149 0.5379781760678674 -12.359835624694824 -0.9090606162176659 0.3517147729599448 -0.2233954218951067 -394.80731201171875 -0.3728913795402365 -0.44752435857010203 0.8128185329770715 -5.545717239379883
0.39043702820608717 0.4987679214521496 0.7738148922939527 -11.878055572509766 -0.7569793405868219 0.6523033753149341 -0.03850434361840943 -395.9124755859375 -0.5239667975457409 -0.5707283654095412 0.6322404036334708 -6.357673645019531
0.478310152655009 -0.15251816645380212 0.8648454236270849 -11.908416748046875 -0.6530184375830825 0.5966991890667833 0.4663871760067946 -396.7236022949219 -0.5871850798885233 -0.7878377286399867 0.18581010545095478 -6.430397033691406
0.22977326021799388 0.6871667468467983 0.6892068709152444 -11.488012313842773 -0.8231467257641514 0.515040054442157 -0.23908828951660738 -397.2396545410156 -0.5192626664343887 -0.5123822834058651 0.683981490172973 -6.278495788574219
0.7957133735679655 0.5097468978240575 0.32710598784467004 -11.425262451171875 -0.18226157376000388 0.7165619452164198 -0.6732902029572295 -398.1660461425781 -0.5775992952346931 0.47612716665446697 0.6630851946152736 -6.4408111572265625
0.8495275620682116 0.39024908240625633 0.35497686539761414 -11.231643676757812 0.25242415054977196 0.2901570276290507 -0.9230877247243082 -398.8922119140625 -0.46323316969498957 0.8737931980729475 0.1479880991694389 -6.532562255859375
0.47162085235426077 0.47118722945191643 0.7453565364482073 -10.7567138671875 0.8272582672536939 0.056244332047495044 -0.5589994046266485 -399.53564453125 -0.30531546126106507 0.8802381325039029 -0.3632675311681253 -6.5679931640625
0.6533064865089037 -0.663320184174915 0.3649615979134634 -10.169464111328125 0.5857676621837722 0.7482643259554893 0.31141089326183746 -400.19219970703125 -0.47965287513487276 0.010335945459133078 0.8773974513333829 -6.667320251464844
0.6509826856223406 -0.24555459923145662 -0.7182788329167187 -9.906890869140625 0.7463113169226432 0.03412829299512077 0.6647215039777404 -400.6476135253906 -0.13871179204780992 -0.9687818115620864 0.20547710415851017 -6.5024871826171875
0.5082326653487864 -0.7751328118746119 -0.37532476847102175 -9.889747619628906 -0.4928172719048358 -0.6191569920232453 0.6113720272804458 -401.9378356933594 -0.7062794732857127 -0.1257527064682288 -0.6966746460372818 -6.697509765625
-0.1430941073699967 0.1980679891152316 -0.9696871393000077 -10.114372253417969 -0.8742611982014191 -0.48452528602100975 0.030043377401315352 -402.0937805175781 -0.4638873071721224 0.8520588705565522 0.24249587079059673 -6.5139617919921875
-0.09041610354152091 -0.835429443449868 -0.5421093738697135 -9.95397663116455 -0.986906175467298 0.1481684266055922 -0.06373631760412782 -402.8994140625 0.1335706893179787 0.5292482993588804 -0.837887288709438 -6.612052917480469
0.5769599332249554 -0.11546291744535614 0.8085700650828361 -10.34735107421875 -0.7096204734503588 0.41931050157160354 0.5662309484052058 -403.5926818847656 -0.4044205967963842 -0.9004704425836404 0.1599905088437416 -6.662971496582031
-0.07575230210011319 0.5901616172844311 -0.8037231203659367 -10.154571533203125 -0.9115779587388062 -0.36763772267875305 -0.18403295901868166 -404.16143798828125 -0.40408812636369884 0.7187153611464036 0.5658277262418926 -6.708213806152344
0.39888596983901503 0.7797746405590746 -0.48253651986824225 -9.711692810058594 -0.8194221760506664 0.06689183978405067 -0.5692739052219904 -404.9076843261719 -0.41162759924715836 0.6224764989228677 0.6656468491826202 -6.774345397949219
0.8437827679633979 -0.315388881299426 -0.43423552830315876 -9.11737060546875 0.5106161485740711 0.2226679162609042 0.8304758562916862 -405.91552734375 -0.16523253100830043 -0.9224688897847578 0.34892600659146566 -6.8713531494140625
0.9555872162787132 -0.2900639204610034 -0.05211520057998771 -8.919586181640625 -0.045096972972993504 -0.3186755035269103 0.9467904659852374 -406.66064453125 -0.2912375922050118 -0.902390627998021 -0.31760324209296786 -7.04766845703125
0.893942795961139 -0.3796826616861995 -0.23813305936821103 -9.09967041015625 0.3905206925440265 0.39917536272379583 0.8295496479953804 -407.74639892578125 -0.21990876800190315 -0.8345658189796709 0.505113875820766 -7.218101501464844
0.9789252026265934 -0.014562088238535751 0.20369927159569398 -9.087677001953125 -0.05417143600481378 0.9432060630600193 0.32776177038818205 -408.2887878417969 -0.19690328383157954 -0.33188893954597537 0.9225393371685505 -7.2198028564453125
0.7977348134696719 0.57147274577629 -0.19245276878604606 -8.699920654296875 -0.494270698889427 0.43686568284938726 -0.7515616084978635 -408.8706359863281 -0.3454209657763479 0.694670624097094 0.6309651974702636 -7.3084869384765625
0.3348403974717407 0.8791762246350153 -0.33901485846123014 -8.34042739868164 -0.7902619438704986 0.06606722546108185 -0.6091971616725537 -409.74188232421875 -0.5131938895690279 0.47189436080164787 0.7169014883180369 -7.4653167724609375
0.005881050120015441 0.9981848493829705 0.059936797643705686 -8.460090637207031 -0.8840347893350259 0.03320427097612627 -0.46624024669082403 -410.3255920410156 -0.467384108089762 -0.05024423201961231 0.882625409023498 -7.5953826904296875
-0.18343745623698993 0.9819331601994883 0.04645394009068565 -8.41131591796875 -0.803146936146826 -0.12245411467634904 -0.5830608791170938 -411.1698303222656 -0.5668383355131066 -0.14426454415232515 0.8110992804171713 -7.765464782714844
0.5124889259949486 0.8584693918091741 0.01963171055539753 -8.3958740234375 -0.6622541125331254 0.40969873938004175 -0.6273487334675724 -412.1095886230469 -0.5466027727385827 0.30850809758771536 0.7784909521357984 -7.85809326171875
0.8443160517688219 0.4042341718485475 0.3517458443754905 -8.308670043945312 -0.23521584000278295 0.869399798832039 -0.4345313549130777 -413.01141357421875 -0.4814601887355724 0.28414560369769737 0.8291304858476607 -8.035987854003906
-0.011134391487818585 0.994271773593174 -0.10629988505205601 -8.01722526550293 -0.6168166936288387 -0.09050075155032267 -0.7818866800436072 -413.9376525878906 -0.7870280756027598 0.056861711236218526 0.6142910987539258 -8.190780639648438
0.17213211982097232 0.8934862091863316 0.41479263170863795 -8.208318710327148 -0.7120335313021746 0.40383177744067866 -0.57439372022199 -414.4207763671875 -0.6807193133937761 -0.1964746536399581 0.7057045605986721 -8.208084106445312
0.0942755705158494 0.9413698229851791 -0.32393668081395743 -7.892607688903809 -0.9677972798516236 0.0103721524640768 -0.25151708404213896 -414.8566589355469 -0.2334106722403874 0.3372169551284671 0.9120329946104888 -8.526199340820312
0.2049680748713083 0.1711157279682028 -0.9636947109564634 -8.195650100708008 -0.8005775914561075 -0.5371279941994209 -0.265648335032698 -415.79559326171875 -0.563084015349297 0.8259618184209357 0.02689732642649978 -8.570693969726562
-0.7770389587903576 -0.5196268612844271 0.35524411543851325 -7.9092864990234375 -0.22177126222950275 0.7541842615002071 0.618080582897182 -416.2373962402344 -0.5890907941660013 0.4014897567025613 -0.7012688582075978 -8.768539428710938
-0.5259607844497488 0.2877710475463057 0.8003455987353881 -7.79730224609375 0.6029910178511615 0.7898063518032409 0.11228427780448935 -416.781982421875 -0.599805873272199 0.5416583340495718 -0.5889305252258686 -8.792083740234375
-0.28735459412381287 -0.565523581736995 -0.77305266038951 -7.6396942138671875 -0.3512541764652981 -0.6886446781660104 0.6343413992081212 -418.02777099609375 -0.891093620643546 0.4538188908948063 -0.0007573079848162542 -8.924758911132812
0.5145535189455233 0.8569136927875995 -0.030554856469933944 -7.338714599609375 -0.075411618831624 0.009728999469160116 -0.9971050267221215 -419.0621032714844 -0.8541356823631552 0.5153680914477035 0.06962733968477325 -9.180389404296875
0.4189012011269353 0.8881749754160799 -0.18885708019308312 -7.4853363037109375 -0.05161055116175112 -0.1843600998087065 -0.9815027787058495 -420.0330810546875 -0.9065639165018597 0.42089971090886896 -0.03138946724045011 -9.24261474609375
0.44978778133142855 0.8909391037298489 -0.06259764540303708 -7.536163330078125 0.2662494971210873 -0.20065575105327366 -0.9427876085587965 -420.9918212890625 -0.8525269245294949 0.4073877551109017 -0.3274645934112279 -9.29473876953125
0.39984379421360444 0.8725599546338769 -0.2806493645070229 -7.943305969238281 -0.6684833480407049 0.06812113950449467 -0.7406007856766691 -421.03302001953125 -0.6271004334404171 0.4837340549536865 0.6105296147255308 -8.614097595214844
-0.08245412367677907 0.9807834768505574 0.17681936835546663 -7.91306209564209 -0.9913059325486955 -0.06246065336734841 -0.1158067997774096 -421.6282653808594 -0.10253714245313987 -0.1848308370317457 0.9774066175853776 -8.329113960266113
-0.11031735031440604 0.9616803125063653 0.25100011704632347 -7.376878261566162 -0.9893395670957605 -0.08209691225136717 -0.12028016452251951 -422.2710266113281 -0.09506473162209868 -0.2615933361851001 0.9604850978881283 -8.8356351852417
0.44900199217289666 -0.3176150820443553 0.8351753532538705 -7.3713531494140625 -0.2957173307088068 0.829197488570138 0.47432350275675156 -423.7198181152344 -0.8431776036774389 -0.4599480238102272 0.2783870400177393 -9.394485473632812
-0.22070023701830987 -0.4664280019953977 0.856584102312577 -7.627857208251953 -0.5326592145729113 0.7933443887768185 0.29475217035147644 -424.0599365234375 -0.8170468569859574 -0.39121554129522745 -0.42353846783787075 -9.457778930664062
0.7601485864791906 -0.37859649667921447 -0.5280519095466981 -7.6008148193359375 -0.20041536088508638 -0.9096941632104703 0.3637172150752603 -424.9610900878906 -0.6180678033961883 -0.1706494128997464 -0.7673792858046031 -9.610015869140625
-0.0063556154230792195 0.4654320556208257 0.8850607932527386 -8.179672241210938 -0.816248890783556 0.5088750316097945 -0.2734665436552436 -425.2284851074219 -0.5776654347000594 -0.7241679389511134 0.3766741851362901 -9.598770141601562
-0.5915096511430036 0.7728643162904295 0.22977615457137718 -8.347755432128906 -0.5966336345265731 -0.22786034345892742 -0.7694855229504916 -425.6385803222656 -0.5423510290912097 -0.5922502954694973 0.5958984382929691 -9.753265380859375
-0.8811788826974112 0.2800901339579166 -0.3808848822775437 -8.369659423828125 0.0020161651620083376 -0.8033895028424376 -0.595450452851134 -426.258544921875 -0.4727787133175324 -0.5254662915754134 0.7073651565152196 -9.760299682617188
-0.0818664677691785 0.07175693731964383 0.9940567505940003 -8.246728897094727 -0.8473719795372047 0.5200403055733487 -0.10732571394767071 -427.3416442871094 -0.5246509408646831 -0.8511222136248606 0.018230955107179314 -9.810409545898438
-0.8505945404871552 0.5034490874944391 -0.15174960953643798 -8.710891723632812 -0.1671452462972468 -0.5325039408056939 -0.8297602181754911 -427.9112548828125 -0.4985492897735162 -0.6804252856320248 0.5370940665646008 -10.019119262695312
0.7847397298953206 -0.5418086849748514 -0.30104302883415385 -9.10430908203125 -0.47468381144104704 -0.8376530101860121 0.2702086484221277 -427.9778137207031 -0.3985709917688684 -0.069143209443407 -0.9145274086150975 -10.193130493164062
-0.657215143423205 -0.7331233318565258 -0.17492408508493726 -8.83544921875 0.7529305033147604 -0.6281094738721729 -0.19640301935103704 -428.800537109375 0.03411616088304287 -0.2607847179564181 0.9647939772029019 -10.112920761108398
0.7392056436523289 0.5536023939677935 0.38353540356227134 -7.9687347412109375 -0.6722526841396991 0.6408838808671261 0.3705997570313039 -430.121826171875 -0.04063674518851543 -0.5317821364410612 0.8459056769537987 -10.357324600219727
-0.9425448404683074 -0.3054121345145817 -0.13539812331720152 -7.9754638671875 0.27320555789340384 -0.9379088865295311 0.2137420026693148 -430.5578308105469 -0.19227050434928145 0.1644699019887299 0.9674614744252563 -10.308877944946289
0.4981982813969822 0.8307016958274949 0.24846159655451305 -8.701324462890625 0.8597470005737133 -0.43613150567991477 -0.26575252540262684 -430.9420471191406 -0.11239914331344625 0.34601156382799525 -0.9314732579519975 -10.2392578125
-0.9521714398974575 0.2948321254932863 -0.08027183080454361 -9.91925048828125 0.3009871913113823 0.9502658568367355 -0.08000944942211523 -431.5827331542969 0.05269022404666329 -0.10034350555694034 -0.993556702550215 -10.061065673828125
-0.9524980363205128 -0.11525482937145337 -0.28189326900819106 -10.126129150390625 0.1815798386792848 0.5281734870841462 -0.8294947436401138 -432.3577880859375 0.24449182602036437 -0.8412782487666791 -0.48215625595993006 -10.542259216308594
-0.41980661803161196 0.03559122720004437 -0.9069154690505921 -9.437309265136719 -0.8505529192446121 0.3332816956196568 0.40679607044482996 -433.0272521972656 0.31673669667616494 0.942155282271071 -0.10964163929543319 -10.830390930175781
-0.4877246736288746 0.8286883002027245 -0.2745912304512425 -8.679084777832031 -0.7585712642041345 -0.24660968147101536 0.6031196416371348 -434.2474670410156 0.4320813347708385 0.5024533471994032 0.7488967579251276 -10.931182861328125
-0.9550669046909163 0.0063717782278608585 0.29632179806137615 -8.667327880859375 0.0030549578896052684 -0.9995041570041548 0.03133859224193304 -435.1781311035156 0.29637455153303016 0.03083570290472338 0.9545738759414939 -10.932518005371094
-0.09605721202770551 0.16072908490396537 0.982313174747951 -9.531171798706055 -0.9860201184343247 -0.1503544672284664 -0.07181824438960249 -436.0478210449219 0.13615189334058142 -0.9754792132333616 0.17292474227072596 -11.069864273071289
0.2569952953700053 -0.8351543707757954 -0.4862824232190273 -10.046672821044922 -0.9659010903989749 -0.2383427293105228 -0.10113271948722799 -436.8501281738281 -0.03144044725755685 0.4956913559453062 -0.8679294775022613 -10.918092727661133
0.9745889455980143 -0.21482883723992957 0.06344255518412054 -10.482086181640625 0.06944046341026007 0.020480659652416244 -0.9973758392008352 -437.4671630859375 0.21296574644650876 0.976436947923593 0.03487803850762822 -11.051528930664062
0.9148704309904715 0.07522893660493152 0.3966770747051058 -10.307281494140625 -0.009911350126833092 -0.9780071355573595 0.2083358057021206 -438.2257995605469 0.40362589069331545 -0.19453187372813643 -0.8940041892887572 -11.224761962890625
0.6571787044016655 0.37728013223443857 -0.6525150207482682 -10.595916748046875 -0.7426826628722327 0.17641814903209735 -0.6459869185680915 -439.2044677734375 -0.12860253788303705 0.9091404393784566 0.3961376638705146 -10.921577453613281
0.687380158225103 0.3967150288136019 -0.6083795722999378 -10.22784423828125 -0.6964372203739846 0.597736150325008 -0.3970978376576701 -439.5112609863281 0.20611578337475808 0.6966553527448578 0.6871590815347981 -11.284828186035156
0.7932278426857118 0.1302370304236441 -0.5948343513068177 -10.286666870117188 -0.5954580268702112 0.3702114881759247 -0.7130029398665914 -440.18243408203125 0.12735512484390482 0.9197726729627262 0.3712127452647544 -11.357513427734375
-0.26723214577502896 -0.4334820313672835 -0.8606278572915051 -10.375167846679688 -0.9636293293562965 0.1223845889201555 0.23757215324860537 -440.8446960449219 0.0023443269413501167 0.8928131612361784 -0.4504210954813884 -11.416982650756836
-0.8823669182012225 0.08325745991121819 -0.46313801078426786 -10.457199096679688 -0.4685396858512893 -0.24659869913370053 0.848327557237145 -441.314453125 -0.04357963339051696 0.965534710383163 0.2565999582986123 -11.51934814453125
-0.9826918789276201 -0.027267587283265837 0.18322977316324246 -10.448944091796875 0.17056410388630802 -0.5191186355697376 0.8375104349616636 -441.9479675292969 0.07228110095429185 0.8542671250188454 0.5147845389644798 -11.60333251953125
-0.9068701342525519 -0.42130950269628903 0.009212086547795595 -10.744171142578125 0.339328757523571 -0.7170947815616121 0.6087947672037048 -442.8130187988281 -0.2498850814239778 0.555223718148738 0.793274270909389 -11.69473648071289
-0.7009788765396591 -0.2783646872485762 -0.6566138252719017 -11.061859130859375 -0.002537158597251926 -0.9197027793361688 0.3926071325225492 -443.9795837402344 -0.7131775217093214 0.2768752400889767 0.6439859656500455 -11.948379516601562
-0.5730249258218152 -0.0428730039366433 -0.8184157500441641 -11.067916870117188 -0.2073154808798675 -0.9585671570791598 0.19536964133848042 -444.7244873046875 -0.792882542230848 0.2816219290158807 0.5403946366526242 -11.782150268554688
0.30964261037056595 0.9325672139043357 0.1855797548053309 -11.00042724609375 -0.42222791469463467 0.3097273453468178 -0.8519345981922751 -445.7909240722656 -0.8519653994708483 0.18543829996825878 0.4896606937557474 -11.80059814453125
0.555749370622871 -0.11261306988443022 0.8236874003792258 -11.334487915039062 -0.03784604250363259 0.9863288446932292 0.1603841862308521 -446.47100830078125 -0.8304879975767836 -0.1203067189201162 0.543889675636135 -11.84454345703125
0.5049393237779731 0.6084977370470543 0.6121819854514318 -11.430282592773438 -0.2868899708477848 0.7872299831442388 -0.5458599621383479 -446.81072998046875 -0.8140825657939127 0.09999728819990716 0.5720752733889697 -12.012557983398438
0.4354589125231621 0.8541026160324351 0.28440157663187365 -11.572662353515625 -0.4338419110742503 0.4759330841585152 -0.7650286893958983 -447.393310546875 -0.7887691244588539 0.20975323761485587 0.57779481445449 -12.014083862304688
0.014091967882988388 0.9820833722969579 -0.18791930794630907 -11.47674560546875 -0.5575993660424597 -0.1482838128165228 -0.8167587513125534 -447.87298583984375 -0.8299905803262058 0.1162934250696459 0.5455194550658471 -12.141677856445312
-0.43286199403712344 0.8008825067484152 -0.4137846112442797 -11.628345489501953 -0.35300529332299824 -0.5729518580549968 -0.73967116425968 -448.57244873046875 -0.8294683580487859 -0.17410737702837603 0.5307248479769433 -12.266006469726562
-0.45573419033606266 0.5233739191327106 -0.7199903391924092 -11.732254028320312 -0.03985711318951879 -0.8200600088389952 -0.5708878983050744 -448.86224365234375 -0.8892231206434813 -0.23147639766216763 0.3945895576905383 -12.343643188476562
-0.3287720927355046 0.8315302948862949 -0.4477346085848488 -12.214383125305176 -0.7940307621817689 -0.5000514970869683 -0.34563513850608496 -449.0946044921875 -0.5112964499655317 0.24187986470021194 0.8246636109986005 -11.914337158203125
0.49461841405633505 0.7556274562585636 -0.429394657424389 -12.583114624023438 -0.298183026331031 -0.31653354750306506 -0.9004961943912881 -450.0795593261719 -0.8163574629318113 0.5734401979747648 0.06875196042440562 -12.503921508789062
0.5459217735395653 0.7513832129228349 -0.3706651919362991 -12.721160888671875 0.4054642487896637 -0.6240843930763077 -0.6679202147502428 -450.6391296386719 -0.7331903982792256 0.21434070461845178 -0.6453602886875022 -12.635345458984375
0.6993798995215975 -0.09969562956184921 -0.7077630518693573 -12.481918334960938 0.0575503035698987 -0.9791546495470677 0.19479254305381308 -450.97894287109375 -0.7124294482292072 -0.17696596767917175 -0.6790635666704566 -12.7091064453125
0.1305904211678958 -0.8238953776764251 -0.551491204410925 -12.291778564453125 -0.6904556128998056 -0.47476480973517654 0.5457741493074546 -451.3150329589844 -0.7114894156024709 0.3095073215297867 -0.6308629244179055 -12.8997802734375
-0.8191286448410332 -0.4837696901992099 0.3082128323828409 -11.914337158203125 -0.06437799343946934 0.611461027667609 0.7886513079963662 -451.7259826660156 -0.5699857341737602 0.626164753470069 -0.532009364908333 -12.94699478149414
-0.1657304009307191 0.1191847445959548 -0.978942506413395 -12.149174690246582 -0.849137332414313 -0.5220482009916146 0.08019642474401795 -452.3291931152344 -0.5014969839467105 0.8445476141088881 0.18772347374619125 -13.071578979492188
0.5324485095623595 0.8142676044072245 -0.2312290057015819 -12.557403564453125 -0.7085917680020423 0.27934188516362485 -0.6479705375346725 -452.6548156738281 -0.4630294709676288 0.5088579169140954 0.7257184918474144 -13.127792358398438
0.7659718132317561 -0.6417955875663085 -0.037223717101769 -12.79449462890625 0.5984201926021823 0.6906522556907299 0.40606986442639864 -453.1127624511719 -0.23490520305098136 -0.3333134943108717 0.9130835997266918 -13.044235229492188
0.22263660101746596 -0.8170585480851464 -0.5318348172961057 -12.8499755859375 0.9693283340688994 0.12727570391602472 0.21024622699086137 -453.3682861328125 -0.10409382622712113 -0.5623310628034636 0.8203342313640979 -13.06707763671875
-0.8392670767106748 0.531462481604993 0.11479723252666452 -12.788787841796875 -0.4907298424647359 -0.6494845170701448 -0.5808219036853695 -453.0538635253906 -0.2341260251745928 -0.5437991290287467 0.8058954718842404 -13.147209167480469
-0.46559501154820226 -0.7839357999356845 -0.41068959908990604 -12.93853759765625 0.8572098242032634 -0.5148508487943203 0.010950834907816093 -452.914306640625 -0.2200286402058596 -0.3469485049326 0.9117094561395062 -13.217086791992188
-0.17598997128332428 -0.8542627764052189 -0.4891448035665321 -12.933868408203125 0.974100376414633 -0.22279310019924659 0.038622418004034265 -453.1830139160156 -0.1419717812685484 -0.46967897903999817 0.8713470433595216 -13.240188598632812
-0.9323053637252399 0.3576973767900361 0.05347237984862439 -12.913803100585938 -0.34842035916368885 -0.8486204217702535 -0.39805355553583915 -453.6668701171875 -0.09700495909691774 -0.38973833066816027 0.9158024194762764 -13.366844177246094
0.4498787802327104 0.8863625774773745 -0.10940961723721565 -13.219390869140625 -0.8873169611838128 0.4296978100429934 -0.16741685231714246 -453.9959411621094 -0.10137895980849765 0.17239829840204615 0.9797964754050843 -13.464295387268066
0.9184903246704471 0.35750564506221616 -0.16901253573455854 -13.512451171875 -0.3952981661833398 0.8184831614991903 -0.4169228635543737 -454.3323974609375 -0.010718362695176314 0.44974996174645643 0.8930901906359713 -13.47768783569336
0.912837476463505 0.3646798496171333 -0.1836745732184102 -13.510894775390625 -0.40430235915993196 0.8702125014270206 -0.281548938442043 -454.4398193359375 0.05716068527802538 0.33126848573831014 0.9418035073279318 -13.52127456665039
0.356190497184799 0.6893995592080586 -0.6307587315915493 -13.023178100585938 -0.9291045253441919 0.33315436223689576 -0.16053956492862162 -454.42364501953125 0.09946411765149071 0.643223459371828 0.759190668154943 -13.6395263671875
-0.808503718047317 0.5239363368762523 -0.267978455858598 -13.014404296875 -0.5639957201479989 -0.5598421173814209 0.6070301732703469 -454.30804443359375 0.1680195392161412 0.6419248542521014 0.7481322850505877 -13.718788146972656
-0.024625916631751843 0.9978984352766471 0.05993560796776341 -13.025054931640625 -0.973922506493629 -0.03747396341320408 0.22376472780863613 -454.5501403808594 0.22554049653047492 -0.05286222600804155 0.9727985760095774 -13.695398330688477
0.8807257281023242 0.34264381769611946 -0.32698227177212397 -13.210357666015625 0.254930559924851 0.2388890352781327 0.9369858261682962 -455.18603515625 0.3991648800621525 -0.9085852976019979 0.12304533923093502 -13.590995788574219
0.9230753356064837 0.2574802203432674 -0.28571989942417314 -13.14263916015625 0.008555291044625213 0.7289352920443427 0.6845291425552095 -455.26324462890625 0.38452403278614317 -0.6343163848933834 0.6706593711159711 -13.620773315429688
0.3327619675935313 0.8063899596779729 -0.48888107536888625 -13.315872192382812 -0.8857479545694389 0.4451768930303525 0.13140812337103522 -455.0145568847656 0.3236047495005856 0.3892977868449795 0.862396196222052 -13.629341125488281
-0.9653704606379973 0.2176590190679189 0.1438208091549077 -13.306320190429688 -0.10473589797252258 -0.8282589251238314 0.5504702940473762 -454.8237609863281 0.23893569302946432 0.5163445597380754 0.8223734128882224 -13.639602661132812
-0.9310275657460902 -0.06618377111951944 0.3588974508983147 -13.372161865234375 0.2014891713255177 -0.9131693922892217 0.35429334572454124 -454.8030090332031 0.3042856974283631 0.4021708212022998 0.8635211896149406 -13.600776672363281
-0.9316893942735476 -0.10006123864111784 0.3492028366433976 -13.489089965820312 0.11614909309658959 -0.992907428680321 0.025381612326117253 -454.9267883300781 0.34418637505141003 0.06420737179669334 0.9367033429191611 -13.498123168945312
-0.8891960401088398 0.20664614159612066 0.4082006546028497 -13.472305297851562 -0.22930399999590123 -0.9733313540926513 -0.006763928299882822 -455.105712890625 0.3959167562008947 -0.09961650116121462 0.9128671726246702 -13.435577392578125
-0.8853220088193827 0.20450366246056217 0.4175921368275863 -13.357345581054688 -0.3161802904048986 -0.9232706379379625 -0.21817734318920962 -455.3494567871094 0.34093249281857413 -0.32519160684409526 0.8820518432488358 -13.417503356933594
-0.7055479506981601 -0.7063996820517131 0.05658249254730027 -13.266082763671875 0.5681109305018714 -0.6115370529072846 -0.5507017373912769 -455.4202880859375 0.4236178229370484 -0.3564013497711698 0.8327820951313518 -13.437698364257812
-0.041649228577620157 -0.8892955090317706 -0.4554325848847588 -13.254669189453125 0.8488467625564701 0.2089334756472227 -0.4855985754214802 -455.2855224609375 0.5269957451975193 -0.40681728130684824 0.7461736957128788 -13.427200317382812
-0.620821438786473 -0.7809493427503359 0.06854826913140849 -13.641204833984375 0.5807221778674688 -0.5168586635869474 -0.6289824115251383 -455.472412109375 0.5266331676565363 -0.35067826555538495 0.7743915423034458 -13.394386291503906
0.511849747107836 0.8124062616642264 0.279295367656538 -14.26495361328125 -0.6704674076215521 0.17450863664839134 0.7211242549327785 -456.0791015625 0.5371064063133857 -0.5563657086340568 0.6340141217301426 -13.360023498535156
0.6996020100061249 0.327496826519182 -0.6350613011475779 -14.391021728515625 -0.1599892819898351 0.9380094638846781 0.30747630040566637 -456.46087646484375 0.6963910232360602 -0.11350803620291987 0.708629288467242 -13.320144653320312
0.7152357108734568 0.49263720551439116 -0.49572821347419027 -14.420440673828125 -0.21843806453404355 0.8313562053776747 0.5110104419115665 -456.5068359375 0.663869482544545 -0.2572070051981573 0.7022263642323843 -13.276962280273438
0.39144867763561775 0.7329617893022332 -0.556358650692334 -14.083602905273438 -0.45784955460144483 0.6795919849198281 0.573174074242709 -456.6238098144531 0.7982115747899078 0.030360327000818144 0.601611612600537 -13.245040893554688
0.4795375123089782 0.38963366232032914 -0.7862756409016908 -14.028793334960938 -0.24500598405491203 0.9198346041222654 0.306392507800892 -456.8621826171875 0.8426243778017587 0.04571553615657639 0.5365577766542164 -13.27838134765625
0.12970925775837072 0.9744168316888357 0.18354113046743425 -14.472938537597656 -0.7058449677596799 -0.03926435662634742 0.7072773089722698 -457.10601806640625 0.6963895389364412 -0.22129199809349231 0.6826942665935322 -13.094253540039062
-0.014987729135663985 0.9707049733094046 0.23980663620455506 -14.534015655517578 -0.4628252572089968 -0.21932885221604753 0.8588874407482141 -456.9814453125 0.8863228245198145 -0.09811579576183971 0.45255402037462783 -13.037429809570312
-0.08853075285212719 0.9959663961843168 -0.01460285831814545 -14.511367797851562 -0.3275991658466226 -0.015268965675127588 0.9446934133483775 -457.1265869140625 0.9406599238492264 0.08841830330217854 0.3276295336277414 -13.082778930664062
-0.1249056792919847 0.9899198732027772 0.06676238401080109 -14.859321594238281 -0.3218842891141145 -0.10408044635506497 0.941040788227605 -457.5042724609375 0.9385036364884844 0.09605157637815342 0.33163989351880263 -12.655181884765625
-0.11951668217167971 0.14534174500955496 0.9821362124676246 -14.301280975341797 0.1285908644517388 -0.978628362312009 0.16047092589646844 -457.0723571777344 0.9844694775676025 0.1454726972187319 0.09827279431093289 -13.03955078125
-0.34456464571621653 0.1849840750673888 0.9203565053249316 -14.586082458496094 0.08417027494803214 -0.9703568819324798 0.2265455506105741 -457.70166015625 0.9349815879137038 0.15552624748812718 0.31878051478192787 -12.961029052734375
-0.22509112838765363 0.39784750311907513 0.8894106746509681 -14.789253234863281 -0.06476542264944612 -0.9169266630525401 0.393765075409656 -458.131103515625 0.9721828140582466 0.03102996689091006 0.2321588189247559 -13.0172119140625
0.09795126940909232 0.7104671703400025 -0.6968801537497086 -15.002067565917969 -0.15522158907784472 0.7025842362135258 0.694465009419773 -458.44451904296875 0.9830116006972126 0.04014711562897855 0.17909886097174738 -13.01239013671875
0.009727565777481129 0.893121032539928 -0.44971123590461615 -15.100574493408203 -0.02300497379138622 0.44981336545828887 0.8928262470581525 -458.8210754394531 0.9996880241579881 0.0016605691495577557 0.0249218150462025 -12.924713134765625
-0.02627337405476532 0.9528468110389134 0.30231219708895557 -15.08312702178955 -0.0077922108605515406 -0.3026026139393881 0.9530849592176733 -458.9130554199219 0.9996244251045905 0.022685077254062935 0.015375174935398583 -12.8065185546875
0.042492324519475 0.9006229937078689 0.4325189308707863 -15.187244415283203 0.1547965339709652 -0.4336170175533673 0.8877017039291402 -459.010009765625 0.9870321349517998 0.029231922495777274 -0.1578387128675771 -12.659423828125
-0.004764794603950226 0.7000784971946397 0.714049994396805 -15.178991317749023 0.02244208911341089 -0.7138033942436526 0.6999864762996972 -459.5092468261719 0.9997367900445637 0.0193600653907946 -0.01231009745925131 -12.7894287109375
-0.038364236310458266 0.9039330129067642 -0.4259498721089318 -15.321516036987305 0.06399060375051263 0.4276111440632071 0.9016950216700768 -459.46142578125 0.9972128097873394 0.0073360514076104 -0.07424819422575002 -12.681060791015625
-0.022487940958536345 0.9985382563550935 -0.04914919233085335 -15.406490325927734 -0.05194199270019806 0.04792827671856145 0.9974993281627421 -459.05499267578125 0.9983968759495285 0.02498461298717325 0.050788258565373334 -12.669525146484375
0.04879552346957927 0.9580931803155273 -0.28227018036308377 -15.534238815307617 -0.21940654454573488 0.2859859324128191 0.9327769372537417 -459.4221496582031 0.9744125230618856 0.016416585968118347 0.2241667473228828 -12.48028564453125
0.009028703019961781 0.997480246043529 -0.07036789946217181 -15.451532363891602 -0.22654898485325559 0.07058141646654043 0.9714390465240401 -460.3124084472656 0.973957925160906 0.007170941536350506 0.22661539580034173 -12.389251708984375
-0.14478122368781765 0.9787571849294845 0.14516463142366665 -15.555839538574219 -0.5561227486905695 -0.20183820533744334 0.8062188457577792 -461.7338562011719 0.8183922565960066 0.03599599720900826 0.573531518339337 -12.284149169921875
-0.0608664666778464 0.9941458304818744 -0.08927116538759228 -15.457572937011719 -0.43954072897994817 0.05360298358728138 0.8966218086341184 -461.6260681152344 0.8961580333858145 0.09381251454921075 0.4337049588280306 -12.332366943359375
0.3228013386832754 0.48605268362690124 -0.8121281207318047 -15.30072021484375 -0.24944121133829503 0.8714162758863635 0.42238934196594635 -462.120361328125 0.9130051357086495 0.06623037716507921 0.40253591058463584 -12.329498291015625
0.5181301081311918 0.7451050214886652 -0.41995201868824905 -15.615341186523438 -0.4899924378810148 0.661026021519046 0.5682886675749584 -463.43212890625 0.7010339520075897 -0.08867415535023546 0.7075933099638118 -12.052963256835938
0.343423828194272 0.8269818013939475 -0.44515297863949294 -15.947528839111328 -0.7471105656159033 0.5277692864005641 0.40408586102129895 -465.2478332519531 0.5691097231408688 0.19380578034584264 0.7990953901325315 -11.486289978027344
0.42684535004627594 -0.33722824144378816 -0.8390948458408038 -15.063552856445312 0.06625497008371181 0.9370372071526334 -0.342887082507929 -465.2083740234375 0.9018942987307763 0.09076555285086402 0.42231302174169155 -11.988128662109375
0.1306773160096888 0.9220606443196775 -0.3643180029552271 -14.97779369354248 -0.4697284004854218 0.3811889481565732 0.7962727017678631 -465.5647277832031 0.8730857167872528 0.06707573331739425 0.48293082024449696 -12.031341552734375
-0.2406470725490676 0.9701083782875569 -0.03128451453755193 -15.056480407714844 -0.5548428652723872 -0.11104624212224445 0.8245108410244557 -466.0690612792969 0.7963908470907306 0.21577410986217588 0.5649806653181101 -12.0174560546875
-0.32212396687722483 0.9273599823375238 0.1903670484149717 -14.826385498046875 -0.566974888790678 -0.3500129937431346 0.7456744461839676 -466.6987609863281 0.7581395817684755 0.1322662744992692 0.6385373968578545 -11.930709838867188
-0.14942554130281327 0.9808464903990083 -0.12494866897373921 -15.103164672851562 -0.8002410484384571 -0.04574183706698348 0.5979313913283497 -467.7510681152344 0.5807635250258747 0.18933527567171773 0.7917486225980027 -11.702766418457031
0.08372497947622443 0.9716234003153171 0.22121956462168166 -15.326324462890625 -0.7691661864186347 -0.07812819694228884 0.6342549664864758 -468.986328125 0.6335404529167175 -0.22325759293302325 0.7407985837701316 -11.80902099609375
-0.06713445553520908 0.7418506334622306 0.6671960750121948 -15.36855697631836 -0.8381653379825567 -0.4047001327857726 0.365645550674098 -469.752197265625 0.5412687235418072 -0.5346732087498542 0.6489628099980438 -11.767242431640625
0.025364501802612904 0.9969443857668345 0.07388189044883745 -15.182083129882812 -0.9328255299486172 -0.0029692549734161022 0.3603161309197578 -470.6198425292969 0.35943451799234083 -0.07805815276376718 0.9298998613091206 -11.579330444335938
-0.07689057187742393 0.9970303494398683 0.004280449996974883 -14.929145812988281 -0.9489648104677321 -0.07449945627624993 0.3064565540308841 -471.1354064941406 0.3058653763509427 0.01950162327492347 0.9518750223844195 -11.701663970947266
-0.12019107003055085 0.9917348683087434 0.04490053079364045 -14.5360107421875 -0.9654642377968207 -0.1272990501616016 0.22731862520118762 -471.5477294921875 0.23115560174980657 -0.01602818793855028 0.9727847577810269 -11.60616683959961
-0.10940021669934097 0.9935762582484335 0.02894497592293302 -14.400390625 -0.9718984064727689 -0.1130288021883673 0.20648965439351985 -472.5027160644531 0.20843483413726593 -0.005541563038068145 0.9780205575535033 -11.498291015625
-0.0710703443169341 0.992525431628268 -0.09920823418342166 -14.32403564453125 -0.9759168759719402 -0.04862514387173961 0.21265428887426974 -473.2607421875 0.20624077519210687 0.11193240350574463 0.9720781242747858 -11.268613815307617
0.32799297691629536 0.9061867656672645 -0.2669197497808833 -13.920755386352539 -0.9184491940286804 0.3720128355091221 0.13437830258092548 -473.9283142089844 0.2210694123610376 0.20107708956011278 0.9543041019362646 -11.263116836547852
0.6937546173745853 0.5790093456874101 -0.4283137967402871 -13.622566223144531 -0.6861582622656994 0.7120735916027154 -0.1487885723653694 -474.625244140625 0.21884096964681526 0.39711380956678705 0.8912963885573616 -11.309335708618164
0.4375008175898646 0.711026014075089 -0.5504861868536681 -13.529476165771484 -0.8799649332146828 0.46453382717489244 -0.09934807357330125 -475.4175109863281 0.18508039042718444 0.5278734040645908 0.828911888176652 -11.249770164489746
0.5569382062855897 0.7153886717149784 -0.4219465401698052 -13.314445495605469 -0.822289918613802 0.5464275796708971 -0.15892196173314982 -476.31658935546875 0.11687225558487885 0.43547209848265195 0.892583288728631 -10.91832160949707
0.7113051071854216 0.640492506977887 -0.28950715534700994 -13.110595703125 -0.6718314047894346 0.7406039719833426 -0.012178678957565789 -477.0193176269531 0.20660979655038397 0.2031627554146629 0.9570983683936208 -11.007415771484375
0.8834764097293935 0.36616877033277706 -0.29221544292634993 -12.86224365234375 -0.40392484170146326 0.9113559285677675 -0.07921548914720071 -477.84783935546875 0.23730603807764516 0.18801809247347545 0.9530661263493352 -11.033988952636719
0.939340286778278 0.19402140474758095 -0.28283479300658565 -12.564071655273438 -0.24584545362614213 0.9558838053300783 -0.1607674209504077 -478.6433410644531 0.23916487736843628 0.22054896328812013 0.9455994480888176 -10.984371185302734
0.6942340271199362 0.6959047987162448 -0.18372704404234758 -12.206756591796875 -0.717593631338711 0.6494826080423988 -0.25145918577885784 -479.6678161621094 -0.05566413433224228 0.3064128799090321 0.9502697781024583 -10.933151245117188
0.2597092226361789 0.7679912612419023 -0.585440468650557 -11.955808639526367 -0.96185311805606 0.2596879389479616 -0.08602763306516603 -480.5075378417969 0.08596335826121942 0.5854499099163241 0.8061381420174965 -10.924491882324219
0.5237187818113883 0.4009130282652954 -0.7516564250674278 -11.794654846191406 -0.8371331495708184 0.40572508607918006 -0.3668722453602664 -481.0774230957031 0.15788200488857806 0.8213743959323252 0.5481034338874102 -10.81460189819336
0.25206716928571116 0.5599701165168707 -0.7892373602259148 -11.37224006652832 -0.9619205537242241 0.23406387280441798 -0.14114868674797848 -481.7784729003906 0.10569290653194435 0.7947625884853156 0.5976465823987871 -10.847545623779297
-0.5583182715440171 0.7175585350844432 0.416401796811168 -11.168106079101562 -0.8279909099631372 -0.5134513581600562 -0.22538579330119712 -482.6261901855469 0.05207456844292985 -0.4706139091984658 0.8808012192262342 -10.663536071777344
0.28536165565929483 0.6979394831692778 0.6568479301275043 -11.002986907958984 -0.9571513092867667 0.1722802151573588 0.23276790714349307 -483.5943298339844 0.04929601008209178 -0.6951258916906599 0.7171958575530473 -10.681442260742188
0.049749127619935496 0.8170894463549269 0.5743603929210774 -10.913188934326172 -0.9978422972199773 0.01599235002171967 0.06367883965291249 -484.5685729980469 0.04284593539431608 -0.5762890606251188 0.8161220156471729 -10.628379821777344
0.8814969733712619 0.41812941101311674 -0.21938751464732245 -10.387741088867188 -0.4547972866738915 0.8767626642581928 -0.15635427271725522 -485.6248474121094 0.1269744618865196 0.2376026645656562 0.9630277565158386 -10.547232627868652
0.927605164847157 0.21651732669088986 -0.304415678623013 -10.205947875976562 -0.34157188020546025 0.8215471592684859 -0.456496348014733 -486.55426025390625 0.15125246709322054 0.5274282058636152 0.8360276184778244 -10.503135681152344
0.9287695741813757 0.3216494917816952 -0.18419740093585146 -10.018966674804688 -0.3588794191207012 0.9046372437458176 -0.22986304565884016 -487.4804992675781 0.09269649727219341 0.2795944592879964 0.9556329304335001 -10.406281471252441
0.6504137763831216 0.7495005170491423 -0.12333245490994837 -9.626197814941406 -0.7496083137751067 0.6595808514363067 0.05514051448614912 -488.2793884277344 0.12267556973695817 0.05658688330014633 0.9908322911714614 -10.35855770111084
0.4751110050103194 0.8601357455321093 -0.18556948072354656 -9.453399658203125 -0.8776472912271571 0.4783899184301463 -0.02963643274808407 -489.4336242675781 0.06328321356977654 0.17694514743931372 0.9821841220860585 -10.378425598144531
0.4553758065829269 0.8849546191320635 -0.09740737577705608 -9.216873168945312 -0.8861543147587218 0.46107998728036975 0.046214454059677404 -490.24853515625 0.0858102861750773 0.06527302204094723 0.9941710252165836 -10.214309692382812
0.24904851836425762 0.8795385471663817 -0.4054463954076034 -8.92215633392334 -0.9635873094820893 0.2671033894628368 -0.012460992838959323 -491.2361755371094 0.09733618292103144 0.3937863930939143 0.9140338856456302 -10.170150756835938
-0.2720808445193376 0.8819611799338183 -0.38485905359675654 -8.622955322265625 -0.9558858095471703 -0.20170724913135624 0.2135333808897612 -492.02655029296875 0.11069929156049221 0.42597965061444903 0.8979348551595472 -10.161945343017578
-0.0391313074919048 0.9989909632743554 -0.022040781976810912 -8.230667114257812 -0.9925627077900339 -0.036315973279460845 0.11619131288216525 -493.1213684082031 0.115273639130938 0.026423576232993358 0.9929822670826349 -10.099136352539062
0.3976300551840363 0.872652576998214 0.2834921852057234 -8.664592742919922 -0.9165934688377212 0.3637090080168866 0.16604869879467782 -494.43212890625 0.04179416344866266 -0.3258730386910649 0.9444892855696554 -10.076215744018555
-0.985656976560884 0.15083191853551292 -0.07569713936307801 -8.03948974609375 -0.13422082240787786 -0.9725366028523961 -0.1901508005359788 -494.5658874511719 -0.10229904881771759 -0.1772633308476885 0.9788322717134804 -10.085426330566406
-0.8228987868820843 0.44364259800374467 -0.3549913122662044 -7.6734619140625 -0.5592911749628021 -0.7425905415080096 0.36844629089131753 -495.7950439453125 -0.10015472109053208 0.5017375139446212 0.8592022456581156 -10.0694580078125
-0.4496463237432063 0.40309073841629584 -0.7970796949786296 -7.2772674560546875 -0.8815003711365548 -0.3442620851318768 0.3231728831860259 -496.760986328125 -0.14413632169004492 0.847939545807163 0.5101208164993918 -9.912467956542969
-0.9365741114964079 -0.005230264806080326 -0.3504305608887049 -6.998748779296875 -0.1655261849779735 -0.8747392903759086 0.45544731414214024 -497.9100646972656 -0.30891749021599885 0.4845655974196992 0.8183924278950401 -9.895233154296875
-0.7864352420357704 -0.6062211937974744 -0.1183869683491553 -6.8267822265625 0.38974462063269893 -0.6357248912504422 0.6662979763833047 -498.9507751464844 -0.47918549724716475 0.47785952625785144 0.7362279079148039 -9.8524169921875
-0.7413381418884806 0.15746024238092077 -0.6523986752367578 -6.0439453125 -0.26265414078931676 -0.9626214579870276 0.0661266281399158 -500.38983154296875 -0.617600649050469 0.22037740513099482 0.7549855876771214 -9.84637451171875
-0.5663245190313286 0.36929981093144665 -0.7368135373280897 -5.29461669921875 -0.3324199080248313 -0.9204008518254514 -0.20581369416962156 -501.13543701171875 -0.7541707657372414 0.1283741469493823 0.6440081789094929 -9.777679443359375
-0.35613781856257304 0.9344299692931121 0.0025468954366697494 -4.9124908447265625 -0.5177589722651154 -0.19506224364194164 -0.8329924175791417 -502.1279296875 -0.7778762760416744 -0.29797878043955617 0.5532785424894873 -9.75970458984375
-0.37941639994128384 0.8795689263689277 0.28705696163271816 -4.8532562255859375 -0.4291388236434384 0.10756789833119043 -0.8968104689902637 -503.50408935546875 -0.8196847354303494 -0.46345188640766455 0.3366441496412134 -9.730484008789062
-0.42023926437036974 0.8563233915147868 -0.3001819611936458 -4.7227630615234375 -0.40292801881611867 -0.472505426596039 -0.7838288292032976 -504.53936767578125 -0.8130485670206717 -0.20844392766858927 0.5436020204926798 -9.675155639648438
0.041669930160715574 0.8120294949688548 -0.5821268901373893 -4.642522811889648 -0.6367677211158925 -0.42739197841893983 -0.6417655071192419 -505.68023681640625 -0.7699288839011524 0.3974219370942818 0.49926477709823947 -9.62152099609375
-0.28566437539118894 0.13997987783679405 -0.9480514218296169 -4.366188049316406 -0.738392778400307 -0.6627535217223368 0.12463496399853119 -506.8293151855469 -0.6108780315567396 0.7356380925736761 0.29268520173716805 -9.6024169921875
-0.10053980970177512 0.800435986895637 -0.5909263723574522 -4.4875335693359375 -0.5186222966322196 -0.5490249943115195 -0.6554406678389416 -507.91021728515625 -0.8490716460352757 0.24056971235723643 0.47032281828049083 -9.60614013671875
-0.3228274343210619 0.9430411913077632 0.08034773890107216 -5.1060791015625 -0.3751666304562533 -0.04956485278887002 -0.9256313114626786 -508.84490966796875 -0.8689260308229816 -0.32896297187503043 0.36979848038271657 -9.56109619140625
0.10943176317434183 0.6950032020510384 0.7106301698825901 -4.7101898193359375 -0.4972879840235236 0.6573012026826801 -0.5662683020421702 -510.226806640625 -0.8606563484657364 -0.2914201058449918 0.4175463707840355 -9.4283447265625
-0.017680126652075967 0.6684225826119381 -0.7435715595529145 -4.851269721984863 -0.2906408429087305 -0.7150099953930564 -0.6358369342223872 -511.2878112792969 -0.9566688630633221 0.20487058730429886 0.2069123701056137 -9.499053955078125
-0.1109510957201621 -0.9903788022510053 0.08270237245907741 -4.592498779296875 -0.09337555142116727 0.09323636852556155 0.9912557621426263 -512.6539306640625 -0.9894295633117542 0.10225853331644363 -0.10282184402490269 -9.47528076171875
-0.15687932509006935 -0.8298023495688462 0.5355529273650801 -4.225091934204102 -0.30024733352224114 0.5566730336896515 0.7745751559891036 -513.6175537109375 -0.9408721571351064 -0.03928351069829 -0.3364764326296107 -9.29840087890625
0.052667302579505804 -0.5875006447832081 0.8075079861018795 -3.9632797241210938 -0.2067166467960072 0.7847013946034822 0.5843902371230756 -515.1221313476562 -0.9769822839624132 -0.19770360059104755 -0.08011805749593526 -9.223419189453125
-0.17022602296728667 0.9372467910377689 -0.3042886028002781 -3.5943603515625 0.10386345244061407 -0.29001011320506737 -0.9513708622224566 -516.4656372070312 -0.9799160598499532 -0.1935525430682548 -0.04797841931487827 -9.235595703125
0.104267636342366 -0.8699211364839645 -0.4820430232977384 -3.9453866481781006 -0.4930594985170429 -0.46614309214848165 0.7345767138729451 -517.3172607421875 -0.8637248351956186 0.16108331366314754 -0.4775265177198034 -9.422515869140625
-0.08422650462672684 0.14823697190038634 -0.985358663675399 -4.054683685302734 -0.07080828027612382 -0.9872629983212385 -0.14247090787278582 -518.4381103515625 -0.993927604688944 0.05777172584891331 0.09365011654950642 -9.37957763671875
0.12584071219530668 0.9917619223439084 0.02392497738543936 -3.8880615234375 -0.7553264741000002 0.11141963962905443 -0.6458076969412749 -519.1419677734375 -0.6431531953413898 0.0631977317128346 0.7631251627541271 -9.405227661132812
-0.04763677258928578 0.995034050610297 0.0873955148925917 -4.108518600463867 -0.8279025499346844 0.009619649711319678 -0.5607894704352774 -520.2840576171875 -0.5588453325464248 -0.09906917010602273 0.8233329787064161 -9.240737915039062
0.1359681018502667 0.9388837971110746 0.31624340436051146 -4.67578125 -0.28306197045671744 0.3427173121605813 -0.8957794175055526 -521.8124389648438 -0.9494148704125062 0.03228094589254071 0.31236092004584526 -8.865478515625
0.05224111735336895 0.9983407429361255 0.02422037678106681 -4.98291015625 -0.5375566073606377 0.0485525270283273 -0.8418286916006636 -522.928955078125 -0.8416078418958518 0.030958247897916624 0.5392011010249315 -8.896209716796875
-0.23920601969294308 0.3490567454652538 -0.9060573208069478 -5.027587890625 -0.2809497908206098 -0.918112838528661 -0.2795282289263474 -524.0247802734375 -0.9294340725304377 0.18769177971890474 0.3176855373564167 -8.771331787109375
-0.17609066250512032 0.21138900586032086 -0.9614087407444833 -5.247540473937988 -0.3516361400435234 -0.9257385605680603 -0.1391407290934878 -524.999267578125 -0.9194259641721021 0.3135646754319768 0.23734593050532712 -8.782150268554688
-0.0318426304235524 0.9219482382541649 -0.3860019337616725 -5.392822265625 -0.490525022731891 -0.3509041756227384 -0.7976537228675136 -526.0953979492188 -0.8708451348900026 0.1639442146297574 0.46341239250568733 -8.579803466796875
0.39048246911422 -0.19375293905342506 0.8999906887977352 -5.647804260253906 -0.5610074270635911 0.7250344767462399 0.39949427318648234 -527.1860961914062 -0.7299274676938469 -0.660896970894455 0.1744164148484375 -8.337127685546875
0.6454590934382622 0.7016903275085249 0.3016840118051264 -5.88861083984375 -0.6942985237726642 0.7036387901349036 -0.1511357433057718 -527.9642333984375 -0.3183270622880745 -0.11190682418185292 0.9413526141231967 -8.484939575195312
0.7448407214247723 0.38262784801730815 0.5466335423563656 -5.7974853515625 -0.34074190751602845 0.9224865865836325 -0.18142064390696266 -529.2449951171875 -0.5736787011644787 -0.051131472645742984 0.817482917457799 -8.337448120117188
0.2516101401822747 0.9176290559441763 -0.30765118729570345 -6.1759490966796875 -0.9451545888640885 0.16456654020994144 -0.2821358839149775 -529.935302734375 -0.20826699332014192 0.3617661807443167 0.9087079233521947 -8.250171661376953
-0.6707579033399229 0.6720362892520545 -0.31376912058926376 -6.39996337890625 -0.7215684372533496 -0.6891406240459059 0.06651458974825541 -530.655517578125 -0.17153082949367998 0.27102108076300774 0.9471666951045427 -8.249618530273438
-0.7506325774050738 0.6541574727400361 -0.09289098232113134 -6.8549957275390625 -0.6510763876386956 -0.7562627282594939 -0.0645462880795934 -531.6910400390625 -0.11247342440578033 0.012028578630736551 0.9935819252072581 -8.14345932006836
-0.44000746086089526 0.6585284973519206 -0.6105191664167221 -7.142276763916016 -0.8928604174789162 -0.3934207092829991 0.2191356210355531 -532.8407592773438 -0.0958838322457094 0.6415297060017435 0.7610820764091041 -8.097251892089844
0.15613671817973346 0.4121457840438576 -0.8976397818339693 -7.572624206542969 -0.9817246982882468 -0.03535206096376947 -0.1869942473886943 -533.98876953125 -0.10880230699260374 0.9104318120982413 0.3990939407114563 -8.004653930664062
0.44908567217072626 0.5808250076412329 -0.6789435687518726 -7.783721923828125 -0.8893737540582836 0.21774554238364885 -0.4019965228261638 -535.23828125 -0.08565269781648899 0.7843654691982637 0.6143569207603548 -7.896728515625
-0.36243446039324984 0.8818055399608964 0.30176191213227366 -8.158940315246582 -0.9304171890894137 -0.361242432607437 -0.06186888661367483 -536.2095336914062 0.05445288023978313 -0.30318788659531504 0.9513737379471112 -7.919773101806641
-0.6060611169993504 0.3220613854659726 0.7273007537829437 -8.361236572265625 -0.7916437425496314 -0.1552578008629797 -0.5909274068387794 -537.3118286132812 -0.0773957837579845 -0.9339012149381377 0.3490535967348821 -7.6419830322265625
-0.44726637262083796 0.5922402771937525 0.6702270107896764 -8.892471313476562 -0.8943982700537629 -0.29438045745438474 -0.3367371093208814 -538.5060424804688 -0.002127544931072034 -0.7500610644063684 0.6613651587543388 -7.5794830322265625
-0.9466781328044602 0.32013432044086637 -0.03625644419583036 -9.370254516601562 -0.32050219343769565 -0.9242907189464942 0.20728003008249152 -539.3094482421875 0.03284595669921329 0.20784774173716047 0.9776095638767431 -7.4880290031433105
-0.577232426743183 0.2318479678090004 -0.7829746134703299 -9.816314697265625 -0.8125475176185268 -0.06790993407078341 0.5789255327470638 -540.4107666015625 0.08105095390028244 0.9703786687048198 0.2275873067517513 -7.318763732910156
-0.10879504395595407 0.7462986705489737 -0.6566596780277106 -10.235946655273438 -0.9859417077605143 0.0032621618973428523 0.1670577959810208 -541.662109375 0.12681714122666088 0.6656032246290504 0.7354520786934436 -7.1545562744140625
0.3577197470451292 0.9337255918336724 -0.013896104807711168 -10.5948486328125 -0.9157131779399335 0.35365820962243055 0.19077538235790492 -542.7848510742188 0.1830463283464507 -0.055519275225051956 0.9815353543084264 -7.121391296386719
-0.6405288713486154 0.7541225769167027 0.14498932358411995 -11.087333679199219 -0.7505909572619708 -0.6547022343732732 0.08932076568862231 -543.88330078125 0.16228364010406973 -0.051615145947242855 0.9853932701533015 -7.03691291809082
-0.9292089760561132 0.3674338882737064 -0.039535004297650764 -11.508895874023438 -0.35146519146286537 -0.8455924735216312 0.40180292173345467 -544.9178466796875 0.11420550777752016 0.38725405933525703 0.9148723383738542 -6.954242706298828
-0.9749338005482157 0.22236676289607699 0.007556937721844313 -11.80804443359375 -0.21026054853666426 -0.9319000884872412 0.29555494718670006 -546.0516357421875 0.07276390779550679 0.2865575820609043 0.955295852542936 -6.894916534423828
-0.5798531583677607 0.7872608178307393 0.20973964679909218 -12.233192443847656 -0.814666425060507 -0.563251469633057 -0.13808112773052864 -547.528076171875 0.009430302755780204 -0.2509346262767991 0.9679580996743905 -6.7631378173828125
-0.8476698902880295 0.5028943429782076 0.1689764388889673 -12.766326904296875 -0.5286071722439905 -0.7735687488708596 -0.3495223143414239 -548.5626220703125 -0.045057902206961174 -0.3856016993879694 0.9215644930648196 -6.647552490234375
-0.3181096963294841 0.947787595484372 -0.02246986753667757 -13.17562484741211 -0.9472567205983615 -0.3167811685479059 0.04852212417713152 -549.7996826171875 0.03887063650625222 0.0367200912223216 0.998569330852006 -6.598268508911133
-0.2699803937695839 0.9470116746776263 -0.17400998535801787 -13.742788314819336 -0.9626944728603992 -0.2688970106734016 0.030228290969652086 -551.1865234375 -0.018164220436280604 0.1756794970256511 0.9842798257714906 -6.442211151123047
-0.7595070485827349 0.649508117920083 0.035892170581547055 -14.092208862304688 -0.6471533115540946 -0.7488605696699739 -0.14283010375313396 -552.271728515625 -0.06589108056263901 -0.13170820760102123 0.9890962104632766 -6.346931457519531
-0.1549986203510501 0.9711769370654595 0.18108225921227994 -14.764881134033203 -0.9855703170437045 -0.13939074708315952 -0.09602796358337648 -553.5747680664062 -0.06801895215043102 -0.1933535014933813 0.9787685352567306 -6.129814147949219
-0.9196927487322488 0.3781478331971247 -0.10568568577456555 -15.193359375 -0.3641847254309432 -0.922160967914986 -0.13034045809680375 -554.6436767578125 -0.1467471760958594 -0.08138406172227886 0.9858204201605255 -6.005340576171875
-0.41132912144033257 0.7959792894971998 0.4441005793135795 -14.66158676147461 -0.9077309035982937 -0.31353749176908613 -0.27878100349158547 -556.5513916015625 -0.08266172335337074 -0.5177945653892895 0.8515021007288046 -5.9271087646484375
-0.7899354514228821 0.6068434713182183 -0.08799422653664371 -15.32281494140625 -0.6095737311980396 -0.7927112083381372 0.005367160179342311 -557.7128295898438 -0.06649698353028963 0.05787867909295513 0.9961065252711816 -5.86328125
-0.4788677770258034 0.8778111745594046 -0.011540968113802749 -16.15526580810547 -0.8772627181128203 -0.47799016387100224 0.043994620715250336 -558.6524658203125 0.03310250044440283 0.03119206728017328 0.998965104196897 -5.919173240661621
-0.2826810895410328 0.945587041212375 -0.16111036312764232 -16.487594604492188 -0.9591948744357535 -0.27971894171594897 0.04126144085570271 -560.0578002929688 -0.00604933649863304 0.16620006358764045 0.9860734984733088 -5.600768089294434
-0.10786855980431387 0.9758971589876455 0.18970795683256222 -16.808902740478516 -0.9941599192822208 -0.10526604688066232 -0.023772132148510206 -561.681396484375 -0.0032293495492388136 -0.19116431271019274 0.9815527376802168 -5.395198822021484
-0.20401245491755177 0.8566034577186917 -0.4739297779870929 -17.6846923828125 -0.9778696409758595 -0.20124080644242498 0.05721103984499831 -562.58447265625 -0.046366836168294595 0.47511330653517136 0.878702146609964 -5.312335968017578
-0.33714695551192747 0.9274422033661389 -0.1618112783596986 -18.219520568847656 -0.9414503371485197 -0.33180301944448626 0.0598165442871843 -563.8071899414062 0.0017869168915341932 0.17250424836183975 0.9850071528801907 -5.211647033691406
-0.5446866478213969 0.8385844488899435 0.009621733993374341 -19.525436401367188 -0.8365164446780077 -0.5424560153271946 -0.07734151032019115 -564.8607788085938 -0.059638020325589326 -0.05017562670552392 0.9969582303268039 -5.225795745849609
-0.6261759668829643 0.7773488626273928 -0.060269430643431585 -20.060531616210938 -0.7729849776321516 -0.6290497739482581 -0.0824051348561923 -566.1063232421875 -0.10197000957735887 -0.005012750496881796 0.9947748436099745 -5.082233428955078
-0.24532870569496745 0.9683534336062388 0.04588522403824039 -20.517200469970703 -0.9618950962971139 -0.2372529045093209 -0.13590026865851684 -567.5269775390625 -0.12071308910635167 -0.07747700900847018 0.9896593672539574 -4.950798034667969
-0.3656551409521138 0.9305386445322137 0.019853184314871992 -21.097618103027344 -0.9266890945280033 -0.3619863188831871 -0.10106051169605808 -568.68310546875 -0.08685413046113188 -0.05535102504516114 0.9946821723788412 -5.021327972412109
-0.42405520636325506 0.8845132782035504 -0.1944567886133713 -21.660388946533203 -0.9054267030021316 -0.41868840651906264 0.07001788155333953 -569.8862915039062 -0.019485057015734372 0.2057578162018066 0.9784089398737916 -4.9234771728515625
-0.36052349851186805 0.8765178814597034 -0.3189658453536307 -22.21323013305664 -0.932664969695999 -0.3433787214066165 0.11057625417384294 -571.233154296875 -0.01260402010170375 0.33735360849789414 0.9412936213056611 -4.604619026184082
-0.1888629925593906 0.9654526251142151 -0.17953272320549876 -22.754852294921875 -0.9819955416784673 -0.18494479104796296 0.038473112531207415 -572.559814453125 0.003940325510056075 0.18356648093891212 0.9829994002595215 -4.472357749938965
-0.42054378062611764 0.9072677850902651 -0.0028451211040641973 -23.186708450317383 -0.9053804107944985 -0.41946239680331154 0.06586053004346765 -573.762939453125 0.058559715899901305 0.030273153212477623 0.9978247821477962 -4.34093713760376
-0.29845767282251673 0.954359467515114 0.01100110438254022 -23.85372543334961 -0.9506362809682974 -0.2982795492344816 0.08555683383131187 -575.158935546875 0.08493337883383546 0.015077044562594039 0.9962725550205254 -4.195387840270996
-0.22370705503042415 0.9719790750269548 0.07219301378499382 -24.42267608642578 -0.9722603914903478 -0.2277346405886856 0.05335414337217037 -576.3699340820312 0.06829996097107727 -0.058254709558006906 0.99596260178064 -4.152266502380371
-0.06209418229822472 0.9935264709583141 -0.09512867091383741 -25.14117431640625 -0.9957467728298038 -0.055167716204944095 0.07378948087472731 -577.826416015625 0.06806377100738574 0.0993059645431687 0.9927263714047316 -4.037032604217529
-0.025087694344865796 0.9957431046820097 -0.08869203499013117 -25.620582580566406 -0.9980639902006928 -0.019897492966609254 0.05892674467773441 -579.1635131835938 0.05691115055180097 0.08999866250048273 0.9943145184955283 -3.9447813034057617
-0.1829855862496172 0.8135140287951691 0.5520065218621396 -26.18579864501953 -0.9777362172331455 -0.2092469114789614 -0.015735931721226115 -580.4178466796875 0.10270425860451615 -0.5425962172647065 0.8336912979481843 -3.7339553833007812
-0.3162159792785597 0.7503565549474478 0.5804933202856852 -26.921194076538086 -0.9072367324390376 -0.4180747540771552 0.046206182667087814 -581.7510375976562 0.2773607141652177 -0.5120337297978756 0.8129529468468863 -3.7443792819976807
-0.7444135646603418 0.6382271642484965 0.1962511950664411 -27.418319702148438 -0.6658520213363572 -0.7315077405414236 -0.1467566394077922 -583.0577392578125 0.049895194477732135 -0.2399218880037925 0.969509132099706 -3.6979713439941406
-0.7933960221217066 0.5748456388824311 0.20018802046901324 -28.06689453125 -0.6058419693167157 -0.7776013631103712 -0.1682011542865749 -584.1971435546875 0.05897677759844307 -0.25473243128180995 0.965211442201843 -3.418415069580078
-0.36079514211300057 0.6611452739713042 0.6578098449651457 -29.043598175048828 -0.9299540864089868 -0.3085678140681859 -0.1999282403574049 -585.6327514648438 0.07079733468773008 -0.6838660912975514 0.7261645175678325 -3.28485107421875
0.0356958374125263 0.9993626796861156 -0.00020406372706540526 -29.620330810546875 -0.9934329380646153 0.03550624492910254 0.10876720157906453 -586.9405517578125 0.10870512756868816 -0.0036798127154507657 0.9940672282188234 -3.162515163421631
-0.17390659844884337 0.6975089804686792 -0.6951530170987512 -30.166000366210938 -0.9739280638027412 -0.017400068325153506 0.22618877991563582 -588.3713989257812 0.14567299527845473 0.7163647533120429 0.6823495575280896 -3.0810546875
-0.2838915006953865 0.9531170740449036 0.10475427913456904 -30.657569885253906 -0.9485768138286405 -0.2951212286428969 0.11447920628224187 -589.6696166992188 0.14002729769450828 -0.06686780666650316 0.9878871657896893 -2.9935760498046875
-0.6860840909895412 0.7088874532356989 -0.16360684195980219 -31.37921905517578 -0.7224825304498258 -0.6374558805680597 0.2677106526158723 -590.8890380859375 0.08548457922848754 0.30187510492620023 0.949507139383335 -2.9255447387695312
-0.2178346263927659 0.9726864206872923 0.08018230824108152 -32.51637649536133 -0.9698075686220324 -0.22495327610792398 0.09417697920263647 -591.7859497070312 0.10964194173648073 -0.05724640232238003 0.9923212655352087 -2.836594581604004
-0.5885107247798071 0.7727271931036673 -0.2377978382098404 -33.34251403808594 -0.7969922315964052 -0.5050539011081927 0.3312460411089885 -592.8975219726562 0.13586209770987595 0.3844648774771543 0.9130872074409698 -2.72613525390625
-0.24126180942572995 0.8550306029995282 -0.4590374791309374 -34.03041076660156 -0.9581927841015841 -0.13490730394739137 0.25232242832792495 -594.2357788085938 0.15381588932316928 0.500722165752535 0.8518321342352689 -2.6062164306640625
-0.01632693792723483 0.9852949637692812 -0.17008017364999253 -34.42639923095703 -0.9936054715522571 0.003018362085909443 0.11286742839161142 -596.1372680664062 0.11172107231555471 0.17083537063854703 0.9789451864836218 -2.5297203063964844
0.2094005672198711 0.9653485152955661 0.1557358226762331 -35.03050231933594 -0.9536653871036458 0.16643065987116157 0.2506454964592499 -597.2723999023438 0.21604104213887315 -0.2010051727481076 0.955470140109074 -2.326807975769043
0.5729759756336694 0.6868192022934456 0.44718890271074413 -35.63661193847656 -0.7763849752172622 0.28007878253897533 0.5646080461952134 -598.7291259765625 0.26253552446009193 -0.6706975912678381 0.6937145230308964 -2.299297332763672
-0.22427625268458445 0.9251475158584035 0.3062715076248286 -36.314208984375 -0.9437951263741713 -0.2844991505329925 0.16825870788273573 -600.2179565429688 0.24279810937098043 -0.25132112375809296 0.9369561200178196 -2.1046009063720703
-0.5149063138415741 0.8475764862481695 -0.12839621460654072 -37.00248718261719 -0.8388133490939619 -0.4672580103272199 0.2793959863112192 -601.4381103515625 0.17681530857890587 0.2515632161987402 0.9515525707536563 -1.9538154602050781
0.08364339339275689 0.9099624292723308 0.40616765018221596 -37.455413818359375 -0.9824837273752004 0.007193703414956787 0.18620949512339774 -603.1106567382812 0.16652179492390046 -0.41462830094432296 0.8946249850475598 -1.8271331787109375
-0.6103555357335775 0.7871820315346865 -0.0883774248793311 -38.08326721191406 -0.7774784136037021 -0.573970111798132 0.25707124915616486 -604.3301391601562 0.15163586772148874 0.22561640009397363 0.9623428721765375 -1.7535438537597656
0.00010168764174167677 0.9745135213767641 -0.22432874607032147 -38.63703155517578 -0.9890457416406954 0.033211023897136704 0.14382471565802135 -605.8721313476562 0.14760931746346637 0.22185676583228886 0.9638418256396671 -1.595733642578125
-0.4222411155036017 0.885566725366582 -0.19360789059793582 -39.11714172363281 -0.9064827589875488 -0.4122141407124436 0.09147955976622706 -607.3200073242188 0.0012033439221773023 0.21412864619244654 0.9768047270786493 -1.718414545059204
-0.7908317332758676 0.5990821725004112 -0.12524264543706717 -39.84165954589844 -0.5949361587321189 -0.7044415100032031 0.3870570061599179 -608.5516357421875 0.14365283386330527 0.3806083414437934 0.9135103468195896 -1.4064102172851562
-0.9728537805684507 0.19329422118448678 0.1272511913121263 -40.340301513671875 -0.21759076101597216 -0.9512551011282466 -0.2185589012096728 -609.9942626953125 0.07880217226804569 -0.2403145368765114 0.9674911581051607 -1.318014144897461
0.2865571644808991 0.9011328609109974 0.32533760691169394 -41.13421630859375 -0.9477830226261581 0.2170249408196364 0.2336825134319145 -611.723388671875 0.1399726169873612 -0.3753128588905452 0.9162684783648923 -1.1730155944824219
0.2201193799616249 0.9608945084433154 0.16801548205087863 -41.78187561035156 -0.9588982790924301 0.18152915167009798 0.21808543611967915 -613.2145385742188 0.1790573900147266 -0.20911458757679693 0.9613581748462434 -1.0895767211914062
0.8997391106032061 0.34184584680129276 0.2713133794630461 -42.521331787109375 -0.4085137267990629 0.44090919432941333 0.7991968577093683 -614.9653930664062 0.1535775630347492 -0.8299039097272013 0.5363519672303001 -0.9352760314941406
0.33085643170857676 0.7568373110246353 -0.5636765972062947 -43.298248291015625 -0.93457962453407 0.34554808361246553 -0.0846016980769855 -616.1988525390625 0.13074764626112695 0.5547916785179389 0.8216515358985361 -0.9276351928710938
-0.574994292264389 0.7463544062179883 -0.335166621521846 -43.80321502685547 -0.8032310502489908 -0.43706757554098485 0.404712014062628 -617.228759765625 0.1555681322741828 0.5019233355102346 0.8508063948343376 -1.109283447265625
-0.8693646954210702 0.35981803621434505 0.338727039325593 -44.33241271972656 -0.46148655979611086 -0.8362804447209827 -0.29608305068819085 -618.5537719726562 0.17673477723125153 -0.41372212726917024 0.8930838817966048 -1.0705089569091797
-0.9828740231855019 0.05181120620450611 0.17684528113235073 -44.827301025390625 -0.14250993680408527 -0.8221244218813885 -0.5511826855574194 -619.8787841796875 0.11683138473561651 -0.566945353502282 0.8154283498155623 -0.5690345764160156
-0.8263775688997198 0.5359180039978966 0.17289304962982105 -45.43646240234375 -0.5515938745669189 -0.8321635733945741 -0.05699109277271172 -621.1724243164062 0.11333274531062669 -0.14246290782545548 0.9832903989840808 -0.5393919944763184
-0.836177479464178 0.5483292533131743 -0.01192697773750239 -45.933135986328125 -0.5314793319295561 -0.8047296755185015 0.2644614699187764 -622.7086791992188 0.1354139674060505 0.22747566749194045 0.9643224969534048 -0.40964508056640625
-0.9299886247152966 0.3663537528462465 -0.030101257043893763 -46.48930358886719 -0.34939645878706027 -0.8555527621834549 0.38203610524049003 -623.9957885742188 0.11420714726851958 0.36580650472036713 0.9236570405821929 -0.2476043701171875
-0.6721402351173841 0.7264044309616822 0.14340190729408828 -47.23814392089844 -0.7272158097199453 -0.6840693518699522 0.05662409315466142 -625.792236328125 0.13922884194631505 -0.06622480284197216 0.988043321448422 -0.1688833236694336
-0.8823526790778062 0.45570817319670714 0.11740447438636153 -47.93119812011719 -0.45966778627293375 -0.8880583234501114 -0.00761186008265724 -626.8605346679688 0.1007932338361971 -0.060683399976414185 0.9930550080333638 -0.09119844436645508
0.3439656874591427 0.913222160437146 -0.21843280783176955 -48.540130615234375 -0.9321797401143002 0.36005650139163803 0.03741988677226028 -628.3270874023438 0.11282082241853586 0.19074748095879207 0.9751342782082272 0.07759857177734375
-0.1285847098245284 0.965289238148304 -0.22733820425614548 -49.214393615722656 -0.9835923037233134 -0.0948865673632856 0.15343636919022174 -629.6893920898438 0.12653913408747192 0.24333767905747716 0.9616520272402659 0.10074996948242188
0.5371671804752596 0.829179962722224 0.15463508541152896 -49.74156188964844 -0.8337632702680355 0.49424102836603895 0.2460987912031079 -631.1043090820312 0.1276331828805131 -0.26112524829983647 0.9568298570425873 0.20798778533935547
0.10935028789238443 0.8531665835642409 0.5100483263644475 -50.468597412109375 -0.9776674649282185 -0.00033090307509386907 0.21015760401181216 -632.497314453125 0.1794682215844448 -0.5216384487290754 0.8340770265681945 0.29776954650878906
-0.2731094699434704 0.8594761622773297 -0.4321017749376066 -51.274200439453125 -0.943124869432052 -0.15072075945751684 0.2963085103862601 -633.7003173828125 0.189543393675358 0.48845059028071885 0.8517566100526873 0.282958984375
-0.6401816741131678 0.25233673085954145 -0.7255987860993025 -51.960968017578125 -0.7682233236969362 -0.20955263979663868 0.6049137261480291 -634.8910522460938 0.0005908110479121986 0.9446765930271479 0.3280027218315819 0.4569549560546875
-0.9741744343732849 0.1950302752798038 0.11378648047010854 -52.371734619140625 -0.19701756871367995 -0.9803792047120702 -0.00637907409263346 -636.121826171875 0.11030978665395395 -0.028632266630723886 0.9934847478828984 0.5962719917297363
-0.9637964925403811 -0.26385123029241736 -0.038455808924487855 -53.126800537109375 0.24767974343919358 -0.8324941250866776 -0.4955888178581741 -637.5800170898438 0.09874748430595201 -0.48717148928210585 0.8677055228439547 0.6086959838867188
-0.27971851922118957 0.7631663830946407 0.5825243528977562 -53.65134048461914 -0.9466806824582641 -0.3202667875067889 -0.03499814681432423 -639.0658569335938 0.15985379402773228 -0.5612541817521949 0.8120594239343657 0.7107124328613281
0.005542437975987025 0.6712131991293315 0.7412436324824996 -54.267662048339844 -0.9940450400776437 -0.07697312427440456 0.07713362714454136 -640.7373046875 0.10882894687682315 -0.7372570647026759 0.6667895326620509 0.7583847045898438
0.5504838904752527 0.831674809223485 0.07269455296175603 -54.94342041015625 -0.8262159280828604 0.5302364775093178 0.1903063795585643 -641.8480224609375 0.11972771821682504 -0.1648219937435245 0.9790296133769407 0.8356056213378906
-0.4121802829856425 0.911100955077795 0.0015697051334632312 -55.670955657958984 -0.9040446255736977 -0.4092008274505288 0.12352326819314532 -642.9627685546875 0.11318449226457179 0.04949477214951916 0.9923404346496614 0.9279441833496094
-0.27132352076827376 0.9202925154221909 -0.2818603078402572 -56.22327423095703 -0.9582973241782194 -0.23100075308592832 0.16824057342567086 -644.395751953125 0.0897205971378515 0.31575360351329396 0.9445897926177251 1.0274200439453125
-0.5853921343808282 0.7897268369929555 0.1834327449997965 -56.73554992675781 -0.8076251712866895 -0.5878606052668305 -0.04649184314975066 -645.6178588867188 0.07111702826471133 -0.1753608613927795 0.9819322464316868 1.0937480926513672
-0.7215407127337984 0.6777168759348752 0.14169980924713732 -57.3876953125 -0.6896405410092962 -0.7216430803527435 -0.060226146941414066 -646.8614501953125 0.06144041067577048 -0.14117755009942826 0.9880758955079897 1.0642261505126953
-0.7497152829566057 0.6535317583226086 0.10403477959343954 -57.95454406738281 -0.6570902154642926 -0.7538119397189439 9.098490240975338e-05 -648.1582641601562 0.07848212052681613 -0.06829202296697848 0.9945736555714169 1.1246280670166016
-0.402964170278879 0.8821187857659897 0.24389818627901066 -58.334957122802734 -0.9120999199584289 -0.4090407866483766 -0.02755668466825066 -649.493896484375 0.07545603675838529 -0.23356387275606988 0.9694092550929685 1.1977767944335938
-0.4794191042821756 0.8612042574851243 0.1687736630483918 -58.866607666015625 -0.8770196688649944 -0.4770746184549419 -0.05688856519554066 -650.6801147460938 0.03152495635543477 -0.17529128704977698 0.984011758980156 1.1523685455322266
-0.6067547262147399 0.35813745251459406 0.7096381242030565 -59.465362548828125 -0.7912994024235868 -0.3568872091892699 -0.49646427428483564 -651.9389038085938 0.07545831922425966 -0.8627682684379688 0.49993695306148206 1.2185897827148438
-0.406731179359981 0.9132288576953246 0.024141276041902335 -60.09237289428711 -0.911274561131496 -0.40744047000054934 0.05975732290130366 -653.100341796875 0.0644082445890139 0.0023058356888035862 0.9979209693912328 1.301958441734314
0.19433559854599577 0.033260961865138106 -0.9803710438163581 -60.741188049316406 -0.9782450637880367 0.08053636347967813 -0.1911818227023936 -654.473876953125 0.07259662741553374 0.9961965682400613 0.04818845416295464 1.2139129638671875
-0.3775088421089963 0.9075213608895785 0.18409794582952968 -61.020301818847656 -0.9167704249592521 -0.3942916536245929 0.06376582001367452 -655.5849609375 0.1304571272470658 -0.14470339115277037 0.9808373292953991 1.0341987609863281
-0.19333622106685433 0.333019431007616 0.9228863224660728 -61.50880432128906 -0.9771113213278495 -0.15042974245137042 -0.1504139565298333 -656.6300048828125 0.08873878158129428 -0.9308431399314163 0.35448057420130835 1.1781234741210938
-0.44893052500181463 0.8076629892833463 0.38228507617154533 -61.95226287841797 -0.8808278246972646 -0.4719694309250534 -0.03724512735064661 -657.6046752929688 0.15034535895956275 -0.3534478066336957 0.9232935183489321 1.1251296997070312
-0.6430109680789302 0.7465743140380882 0.17077379350695182 -62.30712890625 -0.753986525795067 -0.6562132490187225 0.029807561654331544 -658.7158203125 0.1343175857796799 -0.10959455018772665 0.9848592898071623 1.1005935668945312
-0.8062438801356248 0.5263480988037977 0.27005274416209885 -62.62678527832031 -0.5769692766450635 -0.8004553916229299 -0.16241188327660683 -659.749755859375 0.13067998910133338 -0.28675572340828626 0.9490489426478836 1.0602846145629883
-0.509699662833412 0.7032990844298836 0.49555691050331807 -63.233253479003906 -0.8402981087108061 -0.530582366675037 -0.11127192220213866 -660.8699340820312 0.18467631738950263 -0.47313079588376417 0.8614185439040929 1.0962104797363281
-0.1844426272813697 0.34863572897926426 0.9189309254349005 -63.80596160888672 -0.9636365305122268 -0.24808301494048432 -0.09929478717635504 -662.0271606445312 0.19335344399287013 -0.9038296001886288 0.38171520734568554 0.9648551940917969
-0.3478459580540151 0.8681285914425476 0.35405640537273503 -64.33699035644531 -0.9254275820449929 -0.378459409978554 0.018768734348451638 -662.86767578125 0.1502896531895737 -0.32112493475073356 0.9350357193313499 0.9245553016662598
0.04957537031475612 0.9520147291747656 -0.30201032779104237 -64.86717224121094 -0.9920292303472875 0.08200852363368649 0.09566926459418276 -663.4920654296875 0.11584597012724895 0.29486023381548276 0.9484920419906304 0.9918632507324219
-0.03254947710570999 0.7163596221653759 -0.6969716086550619 -65.03724670410156 -0.9884636263907216 0.08013248284437802 0.12852410083598798 -664.4058837890625 0.14791954178758326 0.6931144760602503 0.7054871595097079 0.8691787719726562
-0.6065846655773063 0.7939186227673086 0.041812245930202815 -65.40481567382812 -0.7891276816343838 -0.6076472157372684 0.08967922437827108 -665.3858642578125 0.0966051011324471 0.021402841633898113 0.9950926453377013 0.7522239685058594
-0.8323731044764462 0.5541297982354788 -0.009756108432693575 -65.6453857421875 -0.5534445904983366 -0.830157949570822 0.06735624701909103 -666.2980346679688 0.029224992598312488 0.06146499387355265 0.9976812889574268 0.658383846282959
-0.9783242377933052 -0.12430617166634554 -0.16561902496937167 -65.93328857421875 0.1243696813788404 -0.9921852726844971 0.010028311010138125 -667.064453125 -0.16557133840092628 -0.010787045640367376 0.9861388196123702 0.5595016479492188
-0.8655188827868358 -0.15109716198299614 -0.4775423658484259 -66.21868896484375 -0.08541838492871412 -0.8949203614089495 0.437974024631422 -668.0509643554688 -0.4935390187772367 0.4198656861144521 0.7616639958459652 0.45428466796875
-0.5408823206972422 -0.45787919403867844 -0.7055444414235408 -66.86224365234375 -0.05441437845108149 -0.8180307632418964 0.5725947483235095 -669.2445678710938 -0.8393362797919248 0.34809813854195054 0.4175431658747163 0.38250732421875
-0.24985565853838992 -0.7482547403244226 -0.614562440666836 -66.79046630859375 -0.10611466796727642 -0.6097103712301828 0.7854889817537528 -669.7188110351562 -0.9624509479129533 0.26147295614725363 0.07293878299693675 0.44696044921875
-0.01338034722033809 -0.40925825913662106 -0.9123204720035201 -67.04776000976562 -0.2923854697063383 -0.8709219790837416 0.3949754972823792 -670.8363037109375 -0.9562069354553266 0.27203415902662137 -0.10800792984689478 0.4383544921875
0.1792942019112089 -0.15322232230417288 -0.9717903627371177 -67.75312805175781 -0.37902369017892446 -0.9223027039377389 0.07549016222188226 -672.0965576171875 -0.9078516571798353 0.35479662097721787 -0.22343841724057903 0.371246337890625
0.21050790076130277 0.7862005947281512 -0.5810120898623115 -68.38047790527344 0.3371375812032514 -0.616252870064237 -0.7117377687589801 -672.57275390625 -0.9176190250084673 -0.04605458703203941 -0.394783864862557 0.388702392578125
0.709043810499004 0.4318280385182528 -0.557477730445379 -68.59835815429688 0.2820594906263072 -0.8982447081812834 -0.33704434125489924 -673.4832153320312 -0.6462966180792534 0.08173731934556708 -0.758696047232039 0.247467041015625
0.9073149891901693 0.19278284862694534 -0.3736499480344174 -68.35836791992188 0.0009519124272741597 -0.8896268711354094 -0.4566871182949566 -673.0342407226562 -0.4204504777658997 0.41400338577009393 -0.8073553073568818 0.47283935546875
0.9860372384573202 0.014857898906782362 -0.1658608067493281 -68.58963012695312 -0.035892069891124256 -0.9536390844659468 -0.29880471197402747 -673.318115234375 -0.16261095810059287 0.30058566070095005 -0.9397903685857718 0.4678192138671875
0.9639757427140477 0.21856124008393743 0.15159733438247386 -70.58892822265625 0.2629081063191751 -0.6964003074622255 -0.6677618882492347 -675.3841552734375 -0.040374436102135765 0.6835624302867218 -0.7287745253574286 0.355438232421875
0.9866679744108982 0.07639038663874058 0.14370392166214074 -69.29852294921875 0.044618274574175484 -0.9761318951922815 0.21254583685019093 -673.7208862304688 0.1565104400540694 -0.20330034928033994 -0.9665264870331145 0.4616851806640625
0.8345176822605944 0.49804070213330415 -0.2356601302999115 -72.68069458007812 0.4952239825439693 -0.49051109979478436 0.7170439791891442 -676.602783203125 0.2415231771646279 -0.7150904278457914 -0.655981886103288 0.25745391845703125
0.6763208465387031 -0.11486334404397375 0.7275964023634308 -69.9322509765625 -0.5476523382683354 -0.7389871714033119 0.39239632629594867 -674.7120971679688 0.49261245307685486 -0.6638556866491148 -0.5626976082917322 0.4797210693359375
0.8726755003436408 0.48093279489454505 0.08450513531672171 -74.07318115234375 0.09807508889386324 -0.3421650894200319 0.9345075326184601 -677.8999633789062 0.4783500266942992 -0.8072339799445406 -0.34576661722100965 0.3712005615234375
-0.41851890851104956 -0.03574976875972791 -0.9075042023331603 -71.38494873046875 0.901152427206658 -0.14065705677708198 -0.41004864994090356 -675.86376953125 -0.1129877256973899 -0.989412728042466 0.09108362876662665 0.360107421875
0.14323292548968436 -0.052008047995411116 0.9883215529367826 -74.83360290527344 -0.4585893729422964 -0.8884296885337017 0.01970978326366829 -677.5658569335938 0.8770291420928142 -0.4560568511442586 -0.1511027214987397 0.188690185546875
0.836939670509047 -0.03730571686977342 0.5460222261199998 -76.14136505126953 -0.1799816887271199 -0.9609442785034497 0.21022056353843876 -677.7611694335938 0.5168545053021614 -0.274215931521706 -0.8109667337496287 0.3928070068359375
-0.07096343755200156 0.11645737166628108 -0.9906572924656565 -73.62899780273438 -0.24704135697987417 -0.9642716708462346 -0.0956593578535516 -676.7498779296875 -0.9664030000327741 0.2379450049654187 0.0971978196240086 -0.24517822265625
0.8609836745668394 -0.22510670177772796 0.45610753660089426 -77.3901596069336 -0.12975033844305728 -0.9642688276935688 -0.2309772231463155 -677.8048706054688 0.49180480050859116 0.13968751108536434 -0.8594273892793279 0.5363311767578125
0.504658692755776 0.8584274437467563 -0.09177106106197519 -74.4063720703125 0.7330361557436302 -0.3699203765597213 0.5708037398077505 -676.2756958007812 0.45604560977892483 -0.35533257496087167 -0.8159418870073071 0.5413188934326172
0.4362729397912007 0.4506809794857391 -0.7788148539516426 -74.32487487792969 0.8021924228226003 0.1972822506582371 0.5635308601498477 -676.8244018554688 0.40761898725642065 -0.8706126396423357 -0.2754639593904341 0.515869140625
0.7956192717632845 0.4943674527364164 -0.35012968465094146 -79.90130615234375 -0.21357076682285242 0.7697554238842311 0.6015514233708588 -676.7858276367188 0.5669016686847548 -0.4038284401521448 0.7180146857597871 0.5157928466796875
-0.5552246120547215 0.04654440537409737 0.8303970426832311 -80.29354095458984 -0.018994981057489195 -0.9988820625263648 0.043287594732225626 -676.5949096679688 0.831483506068106 0.008260961896018958 0.555488015753034 0.7628898620605469
0.6954071555262336 0.5871130126671 0.4143756730309761 -80.87791442871094 -0.39930529403051185 -0.16371808264721294 0.9020818541426975 -676.4552612304688 0.5974647857423224 -0.7927765761999291 0.12058660799026882 0.920989990234375
0.7908541817142515 -0.29544260900068536 0.5359695215699769 -79.1017837524414 -0.5905875369869749 -0.5980729583993166 0.5417703365699787 -676.2752685546875 0.16048683566180846 -0.7449982558492051 -0.6474732228910337 0.540374755859375
0.49662774891711614 -0.8627828782851588 0.0946920479422359 -76.7208251953125 -0.6671440812873033 -0.44923355003007975 -0.5942289056674135 -676.4027709960938 0.5552293704486801 0.23193732443345266 -0.7987023373734508 0.6344223022460938
0.4522724337079106 0.040745333639560316 0.8909486312321964 -82.42221069335938 -0.4196243193445198 -0.8717604216534033 0.25288178632184793 -674.5112915039062 0.7869975071895539 -0.488235173891928 -0.3771754746164533 1.0052642822265625
0.3974619592795429 0.6661560119810847 0.6310785677133425 -78.06008911132812 -0.4698870898403903 -0.4429703662050114 0.7635334815615664 -676.1744995117188 0.7881815233351995 -0.6000111852004553 0.13695424019485164 0.75860595703125
-0.1015041214757913 0.4908113121680865 0.8653329816731062 -83.30720520019531 -0.7576656128606406 -0.6018283898933516 0.2524785301899657 -673.15380859375 0.6447012737787458 -0.6300054324894482 0.43295891562808314 1.265594482421875
0.2668692114870421 0.751070763323273 0.6038820517628258 -79.19192504882812 -0.7068341143533122 -0.27340328071242465 0.6524079865253428 -676.0450439453125 0.6551078985530956 -0.600952040163505 0.4579195198685767 1.075439453125
0.2827849032391343 0.15951229749824322 0.9458269003611948 -80.2686767578125 -0.2788976216461614 -0.9297972182710031 0.240194191302828 -675.364501953125 0.9177411482221707 -0.3317121641458704 -0.21844501600520683 1.2490386962890625
0.8764601586422137 0.24433430452514626 0.41487147159702265 -84.47834777832031 0.021238197870963607 -0.8804496110408383 0.4736638273810137 -672.163330078125 0.4810057476413976 -0.40633635088464587 -0.7768682260754977 1.589691162109375
0.7264444281721261 -0.5787763609601793 0.3705353110991788 -83.69366455078125 -0.6505492073484711 -0.7529411146133973 0.09932475392877141 -673.1128540039062 0.22150445051047804 -0.3132053670013134 -0.9234923803072896 1.0128326416015625
0.823663974328273 -0.19248583314636047 0.5334105936628049 -82.13197326660156 -0.36535360917843196 -0.8995148340883237 0.23956169041678932 -673.8079223632812 0.4336985100897259 -0.39220181959420775 -0.811223357068166 1.524627685546875
-0.07905436714223901 -0.7983017960358011 0.5970466057869804 -82.38369750976562 -0.018846972357441816 0.600010894258871 0.7997697908796177 -673.8975830078125 -0.9966921283268458 0.051972773802097305 -0.062479053406866936 0.950286865234375
0.6803452668982961 -0.73281519813161 0.010592601022224701 -83.33148193359375 0.09190757965465401 0.09964818940118275 0.9907690120058712 -673.12060546875 -0.7271061233486555 -0.6730914675854953 0.13514644520850155 1.6294479370117188
0.18764258943056494 -0.8322190550199697 0.5217295305936408 -83.83163452148438 -0.34484884786797365 0.44153557835752205 0.8283269916938718 -672.4373779296875 -0.91971165631187 -0.335347249140584 -0.20413890304868287 1.79754638671875
-0.008387884688898797 -0.5093082137459973 -0.8605433090793906 -84.6021728515625 -0.015945692263181183 -0.8603960364758727 0.5093764769940372 -671.3485107421875 -0.9998376759698016 0.01799454993798305 -0.0009043693027589589 1.953521728515625
-0.11686891493094549 -0.2149226268832453 -0.969613284344057 -84.5098876953125 0.15157888147323692 -0.9687254310337782 0.1964558015425953 -671.1190185546875 -0.9815118437462618 -0.1240133207442915 0.1457916213771822 2.002288818359375
0.09738071142792054 -0.9899120098275136 0.10291360377056524 -84.63687133789062 0.3795065931152643 0.13252619693273532 0.9156481599984743 -670.8074340820312 -0.9200498588793097 -0.05011007808613638 0.38858362967367016 1.901611328125
0.23235507564214364 -0.9224517147713337 0.30837307395225 -85.0927734375 0.48355828135017365 0.3846497530582915 0.7862671022050088 -670.2769775390625 -0.8439090634428571 -0.033576798352753956 0.5354344882909378 1.904022216796875
0.1900425834313137 -0.9809850819317724 0.039396516471200516 -85.26950073242188 0.4820409061511054 0.1281915988196916 0.8667199540734435 -669.6166381835938 -0.8552896475930087 -0.14572296668461238 0.4972368004289928 2.01031494140625
0.28177483963489475 -0.9575954287296365 -0.060116009721478625 -86.44320678710938 0.5753761772777085 0.11850216537248787 0.8092586060236385 -669.0081787109375 -0.7678184644628054 -0.26261803380220317 0.5843685258052872 2.198699951171875
0.0836941440164165 -0.8777449132337845 0.4717617593124471 -86.71142578125 0.22458969241171478 0.4778572116018328 0.8492419887067126 -668.125 -0.9708525945372811 0.03487624710798437 0.23712631036621 1.50238037109375
0.002319494322937099 0.28556675583091273 0.9583560131341033 -86.20123291015625 0.11562524036534004 0.9518541713586964 -0.2839092112938692 -667.9328002929688 -0.9932902011680893 0.11146867017802535 -0.030810904436569142 2.19268798828125
0.5212864683062127 -0.5296023018918304 0.6691650168618426 -86.08255004882812 -0.22405042234146613 0.6716910986213054 0.7061391337983713 -667.1405029296875 -0.8234450960503963 -0.5180274798345914 0.23148586118114312 2.3558349609375
0.08989055292909509 -0.7493601172542688 0.6560328521977923 -87.37042236328125 -0.27743115336452306 0.613787513046938 0.7391189646941051 -666.3533935546875 -0.9565310468756005 -0.2484437632469846 -0.15272214268646267 2.292938232421875
0.014560342045722485 -0.5037195290041201 0.8637445412501192 -87.4990005493164 0.7337843754498334 0.5921854464900778 0.33298181228266066 -665.5552978515625 -0.6792263884635295 0.6289539196675816 0.37824394264756694 2.302642822265625
-0.008633645852659022 0.1625975747258406 0.9866546958549203 -88.15706634521484 -0.05506438040155279 0.9851170507769778 -0.16282601229368213 -664.6331176757812 -0.9984454788170878 -0.05573531162327806 0.00044818296724924434 2.38311767578125
-0.021339540612353824 -0.8925860661012281 -0.45037177821038893 -88.65020751953125 0.2807120621528038 -0.4377025369487084 0.8541763443871442 -663.7198486328125 -0.9595547728860372 -0.10819705980570204 0.2599000463274818 2.427032470703125
-0.3473460237253233 -0.9348342771365541 -0.07372661726122559 -88.0772705078125 0.9372840207945767 -0.34854707801987483 0.0036876506014778196 -663.4016723632812 -0.029144539203054546 -0.06782188949287274 0.9972716716824247 2.9474129676818848
-0.3653566989884463 -0.2848493470003242 -0.8862140441325417 -88.3163070678711 0.5472045741310576 -0.8358895284505383 0.04307958074057919 -662.2060546875 -0.7530482298991967 -0.4692009651953256 0.46126870445052 2.880157470703125
-0.13478797271746404 0.8116619353159005 -0.5683635325827683 -89.58840942382812 0.4077131242945777 -0.47736092808409647 -0.7783935717981263 -661.3967895507812 -0.9031069763259891 -0.3366473631233986 -0.2665827117676466 2.39984130859375
-0.4883968813020373 -0.7117757924745471 -0.5048204706444401 -89.13372039794922 0.7848945980962228 -0.6111257287138302 0.10230255902644468 -660.9012451171875 -0.381325263015464 -0.34626660963948064 0.8571408745561997 2.9263534545898438
-0.5289451821607143 0.26155209521630063 -0.8073459579120538 -89.68115234375 0.32955106194488726 -0.8133635044671388 -0.4794120432070222 -659.870361328125 -0.7820569620174515 -0.5196444083110082 0.3440299363008056 2.5253143310546875
0.09690234988217053 -0.6648270334483525 -0.7406854596814879 -89.46987915039062 0.8258030615229245 -0.3616988455518465 0.4326930190167469 -659.492919921875 -0.5555710919105482 -0.6535892905508206 0.5139667315212109 2.4925918579101562
0.12017735155854195 0.08274542975732485 -0.9892980329641065 -89.8734359741211 0.9388116562221576 -0.3334824605337614 0.08615174204714449 -658.9763793945312 -0.3227848793140472 -0.9391180130157359 -0.11775941285346161 2.5888900756835938
0.7516064644137512 -0.08635847883887399 -0.6539341983595108 -89.76669311523438 0.6400900864231793 -0.14391724222307745 0.7547002773642465 -658.4572143554688 -0.15928717435571227 -0.9858144047048306 -0.05289192341211557 2.6189193725585938
0.9427307918054164 -0.2608366526048818 -0.20790116603764586 -89.48513793945312 0.2603507177825211 0.18578845156868562 0.9474703979617707 -657.8150634765625 -0.20850937132910508 -0.9473367362884173 0.24305750378532043 2.645387649536133
0.9087451518688684 0.4118262222083626 -0.06768612602606054 -89.764892578125 -0.4057106385357797 0.909739936925199 0.0881596559783709 -657.0253295898438 0.09788323009442078 -0.05265367855072557 0.9938040367201975 2.7331314086914062
0.7814312594618202 -0.6147160276518965 -0.10718858187226213 -90.0855712890625 0.6160615962307835 0.787331437743094 -0.024027417484446277 -655.8475341796875 0.099162978905904 -0.04725899373945402 0.9939483342333453 3.104766845703125
-0.2323650940609831 -0.968905517462811 0.08502094619652922 -90.48806762695312 0.9719921408866841 -0.23448603599452772 -0.01573457905676686 -654.7326049804688 0.03518154511318436 0.07898352457124042 0.9962549180454534 3.22011137008667
-0.48811524085196534 -0.7633435680837788 0.42314313029181183 -90.78447723388672 0.8252358958236412 -0.5614879179114067 -0.060967485462873894 -653.9354858398438 0.28412889309639056 0.31943374133713365 0.9040093235156267 3.196178436279297
-0.6611196413245941 -0.5233799465955815 0.5375818554940691 -91.13079071044922 0.6829678614430177 -0.7164314166748982 0.1424111141630087 -653.1727905273438 0.31060540898508354 0.46130191491343797 0.8310985640743245 2.7459373474121094
0.33731485208554746 -0.632147847858194 -0.6975727840238313 -90.97830200195312 0.9113407809364319 0.4050088447253417 0.07366014320118064 -652.285400390625 0.23595904637177947 -0.6605731860607859 0.7127176118862384 2.7560882568359375
0.6063403370690481 -0.7853601685178954 0.12474294107698644 -91.005126953125 0.7583705770168724 0.5239047207228067 -0.38781169595494985 -651.5211181640625 0.23921844318131005 0.32974725064797933 0.9132586091201164 2.7840042114257812
0.876429451454185 -0.20569513231447598 0.43538595425880033 -91.07672119140625 0.4110898058818343 -0.1512207507367358 -0.8989646578407037 -650.6331787109375 0.2507520451038271 0.9668618293679546 -0.04797514760269128 2.8303680419921875
-0.24972682195689053 0.031849353090778354 0.9677924018626156 -91.482177734375 0.9669291947644023 -0.045275874588277365 0.25099407860053435 -649.1491088867188 0.051811646447262494 0.9984666814110351 -0.019489469065584214 2.850250244140625
0.580668498842046 -0.8016516083091735 0.14205207970262204 -91.89581298828125 0.79958244170674 0.5286896329702381 -0.2848775015758218 -648.3919677734375 0.15327104542871842 0.279001739932048 0.9479799659001646 2.911306858062744
0.43666050942657003 -0.8926732481746933 -0.1116336486036832 -91.9754638671875 0.8933967959981624 0.44486309416583053 -0.06276139218836078 -647.4729614257812 0.1056871061556054 -0.07232772250282492 0.9917655651160753 2.92193603515625
-0.7934514351806554 -0.5975223329588096 -0.11576649612568975 -92.57012939453125 0.5990503804426438 -0.7330806259930709 -0.3220736522678173 -646.1841430664062 0.10758002463878556 -0.32489976517238134 0.9396098556792865 2.9661178588867188
-0.9801575401378121 0.07555654484803667 0.18325502732972948 -92.87106323242188 -0.16997892616298746 -0.7959831389728028 -0.580962999795582 -645.24951171875 0.10197235493736002 -0.6005847575501982 0.7930318958446115 3.19036865234375
-0.6506390984559001 -0.7292758819392337 -0.21172022005998048 -93.28005981445312 0.7592250359773952 -0.6189469218048924 -0.20120152269148317 -644.1968994140625 0.01568783941836878 -0.29165286902412163 0.956395574897951 3.4233970642089844
-0.7354030434460153 -0.6775794796998156 -0.008271177671009933 -93.50186157226562 0.6420395109762191 -0.6928225856671111 -0.3283018902396939 -643.3099365234375 0.21672016527253662 -0.2467446321184432 0.9445366358617217 3.2131729125976562
-0.7360085796167659 -0.6720276656091081 0.08167121516472878 -93.65332794189453 0.6371708914985833 -0.7284331947860203 -0.25179026144935046 -642.4208374023438 0.22870204580941386 -0.13328127171438772 0.964329547848029 3.1637420654296875
-0.7716468210394355 -0.6132864135639765 0.16864447372377414 -93.94296264648438 0.6052321019370231 -0.7895108707830903 -0.10181693228642974 -641.5066528320312 0.19558958654444367 0.023502337185091926 0.980404178786592 3.2222061157226562
-0.9481827132114728 -0.3078920808828979 0.0784347429174652 -94.27101135253906 0.19629163460759744 -0.761776348391042 -0.6173867420143448 -640.536376953125 0.24983822075496626 -0.5699993522466573 0.7827398047169851 3.2121734619140625
-0.4262329654298868 -0.9003471812052662 0.08775199414586769 -94.86109161376953 0.8876955219822013 -0.434961926932889 -0.15101252388982606 -639.6710205078125 0.174132476676788 0.013530536373682941 0.9846292729509154 2.927154541015625
0.024209034179827116 -0.7319828538410325 0.680892814139507 -94.83686065673828 0.9633887473837703 -0.16483214266072793 -0.21145327181248108 -638.8375244140625 0.2670131908322312 0.6610835548012147 0.7011936176927022 3.2145462036132812
-0.6348878837862925 -0.6819597709208836 0.3631091376802559 -94.97347259521484 0.7381833758082494 -0.6741528213820661 0.024561699919524393 -637.6770629882812 0.2280409583862073 0.2836350547237345 0.9314228239796167 3.1697940826416016
-0.42969161287185037 -0.901055207284007 -0.05886111835467549 -95.15147399902344 0.8984721416684898 -0.4201369359015161 -0.127407871565782 -636.6552734375 0.09007179621405 -0.10763116889479815 0.9901023194645664 3.2990646362304688
-0.5362574835203722 -0.7861549291168152 -0.30722685233184466 -95.19173431396484 0.8375545199952815 -0.45054022248994063 -0.30905652226443664 -635.7758178710938 0.10454825394941411 -0.42305311172954413 0.9000531802355229 3.1605606079101562
-0.042838728205064014 -0.919981392394134 0.38961401542337093 -96.03646087646484 0.9990705696439115 -0.041312039552365676 0.012300904820939818 -634.8283081054688 0.004779146070450352 0.38977885144857954 0.9208960889949871 3.2258529663085938
-0.4411127238806668 -0.4293735920845452 0.7880722576331394 -96.26152801513672 0.8862157876691554 -0.3469198094498921 0.3070313070310405 -633.924560546875 0.14156674226850424 0.8338374926996659 0.5335483982281437 3.1821975708007812
0.07351939525937556 -0.9114980501147655 -0.404680371599212 -96.28376770019531 0.99689111279767 0.07869740372849876 0.0038506975234590957 -632.9678344726562 0.028337391300527343 -0.4037053669241645 0.9144500910224169 3.1317367553710938
-0.1413194097572856 0.11212412341164046 -0.9835939230063512 -96.98056030273438 0.989784114358928 -0.002939711713020876 -0.14254390571945558 -632.3966674804688 -0.018874093052783425 -0.9936898605924365 -0.11056323786512104 3.166748046875
0.2521861002409784 -0.9623150660793176 0.10174421085253814 -97.38644409179688 0.9632734269226677 0.23962531206179233 -0.12117761676130044 -631.607666015625 0.09223055800496481 0.1285668052649951 0.9874027044494286 3.187516212463379
-0.42870311301051256 -0.5905887880791227 0.6836801330229866 -97.98806762695312 0.894023771822976 -0.3863280001617102 0.22687479301692573 -630.5631713867188 0.13013506948749443 0.7084882212756163 0.6936204322273086 3.1481704711914062
-0.29122423999823416 -0.9448590356479744 0.1497659667342042 -98.1585464477539 0.9536006383588852 -0.29921467494608894 -0.03341258473139827 -629.4466552734375 0.07638235764217688 0.13308636688739464 0.9881567458605625 2.9740562438964844
-0.33666627267610955 -0.9332544279874511 -0.12526768731077936 -98.1978759765625 0.9242235330154831 -0.30205103224648305 -0.2336151427866194 -628.5591430664062 0.1801851321911826 -0.19442568390171552 0.9642260998213006 3.0579833984375
-0.528288096213199 -0.8286322920603375 0.18514916136527695 -98.34825134277344 0.8097533416475058 -0.5572880110839453 -0.18365619617317094 -627.7621459960938 0.2553648626771733 0.05290176988468398 0.9653963899108678 3.0951576232910156
-0.4486762595544218 -0.6648373984808094 0.5972276347369759 -99.010986328125 0.8725470263962849 -0.470396821090066 0.13186552785076683 -626.9873046875 0.19326484636180996 0.5802741285716864 0.7911577812744535 3.0419960021972656
-0.32430623812502396 -0.9421292243420705 0.08495874618780479 -99.45552825927734 0.9448555282453224 -0.32694452110820477 -0.018849691286046535 -626.1434936523438 0.04553564161673586 0.07416066853754277 0.9962061536572724 2.8657877445220947
-0.7252204486019215 -0.45671005141504145 -0.5152390026639073 -99.82711029052734 0.6568709268459395 -0.2346810207903659 -0.7165510476897987 -625.3866577148438 0.206339250735734 -0.8581029934787909 0.47019502994880097 2.922576904296875
-0.3257842374011876 -0.9441892904089875 0.04869511821424495 -100.01030731201172 0.9453630812295704 -0.3259983896129625 0.00370062398624715 -624.3502807617188 0.012380440584211522 0.047240171959124846 0.9988068335990763 2.9603447914123535
0.3622472845262511 -0.26082826268119347 0.8948438535521532 -100.43214416503906 0.9000765884026156 -0.15153231126630562 -0.4085340789356494 -623.96728515625 0.2421549914060524 0.9534183635891441 0.17987324455886414 2.7348403930664062
-0.0040680401333990646 -0.8775898796122015 0.47939488342254477 -100.87113952636719 0.9816782852965464 -0.09483214502360732 -0.1652713176793068 -623.0570678710938 0.19050248089383479 0.4699392167849623 0.8618967091832006 2.7467689514160156
-0.16363303640429555 -0.9852235560066945 0.050584326491856964 -101.37126159667969 0.9841154123634558 -0.16659808930109815 -0.06133458885432585 -622.1560668945312 0.06885553387939376 0.039744450313819076 0.9968346373012107 2.7111425399780273
-0.08900457621643632 -0.8631198422097728 -0.4970938778503614 -101.63410186767578 0.991603191212352 -0.029777476620773013 -0.12584281093324068 -621.4967041015625 0.09381522578991441 -0.5041204616655396 0.8585227216213389 2.6003952026367188
0.32256156836972144 -0.946273017855193 0.02283441021990902 -101.90061950683594 0.9455477801361929 0.32101778525838803 -0.053730596751916805 -620.800048828125 0.04351356214312005 0.038922451451893526 0.998294351723274 2.6012864112854004
0.6463677650273347 -0.7256118731455747 0.236000258228118 -101.92706298828125 0.7506948776390363 0.5493594823018922 -0.366962341244315 -620.033935546875 0.13662325212086124 0.41435681333262403 0.899801377096497 2.3654422760009766
-0.8595383648380056 -0.4133483396396086 -0.30056105783814746 -102.14588928222656 0.48453151716035237 -0.4720323864059279 -0.7364880413572321 -618.9735717773438 0.16255155566740842 -0.7786710321445789 0.606010243683225 2.318389892578125
-0.8732493628423857 -0.48379487315860714 0.05812117514997997 -102.38951873779297 0.4414113352846313 -0.835930046524349 -0.3261548564716441 -618.1742553710938 0.20637728406393538 -0.2591591750705484 0.9435279214729931 2.3326873779296875
0.3952627433074532 -0.17155297933672214 -0.9024061940355685 -102.45133209228516 0.9053392572859098 0.2388842452020768 0.351134086370479 -617.7711791992188 0.1553325238643321 -0.955773975725918 0.2497356889893963 2.182098388671875
0.7890372269999224 -0.5243185106920435 -0.3201723813103666 -102.39669799804688 0.6027459331677437 0.761491146562466 0.23838744462896322 -617.2597045898438 0.1188174838061262 -0.3810791690090902 0.9168757126728369 2.099884033203125
0.007301664853795076 -0.9929272592344851 -0.11849955088293118 -102.59780883789062 0.9998325189203181 0.009237904289131682 -0.01579858328446894 -616.5070190429688 0.016781531509797103 -0.11836434848989956 0.9928284147861336 2.028470993041992
0.19241027744873174 -0.9798305715564666 -0.05394753168987942 -102.79643249511719 0.973141507740708 0.19759964555268295 -0.11811005879939321 -615.8579711914062 0.1263878595603396 -0.029772993144501603 0.9915340023594621 1.8794670104980469
-0.5693252504280837 -0.6507985001947942 0.5023246672911915 -103.29644012451172 0.8172552115050398 -0.5143461694629734 0.2598883168336336 -615.1721801757812 0.08923384163450865 0.558488433275903 0.8246987276600921 1.782135009765625
-0.8301270922962884 -0.49953396896084407 0.24769906033317088 -103.6567611694336 0.5568036498515787 -0.7660353936097288 0.32118448164434765 -614.483154296875 0.029303688294648217 0.4045436806964289 0.9140490710355302 1.5719451904296875
-0.8603093083801122 -0.5094909352106411 0.016937557460258344 -103.90605926513672 0.4987036288924689 -0.8480508100380898 -0.179177325918272 -613.9974365234375 0.10565313267488102 -0.14570109996814096 0.9836709841324273 1.4738349914550781
-0.6310544837251553 -0.44571647024620464 0.634907132360034 -104.29420471191406 0.7696343839474851 -0.4622048321345264 0.4404879206031295 -613.55029296875 0.09712442337616578 0.7666182370011543 0.634715152711111 1.4120864868164062
0.9464262945976569 -0.3226728703196991 -0.012628842139949775 -104.64990234375 0.30550347437230135 0.9073666258092218 -0.28870994702995667 -613.43310546875 0.10461785717840796 0.26938453022999376 0.9573333164745516 1.3074073791503906
0.6656456809847882 -0.7126537558613077 -0.22145078830988446 -105.270263671875 0.7393195129071577 0.6701442413283041 0.06567612693540031 -612.932373046875 0.10159963199254535 -0.2074399191845278 0.9729574475318516 1.1489486694335938
-0.8752705193778998 -0.483626441510945 0.0026425327626310308 -105.61054229736328 0.43751409460975277 -0.7941210304053339 -0.42184500244257805 -612.1224975585938 0.2061138882408204 -0.3680723490557677 0.9066641114187874 0.9973678588867188
-0.8570016323363464 0.47829040684701674 0.19179804193722372 -105.31332397460938 -0.47208260059180673 -0.8779246754102471 0.07991421978777583 -611.5941162109375 0.20660643840721532 -0.022057901621131554 0.9781754589973917 0.8886947631835938
-0.9626130953696315 -0.0975639810773295 0.25270001626283944 -105.22122192382812 0.15760633794885587 -0.9604502617440493 0.22955508479260106 -611.5578002929688 0.22030948881345955 0.26079985489284635 0.9399187011793213 0.8956241607666016
0.22906677897216293 -0.9155686059523547 0.33054884444780624 -105.45730590820312 0.9590155250017884 0.1540849252135717 -0.23779625444374008 -611.41650390625 0.1667861912055738 0.3714726956539198 0.9133402448193925 0.8195199966430664
-0.1494265272599516 -0.9887718131298517 0.0014193346807322427 -105.981201171875 0.9716852340987039 -0.14710975522896336 -0.18489598630316717 -610.9881591796875 0.1830287375948854 -0.026249218586074152 0.9827570705612056 0.7248916625976562
-0.7838874347171302 -0.5946709145223519 -0.17856929499145952 -105.63591003417969 0.6133533365399404 -0.6969288268092594 -0.37160179617110584 -610.5493774414062 0.09653069070466563 -0.40082005162344253 0.9110571397934716 0.6170883178710938
-0.5862658106124583 -0.8037768494883255 0.10116904434430031 -105.68710327148438 0.8060407828787866 -0.5912627974334093 -0.026581209667211524 -610.376220703125 0.08118285313457553 0.06596272127377101 0.9945140842437018 0.7014102935791016
-0.5520225304856863 -0.2548448963724486 0.7939302265495976 -106.23614501953125 0.8214190234140588 -0.3298669813213256 0.46525107480526057 -610.4686279296875 0.1433245052657549 0.9089784669764582 0.39142845165298656 0.5184402465820312
-0.48306716994233645 -0.39535196495383085 0.7812444771843492 -106.43980407714844 0.8673969417695337 -0.3378059551975664 0.36538976729229844 -610.3592529296875 0.11945147438504927 0.8541568710958222 0.5061100520904849 0.504608154296875
-0.6193258246986255 -0.6957904563519164 0.3637460153884292 -106.28450775146484 0.7826227893839535 -0.5841199608940311 0.2151869903642774 -610.0390625 0.06274625405749287 0.41794678146236225 0.9063020442804954 0.4917335510253906
-0.6037333673746212 -0.7776873912768122 0.1752379598362374 -106.77799224853516 0.7848098999769503 -0.6184065946646133 -0.04057960785278256 -609.9500732421875 0.1399265593683684 0.11302922243554028 0.9836894595648301 0.5118865966796875
-0.5443779636286417 -0.833158357813156 -0.09746683293109669 -106.75173950195312 0.8304317231485375 -0.5188606750354889 -0.20289591688909622 -609.7930908203125 0.11847272219411394 -0.1913916160854536 0.9743374484171868 0.4611244201660156
-0.18617427900460182 -0.9824532858365465 0.011165974480086174 -106.51969909667969 0.9794180320188806 -0.18647700984296012 -0.07724405062069092 -609.5444946289062 0.07797086887665158 -0.0034446986808430516 0.9969496866229602 0.44660377502441406
-0.09802651891886327 -0.9809679556953302 0.16760868559706016 -106.82909393310547 0.990900238752401 -0.11181992261397988 -0.0749201024227697 -609.3804321289062 0.09223620996704329 0.15873932973755422 0.9830026992665826 0.38983726501464844
0.18785148878542146 -0.9012172930501452 0.3905370774567624 -106.92842102050781 0.9760240040252097 0.12676999719202342 -0.1769364614163279 -609.3096313476562 0.10994981458691971 0.4144113397571342 0.9034236435654089 0.3934440612792969
-0.05708600073786729 -0.9877806581702828 0.14501917067904685 -106.95846557617188 0.9940989901090551 -0.06965940645218294 -0.08315506573195558 -609.0928955078125 0.09224091491259444 0.13941642097476137 0.9859283316644649 0.40422534942626953
-0.36727388575928255 -0.929507049600493 0.03356393275920466 -106.78923034667969 0.9299242330511553 -0.3676869256427182 -0.006873535889713673 -608.7741088867188 0.01873001931388173 0.028687444194162914 0.999412936139066 0.35037100315093994
-0.7067548345905663 -0.7054101523652286 0.05379703265911527 -106.69155883789062 0.7000070971900106 -0.7082936616587778 -0.0911600391488277 -608.411376953125 0.10240931435409638 -0.0267694937207558 0.994382082772743 0.4640617370605469
-0.7552722398850151 -0.653908644910794 0.04435456876130346 -106.61532592773438 0.647970667622298 -0.7551545049702157 -0.09937649382173736 -608.1035766601562 0.09847770082706768 -0.04631584754830201 0.9940608556349542 0.4370155334472656
-0.5366760761839667 -0.8428560888954001 -0.03965353280264341 -106.49879455566406 0.8358242629085791 -0.524581798703364 -0.16190039531290082 -607.9979858398438 0.11565721242149724 -0.1200314537156513 0.9860100706046546 0.4413490295410156
0.011037922134252254 -0.9990275814463208 0.042685545380995206 -106.52581024169922 0.9978089207802145 0.008219464347353544 -0.06564905191444731 -607.9163818359375 0.06523436123992782 0.04331664709274487 0.9969293586800727 0.3532590866088867
-0.12366046140387127 -0.9916928849613887 0.035402149685290485 -106.90056610107422 0.9887317720838559 -0.1261674090302239 -0.08056840429422947 -607.8319091796875 0.0843657107911732 0.02504010414431712 0.9961201835256337 0.3425140380859375
-0.5204197672930889 -0.8383907871921686 -0.16206219103141475 -106.80091094970703 0.8517188428086756 -0.4960605149780707 -0.16881640407360268 -607.40966796875 0.06114146396070094 -0.22588681553155546 0.9722329288569459 0.3912315368652344
-0.563491605778071 -0.770254000650161 -0.2986402261921074 -106.95603942871094 0.8237048514401675 -0.49621552880101727 -0.2743728607035666 -607.2393798828125 0.06314687586557953 -0.4005982070094035 0.9140752423128353 0.4436492919921875
-0.41267195466936774 -0.8702454065983767 -0.2690256309792612 -107.31632232666016 0.9107233115097559 -0.3996679542887069 -0.10415649853650344 -607.2640991210938 -0.016879209165947207 -0.2879903793690103 0.9574845344384557 0.37249755859375
-0.028319491228786187 -0.9994176927377233 -0.019033703248412633 -107.38734436035156 0.9990231750403055 -0.027651868827537007 -0.034468389616168986 -607.2402954101562 0.033922000957049135 -0.019991237909409643 0.9992245234470177 0.23350906372070312
0.14090537461071656 -0.9458524956318015 0.2924187612190895 -107.04647827148438 0.9885136327355599 0.11810954570740978 -0.09429174464785488 -607.0402221679688 0.05464863494873992 0.3023461455350183 0.9516303562719914 0.25208282470703125
-0.432827283194732 -0.8722916573871768 0.22752539940630678 -107.04890441894531 0.8994443186590819 -0.4348092849590655 0.04405454965478846 -606.7320556640625 0.06050174009206093 0.2237144388860906 0.9727750969672868 0.2442035675048828
-0.868287276958941 -0.48050232152767486 0.12326687988970234 -107.2454605102539 0.48891848891573036 -0.870959727281725 0.048865781992130125 -606.5044555664062 0.08388036640112051 0.102696993431446 0.991169718904162 0.2554774284362793
-0.9647753922368036 -0.23788402456471988 0.11233714163718783 -107.54977416992188 0.24335685894773587 -0.9692070847720695 0.03761736342061164 -606.4315795898438 0.09992938375379712 0.06363032048102793 0.9929578543815785 0.26580810546875
-0.5516756886407423 -0.8057543500369345 -0.2154387661478776 -107.87089538574219 0.8338429939266628 -0.5269420135477112 -0.16443228344124794 -606.4539184570312 0.018968290439094607 -0.27035539897483263 0.9625737178019027 0.3061370849609375
0.3983418965481185 -0.6341834300455781 -0.6626727024029835 -107.90769958496094 0.9141534245910056 0.33368102098012997 0.2301749172829102 -606.6134033203125 0.07514818536055617 -0.6974728333729445 0.7126600851343732 0.2153472900390625
0.72921005956909 -0.5271236503852103 -0.4363408601401144 -107.84890747070312 0.6824157384233848 0.6073497290035514 0.4067370976827406 -606.54443359375 0.05061075948166302 -0.5943626535070011 0.8026030071840038 0.247955322265625
0.3331647564493923 -0.9280979092196975 0.16623933337824576 -107.48114013671875 0.9422726317492174 0.32147026236554405 -0.09369716042139276 -606.17041015625 0.03351913657033939 0.1878593657943481 0.9816238211081292 0.1961345672607422
-0.35954737679005805 -0.7932436299454464 0.4914165518115566 -107.3599853515625 0.9303976085157397 -0.3450034109719015 0.12382623504712564 -605.900146484375 0.0713160144117772 0.5017341825795064 0.8620770476701571 0.19277191162109375
-0.5504741662898724 -0.7535805248378717 0.359297348769161 -107.4089584350586 0.8301411853242542 -0.5397384319195939 0.13981429661311673 -605.75 0.088565256595984 0.3752316853546036 0.9226902934517258 0.202117919921875
-0.45388968958688736 -0.8854868648497601 0.0994844805246612 -107.56478881835938 0.8892455642377973 -0.45725169257186726 -0.012775606583014847 -605.6539916992188 0.05680207892428209 0.0826674169108077 0.9949570955630068 0.20846635103225708
-0.2545622297029746 -0.9640049299439339 0.07676305265191806 -107.85726928710938 0.9655465770603671 -0.2577966613191367 -0.035506181711291246 -605.6632690429688 0.054017392899499486 0.06507976994809893 0.9964169532920663 0.2198638916015625
-0.27233806777501673 -0.8975680946975804 0.34670375282296284 -108.21131896972656 0.9596248070290305 -0.27971682028572326 0.029643383473225426 -605.5726928710938 0.0703719160963138 0.3407785436763885 0.9375061480303655 0.2853736877441406
-0.3156626371433062 -0.7894405396510328 0.526441576879353 -108.40239715576172 0.9449048865661819 -0.31220339988448953 0.09840626221901055 -605.4824829101562 0.08667095739106914 0.5285003987283754 0.8444971721023486 0.29074859619140625
-0.507127780428517 -0.48417831487952123 0.7130166714166457 -108.17008972167969 0.8518587821868743 -0.40731558452985994 0.32928806508920727 -605.259033203125 0.13098866183277563 0.7743806389622133 0.6190125979911338 0.32617950439453125
-0.4156024975789606 -0.5305486379496922 0.7387778467007906 -108.03618621826172 0.8905622084047535 -0.4024512279379985 0.21197160680724658 -605.1421508789062 0.18486080430253116 0.7460235598832815 0.6397463021633635 0.5924530029296875
-0.5136009090172474 -0.3733826467237097 0.7725279965038516 -108.13311767578125 0.8378339628096229 -0.4124310791477407 0.3576798229083573 -604.9912109375 0.18506311631273525 0.8309548748750606 0.524657639706115 0.48968505859375
-0.3550618494399499 -0.6252377285195677 0.6949883926426211 -108.09866333007812 0.8808606219711054 -0.47272892590638926 0.024737163783856042 -604.8687133789062 0.31307450827711947 0.6209711309288728 0.7185953011396311 0.7122287750244141
-0.09218256730735125 -0.8184848274950831 0.567084615771729 -108.12918853759766 0.9557081434704036 -0.23258894214180253 -0.18034502626274826 -604.6765747070312 0.2795072785974988 0.5253427178078145 0.803673260757952 0.6725063323974609
-0.6666212379489941 -0.6072607452839701 0.43226208757246776 -108.42484283447266 0.6366936892222567 -0.7654359705983061 -0.09342869483612329 -604.3629150390625 0.3876045294109748 0.21293699103581334 0.8968949585256407 0.8137397766113281
-0.888793898261796 0.028321250892565167 0.45743121139738724 -108.98863220214844 0.17286553601167376 -0.9036527183087331 0.3918281142958412 -604.2205200195312 0.4244560199502388 0.42732852870024773 0.7982652539644229 0.8593025207519531
-0.506912606915303 -0.31501925438980377 0.802373029403421 -109.38471984863281 0.7022924284578478 -0.6906673146689982 0.1725224778940215 -604.3458862304688 0.499824923229234 0.650954322369555 0.5713436061664497 0.8969411849975586
0.44027054546782524 -0.8403942304988586 -0.3160686383330286 -109.09585571289062 0.7126443916898674 0.5412135144758872 -0.44634728938533663 -603.8966674804688 0.546168305366068 -0.02873097793131843 0.8371826044063909 0.9921875
-0.7756828471661755 -0.1291615213064567 0.6177648598180195 -109.02433776855469 0.20444804739106898 -0.9774770676038301 0.05234098037481398 -603.314208984375 0.5970905429917265 0.16690082001721618 0.7846190156677482 1.0692291259765625
-0.9180445252785527 -0.3678105582537067 0.14801906243174678 -109.39082336425781 0.34851233569312345 -0.9266330599839241 -0.14103306000563515 -602.5527954101562 0.18903280528998218 -0.07788815944626062 0.9788769244099452 1.1674842834472656
-0.7779322480802017 -0.4518366116619402 0.43665214273920655 -109.95880126953125 0.1463467245903424 -0.806098001286775 -0.5734009491822846 -602.6757202148438 0.6110679615219258 -0.38216447857345864 0.6932144384807017 1.1609344482421875
-0.4897418546913927 -0.7300904378566124 -0.4765719969886764 -109.70479583740234 0.6689434944217307 0.03591196504218325 -0.7424452384099808 -602.286865234375 0.5591668060912406 -0.6824062450748448 0.47080165637832244 1.277069091796875
0.26897687797406944 -0.7916421117643662 0.5485929328715211 -109.75833129882812 0.7655464257284879 -0.16991146678499242 -0.620539091040451 -601.913330078125 0.5844571063556838 0.5868840263086287 0.5603365332495407 1.4525032043457031
-0.41949916583982516 -0.8716438688884787 0.2534904646901259 -109.86457061767578 0.8066445177973065 -0.4860228460160688 -0.3363129718848088 -601.4706420898438 0.4163472970576876 0.06339368248939184 0.9069929267933639 1.92193603515625
-0.7809194139495053 -0.6141188383104221 -0.11411801500647972 -110.79598999023438 0.14910470972009776 -0.00585946354649515 -0.988804051481502 -601.0874633789062 0.6065745250635299 -0.7891918138952059 0.09614377995870658 1.4549560546875
-0.8182707654197088 -0.3948206788395375 0.4177913187467289 -111.15465545654297 -0.2027019635384984 -0.4819321598570061 -0.8524396208959308 -600.3966064453125 0.5379078624049674 -0.7822135417239002 0.31432007048018873 1.4300537109375
-0.4659310108237372 -0.8398362720554536 -0.278537841760807 -111.00447082519531 0.7146456019691781 -0.17157394037360507 -0.6781180181729323 -600.0033569335938 0.5217182733419266 -0.5150120572614514 0.6801269176679056 1.5099945068359375
-0.06277415392195479 -0.17060077142850322 -0.9833385899004383 -110.72066497802734 0.9968598654008567 -0.05836963649067989 -0.05351069322043872 -599.3285522460938 -0.048268150496665385 -0.9836098628643093 0.17372916658893445 1.8492279052734375
0.40821041807132485 0.010211633938877918 -0.9128307494329563 -111.22718811035156 0.8437045039881954 0.37762883574653217 0.3815221780745543 -599.1119384765625 0.3486071779640624 -0.9259007424908012 0.14553642336856953 1.737762451171875
0.8025904758731202 -0.5832296962245921 -0.12526631422504853 -110.97198486328125 0.5240781968352092 0.7896941649809959 -0.31894383423562733 -598.2040405273438 0.28493959296614835 0.19033193961271355 0.9394589832044548 1.81866455078125
0.7241934175155209 -0.5723736191931408 -0.38461972658580046 -111.63131713867188 0.6846059783508749 0.6637206127948663 0.30131313040995866 -597.7628784179688 0.08281635365935855 -0.4815219498662058 0.8725125004053612 1.81060791015625
0.039228233971941195 -0.9979088402912722 0.05137209483728092 -111.81832885742188 0.9958516571321084 0.03481967649938045 -0.08406584987800968 -596.8169555664062 0.08210129503653521 0.05445674060211868 0.9951350866873891 2.373429298400879
-0.7379815751449618 -0.6572595885101727 0.15294779520476703 -112.49823760986328 0.6473712088189599 -0.7535245457161445 -0.1145044846089292 -596.4996337890625 0.1905090883365922 0.014511799155045163 0.9815781654796748 1.9799766540527344
-0.5208522585726941 -0.8337712503437864 -0.18313499621831603 -112.58128356933594 0.8440011188189089 -0.4708176172785029 -0.2568907991591428 -595.83642578125 0.12796498025691783 -0.2883682946517393 0.9489302874645189 1.9779586791992188
-0.9515707819302626 -0.25234228218444976 0.17560301705429915 -112.69975280761719 0.2965137291346224 -0.9041868124136043 0.30745051096396864 -595.089111328125 0.0811951686451155 0.3446296285569033 0.9352207032082973 2.085418701171875
0.9630970667095726 -0.26903842737170824 0.007897131933528076 -112.94497680664062 -0.08137076253097389 -0.31900585897635536 -0.9442531762953651 -594.8402709960938 0.2565596209471501 0.9087648686740241 -0.32912546902866535 2.0403594970703125
0.9853103648944186 -0.16694887227040148 0.03593826483386006 -113.2938232421875 -0.026460296144497186 -0.3571520598587061 -0.9336713869807882 -594.30078125 0.168710810440745 0.9190051578670952 -0.35632314302343965 1.957122802734375
-0.9343977141917695 0.1999984154118823 0.2947906809007584 -114.2166748046875 0.35066433466601393 0.37066992591336395 0.8600222848372148 -593.2606811523438 0.06273305433691517 0.9069754350896819 -0.41648544276774463 2.09228515625
-0.370349805571695 0.9215627767967557 -0.11646059391769148 -114.648193359375 -0.9233978276061053 -0.3516375234554033 0.15390745293999472 -592.4849853515625 0.10088346487573507 0.1645390546976749 0.981197954540195 2.275035858154297
-0.5127058641513621 -0.8437288353014559 0.15891617081233098 -114.4058609008789 0.8508003923935944 -0.5241263021513028 -0.03781946186961405 -591.83935546875 0.11520151547488913 0.11581568060521868 0.9865674528172107 2.1769487857818604
0.5239203426816744 -0.7406064420823119 -0.420725055672343 -114.34014892578125 0.8438310994952937 0.5185713885676639 0.1379593798317779 -591.1971435546875 0.11600237087611934 -0.42730061187082813 0.8966368479188969 2.4356842041015625
0.13279723563298101 -0.7012284171914182 -0.7004595642372633 -114.86370849609375 0.9804515733535181 0.19646393136172308 -0.01079981400335045 -590.54248046875 0.1451881762295033 -0.6853324963819492 0.7136103719019476 2.376190185546875
-0.7184535295264601 -0.6076661057193675 0.3384766312034404 -115.55345916748047 0.680005626117199 -0.7159850767286425 0.15798012011274032 -589.735107421875 0.14634505239306092 0.3436673884175482 0.9276183761538653 2.5416831970214844
-0.8191879668535292 -0.4729667054351746 -0.32439724183811675 -115.66255950927734 0.5533992053836846 -0.5033258240575277 -0.6636357693174146 -589.0814819335938 0.150600114352836 -0.7231636124602836 0.6740578574353282 2.6461944580078125
-0.5072776952107414 -0.8253544744066224 -0.24790992622048513 -115.882080078125 0.8296565540851508 -0.389909816637914 -0.39955016850571023 -588.2879028320312 0.23310800545075971 -0.4083629837122317 0.882553302259083 2.6688232421875
-0.5386226675646386 -0.8329670917613624 0.12669430148262817 -116.42481231689453 0.7756179740011776 -0.5489322204089981 -0.31159296494490374 -587.475830078125 0.3290932700494827 -0.06956465653954856 0.9417315849904754 2.6982269287109375
-0.9094457838638308 -0.17913006743523513 0.375260956073171 -117.29452514648438 -0.011502931796436383 -0.8912715454984748 -0.4533240725406566 -586.72998046875 0.41566338396879365 -0.41659026767965673 0.8085026283829899 2.667755126953125
-0.9132066316787084 -0.2034110463591995 0.3530971453822353 -117.27194213867188 0.015611234274091834 -0.8833302964555594 -0.4684910636588206 -585.6707153320312 0.40719766357687665 -0.42231686395737184 0.809838582184588 2.686920166015625
-0.9440107791427937 -0.01581340494904743 0.3295354079399256 -117.96525573730469 0.01875231455734976 -0.9998076745150811 0.005741487567512109 -584.9227905273438 0.3293812374148806 0.011599577779519827 0.9441257597557536 2.6981582641601562
-0.4449879708929051 -0.6419329788720651 0.6244259414830966 -118.385986328125 0.8524397788288949 -0.5173232151688808 0.07565126910684516 -584.1077880859375 0.27446699114968165 0.5659494161882036 0.7774118143464709 2.7154083251953125
-0.885916455953924 -0.1690536003659426 0.43194086779714547 -119.24581909179688 0.4059494957174108 -0.7330961844238238 0.5456876316263827 -583.0203247070312 0.22440374327719848 0.6587798301303275 0.7180891973958654 2.6760635375976562
0.6681333491445663 -0.486631206101226 0.5628391395499525 -119.45976257324219 0.7229270544444947 0.24565049516134474 -0.6457803869576657 -582.32958984375 0.17599517525509437 0.8383590540308203 0.5159261524787015 2.6790618896484375
-0.16137362248295717 -0.6854326713879769 0.7100285958753141 -119.98043060302734 0.9868580189883515 -0.10598489188701526 0.12197726448024826 -581.656005859375 -0.008354898270759914 0.7203813265803325 0.6935278941681047 2.7291412353515625
0.16005746338901217 -0.9468022180657267 0.2791902009012763 -120.92376708984375 0.9871076880492167 0.15348087934103039 -0.04540960108649102 -580.7803955078125 0.0001435534924427162 0.28285893930106587 0.9591615087407703 2.72100830078125
0.860096193412684 -0.5084269812226794 0.04167184711293831 -121.7523193359375 0.4902021833576966 0.8463419774139407 0.2083436504873806 -580.30126953125 -0.14119616676226757 -0.15876795026658827 0.9771675293724142 2.658781051635742
-0.7279847319889361 -0.5204833922810467 -0.44624574883197554 -122.35629272460938 0.683384802004026 -0.6030879787809127 -0.41142447938822413 -579.4502563476562 -0.05498583800320456 -0.6044683020718019 0.794729280578939 2.760223388671875
-0.9641154591026083 0.26547249379647386 0.0023951110304071994 -122.65324401855469 -0.26338093641194915 -0.9553085828430073 -0.1342236710913905 -578.6070556640625 -0.03334462256693915 -0.1300379428627127 0.9909481669400787 2.848358154296875
-0.7976686485579619 -0.5926395324171555 -0.11181731406222291 -122.91183471679688 0.5824520209670293 -0.8051021240278368 0.11207235679367594 -577.8557739257812 -0.1564428661816761 0.024268384829670468 0.9873888165857567 2.849761962890625
-0.4432696153246687 -0.8767964533198096 0.18638676877858862 -123.50192260742188 0.8945570166330323 -0.41941098274888056 0.1544738539113548 -577.2428588867188 -0.05726946937530206 0.2352071576194504 0.9702565644622303 3.0570602416992188
-0.5269048874333926 -0.8470723718770278 -0.06956749529363922 -123.848876953125 0.8490752630279442 -0.5282699050662352 0.0014509015606343281 -576.1484985351562 -0.037979432760793144 -0.05830355224115902 0.9975761918185654 3.1329524517059326
-0.7001140720971197 -0.7133680942182659 -0.0307611476214412 -124.55358123779297 0.7068265589986276 -0.6985110166086723 0.11170754303304042 -575.52392578125 -0.10117559758038733 0.05646522671271409 0.9932649075783022 2.9900169372558594
-0.37645714796259006 -0.9257941394000458 0.03442712884341727 -125.08861541748047 0.9247778667039243 -0.3733035917854453 0.07369074307282178 -574.680908203125 -0.05537068721274495 0.059578853736995036 0.9966867347291095 2.9551734924316406
-0.1262982814907288 -0.9919821543022672 0.004488834851199153 -125.53870391845703 0.9900152649636796 -0.12575973064216678 0.0636731127533811 -573.9564208984375 -0.06259807689844618 0.012485819742505566 0.9979607131916435 2.976194381713867
-0.7862307089856608 -0.604106365260608 0.12998758286668102 -125.75238800048828 0.6146513689012141 -0.742905246590287 0.2651329653145546 -573.0336303710938 -0.06360005468369542 0.28835272504389836 0.9554097231052179 3.0302352905273438
-0.7409184142934985 -0.5867225651833509 0.32679739115463735 -126.28973388671875 0.671577171567283 -0.6437180445533869 0.36689396526251644 -572.1572875976562 -0.004899590849903407 0.4913081625833558 0.8709720336431422 2.9862899780273438
-0.633402961701661 -0.45116029443926586 0.6286931499778243 -127.31282043457031 0.7706110782473532 -0.29382203924735467 0.5655326474528041 -571.6533203125 -0.0704219723524972 0.8426879600267235 0.5337768708327321 3.0189208984375
-0.3155884043850359 -0.9320012571002931 -0.17826277171967264 -127.8239517211914 0.948739266128015 -0.31333447902295464 -0.04141629102525718 -570.8690795898438 -0.017255837406000257 -0.1821953924194753 0.9831109169653904 3.0389175415039062
-0.5666035855791214 -0.8140608985865164 0.12753521161387832 -128.01687622070312 0.8238519490453217 -0.5625199443599289 0.06956492112787306 -569.9364013671875 0.015111017937514098 0.14448586640158284 0.989391475376191 3.1023178100585938
-0.07620532918201833 -0.7033441129971194 -0.706753002481458 -128.25856018066406 0.9967734104058286 -0.035816775244381927 -0.07183263129683581 -569.0264892578125 0.02520944490055166 -0.7099466299119879 0.7038041393487375 3.1339263916015625
-0.47337071710459844 -0.823650345042639 0.31228236149199995 -128.66473388671875 0.8764822241666271 -0.47573758788260934 0.07384211667848709 -568.1458129882812 0.0877443725135744 0.30866463449313164 0.9471151294881847 3.173938751220703
-0.44536475958736876 -0.7606254145888677 0.4723337904482363 -129.26931762695312 0.8502174921733566 -0.5246552852123053 -0.04320934738274759 -567.4935913085938 0.2806785473101454 0.38234253017459074 0.8803600074398874 3.098165512084961
-0.3216738477695254 -0.8397465601432291 0.4374375959937171 -129.9519805908203 0.932736200908587 -0.36050679962084736 -0.006166598880301577 -566.8600463867188 0.16287760796304848 0.40603024783228714 0.899227625615165 3.207916259765625
-0.7765654362674962 -0.617456694583457 -0.1252731156663123 -130.38926696777344 0.6058586914274213 -0.6772998152049853 -0.4173729822893976 -565.825927734375 0.1728622839619051 -0.40001523800645994 0.9000591314719879 3.2290878295898438
-0.7773502607666161 -0.6061690412639198 -0.16818342813504175 -130.8190460205078 0.6172693657966086 -0.6834671816630453 -0.3896808202088304 -564.949462890625 0.1212645955550383 -0.40673296522749974 0.9054629715577103 3.2086029052734375
-0.5930062089062245 -0.8043967649919862 0.03590933958031749 -131.47344970703125 0.8021918784194434 -0.5940545392535588 -0.0598948628024705 -564.0276489257812 0.0695113400572312 -0.006711844952714919 0.9975585821097318 3.094974994659424
-0.5049521709518188 -0.831277132210748 0.23238251766111795 -131.65689086914062 0.8628437818729047 -0.47899725735766824 0.16143802379580555 -562.9447021484375 -0.022889148833202325 0.2820282909697295 0.9591330095239059 3.3722152709960938
-0.6457442217443001 -0.2654013424658624 0.7159445002939586 -132.23207092285156 0.7401753878751234 -0.44782615707950635 0.5015896013867434 -562.413330078125 0.18749612067389254 0.8538230849846584 0.48562469488229465 3.2308807373046875
0.2409540098677893 0.043535502320340036 -0.9695596037203434 -132.70327758789062 0.9528959001970358 0.1789914270644964 0.2448498977436912 -561.7089233398438 0.18420252038534735 -0.9828869360588384 0.0016439004090777476 3.245880126953125
-0.6841497937178707 -0.5808474738968267 -0.4410842003784199 -133.02621459960938 0.7017034673263572 -0.35930233879527146 -0.6152349740370875 -560.7399291992188 0.1988750957208136 -0.730423193363904 0.6533993073902926 3.33251953125
-0.6742050909055961 -0.7383986777901181 0.014659059819171002 -133.84129333496094 0.7379950991388491 -0.6743363571306757 -0.025173619103534748 -559.7459106445312 0.028473304058662552 -0.006153867851590073 0.9995756103799492 3.600296974182129
-0.9445258851930963 -0.1710847694815375 0.28035843816737005 -134.53720092773438 0.2882850861945086 -0.8408452254759885 0.4581168146576361 -559.0828857421875 0.15736124452362032 0.5135263463987835 0.8435212684196494 3.3815460205078125
-0.5302918252496085 -0.782461191144366 0.32641241463274434 -135.06521606445312 0.8183772076376548 -0.5729935287485171 -0.044013202922727174 -558.5027465820312 0.22147082447273608 0.24378863871243525 0.9442021889098245 3.3902578353881836
-0.8546121816011475 -0.39295041152166543 0.339452490260244 -135.56398010253906 0.48427082759810136 -0.8390591790245311 0.24791421829360621 -557.7366943359375 0.1874027336950484 0.3762574493344067 0.9073646164712337 3.3666763305664062
-0.9239567342897598 -0.27338500656806597 0.2675155908435634 -136.2797088623047 0.3670094337213675 -0.8306499057576112 0.41871805504944803 -556.6597290039062 0.10774056209303647 0.48505811223878115 0.8678194507103574 3.386199951171875
-0.9160672684406361 -0.12352549678909394 0.3815261607474896 -136.66082763671875 0.3683888900515351 -0.6351396529339108 0.6788867703509839 -555.8922729492188 0.15846256775121914 0.7624559481793024 0.6273360675967001 3.4422760009765625
-0.10165548605534191 -0.8371663862940362 0.5374184624798786 -136.99073791503906 0.9806909111541886 -0.17505335362632157 -0.08718750004298345 -555.1756591796875 0.1670673484987998 0.5181783139456556 0.8387965999108592 3.4708786010742188
-0.06282316143415007 -0.9702250424756679 -0.23391583388156423 -137.57769775390625 0.9780611473285464 -0.013207291444516656 -0.20789891663755114 -554.5033569335938 0.19861934063375236 -0.24184485606642211 0.949769142013166 3.4886856079101562
-0.014684497767867122 -0.27102518712306123 -0.962460239942521 -138.21923828125 0.9846164801401823 0.16369187830824536 -0.06111755895220594 -553.7891845703125 0.17411132232472204 -0.9485516943850916 0.26445213275280743 3.457763671875
-0.4551279930137942 0.1231612932936999 -0.881867226859837 -138.5707550048828 0.8862911614186109 0.15799363233203667 -0.43534582728421717 -552.6937255859375 0.08571165128782599 -0.9797292013494099 -0.18106409046733063 3.480804443359375
-0.4964558179140566 -0.7880171634158608 -0.3640886856540666 -138.84356689453125 0.8451115999625098 -0.5345697788268005 0.0046406005939438055 -551.8574829101562 -0.19828768108002037 -0.3053917184978767 0.9313527225518922 3.4047374725341797
0.33313546910319136 -0.1893513712645643 0.9236702969272239 -139.1424560546875 0.9427852998798163 0.08070297490285366 -0.32348556099516157 -551.1499633789062 -0.013290506232708388 0.9785872919888438 0.2054027127426019 3.4465179443359375
-0.4315099036475546 -0.6173920015528086 0.6577433538035142 -139.99258422851562 0.9019970861681256 -0.28384047779269517 0.3253242070775326 -550.3479614257812 -0.014158375552619062 0.7336632058274635 0.679365763647742 3.4838409423828125
-0.8337214495697617 0.4225073268818428 -0.35552229642942923 -140.92779541015625 -0.539373113698871 -0.7610142005401636 0.3604636331101939 -549.50927734375 -0.11825899012793976 0.49228543072832787 0.8623629548783647 3.4843292236328125
-0.6597350023463072 0.6505545172600743 0.37620280003161843 -141.591064453125 -0.7511064694182487 -0.5546553471302521 -0.3580454126195073 -548.5458984375 -0.024265165920957538 -0.5187834480516235 0.8545612533636762 3.430084228515625
-0.9687839446775248 0.2368040569092559 -0.07335875657597048 -141.88784790039062 -0.24380569643643493 -0.9636895520847595 0.10890927227660961 -547.884521484375 -0.04490490975605599 0.12339483714480783 0.9913411437269246 3.470123291015625
-0.8624929932888192 -0.506051902043869 0.004160404484539835 -142.2027130126953 0.5027582090026967 -0.8558826149621364 0.12123997973430968 -547.0807495117188 -0.0577929044787794 0.10666031053469459 0.9926145064165388 3.4505043029785156
-0.5265301847339497 -0.8483241236688833 -0.05578660919480968 -142.40415954589844 0.8497699163698683 -0.527134989855475 -0.004448786667812184 -546.34619140625 -0.025633060620615766 -0.04974820269607702 0.9984328032129806 3.5669572353363037
0.10221680885161877 -0.9441565689524589 0.313241276482063 -142.7704315185547 0.9929698405447567 0.11573608947404534 0.024820422272314735 -545.632568359375 -0.05968768513447209 0.30850207600140456 0.9493491714570101 3.4437408447265625
0.5226714860964923 -0.5751551571578906 0.629294098825316 -143.17041015625 0.8503334599106007 0.4047090035399443 -0.33636829429982296 -545.0784301757812 -0.0612170284982147 0.7109199446128851 0.7006035310883476 3.4670257568359375
0.4787464018078745 0.8720857112543747 -0.10133308927474996 -143.77536010742188 0.8768513124627249 -0.48073092982667204 0.005435893705738236 -544.3690795898438 -0.04397338500058781 -0.09145646687869924 -0.9948377033856605 3.3632125854492188
0.21593798485286123 0.40055900972843683 0.8904623891120047 -144.206298828125 0.9762244508849158 -0.07093133375430535 -0.20482814109950714 -543.7451171875 -0.01888407244557544 0.9135213328747223 -0.40635226859297946 3.3271026611328125
0.6929145048072866 -0.5766749146379428 0.43279964400978205 -144.78070068359375 0.6945952171671235 0.37286962408812574 -0.6152281915849892 -543.1800537109375 0.1934088242977275 0.7269211004364237 0.6589224085004771 3.2755889892578125
-0.9980017982681785 0.00781235516050895 0.06270069983922194 -145.94786071777344 -0.059427753864465444 -0.4531655644252265 -0.8894432602981432 -542.4860229492188 0.021465151387927615 -0.8913921349922334 0.45272431892917064 3.3001556396484375
-0.9683284185370254 0.20742420694134928 0.13897939497758488 -146.2266845703125 -0.23942150895749376 -0.9293119393311845 -0.2811701628285434 -541.595703125 0.07083371303341343 -0.30553971557109433 0.9495409771603514 3.3620758056640625
-0.9938041045772221 0.11103310000532977 -0.005005240121333729 -146.5290069580078 -0.1106598524472882 -0.9842479702172315 0.13787795392884244 -540.8082885742188 0.01038261921723884 0.1375775556784828 0.9904365791870391 3.1486244201660156
-0.4122568489701344 -0.8591572074558544 0.30313888459561444 -146.34231567382812 0.9107926374040534 -0.39682505043392574 0.11395898823120766 -540.3265380859375 0.022384417074919755 0.32307703760058504 0.9461079038077242 3.1550827026367188
-0.4648204064265337 -0.172128890524871 -0.8685123112634324 -146.9422607421875 -0.5614854233848442 -0.7011474954852106 0.439461384994358 -539.329833984375 -0.6845992324680291 0.6919276223865427 0.22925980084326109 3.05694580078125
-0.769601873177766 -0.13774773324615572 0.6234889885048649 -147.40274047851562 0.6255329629448827 -0.35861287429724353 0.6928963260529422 -539.15869140625 0.1281462799720286 0.9232672247912925 0.3621548875212305 2.968109130859375
-0.17318380738053812 -0.9464779515474331 -0.272372641973741 -147.68301391601562 0.9839100964402243 -0.15393364742759524 -0.09069373910378568 -538.8106689453125 0.04391231016661995 -0.28369687947563293 0.957908027731065 2.8679580688476562
0.5027387502077666 -0.7912189099462831 -0.3481757969516962 -147.83868408203125 0.8643810805407716 0.4554870471668983 0.2130185378467056 -538.3409423828125 -0.009954729664911788 -0.4080492450753899 0.912905645152172 2.8316116333007812
-0.9521003058377077 -0.29875199463329183 0.06520930398626607 -148.04086303710938 0.2618256874167483 -0.9066342859696751 -0.33084978602532716 -537.4967041015625 0.1579630242572321 -0.2979287116188823 0.9414277273166656 2.877410888671875
-0.05779764011483157 -0.736833272838507 0.6735994067955009 -147.88363647460938 0.9937977246981231 -0.10667320572462191 -0.03141511682719206 -536.9546508789062 0.09500271144546374 0.6676058382148307 0.7384286895831467 2.758514404296875
0.49409475608883957 -0.7490013295203458 0.441437855628926 -148.559814453125 0.8610467207483717 0.3513234376788861 -0.36765525540370775 -536.75634765625 0.1202868101413693 0.5617551517469549 0.8185122068679062 3.0518722534179688
0.5932029884759555 -0.6277106527206938 0.5040729619054725 -148.8291778564453 0.7691122211271643 0.25688304448658317 -0.5852157659941708 -536.5703125 0.23785837335699456 0.734840416632254 0.6351637240174378 2.8281402587890625
-0.2812449545764893 -0.9475222256893672 -0.15199640571387335 -149.4714813232422 0.9536797604693601 -0.25835135689890626 -0.15410869819578005 -536.1351318359375 0.10675293905262066 -0.18829818961732447 0.9762927848706378 2.748882293701172
-0.7220174589923657 -0.6251897876870762 -0.2963587661635746 -149.59698486328125 0.6837456415668406 -0.5792924557584539 -0.44374784319440863 -535.437744140625 0.10574822243686781 -0.5230277048810402 0.8457300594033029 2.7971343994140625
-0.44027348778277414 -0.824057197976413 -0.35649542832812664 -149.7696990966797 0.8777832141506324 -0.3115424153319935 -0.36392025555675367 -535.0139770507812 0.1888276592848004 -0.47315014309663983 0.860507441674186 2.8703079223632812
0.755916080479039 -0.6539149058735059 0.031403425762990704 -150.20001220703125 0.6542633308543644 0.7562660135227618 -0.0011003134748542726 -534.867919921875 -0.023029832230394284 0.021377854589142164 0.9995061851537518 2.7929725646972656
0.17903745464191456 -0.9662232830367823 0.18535953483154455 -150.71392822265625 0.9833251035665438 0.18184671045780199 -0.0018747243857198531 -534.5064697265625 -0.0318956193103454 0.18260432966744933 0.98266898203592 2.7218856811523438
-0.9572612471390365 -0.28683411406953097 0.037109240517204295 -151.09312438964844 0.2884628677850457 -0.9561549174427209 0.0505662709652467 -534.0228881835938 0.020978051268973157 0.059109769548280275 0.9980310398524215 2.856719970703125
-0.8855799729904115 0.4546223683712298 -0.09521876713566618 -151.44764709472656 -0.4597009032311211 -0.8871936651822299 0.03952821813607493 -533.516357421875 -0.06650707486270793 0.07877755160612386 0.994671255418669 2.7187767028808594
-0.9998293583181577 -0.0011758127554384605 0.018435609820811733 -151.66624450683594 0.00031228336997047424 -0.9989054778710531 -0.04677337659715976 -533.2463989257812 0.018470428370720094 -0.04675963797514947 0.9987353901470775 2.7000606060028076
-0.8507206253127062 -0.5248415486063343 0.02856162677550055 -151.9220428466797 0.5240543885538109 -0.8511249533931295 -0.030875743700101432 -532.9315185546875 0.040514386396063376 -0.011298786131608047 0.9991150694123788 2.909545421600342
-0.5708550698470123 -0.8210401716944346 -0.004186370019061664 -152.1365203857422 0.8163779550075846 -0.5670555396972765 -0.1094305692037889 -532.681884765625 0.08747298901716702 -0.06588665542129384 0.9939856260680024 2.7322311401367188
-0.879049992306099 -0.4239667306186641 0.21799844576319477 -152.04991149902344 0.47175545068957714 -0.8394874019359615 0.2696436476824249 -532.1542358398438 0.0686870131198134 0.3398722014512673 0.9379600102932684 2.6862258911132812
-0.9218443568723287 -0.30368499021210854 0.24078706033031408 -152.1378173828125 0.36151184624587845 -0.8977179904834514 0.2518165891800031 -531.7575073242188 0.1396859575137713 0.31918307643455296 0.9373419850786773 2.659290313720703
-0.8524290652713866 -0.49084401322160626 0.18010231360273302 -151.86660766601562 0.5098207296892394 -0.8567281300982759 0.07810079818697613 -531.1348266601562 0.11596340914133665 0.1583952833351389 0.9805424121156104 2.6525516510009766
-0.010390426358169946 -0.759863718858309 0.6499993598480822 -152.24258422851562 0.9918183450911736 -0.09054229705075073 -0.08999145951355486 -531.1765747070312 0.12723368021361958 0.6437462397619071 0.754587549202678 2.6847381591796875
-0.6659561388149489 -0.2685315812106005 0.6959836284476948 -152.23825073242188 0.7179441306011684 -0.4841251716990475 0.5001790114176123 -530.6732788085938 0.20262933279763992 0.8327746441984782 0.5151968026590235 2.6527099609375
-0.9622917358015619 0.26163397866584354 0.07444646677645433 -152.661376953125 -0.06405705355706966 -0.4839394858818363 0.8727538415234909 -530.355224609375 0.2643696448112065 0.8350749877776874 0.48245046967589483 2.6468658447265625
-0.8639656593253833 0.4740180930574617 -0.16991229196448096 -152.94259643554688 -0.45728448853866854 -0.5972849362222679 0.6588942263397741 -529.9982299804688 0.21084173222676697 0.6469602402127419 0.7327947949702476 2.552642822265625
-0.9317551133958549 -0.20668380978782905 0.29852003522756404 -153.52481079101562 0.20706518056313009 -0.9778447082108591 -0.030720312862636268 -530.09033203125 0.29825562804251643 0.0331892964012257 0.9539088273757381 2.5258445739746094
-0.20641019611061806 -0.8175770546065781 0.5375524074194153 -153.57179260253906 0.9189932688256675 -0.35060103544387655 -0.18036154190624012 -530.023681640625 0.3359258888426003 0.4567785828237949 0.8237154384123166 2.569995880126953
0.16734870556206322 -0.915562900087651 0.3657034136151758 -153.71824645996094 0.9572915411850665 0.06219458974046871 -0.28235569443971753 -529.8446044921875 0.2357696246810056 0.3973366444088756 0.8868688037628074 2.5266036987304688
0.19096921790712001 -0.9738403643725055 0.12314910690203468 -153.7665557861328 0.9632676342530653 0.16179190652953707 -0.21433348730900764 -529.5775756835938 0.1888020725851438 0.15955664730860758 0.968966177782894 2.569303512573242
0.07785731725505846 -0.9859546408543471 -0.1477554883164094 -153.79116821289062 0.95518229908095 0.11622630368679282 -0.2722466195451031 -529.3085327148438 0.2855958922538555 -0.1199370356023561 0.9508154888403131 2.4614639282226562
-0.4443488288120885 -0.8902400774275575 0.10013352523057226 -154.00169372558594 0.855200123893603 -0.45481556928701794 -0.24854686887283797 -528.9420166015625 0.266808670072191 -0.024807306905468646 0.9634301900492876 2.4487991333007812
-0.8146948676916934 -0.5404857325323451 0.21011293507489806 -154.48312377929688 0.5315441807394687 -0.8408672971522635 -0.10199496312001852 -528.7034912109375 0.2318039181696913 0.028589534952869235 0.9723423173000123 2.45721435546875
-0.8408852217622553 -0.4970536708502776 0.2141254121212757 -154.5428009033203 0.4861008233728246 -0.867575587073407 -0.10496947285041908 -528.5669555664062 0.23794544193597036 0.015819260681105826 0.9711496885925457 2.4334869384765625
-0.804236276250905 -0.5308646399669639 0.26718298223282 -154.52774047851562 0.559606834920553 -0.8278076754184296 0.03968176947335572 -528.3716430664062 0.2001104751687893 0.18143094154824121 0.9628284432735874 2.423004150390625
-0.3385200793634807 -0.783791902553446 0.5206480667009069 -154.4368896484375 0.935429865779004 -0.3402167204586829 0.09603931137306657 -528.2268676757812 0.10185834318511752 0.5195409864601519 0.8483525454146966 2.4172744750976562
0.23942723477164896 -0.6400691440201752 0.7300589634562962 -154.52740478515625 0.9688348954325198 0.10831706684048203 -0.2227697430607059 -528.1714477539062 0.06351019321227175 0.76064374309157 0.6460553780085614 2.41650390625
-0.6627417143606124 -0.6687437309143393 0.33697958752590135 -155.007568359375 0.7270598244993077 -0.6823877833522548 0.07570287134998513 -528.1183471679688 0.17932493313923964 0.2951757705069409 0.9384635490312032 2.276386260986328
-0.820269411191462 -0.5072891754716855 0.2642267691072754 -155.19566345214844 0.5495322019558229 -0.8270915542608398 0.1180420259228583 -528.01806640625 0.15865828713684235 0.24202738134278412 0.9572096398402795 2.3098411560058594
-0.6661708443751173 -0.686033300483862 0.2925315653596416 -155.20046997070312 0.7361796452870678 -0.6676774866233057 0.11066301876142932 -527.9505615234375 0.11939822431489584 0.28907626067113246 0.9498310268394297 2.3129920959472656
-0.4523453659045532 -0.8134918477237919 0.36553342341242445 -155.31056213378906 0.8783625951888642 -0.47736125868511914 0.024604472756844797 -527.8784790039062 0.15447595708640016 0.33220060564889065 0.9304729637602325 2.2447242736816406
-0.4100781346019814 -0.8571351838454855 0.3116972892656025 -155.39236450195312 0.8909535835025431 -0.449553174587494 -0.06405977881856174 -527.7520751953125 0.19503239619441703 0.251438302238286 0.9480195908324849 2.2482452392578125
-0.5931291882611095 -0.7981816815660219 0.10537442405610241 -155.45758056640625 0.7896053516107415 -0.6022649243334449 -0.1174748893394132 -527.5337524414062 0.15722962424554401 0.0135264234026483 0.9874694330102262 2.218499183654785
-0.40762755001504425 -0.8615082310625677 0.3027265239125541 -155.404052734375 0.8979174676369244 -0.43845813809611 -0.0387128202251603 -527.4473876953125 0.166084321298627 0.25604302167553444 0.9522909058003423 2.2032737731933594
-0.04801994397679077 -0.8701293942555232 0.49047825867512435 -155.48477172851562 0.9838003936526759 -0.1261110080091457 -0.12740800252636067 -527.4860229492188 0.17271615566965887 0.4764145788191557 0.8620894841368039 2.1604385375976562
0.12174574734440441 -0.9366468039583069 0.32843680920116286 -155.52468872070312 0.9788447857592459 0.0584786565599868 -0.19606920237220982 -527.3797607421875 0.16444104838965212 0.3453592497119886 0.9239513678992439 2.1739768981933594
-0.5178843853955175 -0.8369225933268295 0.17707720390440282 -155.7943878173828 0.8345462238434459 -0.5397678202467817 -0.11037798917666101 -527.177978515625 0.18795840931480626 0.09061607476122709 0.9779879157549523 2.206721067428589
-0.8756448809178025 -0.47185509699256734 0.102950521924769 -155.91514587402344 0.45816765374307067 -0.8790240030022415 -0.1319060393214988 -526.9408569335938 0.1527365168714317 -0.06833424901211682 0.9859016111285814 2.2181549072265625
-0.7720674832129218 -0.6206772674768289 0.13664381070052906 -155.91552734375 0.615001693894852 -0.7838614235454392 -0.08563985744839175 -526.9328002929688 0.16026452468256314 0.01791642583817965 0.9869114873247031 2.1774134635925293
-0.30482003788645057 -0.9333114079370176 0.18977502553688322 -156.05340576171875 0.936477448942321 -0.33000468466562444 -0.11877245354552698 -526.97216796875 0.17347833330241977 0.14151580799813 0.9746171268561059 2.2062807083129883
-0.34402784800017083 -0.9106120821778934 0.2289770197902245 -156.34864807128906 0.9272361945843393 -0.3678909457425932 -0.06992346883109729 -526.9605712890625 0.1479117279093327 0.1882601599708813 0.9709172121837234 2.1631946563720703
-0.5399486708480948 -0.8201689735307859 0.18915149406450088 -156.07781982421875 0.8270119668256751 -0.5587541985590295 -0.06200767952266123 -526.7512817382812 0.15654596633738022 0.12294958499366232 0.9799881427718308 2.1209630966186523
-0.704524146795854 -0.7038579839652835 0.09071750101221313 -155.94493103027344 0.6969204796496523 -0.7103121243412905 -0.09878527754003474 -526.55908203125 0.13396854715369813 -0.006373729056835212 0.9909650871506209 2.1061272621154785
-0.6279116166397124 -0.7718853355171592 0.09959934990985297 -156.040771484375 0.7667193443133348 -0.635474433674922 -0.09117944505899983 -526.5782470703125 0.13367291701998868 0.019112115505608443 0.9908411973148207 2.114961624145508
-0.524785638363904 -0.8382482301182032 0.1481213639914566 -156.08946228027344 0.8381023958922208 -0.5392541959474288 -0.08239712466349193 -526.5809936523438 0.14894431095785043 0.0809000423781827 0.9855307074751649 2.151352882385254
-0.4835927017177652 -0.8629624152872842 0.1464034447916075 -156.17991638183594 0.8629578237856125 -0.4980427122805859 -0.08518950118058838 -526.5640258789062 0.14643050642715272 0.08514297707817317 0.9855499887077028 2.11704158782959
-0.5516119619638452 -0.8237625603018662 0.13091786609669345 -156.15562438964844 0.8226534923476264 -0.5632129312556963 -0.07766869121222858 -526.496337890625 0.13771519504633992 0.06485706061240229 0.9883461371109152 2.0754446983337402
-0.6159098615207488 -0.7738935053749835 0.14745807817787526 -156.15219116210938 0.7750134753815899 -0.6287995547302156 -0.06297009566478415 -526.4376831054688 0.14145372196743916 0.07549809474087982 0.9870617418541027 2.0664196014404297
-0.5966602068439902 -0.7938876511369318 0.1172134588738522 -156.14227294921875 0.7860154983034134 -0.6075882873428339 -0.11408816551526658 -526.4227294921875 0.16179071047413002 0.024059726849807242 0.9865317509072827 2.0559558868408203
-0.5376755267631619 -0.8380126854884654 0.09295034631655384 -156.1243133544922 0.8285360718912208 -0.5455721814087302 -0.12601179487645503 -526.4220581054688 0.1563106058302589 0.009259256629476659 0.9876645486558923 2.0692615509033203
-0.4803462442500756 -0.8694610484478021 0.11534717537458412 -156.1605682373047 0.8626576320502585 -0.49209527140193526 -0.11689334339172715 -526.433837890625 0.15839600847334265 0.04335584269627411 0.9864233246450573 2.056857109069824
-0.43449539448713626 -0.8914959439974504 0.12825261792868986 -156.22056579589844 0.8866779978309851 -0.4483904056349691 -0.11290780441113442 -526.4509887695312 0.15816409305497575 0.06466085346330076 0.9852934048787164 2.04823637008667
-0.4548786250894005 -0.8847242174683508 0.10172755507624665 -156.28286743164062 0.877442407258093 -0.4647770152252772 -0.11864715783955979 -526.4627685546875 0.15225064328895133 0.03529001478175806 0.9877116767937917 2.039669990539551
-0.508094376243486 -0.8566738249371243 0.08916312296762842 -156.3516082763672 0.8492676341256874 -0.5155480647383226 -0.11381862137246238 -526.4674072265625 0.14347330921220358 0.01789275306284077 0.9894924248985091 2.041869640350342
-0.5385957733758796 -0.8347669038723786 0.11436262108294265 -156.4373321533203 0.8313519943595726 -0.5485799464394868 -0.08896012499322797 -526.4684448242188 0.13699800865705675 0.047162045797149915 0.9894479708707418 2.0391454696655273
-0.5354800619241744 -0.8262943594209089 0.17463886987401026 -156.49659729003906 0.8306538214535515 -0.5526417896655953 -0.06783274445147339 -526.4707641601562 0.15256255171664249 0.1087413624358145 0.9822932270505121 2.024799346923828
-0.5144598854886111 -0.8225799533343018 0.2422668912492642 -156.59841918945312 0.8422024704049152 -0.5378405533764747 -0.03771654792720444 -526.4843139648438 0.16132583508819331 0.18463412337979396 0.9694762583049014 2.0260848999023438
-0.5274837768226802 -0.8094825687071788 0.25787368254265264 -156.87876892089844 0.8341378898955024 -0.5510528778273446 -0.02355220751608493 -526.51025390625 0.16116713631990873 0.20267880204261485 0.9658915349939718 2.049959182739258
-0.5374519231502429 -0.8180003166607307 0.20499002962351526 -157.06837463378906 0.8274658140200634 -0.5584222341787509 -0.05886369851552248 -526.5016479492188 0.16262151435225086 0.13798583375751527 0.9769924015835662 2.0710926055908203
-0.5396034956765394 -0.8345796380747973 0.11092743197514199 -157.10089111328125 0.8288042682668538 -0.5497320920806585 -0.10429818713317987 -526.4706420898438 0.14802551251829643 0.03565746271908902 0.9883405248172985 2.0818662643432617
-0.5360484187270098 -0.8431590463440781 0.0416523150427083 -156.9964599609375 0.8300166558550528 -0.5354107722642583 -0.156229497683969 -526.41015625 0.15402741244164028 -0.04917445995163677 0.98684214984211 2.086790084838867
-0.5477180488086432 -0.8359495322045787 0.034544444071352674 -156.8629150390625 0.824665447726801 -0.5463706365115103 -0.14630798639705941 -526.3284301757812 0.1411801626816169 -0.051647915397943396 0.9886357542089195 2.074268341064453
-0.5367475769638647 -0.8428164246940479 0.039528633790740335 -156.74615478515625 0.8327995758961921 -0.5367252272562383 -0.13553928144217814 -526.2783813476562 0.13545074754516062 -0.03983095144082799 0.9899831262687135 2.0417098999023438
-0.47080817383479145 -0.8822078110928233 0.007002963455416802 -156.6505889892578 0.8719517964524395 -0.466513970142313 -0.14854218365642965 -526.2628784179688 0.134312054982835 -0.06382862765927441 0.9888812760778826 2.0480499267578125
-0.5052111386993677 -0.8629896139529981 0.0032606047510637323 -156.63597106933594 0.8569523895921253 -0.5021160201581668 -0.11624157721258319 -526.2391357421875 0.10195247572488775 -0.05593235655484014 0.99321561817351 2.074005126953125
-0.5346510345725117 -0.8449790502176164 0.01259666320413326 -156.65594482421875 0.8334288751418517 -0.5296915483630253 -0.15755371678436877 -526.2129516601562 0.1398019360035161 -0.07373783483474569 0.9874300736779051 2.057464599609375
-0.5117734572406306 -0.8587262317823666 -0.026022822922002024 -156.63368225097656 0.8499233338461353 -0.5016422110758171 -0.16119993378049718 -526.210205078125 0.1253724652698658 -0.10461525183176133 0.986578630437703 2.0871963500976562
-0.5018994591978586 -0.8646203004682808 -0.022992800504433294 -156.58941650390625 0.8543075651526629 -0.4914099077615691 -0.1693366076095019 -526.1653442382812 0.1351129785765432 -0.10463287519659234 0.9852900306246221 2.084522247314453
-0.4656778436883141 -0.8847637127414778 0.01836623297571069 -156.48268127441406 0.8723557327756757 -0.462438886155207 -0.15857412167483612 -526.043212890625 0.14879388895790152 -0.05782256642045116 0.9871762403043017 2.109037399291992
-0.5197836842428387 -0.8474862583437952 0.10766598122608241 -156.52369689941406 0.8405663733775603 -0.5298565358172753 -0.1126952678625519 -525.988037109375 0.15255521473170566 0.0319232418490138 0.987779232970613 2.138611078262329
-0.5861391653027106 -0.7907742497478525 0.1764000137017084 -156.61465454101562 0.7930905662056924 -0.6045107150617686 -0.07466022482583039 -525.91259765625 0.16567508169237752 0.09613990488465489 0.9814830034162556 2.221163749694824
-0.6696426756850657 -0.7319620734856144 0.12573865706291767 -156.5673828125 0.7218759305982129 -0.6812800792916469 -0.12146025845243147 -525.7655639648438 0.17456754487679013 0.00943273761997742 0.9846000181478175 2.1638593673706055
-0.6901735347824676 -0.7197148660444561 0.0753060653631858 -156.5164794921875 0.7064280397862628 -0.6926601802148733 -0.14553796531639923 -525.6800537109375 0.1569073500178123 -0.0472481358289359 0.986482487006778 2.1675949096679688
-0.6672754971278226 -0.7380270818451798 0.10029674668654918 -156.515869140625 0.7307397475544234 -0.6747580237478324 -0.10354241030620086 -525.6027221679688 0.14409313750805453 0.004199506043375739 0.9895552192131962 2.2100706100463867
-0.6223124110440312 -0.7758941995325689 0.10351547803241189 -156.47459411621094 0.7680286591953372 -0.6307738634321467 -0.1107082285356231 -525.4854736328125 0.15119273036484596 0.010607749176780472 0.9884473855204563 2.2224197387695312
-0.5930217377356215 -0.8028350784772076 0.06149028654608274 -156.5592041015625 0.7953594548176153 -0.5959683024194611 -0.11056726524379248 -525.42236328125 0.12541354075716554 -0.016661910987677893 0.9919646286622266 2.18062686920166
-0.6570453066569959 -0.75200167510906 0.05277258410559064 -156.63748168945312 0.7373660011905151 -0.6556602077185698 -0.16248406784282254 -525.3312377929688 0.15678917465285397 -0.06784668486823398 0.9852989303069739 2.3607540130615234
-0.5586517219820026 -0.8293639011857061 0.00798579592583891 -156.65843200683594 0.8166709731847188 -0.5517314316679547 -0.16923636981202692 -525.2943725585938 0.14476455050898074 -0.08802242168706245 0.9855431386785042 2.4275074005126953
-0.4443808730639214 -0.8949667137313099 -0.03949963250368748 -156.625732421875 0.8848148822154845 -0.4315903634975127 -0.17559152128187389 -525.2032470703125 0.1401009060104354 -0.11297937621116644 0.9836703699339483 2.4576244354248047
-0.3661431776533885 -0.9305389881929097 -0.0060303325609038505 -156.60789489746094 0.9183569626318814 -0.36028871657816625 -0.16374532021405452 -525.1104736328125 0.15019874381440274 -0.06549222976333736 0.9864842143679755 2.408557891845703
-0.60290846995113 -0.7690844436421643 0.2121567708295217 -156.9326171875 0.7791560508050656 -0.6247793309972414 -0.050661978371299946 -525.0967407226562 0.17151450479490618 0.1347586958465477 0.9759215483524769 2.4592132568359375
-0.5807025326067867 -0.8055391527316524 0.1178611133514171 -156.98480224609375 0.7944387587445587 -0.5923342929840616 -0.1341906999738691 -524.9716796875 0.17790904200874386 0.015708557268048297 0.9839215487019723 2.614656448364258
-0.5642539811186992 -0.8252597723779893 0.02374348092272357 -156.9549560546875 0.8135424010085026 -0.560679815227875 -0.15423004427593406 -524.8029174804688 0.1405923417296238 -0.06770858801263693 0.987749634551345 2.665365219116211
-0.747469474972349 -0.663873680154907 0.023687988140446786 -156.99427795410156 0.6443070366068568 -0.7331982597518689 -0.21745977668461391 -524.626708984375 0.16173381391487732 -0.14728220766410294 0.9757818018092654 2.5757789611816406
-0.9900330158509996 0.002800928713553046 0.14080760747671378 -157.1951904296875 -0.029936810465917722 -0.981138842015447 -0.19097214474293273 -524.5005493164062 0.13761691358296924 -0.193284059060569 0.9714436976011364 2.6033859252929688
-0.9911229077203192 -0.12472785491461058 0.046025471213442096 -157.1374969482422 0.09891473488172672 -0.9231184657226414 -0.3715752594901256 -524.3683471679688 0.08883274742625742 -0.36372415433990124 0.9272612806185894 2.5862045288085938
-0.5761137042216029 -0.7976427009980351 -0.1784912360667108 -157.01551818847656 0.8087416645225203 -0.5246297627569867 -0.2658957165786824 -524.3338623046875 0.11844796272374847 -0.29753946557407607 0.9473332816662183 2.5470123291015625
-0.30231617834811575 -0.9503725216552962 -0.0734642660859254 -157.0960235595703 0.9420626364009504 -0.2861416759427228 -0.1750455094710528 -524.3809204101562 0.14533725402071168 -0.1221270296504554 0.9818157012507367 2.547405242919922
-0.46235791862865167 -0.8866102888640096 0.012138812209543562 -157.1772003173828 0.8565652332282992 -0.45014433650904734 -0.2523213774799488 -524.4335327148438 0.22917494694213514 -0.10626510240576126 0.9675673473742086 2.52545166015625
-0.5392574214253381 -0.8415079018444764 0.03264788769586937 -157.25157165527344 0.8272764302135742 -0.5365925747314073 -0.16637943609774677 -524.294189453125 0.15752822429895041 -0.06271251770122024 0.9855211812400553 2.5917701721191406
-0.6201594224232161 -0.784455590197181 -0.005631854765108135 -157.35903930664062 0.7747741462119189 -0.6113485170807038 -0.161176961830208 -524.1709594726562 0.12299314265964156 -0.10431882702377673 0.986909453388247 2.5968456268310547
-0.6597309129658091 -0.7501725238339702 -0.04468005105045937 -157.47061157226562 0.7335990647287033 -0.6299749766942793 -0.2548802482896907 -524.1282958984375 0.16305684501569384 -0.20092962256375746 0.9659398283899024 2.59417724609375
-0.602974890276776 -0.7963862072854211 -0.046800539967529683 -157.59396362304688 0.7805775886447759 -0.5768614114142303 -0.24068556277161537 -524.1090087890625 0.16468123694342662 -0.18165880343854665 0.9694741715652143 2.7330474853515625
-0.5396951457658739 -0.8418289819174205 -0.007287992908328059 -157.7104034423828 0.8250562401194965 -0.5271814735798142 -0.20337623891225792 -524.0928955078125 0.16736591730884853 -0.11577417293202891 0.9790735368731364 2.848541259765625
